{"Mass_Participation_total_cumulative(x,y,z)/%": [85.478864999999999, 70.824100999999999, 52.612543000000002], "Time_Period/s": [0.105085, 0.093965999999999994], "Mass_Participation_total/%": 63.689698999999997, "Mode": [4, 6], "Mass_Participation/%": [28.157226000000001, 11.208862], "Base_shear/KN": 182.12794199999999, "Eurocode_satsisfied_(1=yes,0=no)": 0.0}