{"Mass_Participation_total_cumulative(x,y,z)/%": [75.446791000000005, 68.101611000000005, 24.766458], "Time_Period/s": [0.100005, 0.079233999999999999], "Mass_Participation_total/%": 52.845312, "Mode": [9, 15], "Mass_Participation/%": [14.357915999999999, 11.871639999999999], "Base_shear/KN": 122.245414, "Eurocode_satsisfied_(1=yes,0=no)": 0.0}