{"Mass_Participation_total_cumulative(x,y,z)/%": [101.580347, 84.943028999999996, 43.403255999999999], "Time_Period/s": [0.10294399999999999, 0.084723999999999994], "Mass_Participation_total/%": 80.539133000000007, "Mode": [6, 9], "Mass_Participation/%": [42.872362000000003, 6.0077629999999997], "Base_shear/KN": 139.53220200000001, "Eurocode_satsisfied_(1=yes,0=no)": 0.0}