{"Mass_Participation_total_cumulative(x,y,z)/%": [114.730727, 117.235641, 40.677039000000001], "Time_Period/s": [0.097626000000000004], "Mass_Participation_total/%": 94.267150000000001, "Mode": [8], "Mass_Participation/%": [65.816856000000001], "Base_shear/KN": 103.85556099999999, "Eurocode_satsisfied_(1=yes,0=no)": 1.0}