{"Mass_Participation_total_cumulative(x,y,z)/%": [86.226759000000001, 120.68719400000001, 46.687578999999999], "Time_Period/s": [0.10827100000000001], "Mass_Participation_total/%": 107.29002199999999, "Mode": [3], "Mass_Participation/%": [107.29002199999999], "Base_shear/KN": 133.135706, "Eurocode_satsisfied_(1=yes,0=no)": 1.0}