{"Mass_Participation_total_cumulative(x,y,z)/%": [128.98979700000001, 118.202181, 52.042535000000001], "Time_Period/s": [0.10753], "Mass_Participation_total/%": 100.240768, "Mode": [4], "Mass_Participation/%": [54.772298999999997], "Base_shear/KN": 130.57089300000001, "Eurocode_satsisfied_(1=yes,0=no)": 1.0}