{"Mass_Participation_total_cumulative(x,y,z)/%": [134.45583999999999, 139.000111, 51.634006999999997], "Time_Period/s": [0.107485], "Mass_Participation_total/%": 112.137011, "Mode": [5], "Mass_Participation/%": [112.137011], "Base_shear/KN": 130.90710000000001, "Eurocode_satsisfied_(1=yes,0=no)": 1.0}