{"Mass_Participation_total_cumulative(x,y,z)/%": [86.945919000000004, 77.252459999999999, 21.532864], "Time_Period/s": [0.092536999999999994, 0.078314999999999996], "Mass_Participation_total/%": 53.543356000000003, "Mode": [10, 14], "Mass_Participation/%": [28.679849000000001, 8.5744740000000004], "Base_shear/KN": 117.82912399999999, "Eurocode_satsisfied_(1=yes,0=no)": 0.0}