{"Mass_Participation_total_cumulative(x,y,z)/%": [108.595822, 123.927122, 44.358561000000002], "Time_Period/s": [0.10774300000000001], "Mass_Participation_total/%": 110.28613300000001, "Mode": [3], "Mass_Participation/%": [110.28613300000001], "Base_shear/KN": 130.654178, "Eurocode_satsisfied_(1=yes,0=no)": 1.0}