{"Mass_Participation_total_cumulative(x,y,z)/%": [62.094625999999998, 60.890231999999997, 19.872945000000001], "Time_Period/s": [0.086360000000000006], "Mass_Participation_total/%": 39.102907999999999, "Mode": [11], "Mass_Participation/%": [14.717568], "Base_shear/KN": 90.840760000000003, "Eurocode_satsisfied_(1=yes,0=no)": 0.0}