{"Mass_Participation_total_cumulative(x,y,z)/%": [91.827950999999999, 114.86574299999999, 53.280709999999999], "Time_Period/s": [0.106542], "Mass_Participation_total/%": 97.162974000000006, "Mode": [4], "Mass_Participation/%": [97.162974000000006], "Base_shear/KN": 131.056499, "Eurocode_satsisfied_(1=yes,0=no)": 1.0}