{"Mass_Participation_total_cumulative(x,y,z)/%": [92.939490000000006, 105.54631000000001, 54.139448999999999], "Time_Period/s": [0.10628799999999999], "Mass_Participation_total/%": 85.370283999999998, "Mode": [6], "Mass_Participation/%": [68.733934000000005], "Base_shear/KN": 128.71471, "Eurocode_satsisfied_(1=yes,0=no)": 0.0}