{"Mass_Participation_total_cumulative(x,y,z)/%": [61.968448000000002, 69.009825000000006, 21.770903000000001], "Time_Period/s": [0.092099], "Mass_Participation_total/%": 46.395192999999999, "Mode": [12], "Mass_Participation/%": [28.886098], "Base_shear/KN": 83.058261000000002, "Eurocode_satsisfied_(1=yes,0=no)": 0.0}