{"Mass_Participation_total_cumulative(x,y,z)/%": [112.54924, 81.088149999999999, 39.788631000000002], "Time_Period/s": [0.104731], "Mass_Participation_total/%": 85.254778000000002, "Mode": [4], "Mass_Participation/%": [59.224705999999998], "Base_shear/KN": 107.884258, "Eurocode_satsisfied_(1=yes,0=no)": 0.0}