{"Mass_Participation_total_cumulative(x,y,z)/%": [47.883409, 61.091991999999998, 24.345452000000002], "Time_Period/s": [0.097798999999999997, 0.081148999999999999], "Mass_Participation_total/%": 18.222254, "Mode": [13, 20], "Mass_Participation/%": [10.149850000000001, 8.0724040000000006], "Base_shear/KN": 118.30359300000001, "Eurocode_satsisfied_(1=yes,0=no)": 0.0}