{"Mass_Participation_total_cumulative(x,y,z)/%": [107.23392800000001, 97.811228999999997, 41.562069999999999], "Time_Period/s": [0.103653, 0.076076000000000005], "Mass_Participation_total/%": 80.604161000000005, "Mode": [6, 12], "Mass_Participation/%": [45.522817000000003, 13.615353000000001], "Base_shear/KN": 141.79098400000001, "Eurocode_satsisfied_(1=yes,0=no)": 0.0}