{"Mass_Participation_total_cumulative(x,y,z)/%": [136.52374900000001, 141.45781700000001, 54.633944], "Time_Period/s": [0.109886], "Mass_Participation_total/%": 110.515361, "Mode": [3], "Mass_Participation/%": [82.563502], "Base_shear/KN": 134.423101, "Eurocode_satsisfied_(1=yes,0=no)": 1.0}