{"Mass_Participation_total_cumulative(x,y,z)/%": [56.918171000000001, 58.242784999999998, 19.260856], "Time_Period/s": [0.096473000000000003], "Mass_Participation_total/%": 33.866163999999998, "Mode": [7], "Mass_Participation/%": [11.600538], "Base_shear/KN": 89.331029999999998, "Eurocode_satsisfied_(1=yes,0=no)": 0.0}