{"Mass_Participation_total_cumulative(x,y,z)/%": [121.944394, 133.81665599999999, 57.128886000000001], "Time_Period/s": [0.105624], "Mass_Participation_total/%": 91.330477999999999, "Mode": [5], "Mass_Participation/%": [61.817906999999998], "Base_shear/KN": 130.501597, "Eurocode_satsisfied_(1=yes,0=no)": 1.0}