{"Mass_Participation_total_cumulative(x,y,z)/%": [72.995459999999994, 65.537871999999993, 20.637687], "Time_Period/s": [0.10742, 0.078764000000000001], "Mass_Participation_total/%": 26.699280999999999, "Mode": [7, 16], "Mass_Participation/%": [13.738807, 7.0276240000000003], "Base_shear/KN": 125.294918, "Eurocode_satsisfied_(1=yes,0=no)": 0.0}