{"Mass_Participation_total_cumulative(x,y,z)/%": [97.530750999999995, 107.751784, 48.749713999999997], "Time_Period/s": [0.095006999999999994, 0.074374999999999997], "Mass_Participation_total/%": 73.777399000000003, "Mode": [7, 13], "Mass_Participation/%": [19.669298000000001, 7.328182], "Base_shear/KN": 143.071833, "Eurocode_satsisfied_(1=yes,0=no)": 0.0}