{"Mass_Participation_total_cumulative(x,y,z)/%": [84.094166000000001, 130.14491599999999, 38.495089], "Time_Period/s": [0.10381600000000001], "Mass_Participation_total/%": 69.686138, "Mode": [5], "Mass_Participation/%": [20.740881999999999], "Base_shear/KN": 103.994499, "Eurocode_satsisfied_(1=yes,0=no)": 0.0}