{"Mass_Participation_total_cumulative(x,y,z)/%": [108.60642300000001, 109.263986, 68.128618000000003], "Time_Period/s": [0.113927, 0.100811, 0.082465999999999998], "Mass_Participation_total/%": 95.244246000000004, "Mode": [3, 5, 7], "Mass_Participation/%": [57.867424999999997, 15.894833, 5.8041410000000004], "Base_shear/KN": 229.90141299999999, "Eurocode_satsisfied_(1=yes,0=no)": 1.0}