{"Mass_Participation_total_cumulative(x,y,z)/%": [95.858182999999997, 100.03562100000001, 37.074342000000001], "Time_Period/s": [0.097596000000000002], "Mass_Participation_total/%": 79.160929999999993, "Mode": [9], "Mass_Participation/%": [39.811965000000001], "Base_shear/KN": 102.50927799999999, "Eurocode_satsisfied_(1=yes,0=no)": 0.0}