{"Mass_Participation_total_cumulative(x,y,z)/%": [95.246756000000005, 104.059377, 43.006838000000002], "Time_Period/s": [0.110143, 0.094389000000000001], "Mass_Participation_total/%": 67.811678999999998, "Mode": [5, 7], "Mass_Participation/%": [27.723289000000001, 20.829896000000002], "Base_shear/KN": 149.18951300000001, "Eurocode_satsisfied_(1=yes,0=no)": 0.0}