{"Mass_Participation_total_cumulative(x,y,z)/%": [75.853442999999999, 110.468997, 34.257618000000001], "Time_Period/s": [0.099709999999999993], "Mass_Participation_total/%": 47.917712000000002, "Mode": [8], "Mass_Participation/%": [34.030912000000001], "Base_shear/KN": 101.555357, "Eurocode_satsisfied_(1=yes,0=no)": 0.0}