{"Mass_Participation_total_cumulative(x,y,z)/%": [70.502391000000003, 66.861380999999994, 21.066068999999999], "Time_Period/s": [0.087814000000000003], "Mass_Participation_total/%": 51.960335000000001, "Mode": [13], "Mass_Participation/%": [24.336407000000001], "Base_shear/KN": 84.800212000000002, "Eurocode_satsisfied_(1=yes,0=no)": 0.0}