{"Mass_Participation_total_cumulative(x,y,z)/%": [167.898121, 173.434877, 53.237611999999999], "Time_Period/s": [0.107005], "Mass_Participation_total/%": 114.7535, "Mode": [6], "Mass_Participation/%": [114.7535], "Base_shear/KN": 128.04528400000001, "Eurocode_satsisfied_(1=yes,0=no)": 1.0}