{"Mass_Participation_total_cumulative(x,y,z)/%": [77.978401000000005, 74.381980999999996, 22.487742000000001], "Time_Period/s": [0.098274, 0.085936999999999999], "Mass_Participation_total/%": 46.401443, "Mode": [8, 11], "Mass_Participation/%": [24.667190000000002, 5.8309680000000004], "Base_shear/KN": 127.498096, "Eurocode_satsisfied_(1=yes,0=no)": 0.0}