{"Mass_Participation_total_cumulative(x,y,z)/%": [118.27523600000001, 119.36108, 59.158634999999997], "Time_Period/s": [0.10852100000000001], "Mass_Participation_total/%": 105.36731, "Mode": [3], "Mass_Participation/%": [105.36731], "Base_shear/KN": 134.79729, "Eurocode_satsisfied_(1=yes,0=no)": 1.0}