{"Mass_Participation_total_cumulative(x,y,z)/%": [117.230431, 118.56414100000001, 41.921877000000002], "Time_Period/s": [0.107765, 0.095181000000000002], "Mass_Participation_total/%": 94.561922999999993, "Mode": [4, 6], "Mass_Participation/%": [59.055036000000001, 6.3685320000000001], "Base_shear/KN": 180.60946200000001, "Eurocode_satsisfied_(1=yes,0=no)": 1.0}