{"Mass_Participation_total_cumulative(x,y,z)/%": [86.290532999999996, 70.053925000000007, 38.194445000000002], "Time_Period/s": [0.096658999999999995], "Mass_Participation_total/%": 63.497534999999999, "Mode": [7], "Mass_Participation/%": [54.566481000000003], "Base_shear/KN": 104.959439, "Eurocode_satsisfied_(1=yes,0=no)": 0.0}