{"Mass_Participation_total_cumulative(x,y,z)/%": [72.153276000000005, 71.299391999999997, 26.376885999999999], "Time_Period/s": [0.088794999999999999], "Mass_Participation_total/%": 49.792490999999998, "Mode": [12], "Mass_Participation/%": [13.294499], "Base_shear/KN": 85.168773999999999, "Eurocode_satsisfied_(1=yes,0=no)": 0.0}