{"Mass_Participation_total_cumulative(x,y,z)/%": [97.078888000000006, 119.989158, 60.234107999999999], "Time_Period/s": [0.126164, 0.105272, 0.084763000000000005], "Mass_Participation_total/%": 74.956012999999999, "Mode": [2, 5, 6], "Mass_Participation/%": [20.861979000000002, 20.601354000000001, 6.5876869999999998], "Base_shear/KN": 236.300164, "Eurocode_satsisfied_(1=yes,0=no)": 1.0}