{"Mass_Participation_total_cumulative(x,y,z)/%": [61.692642999999997, 63.425099000000003, 20.487686], "Time_Period/s": [0.090426999999999993], "Mass_Participation_total/%": 52.590282999999999, "Mode": [14], "Mass_Participation/%": [17.767693999999999], "Base_shear/KN": 83.645084999999995, "Eurocode_satsisfied_(1=yes,0=no)": 0.0}