{"Mass_Participation_total_cumulative(x,y,z)/%": [74.891289999999998, 66.934787, 27.537717000000001], "Time_Period/s": [0.10441300000000001, 0.073151999999999995, 0.063538999999999998], "Mass_Participation_total/%": 50.181722000000001, "Mode": [7, 14, 17], "Mass_Participation/%": [21.553215000000002, 8.1984919999999999, 6.5075320000000003], "Base_shear/KN": 142.767132, "Eurocode_satsisfied_(1=yes,0=no)": 1.0}