{"Mass_Participation_total_cumulative(x,y,z)/%": [75.356990999999994, 77.744555000000005, 36.782926000000003], "Time_Period/s": [0.096057000000000003], "Mass_Participation_total/%": 63.792935999999997, "Mode": [8], "Mass_Participation/%": [25.656762000000001], "Base_shear/KN": 103.646496, "Eurocode_satsisfied_(1=yes,0=no)": 0.0}