{"Mass_Participation_total_cumulative(x,y,z)/%": [97.540425999999997, 105.06864899999999, 47.421788999999997], "Time_Period/s": [0.10728799999999999], "Mass_Participation_total/%": 91.158083000000005, "Mode": [5], "Mass_Participation/%": [61.327871999999999], "Base_shear/KN": 131.18027599999999, "Eurocode_satsisfied_(1=yes,0=no)": 1.0}