{"Mass_Participation_total_cumulative(x,y,z)/%": [75.000364000000005, 119.070651, 32.311625999999997], "Time_Period/s": [0.094075000000000006], "Mass_Participation_total/%": 53.314051999999997, "Mode": [10], "Mass_Participation/%": [29.310783000000001], "Base_shear/KN": 97.396680000000003, "Eurocode_satsisfied_(1=yes,0=no)": 0.0}