{"Mass_Participation_total_cumulative(x,y,z)/%": [80.649173000000005, 76.970354999999998, 21.330361], "Time_Period/s": [0.091642000000000001], "Mass_Participation_total/%": 51.809984999999998, "Mode": [9], "Mass_Participation/%": [12.185714000000001], "Base_shear/KN": 88.099545000000006, "Eurocode_satsisfied_(1=yes,0=no)": 0.0}