{"Mass_Participation_total_cumulative(x,y,z)/%": [202.88625099999999, 200.212546, 51.857289999999999], "Time_Period/s": [0.108692], "Mass_Participation_total/%": 95.373901000000004, "Mode": [2], "Mass_Participation/%": [95.373901000000004], "Base_shear/KN": 132.80966000000001, "Eurocode_satsisfied_(1=yes,0=no)": 1.0}