{"Mass_Participation_total_cumulative(x,y,z)/%": [112.354974, 138.98439099999999, 29.973689], "Time_Period/s": [0.097456000000000001], "Mass_Participation_total/%": 95.043755000000004, "Mode": [6], "Mass_Participation/%": [59.938026000000001], "Base_shear/KN": 105.383459, "Eurocode_satsisfied_(1=yes,0=no)": 1.0}