{"Mass_Participation_total_cumulative(x,y,z)/%": [97.078888000000006, 119.989158, 60.234107999999999], "Time_Period/s": [0.109434], "Mass_Participation_total/%": 106.10036700000001, "Mode": [3], "Mass_Participation/%": [106.10036700000001], "Base_shear/KN": 137.94824499999999, "Eurocode_satsisfied_(1=yes,0=no)": 1.0}