{"Mass_Participation_total_cumulative(x,y,z)/%": [105.35773399999999, 106.861282, 36.378028], "Time_Period/s": [0.10872, 0.092221999999999998], "Mass_Participation_total/%": 74.839063999999993, "Mode": [3, 6], "Mass_Participation/%": [32.769686999999998, 7.6767010000000004], "Base_shear/KN": 160.856954, "Eurocode_satsisfied_(1=yes,0=no)": 0.0}