{"Mass_Participation_total_cumulative(x,y,z)/%": [89.503057999999996, 124.82830199999999, 56.749760999999999], "Time_Period/s": [0.104101], "Mass_Participation_total/%": 75.233917000000005, "Mode": [4], "Mass_Participation/%": [58.204622999999998], "Base_shear/KN": 124.63712099999999, "Eurocode_satsisfied_(1=yes,0=no)": 0.0}