{"Mass_Participation_total_cumulative(x,y,z)/%": [90.602531999999997, 72.067314999999994, 36.739933999999998], "Time_Period/s": [0.090832999999999997], "Mass_Participation_total/%": 74.133857000000006, "Mode": [7], "Mass_Participation/%": [32.660290000000003], "Base_shear/KN": 101.459937, "Eurocode_satsisfied_(1=yes,0=no)": 0.0}