{"Mass_Participation_total_cumulative(x,y,z)/%": [89.86148, 113.741482, 65.247901999999996], "Time_Period/s": [0.10971400000000001], "Mass_Participation_total/%": 101.864499, "Mode": [3], "Mass_Participation/%": [101.864499], "Base_shear/KN": 140.64960300000001, "Eurocode_satsisfied_(1=yes,0=no)": 1.0}