{"Mass_Participation_total_cumulative(x,y,z)/%": [52.670436000000002, 50.485042, 20.726911000000001], "Time_Period/s": [0.098197000000000007], "Mass_Participation_total/%": 26.362131000000002, "Mode": [9], "Mass_Participation/%": [26.362131000000002], "Base_shear/KN": 89.490101999999993, "Eurocode_satsisfied_(1=yes,0=no)": 0.0}