{"Mass_Participation_total_cumulative(x,y,z)/%": [167.89758, 168.68978200000001, 56.693793999999997], "Time_Period/s": [0.110958], "Mass_Participation_total/%": 146.36876799999999, "Mode": [2], "Mass_Participation/%": [87.517536000000007], "Base_shear/KN": 138.61192600000001, "Eurocode_satsisfied_(1=yes,0=no)": 1.0}