{"Mass_Participation_total_cumulative(x,y,z)/%": [69.188416000000004, 58.625245999999997, 23.195103], "Time_Period/s": [0.098844000000000001, 0.087825], "Mass_Participation_total/%": 48.869992000000003, "Mode": [10, 13], "Mass_Participation/%": [22.496400999999999, 5.5988470000000001], "Base_shear/KN": 122.131973, "Eurocode_satsisfied_(1=yes,0=no)": 0.0}