{"Mass_Participation_total_cumulative(x,y,z)/%": [101.091831, 72.153169000000005, 42.437694999999998], "Time_Period/s": [0.096007999999999996], "Mass_Participation_total/%": 55.33323, "Mode": [7], "Mass_Participation/%": [27.305468999999999], "Base_shear/KN": 103.780078, "Eurocode_satsisfied_(1=yes,0=no)": 0.0}