{"Mass_Participation_total_cumulative(x,y,z)/%": [147.90821700000001, 151.925408, 56.244342000000003], "Time_Period/s": [0.108114], "Mass_Participation_total/%": 106.73325199999999, "Mode": [3], "Mass_Participation/%": [106.73325199999999], "Base_shear/KN": 131.77167600000001, "Eurocode_satsisfied_(1=yes,0=no)": 1.0}