{"Mass_Participation_total_cumulative(x,y,z)/%": [140.278604, 134.94567499999999, 63.083550000000002], "Time_Period/s": [0.11905300000000001, 0.089888999999999997], "Mass_Participation_total/%": 109.333747, "Mode": [2, 5], "Mass_Participation/%": [57.547581999999998, 19.819458000000001], "Base_shear/KN": 198.00885299999999, "Eurocode_satsisfied_(1=yes,0=no)": 1.0}