{"Mass_Participation_total_cumulative(x,y,z)/%": [113.130799, 119.991754, 37.289754000000002], "Time_Period/s": [0.099371000000000001], "Mass_Participation_total/%": 101.214623, "Mode": [6], "Mass_Participation/%": [82.392875000000004], "Base_shear/KN": 106.013811, "Eurocode_satsisfied_(1=yes,0=no)": 1.0}