{"Mass_Participation_total_cumulative(x,y,z)/%": [120.166145, 97.876671000000002, 33.037737], "Time_Period/s": [0.099734000000000003], "Mass_Participation_total/%": 76.092203999999995, "Mode": [6], "Mass_Participation/%": [56.170606999999997], "Base_shear/KN": 105.68777300000001, "Eurocode_satsisfied_(1=yes,0=no)": 0.0}