{"Mass_Participation_total_cumulative(x,y,z)/%": [169.66734500000001, 161.848298, 55.703184999999998], "Time_Period/s": [0.10679900000000001], "Mass_Participation_total/%": 91.182136999999997, "Mode": [4], "Mass_Participation/%": [91.182136999999997], "Base_shear/KN": 130.73436699999999, "Eurocode_satsisfied_(1=yes,0=no)": 1.0}