{"Mass_Participation_total_cumulative(x,y,z)/%": [53.824972000000002, 73.544095999999996, 23.776872000000001], "Time_Period/s": [0.097059999999999994], "Mass_Participation_total/%": 23.621869, "Mode": [8], "Mass_Participation/%": [23.621869], "Base_shear/KN": 88.389572000000001, "Eurocode_satsisfied_(1=yes,0=no)": 0.0}