{"Mass_Participation_total_cumulative(x,y,z)/%": [65.711809000000002, 66.065539000000001, 22.116529], "Time_Period/s": [0.089999999999999997], "Mass_Participation_total/%": 48.233254000000002, "Mode": [11], "Mass_Participation/%": [28.829158], "Base_shear/KN": 84.833281999999997, "Eurocode_satsisfied_(1=yes,0=no)": 0.0}