{"Mass_Participation_total_cumulative(x,y,z)/%": [116.439447, 139.37582599999999, 36.720419], "Time_Period/s": [0.098101999999999995, 0.072165999999999994], "Mass_Participation_total/%": 88.945250999999999, "Mode": [7, 12], "Mass_Participation/%": [30.608698, 5.3531979999999999], "Base_shear/KN": 134.91723400000001, "Eurocode_satsisfied_(1=yes,0=no)": 0.0}