{"Mass_Participation_total_cumulative(x,y,z)/%": [89.688111000000006, 85.415588999999997, 36.148836000000003], "Time_Period/s": [0.098269999999999996], "Mass_Participation_total/%": 71.605960999999994, "Mode": [7], "Mass_Participation/%": [32.599632], "Base_shear/KN": 107.407884, "Eurocode_satsisfied_(1=yes,0=no)": 0.0}