{"Mass_Participation_total_cumulative(x,y,z)/%": [108.67682499999999, 104.126504, 54.413563000000003], "Time_Period/s": [0.110411], "Mass_Participation_total/%": 88.887968000000001, "Mode": [3], "Mass_Participation/%": [83.798248999999998], "Base_shear/KN": 140.50119000000001, "Eurocode_satsisfied_(1=yes,0=no)": 0.0}