{"Mass_Participation_total_cumulative(x,y,z)/%": [93.750891999999993, 86.868336999999997, 39.857266000000003], "Time_Period/s": [0.100102], "Mass_Participation_total/%": 70.477987999999996, "Mode": [6], "Mass_Participation/%": [37.325308], "Base_shear/KN": 104.376907, "Eurocode_satsisfied_(1=yes,0=no)": 0.0}