{"Mass_Participation_total_cumulative(x,y,z)/%": [62.975200999999998, 54.925142000000001, 23.843934000000001], "Time_Period/s": [0.082838999999999996], "Mass_Participation_total/%": 34.753041000000003, "Mode": [15], "Mass_Participation/%": [10.946711000000001], "Base_shear/KN": 80.846205999999995, "Eurocode_satsisfied_(1=yes,0=no)": 0.0}