{"Mass_Participation_total_cumulative(x,y,z)/%": [126.629276, 128.79045199999999, 45.454571000000001], "Time_Period/s": [0.109765], "Mass_Participation_total/%": 99.154387999999997, "Mode": [2], "Mass_Participation/%": [99.154387999999997], "Base_shear/KN": 137.50255799999999, "Eurocode_satsisfied_(1=yes,0=no)": 1.0}