{"Mass_Participation_total_cumulative(x,y,z)/%": [101.708116, 93.326378000000005, 35.270587999999996], "Time_Period/s": [0.100019, 0.089029999999999998, 0.067087999999999995], "Mass_Participation_total/%": 79.640946, "Mode": [5, 8, 12], "Mass_Participation/%": [27.493908999999999, 6.1718099999999998, 5.3045400000000003], "Base_shear/KN": 173.38996299999999, "Eurocode_satsisfied_(1=yes,0=no)": 1.0}