{"Mass_Participation_total_cumulative(x,y,z)/%": [53.317419999999998, 55.433711000000002, 22.662313000000001], "Time_Period/s": [0.090551999999999994], "Mass_Participation_total/%": 40.165180999999997, "Mode": [17], "Mass_Participation/%": [19.581399999999999], "Base_shear/KN": 82.164021000000005, "Eurocode_satsisfied_(1=yes,0=no)": 0.0}