{"Mass_Participation_total_cumulative(x,y,z)/%": [57.242835999999997, 48.050989000000001, 21.943128000000002], "Time_Period/s": [0.092711000000000002], "Mass_Participation_total/%": 32.331451000000001, "Mode": [11], "Mass_Participation/%": [23.656236], "Base_shear/KN": 83.916050999999996, "Eurocode_satsisfied_(1=yes,0=no)": 0.0}