{"Mass_Participation_total_cumulative(x,y,z)/%": [86.977751999999995, 104.737714, 30.296821000000001], "Time_Period/s": [0.10135], "Mass_Participation_total/%": 81.058708999999993, "Mode": [3], "Mass_Participation/%": [81.058708999999993], "Base_shear/KN": 110.012275, "Eurocode_satsisfied_(1=yes,0=no)": 0.0}