{"Mass_Participation_total_cumulative(x,y,z)/%": [81.407937000000004, 130.283084, 47.303885000000001], "Time_Period/s": [0.107629], "Mass_Participation_total/%": 114.12055700000001, "Mode": [4], "Mass_Participation/%": [114.12055700000001], "Base_shear/KN": 130.63944499999999, "Eurocode_satsisfied_(1=yes,0=no)": 1.0}