{"Mass_Participation_total_cumulative(x,y,z)/%": [89.995135000000005, 123.339934, 39.956212999999998], "Time_Period/s": [0.099623000000000003], "Mass_Participation_total/%": 100.51481, "Mode": [6], "Mass_Participation/%": [100.51481], "Base_shear/KN": 103.977667, "Eurocode_satsisfied_(1=yes,0=no)": 1.0}