{"Mass_Participation_total_cumulative(x,y,z)/%": [107.451015, 106.46287, 37.446027000000001], "Time_Period/s": [0.101284, 0.085850999999999997], "Mass_Participation_total/%": 90.367423000000002, "Mode": [5, 8], "Mass_Participation/%": [37.333584000000002, 9.3907340000000001], "Base_shear/KN": 156.11156199999999, "Eurocode_satsisfied_(1=yes,0=no)": 1.0}