{"Mass_Participation_total_cumulative(x,y,z)/%": [109.085189, 126.83842199999999, 34.810803999999997], "Time_Period/s": [0.10216], "Mass_Participation_total/%": 78.844177000000002, "Mode": [6], "Mass_Participation/%": [40.109490999999998], "Base_shear/KN": 104.948925, "Eurocode_satsisfied_(1=yes,0=no)": 0.0}