{"Mass_Participation_total_cumulative(x,y,z)/%": [64.324118999999996, 74.275880999999998, 24.003492000000001], "Time_Period/s": [0.090778999999999999], "Mass_Participation_total/%": 61.780402000000002, "Mode": [12], "Mass_Participation/%": [45.437099000000003], "Base_shear/KN": 83.655788999999999, "Eurocode_satsisfied_(1=yes,0=no)": 0.0}