{"Mass_Participation_total_cumulative(x,y,z)/%": [97.883876999999998, 102.402039, 61.832988], "Time_Period/s": [0.10992200000000001, 0.090845999999999996], "Mass_Participation_total/%": 82.698631000000006, "Mode": [3, 6], "Mass_Participation/%": [36.197474, 11.266743], "Base_shear/KN": 179.018124, "Eurocode_satsisfied_(1=yes,0=no)": 0.0}