{"Mass_Participation_total_cumulative(x,y,z)/%": [75.899351999999993, 105.04110300000001, 31.50882], "Time_Period/s": [0.103228, 0.067311999999999997], "Mass_Participation_total/%": 46.800373, "Mode": [4, 12], "Mass_Participation/%": [22.559353000000002, 5.0297429999999999], "Base_shear/KN": 138.58765500000001, "Eurocode_satsisfied_(1=yes,0=no)": 0.0}