{"Mass_Participation_total_cumulative(x,y,z)/%": [89.352328999999997, 69.763306, 36.853051000000001], "Time_Period/s": [0.097743999999999998], "Mass_Participation_total/%": 52.251891000000001, "Mode": [8], "Mass_Participation/%": [28.266629999999999], "Base_shear/KN": 102.494876, "Eurocode_satsisfied_(1=yes,0=no)": 0.0}