{"Mass_Participation_total_cumulative(x,y,z)/%": [72.127369000000002, 70.604567000000003, 21.830874999999999], "Time_Period/s": [0.108697, 0.076040999999999997], "Mass_Participation_total/%": 37.588422999999999, "Mode": [6, 16], "Mass_Participation/%": [14.742718, 5.9362729999999999], "Base_shear/KN": 125.082926, "Eurocode_satsisfied_(1=yes,0=no)": 0.0}