{"Mass_Participation_total_cumulative(x,y,z)/%": [80.026576000000006, 125.632981, 50.077215000000002], "Time_Period/s": [0.10642699999999999], "Mass_Participation_total/%": 104.468442, "Mode": [6], "Mass_Participation/%": [104.468442], "Base_shear/KN": 128.759882, "Eurocode_satsisfied_(1=yes,0=no)": 1.0}