{"Mass_Participation_total_cumulative(x,y,z)/%": [70.559111000000001, 51.269939999999998, 21.097864000000001], "Time_Period/s": [0.093863000000000002], "Mass_Participation_total/%": 34.532096000000003, "Mode": [11], "Mass_Participation/%": [11.913467000000001], "Base_shear/KN": 86.813785999999993, "Eurocode_satsisfied_(1=yes,0=no)": 0.0}