{"Mass_Participation_total_cumulative(x,y,z)/%": [58.977901000000003, 53.529192999999999, 21.320232000000001], "Time_Period/s": [0.096228999999999995], "Mass_Participation_total/%": 36.132075, "Mode": [8], "Mass_Participation/%": [16.621980000000001], "Base_shear/KN": 89.254732000000004, "Eurocode_satsisfied_(1=yes,0=no)": 0.0}