{"Mass_Participation_total_cumulative(x,y,z)/%": [124.710035, 102.824259, 41.841597], "Time_Period/s": [0.098805000000000004], "Mass_Participation_total/%": 89.913489999999996, "Mode": [6], "Mass_Participation/%": [84.736920999999995], "Base_shear/KN": 104.31985400000001, "Eurocode_satsisfied_(1=yes,0=no)": 0.0}