{"Mass_Participation_total_cumulative(x,y,z)/%": [83.914000999999999, 130.53766300000001, 58.197949999999999], "Time_Period/s": [0.10339], "Mass_Participation_total/%": 75.104405, "Mode": [5], "Mass_Participation/%": [34.768095000000002], "Base_shear/KN": 123.68651199999999, "Eurocode_satsisfied_(1=yes,0=no)": 0.0}