{"Mass_Participation_total_cumulative(x,y,z)/%": [115.62352, 102.159828, 66.358611999999994], "Time_Period/s": [0.121797, 0.086001999999999995, 0.070671999999999999, 0.052520999999999998], "Mass_Participation_total/%": 93.051379999999995, "Mode": [2, 7, 9, 14], "Mass_Participation/%": [59.139147999999999, 16.346451999999999, 5.4631429999999996, 5.3375269999999997], "Base_shear/KN": 259.516232, "Eurocode_satsisfied_(1=yes,0=no)": 1.0}