{"Mass_Participation_total_cumulative(x,y,z)/%": [70.047205000000005, 59.748027, 39.564866000000002], "Time_Period/s": [0.100785, 0.089290999999999995], "Mass_Participation_total/%": 58.633014000000003, "Mode": [7, 10], "Mass_Participation/%": [41.763736000000002, 9.6710609999999999], "Base_shear/KN": 142.01952499999999, "Eurocode_satsisfied_(1=yes,0=no)": 0.0}