{"Mass_Participation_total_cumulative(x,y,z)/%": [99.455269999999999, 93.678365999999997, 41.647562000000001], "Time_Period/s": [0.098972000000000004], "Mass_Participation_total/%": 68.504311999999999, "Mode": [8], "Mass_Participation/%": [38.042437], "Base_shear/KN": 102.80593500000001, "Eurocode_satsisfied_(1=yes,0=no)": 0.0}