{"Mass_Participation_total_cumulative(x,y,z)/%": [102.05981800000001, 127.297183, 58.540771999999997], "Time_Period/s": [0.104578], "Mass_Participation_total/%": 77.956920999999994, "Mode": [5], "Mass_Participation/%": [50.406194999999997], "Base_shear/KN": 125.72213499999999, "Eurocode_satsisfied_(1=yes,0=no)": 0.0}