{"Mass_Participation_total_cumulative(x,y,z)/%": [63.561084000000001, 52.606746000000001, 19.293641000000001], "Time_Period/s": [0.090537999999999993], "Mass_Participation_total/%": 43.210348000000003, "Mode": [15], "Mass_Participation/%": [20.460764000000001], "Base_shear/KN": 82.848181999999994, "Eurocode_satsisfied_(1=yes,0=no)": 0.0}