{"Mass_Participation_total_cumulative(x,y,z)/%": [99.364593999999997, 114.193477, 45.417813000000002], "Time_Period/s": [0.102529], "Mass_Participation_total/%": 67.198673999999997, "Mode": [5], "Mass_Participation/%": [49.119849000000002], "Base_shear/KN": 107.91132399999999, "Eurocode_satsisfied_(1=yes,0=no)": 0.0}