{"Mass_Participation_total_cumulative(x,y,z)/%": [79.878298999999998, 75.814972999999995, 17.755970999999999], "Time_Period/s": [0.083991999999999997], "Mass_Participation_total/%": 50.270947999999997, "Mode": [12], "Mass_Participation/%": [19.521616999999999], "Base_shear/KN": 82.974106000000006, "Eurocode_satsisfied_(1=yes,0=no)": 0.0}