{"Mass_Participation_total_cumulative(x,y,z)/%": [162.198365, 167.55828600000001, 48.413632999999997], "Time_Period/s": [0.107269], "Mass_Participation_total/%": 101.442556, "Mode": [6], "Mass_Participation/%": [101.442556], "Base_shear/KN": 131.28021699999999, "Eurocode_satsisfied_(1=yes,0=no)": 1.0}