{"Mass_Participation_total_cumulative(x,y,z)/%": [121.19417, 134.703439, 35.989500999999997], "Time_Period/s": [0.097555000000000003], "Mass_Participation_total/%": 124.082307, "Mode": [11], "Mass_Participation/%": [124.082307], "Base_shear/KN": 100.713673, "Eurocode_satsisfied_(1=yes,0=no)": 1.0}