{"Mass_Participation_total_cumulative(x,y,z)/%": [126.583586, 122.581868, 33.211585999999997], "Time_Period/s": [0.101755], "Mass_Participation_total/%": 93.173079000000001, "Mode": [4], "Mass_Participation/%": [51.510013999999998], "Base_shear/KN": 107.966159, "Eurocode_satsisfied_(1=yes,0=no)": 1.0}