{"Mass_Participation_total_cumulative(x,y,z)/%": [98.604758000000004, 106.745728, 48.764049], "Time_Period/s": [0.106831], "Mass_Participation_total/%": 97.083112, "Mode": [5], "Mass_Participation/%": [81.704217], "Base_shear/KN": 129.345485, "Eurocode_satsisfied_(1=yes,0=no)": 1.0}