{"Mass_Participation_total_cumulative(x,y,z)/%": [81.489151000000007, 85.071281999999997, 20.589704999999999], "Time_Period/s": [0.092629000000000003], "Mass_Participation_total/%": 62.391123, "Mode": [10], "Mass_Participation/%": [36.243062000000002], "Base_shear/KN": 84.386748999999995, "Eurocode_satsisfied_(1=yes,0=no)": 0.0}