{"Mass_Participation_total_cumulative(x,y,z)/%": [108.801788, 133.306376, 54.402073000000001], "Time_Period/s": [0.108346, 0.094599000000000003, 0.080724000000000004], "Mass_Participation_total/%": 92.375647000000001, "Mode": [4, 7, 8], "Mass_Participation/%": [26.608605000000001, 6.9731730000000001, 5.1328060000000004], "Base_shear/KN": 207.25116399999999, "Eurocode_satsisfied_(1=yes,0=no)": 1.0}