{"Mass_Participation_total_cumulative(x,y,z)/%": [89.610966000000005, 93.187983000000003, 36.595936999999999], "Time_Period/s": [0.098187999999999998], "Mass_Participation_total/%": 76.006478000000001, "Mode": [7], "Mass_Participation/%": [55.920161999999998], "Base_shear/KN": 102.97688100000001, "Eurocode_satsisfied_(1=yes,0=no)": 0.0}