{"Mass_Participation_total_cumulative(x,y,z)/%": [73.278687000000005, 54.781975000000003, 20.169991], "Time_Period/s": [0.096417000000000003, 0.083163000000000001], "Mass_Participation_total/%": 36.129328999999998, "Mode": [9, 13], "Mass_Participation/%": [21.954792999999999, 6.7101569999999997], "Base_shear/KN": 121.701565, "Eurocode_satsisfied_(1=yes,0=no)": 0.0}