{"Mass_Participation_total_cumulative(x,y,z)/%": [83.905568000000002, 90.728403999999998, 24.121680999999999], "Time_Period/s": [0.091037000000000007], "Mass_Participation_total/%": 76.408483000000004, "Mode": [10], "Mass_Participation/%": [59.430928999999999], "Base_shear/KN": 84.479275999999999, "Eurocode_satsisfied_(1=yes,0=no)": 0.0}