{"Mass_Participation_total_cumulative(x,y,z)/%": [62.291674999999998, 61.386944999999997, 20.657586999999999], "Time_Period/s": [0.093917], "Mass_Participation_total/%": 38.512284999999999, "Mode": [11], "Mass_Participation/%": [12.936795], "Base_shear/KN": 84.867012000000003, "Eurocode_satsisfied_(1=yes,0=no)": 0.0}