{"Mass_Participation_total_cumulative(x,y,z)/%": [58.669455999999997, 63.343704000000002, 19.593630000000001], "Time_Period/s": [0.089901999999999996], "Mass_Participation_total/%": 47.625481999999998, "Mode": [14], "Mass_Participation/%": [17.224022000000001], "Base_shear/KN": 82.791436000000004, "Eurocode_satsisfied_(1=yes,0=no)": 0.0}