{"Mass_Participation_total_cumulative(x,y,z)/%": [120.085868, 114.11073500000001, 59.755310000000001], "Time_Period/s": [0.10645300000000001, 0.062798000000000007], "Mass_Participation_total/%": 92.101449000000002, "Mode": [4, 11], "Mass_Participation/%": [39.293236, 8.8942379999999996], "Base_shear/KN": 191.37709000000001, "Eurocode_satsisfied_(1=yes,0=no)": 1.0}