{"Mass_Participation_total_cumulative(x,y,z)/%": [105.239125, 132.895994, 56.803778999999999], "Time_Period/s": [0.10396], "Mass_Participation_total/%": 86.167856, "Mode": [6], "Mass_Participation/%": [43.543751], "Base_shear/KN": 126.50306, "Eurocode_satsisfied_(1=yes,0=no)": 0.0}