{"Mass_Participation_total_cumulative(x,y,z)/%": [104.06108500000001, 102.44677799999999, 55.882072000000001], "Time_Period/s": [0.109204, 0.097827999999999998], "Mass_Participation_total/%": 89.866660999999993, "Mode": [3, 5], "Mass_Participation/%": [79.784291999999994, 10.082369], "Base_shear/KN": 180.84943699999999, "Eurocode_satsisfied_(1=yes,0=no)": 0.0}