{"Mass_Participation_total_cumulative(x,y,z)/%": [91.443599000000006, 76.933536000000004, 34.535150999999999], "Time_Period/s": [0.088900999999999994], "Mass_Participation_total/%": 64.877956999999995, "Mode": [9], "Mass_Participation/%": [25.714403000000001], "Base_shear/KN": 102.16600200000001, "Eurocode_satsisfied_(1=yes,0=no)": 0.0}