{"Mass_Participation_total_cumulative(x,y,z)/%": [98.388065999999995, 94.874427999999995, 45.791263000000001], "Time_Period/s": [0.10566200000000001], "Mass_Participation_total/%": 78.167325000000005, "Mode": [5], "Mass_Participation/%": [50.666938999999999], "Base_shear/KN": 129.18417299999999, "Eurocode_satsisfied_(1=yes,0=no)": 0.0}