{"Mass_Participation_total_cumulative(x,y,z)/%": [103.83390199999999, 95.474322000000001, 35.101638999999999], "Time_Period/s": [0.10738, 0.058394000000000001], "Mass_Participation_total/%": 86.690973999999997, "Mode": [3, 16], "Mass_Participation/%": [47.818997000000003, 5.2743700000000002], "Base_shear/KN": 147.46059500000001, "Eurocode_satsisfied_(1=yes,0=no)": 0.0}