{"Mass_Participation_total_cumulative(x,y,z)/%": [91.852981, 113.59535200000001, 41.275326999999997], "Time_Period/s": [0.104074], "Mass_Participation_total/%": 70.441367999999997, "Mode": [4], "Mass_Participation/%": [56.449151999999998], "Base_shear/KN": 127.26311200000001, "Eurocode_satsisfied_(1=yes,0=no)": 0.0}