{"Mass_Participation_total_cumulative(x,y,z)/%": [57.367193999999998, 47.725154000000003, 20.127079999999999], "Time_Period/s": [0.095417000000000002], "Mass_Participation_total/%": 32.48368, "Mode": [10], "Mass_Participation/%": [12.07578], "Base_shear/KN": 88.451466999999994, "Eurocode_satsisfied_(1=yes,0=no)": 0.0}