{"Mass_Participation_total_cumulative(x,y,z)/%": [118.687066, 117.742615, 46.792484000000002], "Time_Period/s": [0.11004800000000001], "Mass_Participation_total/%": 90.506932000000006, "Mode": [3], "Mass_Participation/%": [90.506932000000006], "Base_shear/KN": 131.27471499999999, "Eurocode_satsisfied_(1=yes,0=no)": 1.0}