{"Mass_Participation_total_cumulative(x,y,z)/%": [53.167006999999998, 53.418429000000003, 24.221917999999999], "Time_Period/s": [0.092559000000000002], "Mass_Participation_total/%": 28.240648, "Mode": [12], "Mass_Participation/%": [22.414836999999999], "Base_shear/KN": 83.541916000000001, "Eurocode_satsisfied_(1=yes,0=no)": 0.0}