{"Mass_Participation_total_cumulative(x,y,z)/%": [76.088954000000001, 87.329359999999994, 28.653561], "Time_Period/s": [0.102133, 0.086497000000000004, 0.077663999999999997], "Mass_Participation_total/%": 59.347997999999997, "Mode": [9, 12, 15], "Mass_Participation/%": [11.349702000000001, 8.7283430000000006, 5.0612320000000004], "Base_shear/KN": 151.57668699999999, "Eurocode_satsisfied_(1=yes,0=no)": 1.0}