{"Mass_Participation_total_cumulative(x,y,z)/%": [75.792263000000005, 67.316424999999995, 18.760966], "Time_Period/s": [0.096186999999999995, 0.077669000000000002], "Mass_Participation_total/%": 56.519232000000002, "Mode": [7, 13], "Mass_Participation/%": [34.579886000000002, 5.5599109999999996], "Base_shear/KN": 124.88348499999999, "Eurocode_satsisfied_(1=yes,0=no)": 0.0}