{"Mass_Participation_total_cumulative(x,y,z)/%": [99.178342999999998, 132.63034999999999, 50.071947000000002], "Time_Period/s": [0.107576], "Mass_Participation_total/%": 113.635448, "Mode": [4], "Mass_Participation/%": [113.635448], "Base_shear/KN": 128.53656699999999, "Eurocode_satsisfied_(1=yes,0=no)": 1.0}