{"Mass_Participation_total_cumulative(x,y,z)/%": [99.525435999999999, 91.025914, 69.738964999999993], "Time_Period/s": [0.111403, 0.093621999999999997], "Mass_Participation_total/%": 74.530822999999998, "Mode": [3, 5], "Mass_Participation/%": [67.671696999999995, 6.8591259999999998], "Base_shear/KN": 193.41037299999999, "Eurocode_satsisfied_(1=yes,0=no)": 0.0}