{"Mass_Participation_total_cumulative(x,y,z)/%": [133.008284, 142.13717, 49.532873000000002], "Time_Period/s": [0.10516399999999999], "Mass_Participation_total/%": 98.589831000000004, "Mode": [5], "Mass_Participation/%": [68.003286000000003], "Base_shear/KN": 131.88163399999999, "Eurocode_satsisfied_(1=yes,0=no)": 1.0}