{"Mass_Participation_total_cumulative(x,y,z)/%": [68.021683999999993, 62.526046999999998, 23.343119000000002], "Time_Period/s": [0.090302999999999994], "Mass_Participation_total/%": 51.107481, "Mode": [9], "Mass_Participation/%": [27.236856], "Base_shear/KN": 83.376138999999995, "Eurocode_satsisfied_(1=yes,0=no)": 0.0}