{"Mass_Participation_total_cumulative(x,y,z)/%": [62.770162999999997, 63.048836000000001, 22.900321999999999], "Time_Period/s": [0.092429999999999998], "Mass_Participation_total/%": 34.172137999999997, "Mode": [12], "Mass_Participation/%": [15.607901], "Base_shear/KN": 82.914861000000002, "Eurocode_satsisfied_(1=yes,0=no)": 0.0}