{"Mass_Participation_total_cumulative(x,y,z)/%": [67.221338000000003, 54.045572, 21.497762000000002], "Time_Period/s": [0.092286000000000007], "Mass_Participation_total/%": 35.615386000000001, "Mode": [9], "Mass_Participation/%": [16.108640999999999], "Base_shear/KN": 84.877695000000003, "Eurocode_satsisfied_(1=yes,0=no)": 0.0}