{"Mass_Participation_total_cumulative(x,y,z)/%": [75.535122000000001, 65.544218999999998, 21.176136], "Time_Period/s": [0.090896000000000005], "Mass_Participation_total/%": 40.078203999999999, "Mode": [10], "Mass_Participation/%": [32.375866000000002], "Base_shear/KN": 85.214416999999997, "Eurocode_satsisfied_(1=yes,0=no)": 0.0}