{"Mass_Participation_total_cumulative(x,y,z)/%": [125.344801, 114.55450399999999, 38.434457000000002], "Time_Period/s": [0.097582000000000002], "Mass_Participation_total/%": 95.173370000000006, "Mode": [9], "Mass_Participation/%": [56.255929000000002], "Base_shear/KN": 103.25899699999999, "Eurocode_satsisfied_(1=yes,0=no)": 1.0}