{"Mass_Participation_total_cumulative(x,y,z)/%": [67.786473000000001, 58.251145999999999, 24.151584], "Time_Period/s": [0.103992, 0.080231999999999998], "Mass_Participation_total/%": 37.163848000000002, "Mode": [9, 16], "Mass_Participation/%": [10.751620000000001, 7.6015860000000002], "Base_shear/KN": 122.50791599999999, "Eurocode_satsisfied_(1=yes,0=no)": 0.0}