{"Mass_Participation_total_cumulative(x,y,z)/%": [114.49005099999999, 141.19317599999999, 52.222749999999998], "Time_Period/s": [0.107905], "Mass_Participation_total/%": 106.642662, "Mode": [3], "Mass_Participation/%": [106.642662], "Base_shear/KN": 129.56274300000001, "Eurocode_satsisfied_(1=yes,0=no)": 1.0}