{"Mass_Participation_total_cumulative(x,y,z)/%": [131.57222200000001, 147.15131500000001, 33.744267000000001], "Time_Period/s": [0.097407999999999995], "Mass_Participation_total/%": 107.248268, "Mode": [9], "Mass_Participation/%": [107.248268], "Base_shear/KN": 102.21642300000001, "Eurocode_satsisfied_(1=yes,0=no)": 1.0}