{"Mass_Participation_total_cumulative(x,y,z)/%": [93.708789999999993, 87.209359000000006, 36.561988999999997], "Time_Period/s": [0.10152899999999999], "Mass_Participation_total/%": 65.787436999999997, "Mode": [5], "Mass_Participation/%": [48.623412999999999], "Base_shear/KN": 108.932558, "Eurocode_satsisfied_(1=yes,0=no)": 0.0}