{"Mass_Participation_total_cumulative(x,y,z)/%": [86.764302000000001, 131.187647, 50.591476999999998], "Time_Period/s": [0.104204], "Mass_Participation_total/%": 67.451987000000003, "Mode": [7], "Mass_Participation/%": [56.626156000000002], "Base_shear/KN": 122.024852, "Eurocode_satsisfied_(1=yes,0=no)": 0.0}