{"Mass_Participation_total_cumulative(x,y,z)/%": [75.765799000000001, 72.160552999999993, 20.607552999999999], "Time_Period/s": [0.091797000000000004], "Mass_Participation_total/%": 58.114229000000002, "Mode": [9], "Mass_Participation/%": [31.60737], "Base_shear/KN": 86.299357000000001, "Eurocode_satsisfied_(1=yes,0=no)": 0.0}