{"Mass_Participation_total_cumulative(x,y,z)/%": [114.049128, 93.311825999999996, 40.402656999999998], "Time_Period/s": [0.11842800000000001, 0.095113000000000003, 0.084182000000000007], "Mass_Participation_total/%": 83.292033000000004, "Mode": [4, 7, 9], "Mass_Participation/%": [22.979977000000002, 14.168635, 6.4569109999999998], "Base_shear/KN": 194.03480999999999, "Eurocode_satsisfied_(1=yes,0=no)": 1.0}