{"Mass_Participation_total_cumulative(x,y,z)/%": [98.854179999999999, 91.512992999999994, 57.947285999999998], "Time_Period/s": [0.104255], "Mass_Participation_total/%": 82.755459999999999, "Mode": [6], "Mass_Participation/%": [36.876215999999999], "Base_shear/KN": 124.052159, "Eurocode_satsisfied_(1=yes,0=no)": 0.0}