{"Mass_Participation_total_cumulative(x,y,z)/%": [75.356990999999994, 77.744555000000005, 36.782926000000003], "Time_Period/s": [0.093613000000000002], "Mass_Participation_total/%": 59.740631999999998, "Mode": [9], "Mass_Participation/%": [23.518267999999999], "Base_shear/KN": 98.464172000000005, "Eurocode_satsisfied_(1=yes,0=no)": 0.0}