{"Mass_Participation_total_cumulative(x,y,z)/%": [90.100153000000006, 111.933618, 49.471266999999997], "Time_Period/s": [0.103034, 0.092615000000000003], "Mass_Participation_total/%": 62.578386999999999, "Mode": [4, 5], "Mass_Participation/%": [30.039853000000001, 6.3594460000000002], "Base_shear/KN": 176.76594299999999, "Eurocode_satsisfied_(1=yes,0=no)": 0.0}