{"Mass_Participation_total_cumulative(x,y,z)/%": [66.880880000000005, 65.240734000000003, 21.211576000000001], "Time_Period/s": [0.096990999999999994, 0.085083000000000006], "Mass_Participation_total/%": 42.025148999999999, "Mode": [8, 13], "Mass_Participation/%": [15.044349, 7.7529870000000001], "Base_shear/KN": 123.76249900000001, "Eurocode_satsisfied_(1=yes,0=no)": 0.0}