{"Mass_Participation_total_cumulative(x,y,z)/%": [86.739193, 66.834176999999997, 35.841413000000003], "Time_Period/s": [0.096115999999999993], "Mass_Participation_total/%": 53.177821000000002, "Mode": [9], "Mass_Participation/%": [23.522023000000001], "Base_shear/KN": 102.85658599999999, "Eurocode_satsisfied_(1=yes,0=no)": 0.0}