{"Mass_Participation_total_cumulative(x,y,z)/%": [126.598247, 135.15598, 68.080307000000005], "Time_Period/s": [0.10657899999999999], "Mass_Participation_total/%": 94.200371000000004, "Mode": [4], "Mass_Participation/%": [49.351469999999999], "Base_shear/KN": 139.35098199999999, "Eurocode_satsisfied_(1=yes,0=no)": 1.0}