{"Mass_Participation_total_cumulative(x,y,z)/%": [64.084106000000006, 66.233673999999993, 23.893291000000001], "Time_Period/s": [0.091113], "Mass_Participation_total/%": 51.478161999999998, "Mode": [12], "Mass_Participation/%": [17.802399000000001], "Base_shear/KN": 84.519718999999995, "Eurocode_satsisfied_(1=yes,0=no)": 0.0}