{"Mass_Participation_total_cumulative(x,y,z)/%": [64.429991000000001, 59.361894999999997, 19.572282999999999], "Time_Period/s": [0.095554], "Mass_Participation_total/%": 28.751930000000002, "Mode": [7], "Mass_Participation/%": [12.128819], "Base_shear/KN": 91.885306999999997, "Eurocode_satsisfied_(1=yes,0=no)": 0.0}