{"Mass_Participation_total_cumulative(x,y,z)/%": [83.758703999999994, 73.914190000000005, 23.685552000000001], "Time_Period/s": [0.093670000000000003], "Mass_Participation_total/%": 51.858690000000003, "Mode": [9], "Mass_Participation/%": [19.991975], "Base_shear/KN": 87.715035, "Eurocode_satsisfied_(1=yes,0=no)": 0.0}