{"Mass_Participation_total_cumulative(x,y,z)/%": [125.78251, 125.931933, 49.060481000000003], "Time_Period/s": [0.108863], "Mass_Participation_total/%": 105.22411200000001, "Mode": [4], "Mass_Participation/%": [105.22411200000001], "Base_shear/KN": 135.424924, "Eurocode_satsisfied_(1=yes,0=no)": 1.0}