{"Mass_Participation_total_cumulative(x,y,z)/%": [75.572575000000001, 123.347577, 32.843967999999997], "Time_Period/s": [0.098062999999999997], "Mass_Participation_total/%": 117.157269, "Mode": [8], "Mass_Participation/%": [117.157269], "Base_shear/KN": 101.92816999999999, "Eurocode_satsisfied_(1=yes,0=no)": 1.0}