{"Mass_Participation_total_cumulative(x,y,z)/%": [56.159941000000003, 44.746665999999998, 23.437139999999999], "Time_Period/s": [0.091005000000000003], "Mass_Participation_total/%": 33.335977, "Mode": [13], "Mass_Participation/%": [13.146049], "Base_shear/KN": 83.242363999999995, "Eurocode_satsisfied_(1=yes,0=no)": 0.0}