{"Mass_Participation_total_cumulative(x,y,z)/%": [93.675691, 127.213802, 34.496670999999999], "Time_Period/s": [0.1003, 0.079838000000000006], "Mass_Participation_total/%": 71.705635999999998, "Mode": [6, 10], "Mass_Participation/%": [61.025269999999999, 5.0578940000000001], "Base_shear/KN": 140.141975, "Eurocode_satsisfied_(1=yes,0=no)": 0.0}