{"Mass_Participation_total_cumulative(x,y,z)/%": [61.887259999999998, 52.5565, 21.498128000000001], "Time_Period/s": [0.090378], "Mass_Participation_total/%": 33.237772, "Mode": [10], "Mass_Participation/%": [28.151540000000001], "Base_shear/KN": 85.985247999999999, "Eurocode_satsisfied_(1=yes,0=no)": 0.0}