{"Mass_Participation_total_cumulative(x,y,z)/%": [105.344639, 114.891375, 47.238826000000003], "Time_Period/s": [0.106436], "Mass_Participation_total/%": 97.434344999999993, "Mode": [4], "Mass_Participation/%": [97.434344999999993], "Base_shear/KN": 136.18249, "Eurocode_satsisfied_(1=yes,0=no)": 1.0}