{"Mass_Participation_total_cumulative(x,y,z)/%": [91.852981, 113.59535200000001, 41.275326999999997], "Time_Period/s": [0.10849200000000001], "Mass_Participation_total/%": 101.80440400000001, "Mode": [3], "Mass_Participation/%": [101.80440400000001], "Base_shear/KN": 133.62626700000001, "Eurocode_satsisfied_(1=yes,0=no)": 1.0}