{"Mass_Participation_total_cumulative(x,y,z)/%": [115.250569, 91.430087999999998, 30.391991999999998], "Time_Period/s": [0.099709000000000006], "Mass_Participation_total/%": 78.506325000000004, "Mode": [5], "Mass_Participation/%": [48.158178999999997], "Base_shear/KN": 104.571943, "Eurocode_satsisfied_(1=yes,0=no)": 0.0}