{"Mass_Participation_total_cumulative(x,y,z)/%": [116.869438, 105.049188, 42.517291999999998], "Time_Period/s": [0.111983, 0.085944000000000007, 0.072241], "Mass_Participation_total/%": 91.933149999999998, "Mode": [5, 9, 12], "Mass_Participation/%": [30.850460000000002, 10.508443, 5.0620770000000004], "Base_shear/KN": 181.64169000000001, "Eurocode_satsisfied_(1=yes,0=no)": 1.0}