{"Mass_Participation_total_cumulative(x,y,z)/%": [66.466018000000005, 63.528390999999999, 20.304829999999999], "Time_Period/s": [0.106923, 0.085918999999999995, 0.073831999999999995], "Mass_Participation_total/%": 38.990369999999999, "Mode": [9, 15, 20], "Mass_Participation/%": [13.198836999999999, 10.312485000000001, 10.051677], "Base_shear/KN": 145.800276, "Eurocode_satsisfied_(1=yes,0=no)": 1.0}