{"Mass_Participation_total_cumulative(x,y,z)/%": [111.59835, 89.845327999999995, 35.589709999999997], "Time_Period/s": [0.097374000000000002], "Mass_Participation_total/%": 86.682147999999998, "Mode": [10], "Mass_Participation/%": [86.682147999999998], "Base_shear/KN": 101.56066199999999, "Eurocode_satsisfied_(1=yes,0=no)": 0.0}