{"Mass_Participation_total_cumulative(x,y,z)/%": [96.564937, 120.376878, 61.232790999999999], "Time_Period/s": [0.106597], "Mass_Participation_total/%": 94.263673999999995, "Mode": [4], "Mass_Participation/%": [94.263673999999995], "Base_shear/KN": 130.29340300000001, "Eurocode_satsisfied_(1=yes,0=no)": 1.0}