{"Mass_Participation_total_cumulative(x,y,z)/%": [75.991615999999993, 67.524638999999993, 22.972045999999999], "Time_Period/s": [0.091400999999999996], "Mass_Participation_total/%": 51.448633000000001, "Mode": [9], "Mass_Participation/%": [26.807722999999999], "Base_shear/KN": 86.426655999999994, "Eurocode_satsisfied_(1=yes,0=no)": 0.0}