{"Mass_Participation_total_cumulative(x,y,z)/%": [107.749989, 98.868105999999997, 35.997731000000002], "Time_Period/s": [0.099214999999999998], "Mass_Participation_total/%": 89.873582999999996, "Mode": [6], "Mass_Participation/%": [37.869436999999998], "Base_shear/KN": 105.490594, "Eurocode_satsisfied_(1=yes,0=no)": 0.0}