{"Mass_Participation_total_cumulative(x,y,z)/%": [101.596647, 124.97362200000001, 51.360436999999997], "Time_Period/s": [0.117032, 0.10026400000000001], "Mass_Participation_total/%": 78.928441000000007, "Mode": [3, 5], "Mass_Participation/%": [25.925623999999999, 22.627029], "Base_shear/KN": 194.605177, "Eurocode_satsisfied_(1=yes,0=no)": 0.0}