{"Mass_Participation_total_cumulative(x,y,z)/%": [92.359992000000005, 84.120830999999995, 34.830227000000001], "Time_Period/s": [0.102506, 0.091551999999999994], "Mass_Participation_total/%": 69.052927999999994, "Mode": [6, 8], "Mass_Participation/%": [29.540783999999999, 11.750719999999999], "Base_shear/KN": 144.211611, "Eurocode_satsisfied_(1=yes,0=no)": 0.0}