{"Mass_Participation_total_cumulative(x,y,z)/%": [104.541284, 113.92623500000001, 33.637174000000002], "Time_Period/s": [0.101344, 0.079274999999999998], "Mass_Participation_total/%": 81.135720000000006, "Mode": [7, 11], "Mass_Participation/%": [75.663855999999996, 5.4718640000000001], "Base_shear/KN": 137.643338, "Eurocode_satsisfied_(1=yes,0=no)": 0.0}