{"Mass_Participation_total_cumulative(x,y,z)/%": [78.204903000000002, 69.138428000000005, 31.901154999999999], "Time_Period/s": [0.096998000000000001], "Mass_Participation_total/%": 59.183444000000001, "Mode": [9], "Mass_Participation/%": [27.931117], "Base_shear/KN": 104.084712, "Eurocode_satsisfied_(1=yes,0=no)": 0.0}