{"Mass_Participation_total_cumulative(x,y,z)/%": [81.930539999999993, 68.493408000000002, 30.149916999999999], "Time_Period/s": [0.11350399999999999, 0.075436000000000003], "Mass_Participation_total/%": 54.884008999999999, "Mode": [6, 17], "Mass_Participation/%": [11.941642999999999, 7.1344200000000004], "Base_shear/KN": 128.26430099999999, "Eurocode_satsisfied_(1=yes,0=no)": 0.0}