{"Mass_Participation_total_cumulative(x,y,z)/%": [76.761298999999994, 71.036945000000003, 23.245750000000001], "Time_Period/s": [0.092810000000000004, 0.081979999999999997], "Mass_Participation_total/%": 46.622123000000002, "Mode": [10, 13], "Mass_Participation/%": [34.178044, 6.3223979999999997], "Base_shear/KN": 119.44972300000001, "Eurocode_satsisfied_(1=yes,0=no)": 0.0}