{"Mass_Participation_total_cumulative(x,y,z)/%": [102.214673, 115.03469800000001, 55.972414999999998], "Time_Period/s": [0.106376], "Mass_Participation_total/%": 94.470661000000007, "Mode": [4], "Mass_Participation/%": [80.592984000000001], "Base_shear/KN": 129.67372900000001, "Eurocode_satsisfied_(1=yes,0=no)": 1.0}