{"Mass_Participation_total_cumulative(x,y,z)/%": [95.218050000000005, 100.54677599999999, 36.194344999999998], "Time_Period/s": [0.10775899999999999, 0.087204000000000004], "Mass_Participation_total/%": 74.375648999999996, "Mode": [3, 6], "Mass_Participation/%": [57.539931000000003, 7.7720989999999999], "Base_shear/KN": 173.20043799999999, "Eurocode_satsisfied_(1=yes,0=no)": 0.0}