{"Mass_Participation_total_cumulative(x,y,z)/%": [130.21281400000001, 120.342119, 41.033883000000003], "Time_Period/s": [0.110304], "Mass_Participation_total/%": 98.663813000000005, "Mode": [2], "Mass_Participation/%": [55.286938999999997], "Base_shear/KN": 136.065967, "Eurocode_satsisfied_(1=yes,0=no)": 1.0}