{"Mass_Participation_total_cumulative(x,y,z)/%": [97.510604000000001, 131.871219, 55.364502999999999], "Time_Period/s": [0.10825799999999999], "Mass_Participation_total/%": 101.030584, "Mode": [5], "Mass_Participation/%": [101.030584], "Base_shear/KN": 136.07286500000001, "Eurocode_satsisfied_(1=yes,0=no)": 1.0}