{"Mass_Participation_total_cumulative(x,y,z)/%": [70.466582000000002, 115.780333, 39.106856000000001], "Time_Period/s": [0.098820000000000005], "Mass_Participation_total/%": 104.43789, "Mode": [6], "Mass_Participation/%": [104.43789], "Base_shear/KN": 103.70448, "Eurocode_satsisfied_(1=yes,0=no)": 1.0}