{"Mass_Participation_total_cumulative(x,y,z)/%": [70.352429999999998, 65.392636999999993, 26.397431999999998], "Time_Period/s": [0.10317, 0.088799000000000003], "Mass_Participation_total/%": 42.090485999999999, "Mode": [7, 9], "Mass_Participation/%": [28.677140000000001, 5.1965190000000003], "Base_shear/KN": 127.138487, "Eurocode_satsisfied_(1=yes,0=no)": 0.0}