{"Mass_Participation_total_cumulative(x,y,z)/%": [111.06361800000001, 93.461247999999998, 50.201698], "Time_Period/s": [0.106865], "Mass_Participation_total/%": 82.967447000000007, "Mode": [4], "Mass_Participation/%": [29.754284999999999], "Base_shear/KN": 129.41402500000001, "Eurocode_satsisfied_(1=yes,0=no)": 0.0}