{"Mass_Participation_total_cumulative(x,y,z)/%": [149.34078299999999, 147.23581300000001, 56.447024999999996], "Time_Period/s": [0.107711], "Mass_Participation_total/%": 98.490633000000003, "Mode": [5], "Mass_Participation/%": [98.490633000000003], "Base_shear/KN": 129.79492300000001, "Eurocode_satsisfied_(1=yes,0=no)": 1.0}