{"Mass_Participation_total_cumulative(x,y,z)/%": [84.570594, 120.56673499999999, 57.318196999999998], "Time_Period/s": [0.102618], "Mass_Participation_total/%": 62.989424999999997, "Mode": [5], "Mass_Participation/%": [48.457892999999999], "Base_shear/KN": 129.51651799999999, "Eurocode_satsisfied_(1=yes,0=no)": 0.0}