{"Mass_Participation_total_cumulative(x,y,z)/%": [74.278537, 70.512342000000004, 24.235842999999999], "Time_Period/s": [0.089803999999999995], "Mass_Participation_total/%": 58.031886, "Mode": [15], "Mass_Participation/%": [30.264021], "Base_shear/KN": 83.164198999999996, "Eurocode_satsisfied_(1=yes,0=no)": 0.0}