{"Mass_Participation_total_cumulative(x,y,z)/%": [61.774098000000002, 55.625807999999999, 23.977522], "Time_Period/s": [0.091786000000000006], "Mass_Participation_total/%": 37.049691000000003, "Mode": [15], "Mass_Participation/%": [21.890785999999999], "Base_shear/KN": 82.893116000000006, "Eurocode_satsisfied_(1=yes,0=no)": 0.0}