{"Mass_Participation_total_cumulative(x,y,z)/%": [121.347759, 131.314989, 34.019931999999997], "Time_Period/s": [0.100425, 0.089764999999999998], "Mass_Participation_total/%": 97.162486999999999, "Mode": [5, 7], "Mass_Participation/%": [40.573459, 7.3921739999999998], "Base_shear/KN": 149.51068100000001, "Eurocode_satsisfied_(1=yes,0=no)": 1.0}