{"Mass_Participation_total_cumulative(x,y,z)/%": [105.649483, 79.505554000000004, 56.498669], "Time_Period/s": [0.10688], "Mass_Participation_total/%": 64.688267999999994, "Mode": [4], "Mass_Participation/%": [56.321775000000002], "Base_shear/KN": 129.72249099999999, "Eurocode_satsisfied_(1=yes,0=no)": 0.0}