{"Mass_Participation_total_cumulative(x,y,z)/%": [94.985271999999995, 116.187242, 30.565726999999999], "Time_Period/s": [0.099034999999999998], "Mass_Participation_total/%": 75.877205000000004, "Mode": [7], "Mass_Participation/%": [34.125810999999999], "Base_shear/KN": 105.49929400000001, "Eurocode_satsisfied_(1=yes,0=no)": 0.0}