{"Mass_Participation_total_cumulative(x,y,z)/%": [93.527788000000001, 112.587228, 33.450643999999997], "Time_Period/s": [0.103689, 0.087110999999999994], "Mass_Participation_total/%": 73.73742, "Mode": [4, 6], "Mass_Participation/%": [53.294933999999998, 13.405594000000001], "Base_shear/KN": 144.80156099999999, "Eurocode_satsisfied_(1=yes,0=no)": 0.0}