{"Mass_Participation_total_cumulative(x,y,z)/%": [94.122200000000007, 83.669039999999995, 37.978194999999999], "Time_Period/s": [0.097991999999999996], "Mass_Participation_total/%": 73.987475000000003, "Mode": [6], "Mass_Participation/%": [48.324190999999999], "Base_shear/KN": 105.590204, "Eurocode_satsisfied_(1=yes,0=no)": 0.0}