{"Mass_Participation_total_cumulative(x,y,z)/%": [54.674579000000001, 56.65775, 20.593229000000001], "Time_Period/s": [0.092076000000000005], "Mass_Participation_total/%": 36.780521999999998, "Mode": [12], "Mass_Participation/%": [15.811856000000001], "Base_shear/KN": 84.295024999999995, "Eurocode_satsisfied_(1=yes,0=no)": 0.0}