{"Mass_Participation_total_cumulative(x,y,z)/%": [68.500727999999995, 62.707459999999998, 24.459069], "Time_Period/s": [0.090936000000000003], "Mass_Participation_total/%": 39.650674000000002, "Mode": [13], "Mass_Participation/%": [15.975044], "Base_shear/KN": 83.861557000000005, "Eurocode_satsisfied_(1=yes,0=no)": 0.0}