{"Mass_Participation_total_cumulative(x,y,z)/%": [64.461174, 58.647001000000003, 19.676338999999999], "Time_Period/s": [0.090784000000000004], "Mass_Participation_total/%": 41.121273000000002, "Mode": [14], "Mass_Participation/%": [10.567144000000001], "Base_shear/KN": 83.641119000000003, "Eurocode_satsisfied_(1=yes,0=no)": 0.0}