{"Mass_Participation_total_cumulative(x,y,z)/%": [123.832277, 131.72896499999999, 60.669840000000001], "Time_Period/s": [0.105348], "Mass_Participation_total/%": 104.349608, "Mode": [5], "Mass_Participation/%": [80.072694999999996], "Base_shear/KN": 128.148359, "Eurocode_satsisfied_(1=yes,0=no)": 1.0}