{"Mass_Participation_total_cumulative(x,y,z)/%": [75.227931999999996, 65.442695999999998, 21.416709999999998], "Time_Period/s": [0.089418999999999998], "Mass_Participation_total/%": 48.299996999999998, "Mode": [9], "Mass_Participation/%": [14.687192], "Base_shear/KN": 91.071404000000001, "Eurocode_satsisfied_(1=yes,0=no)": 0.0}