{"Mass_Participation_total_cumulative(x,y,z)/%": [108.627832, 107.863162, 39.427584000000003], "Time_Period/s": [0.102378], "Mass_Participation_total/%": 85.782443000000001, "Mode": [5], "Mass_Participation/%": [75.893973000000003], "Base_shear/KN": 111.956423, "Eurocode_satsisfied_(1=yes,0=no)": 0.0}