{"Mass_Participation_total_cumulative(x,y,z)/%": [117.526498, 114.495289, 65.083917], "Time_Period/s": [0.11755400000000001, 0.084754999999999997], "Mass_Participation_total/%": 92.447388000000004, "Mode": [2, 5], "Mass_Participation/%": [65.254908999999998, 15.601671], "Base_shear/KN": 205.02386999999999, "Eurocode_satsisfied_(1=yes,0=no)": 1.0}