{"Mass_Participation_total_cumulative(x,y,z)/%": [59.673248999999998, 62.215634000000001, 25.013953000000001], "Time_Period/s": [0.096526000000000001], "Mass_Participation_total/%": 25.664946, "Mode": [13], "Mass_Participation/%": [11.136279999999999], "Base_shear/KN": 87.626904999999994, "Eurocode_satsisfied_(1=yes,0=no)": 0.0}