{"Mass_Participation_total_cumulative(x,y,z)/%": [107.25187200000001, 93.026178999999999, 41.597042000000002], "Time_Period/s": [0.10469100000000001, 0.083266999999999994], "Mass_Participation_total/%": 92.696629999999999, "Mode": [4, 8], "Mass_Participation/%": [29.161159000000001, 12.074540000000001], "Base_shear/KN": 143.58995300000001, "Eurocode_satsisfied_(1=yes,0=no)": 1.0}