{"Mass_Participation_total_cumulative(x,y,z)/%": [111.57729999999999, 98.565702000000002, 37.850875000000002], "Time_Period/s": [0.097791000000000003], "Mass_Participation_total/%": 86.920832000000004, "Mode": [8], "Mass_Participation/%": [40.821193000000001], "Base_shear/KN": 103.008937, "Eurocode_satsisfied_(1=yes,0=no)": 0.0}