{"Mass_Participation_total_cumulative(x,y,z)/%": [95.618337999999994, 118.88846599999999, 36.589641999999998], "Time_Period/s": [0.098308000000000006], "Mass_Participation_total/%": 100.894499, "Mode": [8], "Mass_Participation/%": [100.894499], "Base_shear/KN": 103.83299100000001, "Eurocode_satsisfied_(1=yes,0=no)": 1.0}