{"Mass_Participation_total_cumulative(x,y,z)/%": [80.413278000000005, 64.540102000000005, 23.223661], "Time_Period/s": [0.082325999999999996], "Mass_Participation_total/%": 53.171979999999998, "Mode": [13], "Mass_Participation/%": [12.093026999999999], "Base_shear/KN": 81.323740999999998, "Eurocode_satsisfied_(1=yes,0=no)": 0.0}