{"Mass_Participation_total_cumulative(x,y,z)/%": [73.727782000000005, 66.950362999999996, 24.312158], "Time_Period/s": [0.090102000000000002], "Mass_Participation_total/%": 49.407308, "Mode": [14], "Mass_Participation/%": [31.788716000000001], "Base_shear/KN": 82.856140999999994, "Eurocode_satsisfied_(1=yes,0=no)": 0.0}