{"Mass_Participation_total_cumulative(x,y,z)/%": [72.145218, 71.688911000000004, 23.820118999999998], "Time_Period/s": [0.10861700000000001, 0.094549999999999995], "Mass_Participation_total/%": 46.849187000000001, "Mode": [4, 8], "Mass_Participation/%": [14.550344000000001, 9.5896240000000006], "Base_shear/KN": 133.70451199999999, "Eurocode_satsisfied_(1=yes,0=no)": 0.0}