{"Mass_Participation_total_cumulative(x,y,z)/%": [83.027602000000002, 99.658229000000006, 36.588729000000001], "Time_Period/s": [0.096001000000000003], "Mass_Participation_total/%": 65.959722999999997, "Mode": [9], "Mass_Participation/%": [23.275766999999998], "Base_shear/KN": 101.920827, "Eurocode_satsisfied_(1=yes,0=no)": 0.0}