{"Mass_Participation_total_cumulative(x,y,z)/%": [118.544794, 109.168932, 36.102393999999997], "Time_Period/s": [0.100408, 0.087688000000000002], "Mass_Participation_total/%": 96.952558999999994, "Mode": [7, 10], "Mass_Participation/%": [42.062665000000003, 8.0315879999999993], "Base_shear/KN": 142.732382, "Eurocode_satsisfied_(1=yes,0=no)": 1.0}