{"Mass_Participation_total_cumulative(x,y,z)/%": [119.255853, 132.813366, 45.221772999999999], "Time_Period/s": [0.10653], "Mass_Participation_total/%": 115.76961900000001, "Mode": [5], "Mass_Participation/%": [115.76961900000001], "Base_shear/KN": 128.90790699999999, "Eurocode_satsisfied_(1=yes,0=no)": 1.0}