{"Mass_Participation_total_cumulative(x,y,z)/%": [92.237279999999998, 124.00910500000001, 51.675432999999998], "Time_Period/s": [0.10804900000000001], "Mass_Participation_total/%": 101.04226199999999, "Mode": [4], "Mass_Participation/%": [101.04226199999999], "Base_shear/KN": 132.210308, "Eurocode_satsisfied_(1=yes,0=no)": 1.0}