{"Mass_Participation_total_cumulative(x,y,z)/%": [70.694291000000007, 68.022551000000007, 22.642316999999998], "Time_Period/s": [0.098435999999999996, 0.087900000000000006], "Mass_Participation_total/%": 39.574874999999999, "Mode": [9, 13], "Mass_Participation/%": [20.042632000000001, 6.0007760000000001], "Base_shear/KN": 122.851964, "Eurocode_satsisfied_(1=yes,0=no)": 0.0}