{"Mass_Participation_total_cumulative(x,y,z)/%": [91.658722999999995, 97.240675999999993, 36.738230000000001], "Time_Period/s": [0.097119999999999998], "Mass_Participation_total/%": 72.038126000000005, "Mode": [9], "Mass_Participation/%": [43.209327999999999], "Base_shear/KN": 101.171145, "Eurocode_satsisfied_(1=yes,0=no)": 0.0}