{"Mass_Participation_total_cumulative(x,y,z)/%": [73.215607000000006, 61.071154, 21.772539999999999], "Time_Period/s": [0.091878000000000001], "Mass_Participation_total/%": 60.357827999999998, "Mode": [12], "Mass_Participation/%": [22.967317999999999], "Base_shear/KN": 83.976371999999998, "Eurocode_satsisfied_(1=yes,0=no)": 0.0}