{"Mass_Participation_total_cumulative(x,y,z)/%": [69.756325000000004, 67.242631000000003, 22.567513000000002], "Time_Period/s": [0.098892999999999995, 0.081500000000000003], "Mass_Participation_total/%": 48.348373000000002, "Mode": [10, 15], "Mass_Participation/%": [19.090298000000001, 8.1900840000000006], "Base_shear/KN": 121.429435, "Eurocode_satsisfied_(1=yes,0=no)": 0.0}