{"Mass_Participation_total_cumulative(x,y,z)/%": [79.562419000000006, 72.618818000000005, 24.658147], "Time_Period/s": [0.10355200000000001, 0.088430999999999996], "Mass_Participation_total/%": 39.508088000000001, "Mode": [6, 10], "Mass_Participation/%": [13.0915, 12.380997000000001], "Base_shear/KN": 128.14945399999999, "Eurocode_satsisfied_(1=yes,0=no)": 0.0}