{"Mass_Participation_total_cumulative(x,y,z)/%": [69.228362000000004, 55.056007000000001, 22.891033], "Time_Period/s": [0.092353000000000005], "Mass_Participation_total/%": 39.570464000000001, "Mode": [12], "Mass_Participation/%": [23.062308000000002], "Base_shear/KN": 85.59151, "Eurocode_satsisfied_(1=yes,0=no)": 0.0}