{"Mass_Participation_total_cumulative(x,y,z)/%": [146.01552599999999, 122.54433, 81.959975], "Time_Period/s": [0.11692, 0.10087400000000001], "Mass_Participation_total/%": 95.084551000000005, "Mode": [3, 4], "Mass_Participation/%": [54.567352, 14.311146000000001], "Base_shear/KN": 209.002241, "Eurocode_satsisfied_(1=yes,0=no)": 1.0}