{"Mass_Participation_total_cumulative(x,y,z)/%": [101.44070000000001, 104.54860100000001, 37.679693], "Time_Period/s": [0.099099000000000007], "Mass_Participation_total/%": 90.904105000000001, "Mode": [9], "Mass_Participation/%": [61.406793], "Base_shear/KN": 102.478452, "Eurocode_satsisfied_(1=yes,0=no)": 1.0}