{"Mass_Participation_total_cumulative(x,y,z)/%": [85.054170999999997, 91.878077000000005, 66.545389], "Time_Period/s": [0.111125, 0.099967], "Mass_Participation_total/%": 66.321759, "Mode": [2, 5], "Mass_Participation/%": [38.877899999999997, 22.33906], "Base_shear/KN": 179.96353999999999, "Eurocode_satsisfied_(1=yes,0=no)": 0.0}