{"Mass_Participation_total_cumulative(x,y,z)/%": [56.576549999999997, 65.245988999999994, 23.497339], "Time_Period/s": [0.090773999999999994], "Mass_Participation_total/%": 46.080114000000002, "Mode": [11], "Mass_Participation/%": [46.080114000000002], "Base_shear/KN": 83.657302999999999, "Eurocode_satsisfied_(1=yes,0=no)": 0.0}