{"Mass_Participation_total_cumulative(x,y,z)/%": [125.995727, 141.24737099999999, 51.874831], "Time_Period/s": [0.10637199999999999], "Mass_Participation_total/%": 103.22337400000001, "Mode": [5], "Mass_Participation/%": [103.22337400000001], "Base_shear/KN": 133.15610799999999, "Eurocode_satsisfied_(1=yes,0=no)": 1.0}