{"Mass_Participation_total_cumulative(x,y,z)/%": [135.67506, 130.732034, 60.450422000000003], "Time_Period/s": [0.115093], "Mass_Participation_total/%": 92.260976999999997, "Mode": [3], "Mass_Participation/%": [64.052530000000004], "Base_shear/KN": 153.953767, "Eurocode_satsisfied_(1=yes,0=no)": 1.0}