{"Mass_Participation_total_cumulative(x,y,z)/%": [87.932941, 93.470213000000001, 37.218997000000002], "Time_Period/s": [0.095738000000000004], "Mass_Participation_total/%": 71.974023000000003, "Mode": [10], "Mass_Participation/%": [27.205970000000001], "Base_shear/KN": 102.60659, "Eurocode_satsisfied_(1=yes,0=no)": 0.0}