{"Mass_Participation_total_cumulative(x,y,z)/%": [76.088954000000001, 87.329359999999994, 28.653561], "Time_Period/s": [0.104446], "Mass_Participation_total/%": 43.355773999999997, "Mode": [8], "Mass_Participation/%": [23.869363], "Base_shear/KN": 92.033839, "Eurocode_satsisfied_(1=yes,0=no)": 0.0}