{"Mass_Participation_total_cumulative(x,y,z)/%": [82.480840999999998, 127.063531, 57.876368999999997], "Time_Period/s": [0.10600999999999999], "Mass_Participation_total/%": 73.915287000000006, "Mode": [5], "Mass_Participation/%": [26.424005999999999], "Base_shear/KN": 127.688196, "Eurocode_satsisfied_(1=yes,0=no)": 0.0}