{"Mass_Participation_total_cumulative(x,y,z)/%": [134.43752000000001, 137.17897500000001, 55.208658999999997], "Time_Period/s": [0.106059], "Mass_Participation_total/%": 90.060562000000004, "Mode": [5], "Mass_Participation/%": [90.060562000000004], "Base_shear/KN": 129.203936, "Eurocode_satsisfied_(1=yes,0=no)": 1.0}