{"Mass_Participation_total_cumulative(x,y,z)/%": [66.319648999999998, 61.382382999999997, 17.242397], "Time_Period/s": [0.088512999999999994], "Mass_Participation_total/%": 42.32488, "Mode": [13], "Mass_Participation/%": [16.245085], "Base_shear/KN": 85.787555999999995, "Eurocode_satsisfied_(1=yes,0=no)": 0.0}