{"Mass_Participation_total_cumulative(x,y,z)/%": [120.750348, 100.331772, 38.614548999999997], "Time_Period/s": [0.10234799999999999, 0.089427999999999994], "Mass_Participation_total/%": 90.056499000000002, "Mode": [4, 6], "Mass_Participation/%": [56.437831000000003, 7.2033849999999999], "Base_shear/KN": 149.384266, "Eurocode_satsisfied_(1=yes,0=no)": 1.0}