{"Mass_Participation_total_cumulative(x,y,z)/%": [98.105805000000004, 86.875221999999994, 43.254840000000002], "Time_Period/s": [0.10771500000000001], "Mass_Participation_total/%": 81.989780999999994, "Mode": [4], "Mass_Participation/%": [26.772614000000001], "Base_shear/KN": 134.35247000000001, "Eurocode_satsisfied_(1=yes,0=no)": 0.0}