{"Mass_Participation_total_cumulative(x,y,z)/%": [98.692901000000006, 77.645202999999995, 38.818193000000001], "Time_Period/s": [0.10247100000000001], "Mass_Participation_total/%": 66.999656000000002, "Mode": [5], "Mass_Participation/%": [31.401298000000001], "Base_shear/KN": 105.468205, "Eurocode_satsisfied_(1=yes,0=no)": 0.0}