{"Mass_Participation_total_cumulative(x,y,z)/%": [80.188469999999995, 62.603943999999998, 20.835982000000001], "Time_Period/s": [0.11046, 0.091641, 0.081688999999999998], "Mass_Participation_total/%": 41.319637, "Mode": [6, 11, 14], "Mass_Participation/%": [23.990632999999999, 8.996067, 8.3329369999999994], "Base_shear/KN": 150.481312, "Eurocode_satsisfied_(1=yes,0=no)": 1.0}