{"Mass_Participation_total_cumulative(x,y,z)/%": [64.174723999999998, 54.969650999999999, 23.058444999999999], "Time_Period/s": [0.091455999999999996], "Mass_Participation_total/%": 35.027602999999999, "Mode": [14], "Mass_Participation/%": [20.287756999999999], "Base_shear/KN": 83.163055, "Eurocode_satsisfied_(1=yes,0=no)": 0.0}