{"Mass_Participation_total_cumulative(x,y,z)/%": [60.868358999999998, 82.576558000000006, 27.048356999999999], "Time_Period/s": [0.091984999999999997], "Mass_Participation_total/%": 61.028686999999998, "Mode": [11], "Mass_Participation/%": [61.028686999999998], "Base_shear/KN": 84.496110999999999, "Eurocode_satsisfied_(1=yes,0=no)": 0.0}