{"Mass_Participation_total_cumulative(x,y,z)/%": [107.440674, 108.85830900000001, 39.531965], "Time_Period/s": [0.098419000000000006], "Mass_Participation_total/%": 98.760127999999995, "Mode": [8], "Mass_Participation/%": [51.982329999999997], "Base_shear/KN": 102.485776, "Eurocode_satsisfied_(1=yes,0=no)": 1.0}