{"Mass_Participation_total_cumulative(x,y,z)/%": [77.391082999999995, 119.611383, 40.566223999999998], "Time_Period/s": [0.095704999999999998, 0.084977999999999998], "Mass_Participation_total/%": 56.955562, "Mode": [9, 11], "Mass_Participation/%": [29.004771999999999, 6.4605709999999998], "Base_shear/KN": 138.231313, "Eurocode_satsisfied_(1=yes,0=no)": 0.0}