{"Mass_Participation_total_cumulative(x,y,z)/%": [152.07969399999999, 153.08874, 46.603475000000003], "Time_Period/s": [0.105938], "Mass_Participation_total/%": 104.42620700000001, "Mode": [5], "Mass_Participation/%": [104.42620700000001], "Base_shear/KN": 128.80850799999999, "Eurocode_satsisfied_(1=yes,0=no)": 1.0}