{"Mass_Participation_total_cumulative(x,y,z)/%": [72.292304000000001, 71.121122999999997, 25.722367999999999], "Time_Period/s": [0.089875999999999998], "Mass_Participation_total/%": 40.195906999999998, "Mode": [12], "Mass_Participation/%": [15.131373], "Base_shear/KN": 86.451053999999999, "Eurocode_satsisfied_(1=yes,0=no)": 0.0}