{"Mass_Participation_total_cumulative(x,y,z)/%": [92.057678999999993, 94.960436000000001, 34.982869000000001], "Time_Period/s": [0.104745, 0.094237000000000001, 0.083062999999999998], "Mass_Participation_total/%": 75.685657000000006, "Mode": [6, 8, 9], "Mass_Participation/%": [31.647396000000001, 13.617941, 13.136810000000001], "Base_shear/KN": 172.175749, "Eurocode_satsisfied_(1=yes,0=no)": 1.0}