{"Mass_Participation_total_cumulative(x,y,z)/%": [73.355383000000003, 69.228616000000002, 23.734459000000001], "Time_Period/s": [0.096685999999999994, 0.083940000000000001], "Mass_Participation_total/%": 38.415937, "Mode": [9, 13], "Mass_Participation/%": [8.7107589999999995, 7.5371309999999996], "Base_shear/KN": 120.488671, "Eurocode_satsisfied_(1=yes,0=no)": 0.0}