{"Mass_Participation_total_cumulative(x,y,z)/%": [62.211938000000004, 62.714011999999997, 23.593827999999998], "Time_Period/s": [0.100771, 0.086446999999999996], "Mass_Participation_total/%": 46.757095, "Mode": [9, 12], "Mass_Participation/%": [21.312418000000001, 5.5816179999999997], "Base_shear/KN": 122.255197, "Eurocode_satsisfied_(1=yes,0=no)": 0.0}