{"Mass_Participation_total_cumulative(x,y,z)/%": [71.103437999999997, 63.325387999999997, 26.988472000000002], "Time_Period/s": [0.095160999999999996], "Mass_Participation_total/%": 35.227063000000001, "Mode": [9], "Mass_Participation/%": [29.834848000000001], "Base_shear/KN": 94.011626000000007, "Eurocode_satsisfied_(1=yes,0=no)": 0.0}