{"Mass_Participation_total_cumulative(x,y,z)/%": [93.733340999999996, 95.258260000000007, 62.837408000000003], "Time_Period/s": [0.1026], "Mass_Participation_total/%": 84.383269999999996, "Mode": [5], "Mass_Participation/%": [36.917206], "Base_shear/KN": 127.560564, "Eurocode_satsisfied_(1=yes,0=no)": 0.0}