{"Mass_Participation_total_cumulative(x,y,z)/%": [60.331470000000003, 49.584395999999998, 20.435013000000001], "Time_Period/s": [0.085084999999999994], "Mass_Participation_total/%": 47.564549999999997, "Mode": [20], "Mass_Participation/%": [13.200772000000001], "Base_shear/KN": 82.452787999999998, "Eurocode_satsisfied_(1=yes,0=no)": 0.0}