{"Mass_Participation_total_cumulative(x,y,z)/%": [65.757193999999998, 62.612346000000002, 20.773028], "Time_Period/s": [0.091993000000000005], "Mass_Participation_total/%": 41.177202000000001, "Mode": [12], "Mass_Participation/%": [23.150953999999999], "Base_shear/KN": 84.183958000000004, "Eurocode_satsisfied_(1=yes,0=no)": 0.0}