{"Mass_Participation_total_cumulative(x,y,z)/%": [76.618433999999993, 64.216581000000005, 22.079325000000001], "Time_Period/s": [0.094621999999999998], "Mass_Participation_total/%": 39.775021000000002, "Mode": [10], "Mass_Participation/%": [17.916717999999999], "Base_shear/KN": 86.820438999999993, "Eurocode_satsisfied_(1=yes,0=no)": 0.0}