{"Mass_Participation_total_cumulative(x,y,z)/%": [117.290696, 127.20738, 47.050856000000003], "Time_Period/s": [0.1055], "Mass_Participation_total/%": 98.925606000000002, "Mode": [5], "Mass_Participation/%": [98.925606000000002], "Base_shear/KN": 130.146795, "Eurocode_satsisfied_(1=yes,0=no)": 1.0}