{"Mass_Participation_total_cumulative(x,y,z)/%": [84.836448000000004, 80.416533999999999, 33.326208999999999], "Time_Period/s": [0.097891000000000006], "Mass_Participation_total/%": 70.280889999999999, "Mode": [10], "Mass_Participation/%": [39.444583999999999], "Base_shear/KN": 101.329752, "Eurocode_satsisfied_(1=yes,0=no)": 0.0}