{"Mass_Participation_total_cumulative(x,y,z)/%": [124.246589, 140.60496900000001, 58.884200999999997], "Time_Period/s": [0.108109], "Mass_Participation_total/%": 105.25315500000001, "Mode": [4], "Mass_Participation/%": [105.25315500000001], "Base_shear/KN": 134.49913100000001, "Eurocode_satsisfied_(1=yes,0=no)": 1.0}