{"Mass_Participation_total_cumulative(x,y,z)/%": [98.362909999999999, 122.55376699999999, 48.885840000000002], "Time_Period/s": [0.101268], "Mass_Participation_total/%": 81.260649000000001, "Mode": [5], "Mass_Participation/%": [67.285747999999998], "Base_shear/KN": 125.965644, "Eurocode_satsisfied_(1=yes,0=no)": 0.0}