{"Mass_Participation_total_cumulative(x,y,z)/%": [100.30186, 136.871882, 53.495888000000001], "Time_Period/s": [0.106046], "Mass_Participation_total/%": 84.733458999999996, "Mode": [6], "Mass_Participation/%": [56.265633000000001], "Base_shear/KN": 128.93556699999999, "Eurocode_satsisfied_(1=yes,0=no)": 0.0}