{"Mass_Participation_total_cumulative(x,y,z)/%": [122.86847899999999, 98.982324000000006, 56.176181999999997], "Time_Period/s": [0.10610700000000001], "Mass_Participation_total/%": 89.855511000000007, "Mode": [4], "Mass_Participation/%": [76.563619000000003], "Base_shear/KN": 131.835869, "Eurocode_satsisfied_(1=yes,0=no)": 0.0}