{"Mass_Participation_total_cumulative(x,y,z)/%": [66.113129000000001, 61.016295, 22.387551999999999], "Time_Period/s": [0.092529, 0.083169999999999994], "Mass_Participation_total/%": 34.332389999999997, "Mode": [11, 14], "Mass_Participation/%": [16.106465, 6.6337929999999998], "Base_shear/KN": 116.33173600000001, "Eurocode_satsisfied_(1=yes,0=no)": 0.0}