{"Mass_Participation_total_cumulative(x,y,z)/%": [84.503445999999997, 107.81571, 46.870426000000002], "Time_Period/s": [0.109292], "Mass_Participation_total/%": 92.210770999999994, "Mode": [4], "Mass_Participation/%": [86.145877999999996], "Base_shear/KN": 135.293386, "Eurocode_satsisfied_(1=yes,0=no)": 1.0}