{"Mass_Participation_total_cumulative(x,y,z)/%": [149.849974, 121.424823, 50.108459000000003], "Time_Period/s": [0.105557], "Mass_Participation_total/%": 96.356701000000001, "Mode": [6], "Mass_Participation/%": [45.396773000000003], "Base_shear/KN": 129.36427599999999, "Eurocode_satsisfied_(1=yes,0=no)": 1.0}