{"Mass_Participation_total_cumulative(x,y,z)/%": [64.324118999999996, 74.275880999999998, 24.003492000000001], "Time_Period/s": [0.091816999999999996], "Mass_Participation_total/%": 48.354556000000002, "Mode": [11], "Mass_Participation/%": [16.035805], "Base_shear/KN": 83.655788999999999, "Eurocode_satsisfied_(1=yes,0=no)": 0.0}