{"Mass_Participation_total_cumulative(x,y,z)/%": [63.458531999999998, 128.76223100000001, 34.235962000000001], "Time_Period/s": [0.097068000000000002], "Mass_Participation_total/%": 47.678648000000003, "Mode": [8], "Mass_Participation/%": [22.882254], "Base_shear/KN": 101.920102, "Eurocode_satsisfied_(1=yes,0=no)": 0.0}