{"Mass_Participation_total_cumulative(x,y,z)/%": [88.692205999999999, 121.519515, 51.823757000000001], "Time_Period/s": [0.10326299999999999], "Mass_Participation_total/%": 75.741387000000003, "Mode": [4], "Mass_Participation/%": [54.751044], "Base_shear/KN": 125.98762600000001, "Eurocode_satsisfied_(1=yes,0=no)": 0.0}