{"Mass_Participation_total_cumulative(x,y,z)/%": [119.250741, 111.93895500000001, 58.379359000000001], "Time_Period/s": [0.10578799999999999], "Mass_Participation_total/%": 94.950496000000001, "Mode": [6], "Mass_Participation/%": [59.396039999999999], "Base_shear/KN": 128.440979, "Eurocode_satsisfied_(1=yes,0=no)": 1.0}