{"Mass_Participation_total_cumulative(x,y,z)/%": [93.757834000000003, 93.900039000000007, 37.387670999999997], "Time_Period/s": [0.101725], "Mass_Participation_total/%": 78.690296000000004, "Mode": [7], "Mass_Participation/%": [32.36215], "Base_shear/KN": 105.623409, "Eurocode_satsisfied_(1=yes,0=no)": 0.0}