{"Mass_Participation_total_cumulative(x,y,z)/%": [78.359005999999994, 79.263053999999997, 23.894756999999998], "Time_Period/s": [0.10527599999999999, 0.089688000000000004, 0.078863000000000003], "Mass_Participation_total/%": 46.647266999999999, "Mode": [7, 10, 12], "Mass_Participation/%": [20.037714999999999, 7.2731729999999999, 5.8705100000000003], "Base_shear/KN": 156.28880100000001, "Eurocode_satsisfied_(1=yes,0=no)": 1.0}