{"Mass_Participation_total_cumulative(x,y,z)/%": [98.184596999999997, 117.989491, 53.486474000000001], "Time_Period/s": [0.10983800000000001, 0.098460000000000006], "Mass_Participation_total/%": 82.619467, "Mode": [3, 6], "Mass_Participation/%": [52.288366000000003, 13.727887000000001], "Base_shear/KN": 181.00814700000001, "Eurocode_satsisfied_(1=yes,0=no)": 0.0}