{"Mass_Participation_total_cumulative(x,y,z)/%": [121.89175400000001, 124.88975600000001, 41.953029999999998], "Time_Period/s": [0.099488999999999994], "Mass_Participation_total/%": 109.17432700000001, "Mode": [6], "Mass_Participation/%": [81.173209999999997], "Base_shear/KN": 106.659904, "Eurocode_satsisfied_(1=yes,0=no)": 1.0}