{"Mass_Participation_total_cumulative(x,y,z)/%": [114.09595, 120.769093, 45.126691999999998], "Time_Period/s": [0.10760500000000001], "Mass_Participation_total/%": 99.476394999999997, "Mode": [3], "Mass_Participation/%": [62.479934999999998], "Base_shear/KN": 132.04834199999999, "Eurocode_satsisfied_(1=yes,0=no)": 1.0}