{"Mass_Participation_total_cumulative(x,y,z)/%": [103.19006299999999, 110.29319, 40.856610000000003], "Time_Period/s": [0.108177], "Mass_Participation_total/%": 85.766143, "Mode": [4], "Mass_Participation/%": [51.468035], "Base_shear/KN": 129.91403500000001, "Eurocode_satsisfied_(1=yes,0=no)": 0.0}