{"Mass_Participation_total_cumulative(x,y,z)/%": [76.024388999999999, 72.276191999999995, 22.528017999999999], "Time_Period/s": [0.089480000000000004], "Mass_Participation_total/%": 41.924587000000002, "Mode": [15], "Mass_Participation/%": [14.482467], "Base_shear/KN": 86.239687000000004, "Eurocode_satsisfied_(1=yes,0=no)": 0.0}