{"Mass_Participation_total_cumulative(x,y,z)/%": [97.115128999999996, 75.676169999999999, 35.426586], "Time_Period/s": [0.100605], "Mass_Participation_total/%": 74.065573000000001, "Mode": [6], "Mass_Participation/%": [59.938364], "Base_shear/KN": 103.41777, "Eurocode_satsisfied_(1=yes,0=no)": 0.0}