{"Mass_Participation_total_cumulative(x,y,z)/%": [87.417349000000002, 79.798762999999994, 40.791128999999998], "Time_Period/s": [0.097360000000000002], "Mass_Participation_total/%": 65.609639000000001, "Mode": [6], "Mass_Participation/%": [43.944212999999998], "Base_shear/KN": 103.40636000000001, "Eurocode_satsisfied_(1=yes,0=no)": 0.0}