{"Mass_Participation_total_cumulative(x,y,z)/%": [118.56291400000001, 145.88004900000001, 56.798189999999998], "Time_Period/s": [0.10700999999999999], "Mass_Participation_total/%": 109.464485, "Mode": [5], "Mass_Participation/%": [109.464485], "Base_shear/KN": 128.65654599999999, "Eurocode_satsisfied_(1=yes,0=no)": 1.0}