{"Mass_Participation_total_cumulative(x,y,z)/%": [57.957728000000003, 52.359341999999998, 21.179606], "Time_Period/s": [0.093823000000000004], "Mass_Participation_total/%": 25.664462, "Mode": [9], "Mass_Participation/%": [25.664462], "Base_shear/KN": 84.384614999999997, "Eurocode_satsisfied_(1=yes,0=no)": 0.0}