{"Mass_Participation_total_cumulative(x,y,z)/%": [58.523203000000002, 45.264102999999999, 23.888100999999999], "Time_Period/s": [0.091799000000000006], "Mass_Participation_total/%": 28.323568000000002, "Mode": [9], "Mass_Participation/%": [22.938894999999999], "Base_shear/KN": 84.425605000000004, "Eurocode_satsisfied_(1=yes,0=no)": 0.0}