{"Mass_Participation_total_cumulative(x,y,z)/%": [105.030135, 101.998451, 40.736753999999998], "Time_Period/s": [0.097807000000000005, 0.077958], "Mass_Participation_total/%": 90.229675, "Mode": [8, 12], "Mass_Participation/%": [24.188051999999999, 7.6045069999999999], "Base_shear/KN": 139.66679300000001, "Eurocode_satsisfied_(1=yes,0=no)": 1.0}