{"Mass_Participation_total_cumulative(x,y,z)/%": [67.818218000000002, 57.013238999999999, 20.720486999999999], "Time_Period/s": [0.090853000000000003], "Mass_Participation_total/%": 36.489752000000003, "Mode": [14], "Mass_Participation/%": [28.408282], "Base_shear/KN": 83.069463999999996, "Eurocode_satsisfied_(1=yes,0=no)": 0.0}