{"Mass_Participation_total_cumulative(x,y,z)/%": [78.668441999999999, 70.926507999999998, 53.396725000000004], "Time_Period/s": [0.110182], "Mass_Participation_total/%": 57.553880999999997, "Mode": [3], "Mass_Participation/%": [31.872913], "Base_shear/KN": 128.82865799999999, "Eurocode_satsisfied_(1=yes,0=no)": 0.0}