{"Mass_Participation_total_cumulative(x,y,z)/%": [115.02828, 102.21634299999999, 56.732064000000001], "Time_Period/s": [0.104118], "Mass_Participation_total/%": 94.544991999999993, "Mode": [6], "Mass_Participation/%": [78.151055999999997], "Base_shear/KN": 124.117639, "Eurocode_satsisfied_(1=yes,0=no)": 1.0}