{"Mass_Participation_total_cumulative(x,y,z)/%": [40.55621, 47.831480999999997, 24.040406999999998], "Time_Period/s": [0.089926000000000006], "Mass_Participation_total/%": 23.853608999999999, "Mode": [20], "Mass_Participation/%": [11.897983999999999], "Base_shear/KN": 82.028407999999999, "Eurocode_satsisfied_(1=yes,0=no)": 0.0}