{"Mass_Participation_total_cumulative(x,y,z)/%": [62.940291999999999, 58.280524999999997, 22.436212000000001], "Time_Period/s": [0.098608000000000001, 0.079189999999999997], "Mass_Participation_total/%": 31.655913000000002, "Mode": [9, 16], "Mass_Participation/%": [13.065799999999999, 6.8901459999999997], "Base_shear/KN": 118.22597500000001, "Eurocode_satsisfied_(1=yes,0=no)": 0.0}