{"Mass_Participation_total_cumulative(x,y,z)/%": [63.954292000000002, 66.295552000000001, 21.671875], "Time_Period/s": [0.090673000000000004], "Mass_Participation_total/%": 42.507987, "Mode": [13], "Mass_Participation/%": [42.507987], "Base_shear/KN": 84.381119999999996, "Eurocode_satsisfied_(1=yes,0=no)": 0.0}