{"Mass_Participation_total_cumulative(x,y,z)/%": [56.499864000000002, 51.885210000000001, 21.946776], "Time_Period/s": [0.092912999999999996], "Mass_Participation_total/%": 38.573068999999997, "Mode": [14], "Mass_Participation/%": [27.604445999999999], "Base_shear/KN": 83.031526999999997, "Eurocode_satsisfied_(1=yes,0=no)": 0.0}