{"Mass_Participation_total_cumulative(x,y,z)/%": [59.857320000000001, 57.365465, 18.696259000000001], "Time_Period/s": [0.095101000000000005], "Mass_Participation_total/%": 33.208829999999999, "Mode": [8], "Mass_Participation/%": [19.826121000000001], "Base_shear/KN": 91.856834000000006, "Eurocode_satsisfied_(1=yes,0=no)": 0.0}