{"Mass_Participation_total_cumulative(x,y,z)/%": [96.224386999999993, 120.337374, 50.354171000000001], "Time_Period/s": [0.10456600000000001], "Mass_Participation_total/%": 74.199734000000007, "Mode": [4], "Mass_Participation/%": [61.701610000000002], "Base_shear/KN": 127.67358299999999, "Eurocode_satsisfied_(1=yes,0=no)": 0.0}