{"Mass_Participation_total_cumulative(x,y,z)/%": [126.40324, 106.35605099999999, 39.447127000000002], "Time_Period/s": [0.095542000000000002], "Mass_Participation_total/%": 89.828997000000001, "Mode": [7], "Mass_Participation/%": [25.103344], "Base_shear/KN": 115.721086, "Eurocode_satsisfied_(1=yes,0=no)": 0.0}