{"Mass_Participation_total_cumulative(x,y,z)/%": [69.228362000000004, 55.056007000000001, 22.891033], "Time_Period/s": [0.088466000000000003], "Mass_Participation_total/%": 31.253833, "Mode": [14], "Mass_Participation/%": [21.436232], "Base_shear/KN": 85.59151, "Eurocode_satsisfied_(1=yes,0=no)": 0.0}