{"Mass_Participation_total_cumulative(x,y,z)/%": [106.148704, 94.223045999999997, 58.958739000000001], "Time_Period/s": [0.105583], "Mass_Participation_total/%": 85.129384000000002, "Mode": [5], "Mass_Participation/%": [35.580601999999999], "Base_shear/KN": 133.85226900000001, "Eurocode_satsisfied_(1=yes,0=no)": 0.0}