{"Mass_Participation_total_cumulative(x,y,z)/%": [90.190866, 86.727632999999997, 41.061087999999998], "Time_Period/s": [0.104792, 0.091877], "Mass_Participation_total/%": 75.123227999999997, "Mode": [4, 8], "Mass_Participation/%": [29.237371, 12.351661999999999], "Base_shear/KN": 148.76042699999999, "Eurocode_satsisfied_(1=yes,0=no)": 0.0}