{"Mass_Participation_total_cumulative(x,y,z)/%": [58.310724999999998, 67.297888, 23.478821], "Time_Period/s": [0.085150000000000003], "Mass_Participation_total/%": 35.267609, "Mode": [17], "Mass_Participation/%": [14.282697000000001], "Base_shear/KN": 83.360615999999993, "Eurocode_satsisfied_(1=yes,0=no)": 0.0}