{"Mass_Participation_total_cumulative(x,y,z)/%": [59.231178, 59.192622999999998, 22.337755000000001], "Time_Period/s": [0.099763000000000004, 0.085543999999999995], "Mass_Participation_total/%": 30.513345000000001, "Mode": [8, 13], "Mass_Participation/%": [18.628758000000001, 5.2035609999999997], "Base_shear/KN": 121.714832, "Eurocode_satsisfied_(1=yes,0=no)": 0.0}