{"Mass_Participation_total_cumulative(x,y,z)/%": [62.626089, 55.751438999999998, 21.694642999999999], "Time_Period/s": [0.088132000000000002], "Mass_Participation_total/%": 34.740703000000003, "Mode": [16], "Mass_Participation/%": [10.236222], "Base_shear/KN": 83.136466999999996, "Eurocode_satsisfied_(1=yes,0=no)": 0.0}