{"Mass_Participation_total_cumulative(x,y,z)/%": [114.503399, 140.93066400000001, 38.772086999999999], "Time_Period/s": [0.097977999999999996, 0.074092000000000005], "Mass_Participation_total/%": 95.238477000000003, "Mode": [9, 14], "Mass_Participation/%": [40.043564000000003, 6.198563], "Base_shear/KN": 133.56729899999999, "Eurocode_satsisfied_(1=yes,0=no)": 1.0}