{"Mass_Participation_total_cumulative(x,y,z)/%": [117.410815, 94.205539999999999, 46.856344], "Time_Period/s": [0.105494], "Mass_Participation_total/%": 100.014523, "Mode": [4], "Mass_Participation/%": [100.014523], "Base_shear/KN": 128.47086200000001, "Eurocode_satsisfied_(1=yes,0=no)": 1.0}