{"Mass_Participation_total_cumulative(x,y,z)/%": [72.054907999999998, 64.687883999999997, 18.634841999999999], "Time_Period/s": [0.094953999999999997, 0.085456000000000004], "Mass_Participation_total/%": 49.121859999999998, "Mode": [7, 10], "Mass_Participation/%": [15.656257999999999, 8.7337450000000008], "Base_shear/KN": 127.605047, "Eurocode_satsisfied_(1=yes,0=no)": 0.0}