{"Mass_Participation_total_cumulative(x,y,z)/%": [113.122756, 112.538865, 51.573855000000002], "Time_Period/s": [0.104674, 0.081467999999999999], "Mass_Participation_total/%": 92.792055000000005, "Mode": [5, 8], "Mass_Participation/%": [26.707326999999999, 12.899228000000001], "Base_shear/KN": 178.13857200000001, "Eurocode_satsisfied_(1=yes,0=no)": 1.0}