{"Mass_Participation_total_cumulative(x,y,z)/%": [82.243138000000002, 100.722579, 38.386048000000002], "Time_Period/s": [0.096706], "Mass_Participation_total/%": 53.506849000000003, "Mode": [9], "Mass_Participation/%": [16.459942000000002], "Base_shear/KN": 103.147256, "Eurocode_satsisfied_(1=yes,0=no)": 0.0}