{"Mass_Participation_total_cumulative(x,y,z)/%": [85.136235999999997, 88.112221000000005, 56.426983999999997], "Time_Period/s": [0.101033], "Mass_Participation_total/%": 71.096075999999996, "Mode": [6], "Mass_Participation/%": [31.910385999999999], "Base_shear/KN": 126.19151100000001, "Eurocode_satsisfied_(1=yes,0=no)": 0.0}