{"Mass_Participation_total_cumulative(x,y,z)/%": [94.545784999999995, 132.32003499999999, 43.291685000000001], "Time_Period/s": [0.106934], "Mass_Participation_total/%": 110.167137, "Mode": [5], "Mass_Participation/%": [110.167137], "Base_shear/KN": 130.316373, "Eurocode_satsisfied_(1=yes,0=no)": 1.0}