{"Mass_Participation_total_cumulative(x,y,z)/%": [114.10160500000001, 131.08577, 56.066428000000002], "Time_Period/s": [0.106811], "Mass_Participation_total/%": 114.187515, "Mode": [5], "Mass_Participation/%": [114.187515], "Base_shear/KN": 128.318534, "Eurocode_satsisfied_(1=yes,0=no)": 1.0}