{"Mass_Participation_total_cumulative(x,y,z)/%": [80.384845999999996, 124.89817499999999, 34.261676000000001], "Time_Period/s": [0.096961000000000006], "Mass_Participation_total/%": 103.639495, "Mode": [10], "Mass_Participation/%": [103.639495], "Base_shear/KN": 102.109037, "Eurocode_satsisfied_(1=yes,0=no)": 1.0}