{"Mass_Participation_total_cumulative(x,y,z)/%": [74.130010999999996, 76.464490999999995, 23.041699999999999], "Time_Period/s": [0.082435999999999995], "Mass_Participation_total/%": 58.386918999999999, "Mode": [14], "Mass_Participation/%": [13.999591000000001], "Base_shear/KN": 83.228796000000003, "Eurocode_satsisfied_(1=yes,0=no)": 0.0}