{"Mass_Participation_total_cumulative(x,y,z)/%": [100.47298600000001, 92.907578000000001, 68.085545999999994], "Time_Period/s": [0.109665, 0.095162999999999998], "Mass_Participation_total/%": 78.728076999999999, "Mode": [3, 5], "Mass_Participation/%": [49.851695999999997, 8.4463249999999999], "Base_shear/KN": 186.06395699999999, "Eurocode_satsisfied_(1=yes,0=no)": 0.0}