{"Mass_Participation_total_cumulative(x,y,z)/%": [141.89525900000001, 132.44564600000001, 69.073548000000002], "Time_Period/s": [0.10636], "Mass_Participation_total/%": 104.367476, "Mode": [5], "Mass_Participation/%": [52.772590000000001], "Base_shear/KN": 132.071687, "Eurocode_satsisfied_(1=yes,0=no)": 1.0}