{"Mass_Participation_total_cumulative(x,y,z)/%": [108.133467, 101.398909, 38.753132999999998], "Time_Period/s": [0.10642, 0.093148999999999996], "Mass_Participation_total/%": 89.845405999999997, "Mode": [4, 7], "Mass_Participation/%": [24.491875, 19.540375000000001], "Base_shear/KN": 149.06465700000001, "Eurocode_satsisfied_(1=yes,0=no)": 0.0}