{"Mass_Participation_total_cumulative(x,y,z)/%": [100.71267, 101.108265, 37.128613999999999], "Time_Period/s": [0.097725999999999993], "Mass_Participation_total/%": 91.697839999999999, "Mode": [7], "Mass_Participation/%": [74.018805999999998], "Base_shear/KN": 103.066271, "Eurocode_satsisfied_(1=yes,0=no)": 1.0}