{"Mass_Participation_total_cumulative(x,y,z)/%": [61.669147000000002, 54.680205999999998, 20.965150000000001], "Time_Period/s": [0.102117, 0.073028999999999997], "Mass_Participation_total/%": 44.792374000000002, "Mode": [7, 15], "Mass_Participation/%": [23.420860000000001, 8.0335599999999996], "Base_shear/KN": 120.26505400000001, "Eurocode_satsisfied_(1=yes,0=no)": 0.0}