{"Mass_Participation_total_cumulative(x,y,z)/%": [110.59860500000001, 109.501453, 33.523741000000001], "Time_Period/s": [0.099872000000000002], "Mass_Participation_total/%": 78.261967999999996, "Mode": [7], "Mass_Participation/%": [54.932371000000003], "Base_shear/KN": 103.14231599999999, "Eurocode_satsisfied_(1=yes,0=no)": 0.0}