{"Mass_Participation_total_cumulative(x,y,z)/%": [87.434190999999998, 80.845059000000006, 35.598973000000001], "Time_Period/s": [0.099691000000000002], "Mass_Participation_total/%": 72.315971000000005, "Mode": [7], "Mass_Participation/%": [40.873607999999997], "Base_shear/KN": 102.961894, "Eurocode_satsisfied_(1=yes,0=no)": 0.0}