{"Mass_Participation_total_cumulative(x,y,z)/%": [69.434962999999996, 74.676006999999998, 17.644286000000001], "Time_Period/s": [0.094010999999999997, 0.078479999999999994], "Mass_Participation_total/%": 50.335833000000001, "Mode": [10, 15], "Mass_Participation/%": [19.610948, 5.870368], "Base_shear/KN": 121.669428, "Eurocode_satsisfied_(1=yes,0=no)": 0.0}