{"Mass_Participation_total_cumulative(x,y,z)/%": [134.38666499999999, 155.193309, 40.647336000000003], "Time_Period/s": [0.098633999999999999], "Mass_Participation_total/%": 108.4545, "Mode": [8], "Mass_Participation/%": [59.015904999999997], "Base_shear/KN": 102.475683, "Eurocode_satsisfied_(1=yes,0=no)": 1.0}