{"Mass_Participation_total_cumulative(x,y,z)/%": [72.798602000000002, 54.376190000000001, 22.749314999999999], "Time_Period/s": [0.103269, 0.065476000000000006], "Mass_Participation_total/%": 42.363581000000003, "Mode": [6, 17], "Mass_Participation/%": [17.054573999999999, 6.1358790000000001], "Base_shear/KN": 122.02668, "Eurocode_satsisfied_(1=yes,0=no)": 0.0}