{"Mass_Participation_total_cumulative(x,y,z)/%": [102.517763, 126.595814, 52.871473000000002], "Time_Period/s": [0.10756599999999999], "Mass_Participation_total/%": 102.937652, "Mode": [5], "Mass_Participation/%": [102.937652], "Base_shear/KN": 136.748625, "Eurocode_satsisfied_(1=yes,0=no)": 1.0}