{"Mass_Participation_total_cumulative(x,y,z)/%": [61.16292, 59.270375999999999, 22.394313], "Time_Period/s": [0.104375, 0.081978999999999996], "Mass_Participation_total/%": 38.207134000000003, "Mode": [10, 16], "Mass_Participation/%": [14.488908, 8.3307719999999996], "Base_shear/KN": 119.51692799999999, "Eurocode_satsisfied_(1=yes,0=no)": 0.0}