{"Mass_Participation_total_cumulative(x,y,z)/%": [126.73218799999999, 137.969211, 52.629137999999998], "Time_Period/s": [0.106558], "Mass_Participation_total/%": 117.13081200000001, "Mode": [6], "Mass_Participation/%": [117.13081200000001], "Base_shear/KN": 127.63059699999999, "Eurocode_satsisfied_(1=yes,0=no)": 1.0}