{"Mass_Participation_total_cumulative(x,y,z)/%": [81.824764999999999, 71.313112000000004, 37.284694000000002], "Time_Period/s": [0.099535999999999999], "Mass_Participation_total/%": 51.168103000000002, "Mode": [7], "Mass_Participation/%": [22.978508999999999], "Base_shear/KN": 106.065074, "Eurocode_satsisfied_(1=yes,0=no)": 0.0}