{"Mass_Participation_total_cumulative(x,y,z)/%": [78.273722000000006, 72.943207000000001, 17.892861], "Time_Period/s": [0.096550999999999998], "Mass_Participation_total/%": 52.603385000000003, "Mode": [8], "Mass_Participation/%": [19.546250000000001], "Base_shear/KN": 92.57732, "Eurocode_satsisfied_(1=yes,0=no)": 0.0}