{"Mass_Participation_total_cumulative(x,y,z)/%": [101.707759, 113.80736400000001, 34.655489000000003], "Time_Period/s": [0.103268, 0.078492999999999993], "Mass_Participation_total/%": 70.906803999999994, "Mode": [2, 9], "Mass_Participation/%": [63.156610999999998, 7.7501930000000003], "Base_shear/KN": 140.229862, "Eurocode_satsisfied_(1=yes,0=no)": 0.0}