{"Mass_Participation_total_cumulative(x,y,z)/%": [92.878333999999995, 83.038252999999997, 34.493043], "Time_Period/s": [0.097808999999999993], "Mass_Participation_total/%": 59.628953000000003, "Mode": [7], "Mass_Participation/%": [49.945183999999998], "Base_shear/KN": 103.049904, "Eurocode_satsisfied_(1=yes,0=no)": 0.0}