{"Mass_Participation_total_cumulative(x,y,z)/%": [62.251455, 61.765093, 21.916796999999999], "Time_Period/s": [0.089474999999999999], "Mass_Participation_total/%": 35.765104000000001, "Mode": [11], "Mass_Participation/%": [12.790061], "Base_shear/KN": 84.085684999999998, "Eurocode_satsisfied_(1=yes,0=no)": 0.0}