{"Mass_Participation_total_cumulative(x,y,z)/%": [94.331434000000002, 98.174643000000003, 38.371550999999997], "Time_Period/s": [0.098626000000000005], "Mass_Participation_total/%": 86.282064000000005, "Mode": [8], "Mass_Participation/%": [65.195702999999995], "Base_shear/KN": 103.341981, "Eurocode_satsisfied_(1=yes,0=no)": 0.0}