{"Mass_Participation_total_cumulative(x,y,z)/%": [91.718746999999993, 70.368429000000006, 33.082363999999998], "Time_Period/s": [0.10138999999999999, 0.082637000000000002], "Mass_Participation_total/%": 59.403843000000002, "Mode": [4, 9], "Mass_Participation/%": [27.760162999999999, 5.7174379999999996], "Base_shear/KN": 143.53774100000001, "Eurocode_satsisfied_(1=yes,0=no)": 0.0}