{"Mass_Participation_total_cumulative(x,y,z)/%": [102.88746999999999, 92.853870000000001, 31.895721999999999], "Time_Period/s": [0.10082199999999999, 0.088902999999999996], "Mass_Participation_total/%": 85.247332, "Mode": [6, 7], "Mass_Participation/%": [38.362076000000002, 7.542503], "Base_shear/KN": 146.846249, "Eurocode_satsisfied_(1=yes,0=no)": 0.0}