{"Mass_Participation_total_cumulative(x,y,z)/%": [85.362899999999996, 80.558656999999997, 37.842630999999997], "Time_Period/s": [0.100273, 0.089971999999999996], "Mass_Participation_total/%": 72.683029000000005, "Mode": [7, 10], "Mass_Participation/%": [41.451461999999999, 7.9364549999999996], "Base_shear/KN": 141.883398, "Eurocode_satsisfied_(1=yes,0=no)": 0.0}