{"Mass_Participation_total_cumulative(x,y,z)/%": [99.624904999999998, 105.423964, 56.148791000000003], "Time_Period/s": [0.10911899999999999, 0.098149], "Mass_Participation_total/%": 88.236890000000002, "Mode": [4, 7], "Mass_Participation/%": [56.306421999999998, 6.7215699999999998], "Base_shear/KN": 180.626024, "Eurocode_satsisfied_(1=yes,0=no)": 0.0}