{"Mass_Participation_total_cumulative(x,y,z)/%": [69.626433000000006, 69.050521000000003, 27.662153], "Time_Period/s": [0.098277000000000003, 0.082144999999999996], "Mass_Participation_total/%": 50.099829, "Mode": [9, 13], "Mass_Participation/%": [19.637713000000002, 7.4813729999999996], "Base_shear/KN": 122.58908700000001, "Eurocode_satsisfied_(1=yes,0=no)": 0.0}