{"Mass_Participation_total_cumulative(x,y,z)/%": [99.798154999999994, 75.983712999999995, 35.085762000000003], "Time_Period/s": [0.098100999999999994], "Mass_Participation_total/%": 76.287780999999995, "Mode": [7], "Mass_Participation/%": [69.808362000000002], "Base_shear/KN": 103.714973, "Eurocode_satsisfied_(1=yes,0=no)": 0.0}