{"Mass_Participation_total_cumulative(x,y,z)/%": [100.030289, 113.910174, 30.463215999999999], "Time_Period/s": [0.10030699999999999], "Mass_Participation_total/%": 88.713938999999996, "Mode": [6], "Mass_Participation/%": [75.610163], "Base_shear/KN": 108.82319699999999, "Eurocode_satsisfied_(1=yes,0=no)": 0.0}