{"Mass_Participation_total_cumulative(x,y,z)/%": [87.364112000000006, 74.300826000000001, 20.854911000000001], "Time_Period/s": [0.10116600000000001], "Mass_Participation_total/%": 59.09046, "Mode": [6], "Mass_Participation/%": [29.384045], "Base_shear/KN": 94.643755999999996, "Eurocode_satsisfied_(1=yes,0=no)": 0.0}