{"Mass_Participation_total_cumulative(x,y,z)/%": [76.648837999999998, 73.120394000000005, 36.650861999999996], "Time_Period/s": [0.096305000000000002, 0.066378000000000006], "Mass_Participation_total/%": 55.781173000000003, "Mode": [7, 13], "Mass_Participation/%": [21.378633000000001, 8.0068730000000006], "Base_shear/KN": 144.52381700000001, "Eurocode_satsisfied_(1=yes,0=no)": 0.0}