{"Mass_Participation_total_cumulative(x,y,z)/%": [66.961203999999995, 58.031928999999998, 19.872254999999999], "Time_Period/s": [0.090193999999999996], "Mass_Participation_total/%": 37.994900999999999, "Mode": [14], "Mass_Participation/%": [22.561734000000001], "Base_shear/KN": 84.071915000000004, "Eurocode_satsisfied_(1=yes,0=no)": 0.0}