{"Mass_Participation_total_cumulative(x,y,z)/%": [93.173890999999998, 88.397611999999995, 46.761063], "Time_Period/s": [0.10576000000000001], "Mass_Participation_total/%": 79.388478000000006, "Mode": [5], "Mass_Participation/%": [57.763722999999999], "Base_shear/KN": 130.30417800000001, "Eurocode_satsisfied_(1=yes,0=no)": 0.0}