{"Mass_Participation_total_cumulative(x,y,z)/%": [128.485309, 75.580213999999998, 33.040227000000002], "Time_Period/s": [0.095256999999999994], "Mass_Participation_total/%": 113.957307, "Mode": [10], "Mass_Participation/%": [113.957307], "Base_shear/KN": 101.275358, "Eurocode_satsisfied_(1=yes,0=no)": 1.0}