{"Mass_Participation_total_cumulative(x,y,z)/%": [65.452697999999998, 65.796593000000001, 23.385318999999999], "Time_Period/s": [0.088059999999999999], "Mass_Participation_total/%": 43.337823, "Mode": [14], "Mass_Participation/%": [16.780578999999999], "Base_shear/KN": 85.313007999999996, "Eurocode_satsisfied_(1=yes,0=no)": 0.0}