{"Mass_Participation_total_cumulative(x,y,z)/%": [124.42357199999999, 113.398156, 42.897596], "Time_Period/s": [0.104547, 0.085860000000000006], "Mass_Participation_total/%": 95.801083000000006, "Mode": [4, 8], "Mass_Participation/%": [79.678267000000005, 8.2871500000000005], "Base_shear/KN": 146.89503999999999, "Eurocode_satsisfied_(1=yes,0=no)": 1.0}