{"Mass_Participation_total_cumulative(x,y,z)/%": [109.16810099999999, 88.439789000000005, 45.951411], "Time_Period/s": [0.109389], "Mass_Participation_total/%": 74.270028999999994, "Mode": [3], "Mass_Participation/%": [29.694462999999999], "Base_shear/KN": 135.73236700000001, "Eurocode_satsisfied_(1=yes,0=no)": 0.0}