{"Mass_Participation_total_cumulative(x,y,z)/%": [89.753448000000006, 78.624223000000001, 39.180992000000003], "Time_Period/s": [0.092319999999999999], "Mass_Participation_total/%": 64.935289999999995, "Mode": [9], "Mass_Participation/%": [22.579367000000001], "Base_shear/KN": 99.137635000000003, "Eurocode_satsisfied_(1=yes,0=no)": 0.0}