{"Mass_Participation_total_cumulative(x,y,z)/%": [139.31271000000001, 140.625666, 62.078660999999997], "Time_Period/s": [0.10445400000000001], "Mass_Participation_total/%": 114.418869, "Mode": [5], "Mass_Participation/%": [49.531840000000003], "Base_shear/KN": 126.36281200000001, "Eurocode_satsisfied_(1=yes,0=no)": 1.0}