{"Mass_Participation_total_cumulative(x,y,z)/%": [70.901149000000004, 68.154730000000001, 21.989395999999999], "Time_Period/s": [0.089468000000000006], "Mass_Participation_total/%": 41.118468999999997, "Mode": [13], "Mass_Participation/%": [21.046215], "Base_shear/KN": 84.047184000000001, "Eurocode_satsisfied_(1=yes,0=no)": 0.0}