{"Mass_Participation_total_cumulative(x,y,z)/%": [63.274880000000003, 63.237181, 15.327368999999999], "Time_Period/s": [0.091711000000000001], "Mass_Participation_total/%": 33.123435999999998, "Mode": [11], "Mass_Participation/%": [33.123435999999998], "Base_shear/KN": 85.402675000000002, "Eurocode_satsisfied_(1=yes,0=no)": 0.0}