{"Mass_Participation_total_cumulative(x,y,z)/%": [90.471427000000006, 106.879409, 54.030966999999997], "Time_Period/s": [0.108752], "Mass_Participation_total/%": 92.042687999999998, "Mode": [3], "Mass_Participation/%": [82.439338000000006], "Base_shear/KN": 133.49831, "Eurocode_satsisfied_(1=yes,0=no)": 1.0}