{"Mass_Participation_total_cumulative(x,y,z)/%": [61.971012000000002, 68.383894999999995, 23.000208000000001], "Time_Period/s": [0.099063999999999999, 0.078630000000000005], "Mass_Participation_total/%": 28.758873999999999, "Mode": [8, 16], "Mass_Participation/%": [23.525652999999998, 5.2332210000000003], "Base_shear/KN": 119.925584, "Eurocode_satsisfied_(1=yes,0=no)": 0.0}