{"Mass_Participation_total_cumulative(x,y,z)/%": [111.708631, 141.55378899999999, 54.978408000000002], "Time_Period/s": [0.10586], "Mass_Participation_total/%": 88.976279000000005, "Mode": [6], "Mass_Participation/%": [40.863984000000002], "Base_shear/KN": 129.625338, "Eurocode_satsisfied_(1=yes,0=no)": 0.0}