{"Mass_Participation_total_cumulative(x,y,z)/%": [61.665785999999997, 52.460075000000003, 21.584904000000002], "Time_Period/s": [0.096862000000000004, 0.079682000000000003], "Mass_Participation_total/%": 31.677692, "Mode": [10, 14], "Mass_Participation/%": [10.66962, 6.2009660000000002], "Base_shear/KN": 120.578202, "Eurocode_satsisfied_(1=yes,0=no)": 0.0}