{"Mass_Participation_total_cumulative(x,y,z)/%": [97.299858999999998, 111.100728, 50.821123], "Time_Period/s": [0.114116, 0.061366999999999998], "Mass_Participation_total/%": 85.862060999999997, "Mode": [1, 8], "Mass_Participation/%": [76.107201000000003, 9.7548600000000008], "Base_shear/KN": 183.46776700000001, "Eurocode_satsisfied_(1=yes,0=no)": 0.0}