{"Mass_Participation_total_cumulative(x,y,z)/%": [81.484770999999995, 91.378074999999995, 39.751945999999997], "Time_Period/s": [0.097364000000000006], "Mass_Participation_total/%": 64.695408999999998, "Mode": [11], "Mass_Participation/%": [30.518032000000002], "Base_shear/KN": 100.76236299999999, "Eurocode_satsisfied_(1=yes,0=no)": 0.0}