{"Mass_Participation_total_cumulative(x,y,z)/%": [124.36622, 131.760524, 63.685119999999998], "Time_Period/s": [0.1124, 0.10076499999999999, 0.089860999999999996], "Mass_Participation_total/%": 93.086626999999993, "Mode": [3, 5, 6], "Mass_Participation/%": [37.205289, 18.647811999999998, 10.801164], "Base_shear/KN": 226.19218699999999, "Eurocode_satsisfied_(1=yes,0=no)": 1.0}