{"Mass_Participation_total_cumulative(x,y,z)/%": [118.539565, 107.02445, 42.70187], "Time_Period/s": [0.15129100000000001, 0.092271000000000006], "Mass_Participation_total/%": 90.844997000000006, "Mode": [1, 8], "Mass_Participation/%": [18.197928999999998, 16.519721000000001], "Base_shear/KN": 184.87720400000001, "Eurocode_satsisfied_(1=yes,0=no)": 1.0}