{"Mass_Participation_total_cumulative(x,y,z)/%": [56.309823000000002, 59.109160000000003, 23.208197999999999], "Time_Period/s": [0.088855000000000003], "Mass_Participation_total/%": 32.640037999999997, "Mode": [14], "Mass_Participation/%": [12.952536], "Base_shear/KN": 84.238882000000004, "Eurocode_satsisfied_(1=yes,0=no)": 0.0}