{"Mass_Participation_total_cumulative(x,y,z)/%": [106.26730999999999, 98.368228000000002, 42.790973000000001], "Time_Period/s": [0.097739999999999994], "Mass_Participation_total/%": 84.776810999999995, "Mode": [7], "Mass_Participation/%": [40.199092999999998], "Base_shear/KN": 102.220417, "Eurocode_satsisfied_(1=yes,0=no)": 0.0}