{"Mass_Participation_total_cumulative(x,y,z)/%": [91.945372000000006, 101.280835, 54.856506000000003], "Time_Period/s": [0.113715], "Mass_Participation_total/%": 80.855277000000001, "Mode": [3], "Mass_Participation/%": [80.855277000000001], "Base_shear/KN": 149.73042000000001, "Eurocode_satsisfied_(1=yes,0=no)": 0.0}