{"Mass_Participation_total_cumulative(x,y,z)/%": [120.001271, 117.159876, 63.305968], "Time_Period/s": [0.108504, 0.079172000000000006], "Mass_Participation_total/%": 91.251940000000005, "Mode": [5, 8], "Mass_Participation/%": [37.364019999999996, 9.4572649999999996], "Base_shear/KN": 175.300229, "Eurocode_satsisfied_(1=yes,0=no)": 1.0}