{"Mass_Participation_total_cumulative(x,y,z)/%": [127.142306, 114.032967, 35.18083], "Time_Period/s": [0.097992999999999997], "Mass_Participation_total/%": 92.701034000000007, "Mode": [6], "Mass_Participation/%": [56.779173], "Base_shear/KN": 103.385085, "Eurocode_satsisfied_(1=yes,0=no)": 1.0}