{"Mass_Participation_total_cumulative(x,y,z)/%": [96.357999000000007, 118.8323, 56.746265999999999], "Time_Period/s": [0.105402, 0.093817999999999999], "Mass_Participation_total/%": 78.724861000000004, "Mode": [5, 6], "Mass_Participation/%": [51.023372000000002, 7.234737], "Base_shear/KN": 179.89120500000001, "Eurocode_satsisfied_(1=yes,0=no)": 0.0}