{"Mass_Participation_total_cumulative(x,y,z)/%": [144.79727800000001, 118.64974100000001, 56.191768000000003], "Time_Period/s": [0.108934], "Mass_Participation_total/%": 94.517684000000003, "Mode": [3], "Mass_Participation/%": [59.891001000000003], "Base_shear/KN": 129.702459, "Eurocode_satsisfied_(1=yes,0=no)": 1.0}