{"Mass_Participation_total_cumulative(x,y,z)/%": [183.586332, 175.412623, 59.676281000000003], "Time_Period/s": [0.10671899999999999], "Mass_Participation_total/%": 155.450908, "Mode": [4], "Mass_Participation/%": [81.266514000000001], "Base_shear/KN": 135.28491700000001, "Eurocode_satsisfied_(1=yes,0=no)": 1.0}