{"Mass_Participation_total_cumulative(x,y,z)/%": [103.25116199999999, 107.71802700000001, 58.511859999999999], "Time_Period/s": [0.108738], "Mass_Participation_total/%": 92.327797000000004, "Mode": [4], "Mass_Participation/%": [64.338858999999999], "Base_shear/KN": 135.624798, "Eurocode_satsisfied_(1=yes,0=no)": 1.0}