{"Mass_Participation_total_cumulative(x,y,z)/%": [75.583320000000001, 65.237683000000004, 22.081679999999999], "Time_Period/s": [0.10047499999999999, 0.0901], "Mass_Participation_total/%": 38.833101999999997, "Mode": [8, 10], "Mass_Participation/%": [15.915371, 10.795094000000001], "Base_shear/KN": 126.68415, "Eurocode_satsisfied_(1=yes,0=no)": 0.0}