{"Mass_Participation_total_cumulative(x,y,z)/%": [59.223438999999999, 52.796503999999999, 22.792937999999999], "Time_Period/s": [0.093323000000000003], "Mass_Participation_total/%": 35.210383, "Mode": [9], "Mass_Participation/%": [21.433734000000001], "Base_shear/KN": 85.028184999999993, "Eurocode_satsisfied_(1=yes,0=no)": 0.0}