{"Mass_Participation_total_cumulative(x,y,z)/%": [116.09345999999999, 112.20290300000001, 54.080810999999997], "Time_Period/s": [0.10688499999999999], "Mass_Participation_total/%": 91.769126999999997, "Mode": [4], "Mass_Participation/%": [47.656441000000001], "Base_shear/KN": 129.427527, "Eurocode_satsisfied_(1=yes,0=no)": 1.0}