{"Mass_Participation_total_cumulative(x,y,z)/%": [80.957620000000006, 78.003118000000001, 19.077309], "Time_Period/s": [0.110015, 0.092577000000000007, 0.081137000000000001], "Mass_Participation_total/%": 60.731845, "Mode": [6, 11, 16], "Mass_Participation/%": [11.067755999999999, 8.4480660000000007, 5.9307679999999996], "Base_shear/KN": 162.32904199999999, "Eurocode_satsisfied_(1=yes,0=no)": 1.0}