{"Mass_Participation_total_cumulative(x,y,z)/%": [124.873498, 131.78857300000001, 45.999671999999997], "Time_Period/s": [0.106643], "Mass_Participation_total/%": 99.269229999999993, "Mode": [5], "Mass_Participation/%": [99.269229999999993], "Base_shear/KN": 131.47487000000001, "Eurocode_satsisfied_(1=yes,0=no)": 1.0}