{"Mass_Participation_total_cumulative(x,y,z)/%": [55.979512999999997, 60.890624000000003, 24.650472000000001], "Time_Period/s": [0.095504000000000006, 0.083719000000000002], "Mass_Participation_total/%": 27.619747, "Mode": [12, 16], "Mass_Participation/%": [13.538342999999999, 6.066058], "Base_shear/KN": 117.12109599999999, "Eurocode_satsisfied_(1=yes,0=no)": 0.0}