{"Mass_Participation_total_cumulative(x,y,z)/%": [122.66392, 107.83194899999999, 40.475769999999997], "Time_Period/s": [0.097952999999999998], "Mass_Participation_total/%": 86.575961000000007, "Mode": [8], "Mass_Participation/%": [46.575490000000002], "Base_shear/KN": 103.80062, "Eurocode_satsisfied_(1=yes,0=no)": 0.0}