{"Mass_Participation_total_cumulative(x,y,z)/%": [123.884095, 114.094675, 38.733815], "Time_Period/s": [0.10684299999999999, 0.067770999999999998], "Mass_Participation_total/%": 93.598598999999993, "Mode": [3, 12], "Mass_Participation/%": [52.016762999999997, 6.8512009999999997], "Base_shear/KN": 151.220732, "Eurocode_satsisfied_(1=yes,0=no)": 1.0}