{"Mass_Participation_total_cumulative(x,y,z)/%": [64.213299000000006, 67.441354000000004, 20.863887999999999], "Time_Period/s": [0.104931, 0.087379999999999999], "Mass_Participation_total/%": 40.802537000000001, "Mode": [8, 13], "Mass_Participation/%": [18.554380999999999, 10.119687000000001], "Base_shear/KN": 125.08629000000001, "Eurocode_satsisfied_(1=yes,0=no)": 0.0}