{"Mass_Participation_total_cumulative(x,y,z)/%": [63.885807, 69.985398000000004, 23.414618000000001], "Time_Period/s": [0.093995999999999996], "Mass_Participation_total/%": 48.015402999999999, "Mode": [12], "Mass_Participation/%": [27.701041], "Base_shear/KN": 83.085937999999999, "Eurocode_satsisfied_(1=yes,0=no)": 0.0}