{"Mass_Participation_total_cumulative(x,y,z)/%": [94.544200000000004, 96.847944999999996, 32.452463999999999], "Time_Period/s": [0.097320000000000004], "Mass_Participation_total/%": 81.892365999999996, "Mode": [8], "Mass_Participation/%": [61.459426999999998], "Base_shear/KN": 101.649089, "Eurocode_satsisfied_(1=yes,0=no)": 0.0}