{"Mass_Participation_total_cumulative(x,y,z)/%": [107.35034400000001, 102.685146, 34.839407999999999], "Time_Period/s": [0.099556000000000006], "Mass_Participation_total/%": 79.627415999999997, "Mode": [7], "Mass_Participation/%": [40.168315], "Base_shear/KN": 109.152278, "Eurocode_satsisfied_(1=yes,0=no)": 0.0}