{"Mass_Participation_total_cumulative(x,y,z)/%": [69.807303000000005, 62.079442999999998, 22.954405999999999], "Time_Period/s": [0.092770000000000005, 0.080871999999999999], "Mass_Participation_total/%": 49.013581000000002, "Mode": [10, 13], "Mass_Participation/%": [13.71991, 7.8897659999999998], "Base_shear/KN": 117.38829, "Eurocode_satsisfied_(1=yes,0=no)": 0.0}