{"Mass_Participation_total_cumulative(x,y,z)/%": [78.339194000000006, 68.804906000000003, 22.854948], "Time_Period/s": [0.087897000000000003], "Mass_Participation_total/%": 45.167901999999998, "Mode": [13], "Mass_Participation/%": [16.162224999999999], "Base_shear/KN": 83.323500999999993, "Eurocode_satsisfied_(1=yes,0=no)": 0.0}