{"Mass_Participation_total_cumulative(x,y,z)/%": [57.661411000000001, 53.090988000000003, 25.990186000000001], "Time_Period/s": [0.093718999999999997], "Mass_Participation_total/%": 35.933042999999998, "Mode": [14], "Mass_Participation/%": [27.43627], "Base_shear/KN": 82.286338999999998, "Eurocode_satsisfied_(1=yes,0=no)": 0.0}