{"Mass_Participation_total_cumulative(x,y,z)/%": [66.312293999999994, 55.691043999999998, 21.414641], "Time_Period/s": [0.093298000000000006, 0.069221000000000005], "Mass_Participation_total/%": 43.449373999999999, "Mode": [12, 19], "Mass_Participation/%": [15.437194, 5.3316400000000002], "Base_shear/KN": 112.975037, "Eurocode_satsisfied_(1=yes,0=no)": 0.0}