{"Mass_Participation_total_cumulative(x,y,z)/%": [117.241865, 131.829532, 34.764088000000001], "Time_Period/s": [0.103737], "Mass_Participation_total/%": 92.301888000000005, "Mode": [5], "Mass_Participation/%": [58.140337000000002], "Base_shear/KN": 105.86802400000001, "Eurocode_satsisfied_(1=yes,0=no)": 1.0}