{"Mass_Participation_total_cumulative(x,y,z)/%": [124.94037299999999, 102.28044199999999, 38.075468000000001], "Time_Period/s": [0.099667000000000006, 0.088478000000000001], "Mass_Participation_total/%": 89.436368000000002, "Mode": [5, 7], "Mass_Participation/%": [58.207070999999999, 7.4382619999999999], "Base_shear/KN": 144.77534199999999, "Eurocode_satsisfied_(1=yes,0=no)": 0.0}