{"Mass_Participation_total_cumulative(x,y,z)/%": [117.70925099999999, 104.85464, 32.882989999999999], "Time_Period/s": [0.098096000000000003, 0.083929000000000004], "Mass_Participation_total/%": 91.858534000000006, "Mode": [6, 9], "Mass_Participation/%": [44.028024000000002, 5.066319], "Base_shear/KN": 143.26437100000001, "Eurocode_satsisfied_(1=yes,0=no)": 1.0}