{"Mass_Participation_total_cumulative(x,y,z)/%": [56.522917, 55.787140999999998, 22.403323], "Time_Period/s": [0.097646999999999998, 0.079982999999999999], "Mass_Participation_total/%": 31.635541, "Mode": [8, 14], "Mass_Participation/%": [15.104827, 11.221829], "Base_shear/KN": 118.02038400000001, "Eurocode_satsisfied_(1=yes,0=no)": 0.0}