{"Mass_Participation_total_cumulative(x,y,z)/%": [114.995232, 113.271924, 67.278931999999998], "Time_Period/s": [0.106526], "Mass_Participation_total/%": 93.653395000000003, "Mode": [4], "Mass_Participation/%": [40.374898000000002], "Base_shear/KN": 137.37208799999999, "Eurocode_satsisfied_(1=yes,0=no)": 1.0}