{"Mass_Participation_total_cumulative(x,y,z)/%": [92.036473000000001, 99.204517999999993, 34.111657999999998], "Time_Period/s": [0.093531000000000003], "Mass_Participation_total/%": 74.720277999999993, "Mode": [10], "Mass_Participation/%": [27.264256], "Base_shear/KN": 97.901947000000007, "Eurocode_satsisfied_(1=yes,0=no)": 0.0}