{"Mass_Participation_total_cumulative(x,y,z)/%": [117.20461299999999, 111.751413, 38.570411], "Time_Period/s": [0.099150000000000002], "Mass_Participation_total/%": 89.817802999999998, "Mode": [6], "Mass_Participation/%": [54.505352999999999], "Base_shear/KN": 107.039496, "Eurocode_satsisfied_(1=yes,0=no)": 0.0}