{"Mass_Participation_total_cumulative(x,y,z)/%": [134.13707400000001, 142.11158800000001, 49.545752999999998], "Time_Period/s": [0.1066], "Mass_Participation_total/%": 107.11577800000001, "Mode": [6], "Mass_Participation/%": [107.11577800000001], "Base_shear/KN": 129.84792400000001, "Eurocode_satsisfied_(1=yes,0=no)": 1.0}