{"Mass_Participation_total_cumulative(x,y,z)/%": [83.381332, 93.649643999999995, 33.205309], "Time_Period/s": [0.098042000000000004], "Mass_Participation_total/%": 58.039354000000003, "Mode": [6], "Mass_Participation/%": [38.008536999999997], "Base_shear/KN": 106.85256200000001, "Eurocode_satsisfied_(1=yes,0=no)": 0.0}