{"Mass_Participation_total_cumulative(x,y,z)/%": [106.62595, 131.584656, 75.390204999999995], "Time_Period/s": [0.115687, 0.084543999999999994], "Mass_Participation_total/%": 86.409891000000002, "Mode": [2, 7], "Mass_Participation/%": [48.520653000000003, 11.165521999999999], "Base_shear/KN": 182.74105, "Eurocode_satsisfied_(1=yes,0=no)": 0.0}