{"Mass_Participation_total_cumulative(x,y,z)/%": [138.47153399999999, 153.83441300000001, 52.647849999999998], "Time_Period/s": [0.104993], "Mass_Participation_total/%": 92.560816000000003, "Mode": [6], "Mass_Participation/%": [92.560816000000003], "Base_shear/KN": 121.92937999999999, "Eurocode_satsisfied_(1=yes,0=no)": 1.0}