{"Mass_Participation_total_cumulative(x,y,z)/%": [99.104366999999996, 114.556949, 52.134278999999999], "Time_Period/s": [0.102364, 0.068490999999999996], "Mass_Participation_total/%": 69.823089999999993, "Mode": [4, 9], "Mass_Participation/%": [39.769181000000003, 6.0154569999999996], "Base_shear/KN": 173.83950300000001, "Eurocode_satsisfied_(1=yes,0=no)": 0.0}