{"Mass_Participation_total_cumulative(x,y,z)/%": [159.741139, 143.945018, 38.800339999999998], "Time_Period/s": [0.096654000000000004], "Mass_Participation_total/%": 104.886019, "Mode": [9], "Mass_Participation/%": [104.886019], "Base_shear/KN": 101.925974, "Eurocode_satsisfied_(1=yes,0=no)": 1.0}