{"Mass_Participation_total_cumulative(x,y,z)/%": [95.466682000000006, 71.006328999999994, 43.040353000000003], "Time_Period/s": [0.097099000000000005], "Mass_Participation_total/%": 59.427501999999997, "Mode": [8], "Mass_Participation/%": [37.779319000000001], "Base_shear/KN": 102.87278999999999, "Eurocode_satsisfied_(1=yes,0=no)": 0.0}