{"Mass_Participation_total_cumulative(x,y,z)/%": [93.756800999999996, 70.972674999999995, 35.547044], "Time_Period/s": [0.099394999999999997], "Mass_Participation_total/%": 82.205286999999998, "Mode": [7], "Mass_Participation/%": [62.519255999999999], "Base_shear/KN": 102.010457, "Eurocode_satsisfied_(1=yes,0=no)": 0.0}