{"Mass_Participation_total_cumulative(x,y,z)/%": [77.821535999999995, 68.575278999999995, 23.300957], "Time_Period/s": [0.098960999999999993], "Mass_Participation_total/%": 40.568649999999998, "Mode": [7], "Mass_Participation/%": [34.469321000000001], "Base_shear/KN": 91.182428000000002, "Eurocode_satsisfied_(1=yes,0=no)": 0.0}