{"Mass_Participation_total_cumulative(x,y,z)/%": [68.613270999999997, 82.192233999999999, 38.322930999999997], "Time_Period/s": [0.096048999999999995], "Mass_Participation_total/%": 50.141140999999998, "Mode": [9], "Mass_Participation/%": [19.625529], "Base_shear/KN": 103.830752, "Eurocode_satsisfied_(1=yes,0=no)": 0.0}