{"Mass_Participation_total_cumulative(x,y,z)/%": [59.589711000000001, 47.233465000000002, 24.724143999999999], "Time_Period/s": [0.090484999999999996], "Mass_Participation_total/%": 27.297847999999998, "Mode": [14], "Mass_Participation/%": [27.297847999999998], "Base_shear/KN": 84.090202000000005, "Eurocode_satsisfied_(1=yes,0=no)": 0.0}