{"Mass_Participation_total_cumulative(x,y,z)/%": [97.158327, 99.587117000000006, 38.477975000000001], "Time_Period/s": [0.117212, 0.089062000000000002, 0.075885999999999995], "Mass_Participation_total/%": 82.757125000000002, "Mode": [2, 9, 12], "Mass_Participation/%": [18.359753000000001, 13.742027, 6.1656360000000001], "Base_shear/KN": 181.37290200000001, "Eurocode_satsisfied_(1=yes,0=no)": 1.0}