{"Mass_Participation_total_cumulative(x,y,z)/%": [140.96245300000001, 149.8621, 37.655386], "Time_Period/s": [0.098209000000000005], "Mass_Participation_total/%": 113.10875, "Mode": [7], "Mass_Participation/%": [113.10875], "Base_shear/KN": 102.463667, "Eurocode_satsisfied_(1=yes,0=no)": 1.0}