{"Mass_Participation_total_cumulative(x,y,z)/%": [85.212553999999997, 88.742928000000006, 26.813727], "Time_Period/s": [0.090803999999999996], "Mass_Participation_total/%": 64.443438, "Mode": [14], "Mass_Participation/%": [46.613114000000003], "Base_shear/KN": 82.509156000000004, "Eurocode_satsisfied_(1=yes,0=no)": 0.0}