{"Mass_Participation_total_cumulative(x,y,z)/%": [122.065378, 151.01238599999999, 54.777949999999997], "Time_Period/s": [0.107048], "Mass_Participation_total/%": 108.506373, "Mode": [5], "Mass_Participation/%": [52.381112999999999], "Base_shear/KN": 130.781035, "Eurocode_satsisfied_(1=yes,0=no)": 1.0}