{"Mass_Participation_total_cumulative(x,y,z)/%": [73.374001000000007, 83.213522999999995, 38.338555999999997], "Time_Period/s": [0.100829, 0.083202999999999999], "Mass_Participation_total/%": 57.886589999999998, "Mode": [7, 11], "Mass_Participation/%": [27.50919, 6.371391], "Base_shear/KN": 138.98514499999999, "Eurocode_satsisfied_(1=yes,0=no)": 0.0}