{"Mass_Participation_total_cumulative(x,y,z)/%": [76.557337000000004, 116.945829, 50.353907], "Time_Period/s": [0.114756, 0.079394999999999993], "Mass_Participation_total/%": 60.412998000000002, "Mode": [2, 7], "Mass_Participation/%": [37.125408, 9.1878910000000005], "Base_shear/KN": 177.813198, "Eurocode_satsisfied_(1=yes,0=no)": 0.0}