{"Mass_Participation_total_cumulative(x,y,z)/%": [112.98883499999999, 106.447627, 43.155890999999997], "Time_Period/s": [0.096868999999999997], "Mass_Participation_total/%": 88.935419999999993, "Mode": [7], "Mass_Participation/%": [46.744529999999997], "Base_shear/KN": 105.73598, "Eurocode_satsisfied_(1=yes,0=no)": 0.0}