{"Mass_Participation_total_cumulative(x,y,z)/%": [73.921426999999994, 83.033866000000003, 35.604537999999998], "Time_Period/s": [0.098960000000000006], "Mass_Participation_total/%": 75.808366000000007, "Mode": [6], "Mass_Participation/%": [59.995341000000003], "Base_shear/KN": 103.456698, "Eurocode_satsisfied_(1=yes,0=no)": 0.0}