{"Mass_Participation_total_cumulative(x,y,z)/%": [73.757058000000001, 69.717447000000007, 23.066405], "Time_Period/s": [0.100965, 0.088903999999999997], "Mass_Participation_total/%": 53.223365999999999, "Mode": [7, 10], "Mass_Participation/%": [14.53585, 12.340597000000001], "Base_shear/KN": 128.190966, "Eurocode_satsisfied_(1=yes,0=no)": 0.0}