{"Mass_Participation_total_cumulative(x,y,z)/%": [68.477875999999995, 70.435965999999993, 20.237162000000001], "Time_Period/s": [0.077635999999999997], "Mass_Participation_total/%": 41.743913999999997, "Mode": [16], "Mass_Participation/%": [12.277639000000001], "Base_shear/KN": 81.530443000000005, "Eurocode_satsisfied_(1=yes,0=no)": 0.0}