{"Mass_Participation_total_cumulative(x,y,z)/%": [75.201464000000001, 113.33147099999999, 33.757168999999998], "Time_Period/s": [0.097871], "Mass_Participation_total/%": 92.470748, "Mode": [5], "Mass_Participation/%": [86.704440000000005], "Base_shear/KN": 105.756512, "Eurocode_satsisfied_(1=yes,0=no)": 1.0}