{"Mass_Participation_total_cumulative(x,y,z)/%": [108.33125800000001, 108.837801, 49.11486], "Time_Period/s": [0.108005], "Mass_Participation_total/%": 98.027945000000003, "Mode": [3], "Mass_Participation/%": [73.491270999999998], "Base_shear/KN": 131.47260800000001, "Eurocode_satsisfied_(1=yes,0=no)": 1.0}