{"Mass_Participation_total_cumulative(x,y,z)/%": [80.253330000000005, 84.226856999999995, 26.858951999999999], "Time_Period/s": [0.094066999999999998], "Mass_Participation_total/%": 53.365993000000003, "Mode": [11], "Mass_Participation/%": [15.935124999999999], "Base_shear/KN": 88.376009999999994, "Eurocode_satsisfied_(1=yes,0=no)": 0.0}