{"Mass_Participation_total_cumulative(x,y,z)/%": [90.908227999999994, 77.462815000000006, 35.358781999999998], "Time_Period/s": [0.099766999999999995, 0.088186], "Mass_Participation_total/%": 73.151884999999993, "Mode": [6, 10], "Mass_Participation/%": [22.752359999999999, 8.2854349999999997], "Base_shear/KN": 141.327023, "Eurocode_satsisfied_(1=yes,0=no)": 0.0}