{"Mass_Participation_total_cumulative(x,y,z)/%": [90.755200000000002, 104.01517200000001, 56.348686000000001], "Time_Period/s": [0.121227, 0.099629999999999996], "Mass_Participation_total/%": 70.930035000000004, "Mode": [2, 4], "Mass_Participation/%": [32.633620999999998, 31.792366999999999], "Base_shear/KN": 191.61779300000001, "Eurocode_satsisfied_(1=yes,0=no)": 0.0}