{"Mass_Participation_total_cumulative(x,y,z)/%": [86.197098999999994, 100.435705, 27.772205], "Time_Period/s": [0.106226, 0.087420999999999999], "Mass_Participation_total/%": 60.961233, "Mode": [5, 8], "Mass_Participation/%": [37.499457999999997, 13.283348999999999], "Base_shear/KN": 151.92944199999999, "Eurocode_satsisfied_(1=yes,0=no)": 0.0}