{"Mass_Participation_total_cumulative(x,y,z)/%": [125.39729800000001, 131.05790200000001, 48.847931000000003], "Time_Period/s": [0.10766199999999999], "Mass_Participation_total/%": 106.032732, "Mode": [4], "Mass_Participation/%": [106.032732], "Base_shear/KN": 130.10516000000001, "Eurocode_satsisfied_(1=yes,0=no)": 1.0}