{"Mass_Participation_total_cumulative(x,y,z)/%": [80.575597999999999, 72.721801999999997, 21.693529000000002], "Time_Period/s": [0.086957999999999994, 0.074232000000000006], "Mass_Participation_total/%": 53.666719999999998, "Mode": [10, 13], "Mass_Participation/%": [18.780882999999999, 6.9478739999999997], "Base_shear/KN": 119.25311499999999, "Eurocode_satsisfied_(1=yes,0=no)": 0.0}