{"Mass_Participation_total_cumulative(x,y,z)/%": [126.12057, 138.64736500000001, 48.442768000000001], "Time_Period/s": [0.103642], "Mass_Participation_total/%": 91.723395999999994, "Mode": [7], "Mass_Participation/%": [91.723395999999994], "Base_shear/KN": 122.42004900000001, "Eurocode_satsisfied_(1=yes,0=no)": 1.0}