{"Mass_Participation_total_cumulative(x,y,z)/%": [63.507883999999997, 53.136623999999998, 23.597875999999999], "Time_Period/s": [0.091231999999999994], "Mass_Participation_total/%": 39.018988, "Mode": [12], "Mass_Participation/%": [21.482838999999998], "Base_shear/KN": 83.733985000000004, "Eurocode_satsisfied_(1=yes,0=no)": 0.0}