{"Mass_Participation_total_cumulative(x,y,z)/%": [58.829205000000002, 64.473449000000002, 23.243801000000001], "Time_Period/s": [0.092522999999999994], "Mass_Participation_total/%": 42.828825000000002, "Mode": [10], "Mass_Participation/%": [30.95129], "Base_shear/KN": 84.266155999999995, "Eurocode_satsisfied_(1=yes,0=no)": 0.0}