{"Mass_Participation_total_cumulative(x,y,z)/%": [121.81177099999999, 131.566845, 59.253275000000002], "Time_Period/s": [0.109166], "Mass_Participation_total/%": 110.529821, "Mode": [5], "Mass_Participation/%": [110.529821], "Base_shear/KN": 132.36923999999999, "Eurocode_satsisfied_(1=yes,0=no)": 1.0}