{"Mass_Participation_total_cumulative(x,y,z)/%": [139.33412799999999, 150.50269299999999, 56.119098999999999], "Time_Period/s": [0.105061], "Mass_Participation_total/%": 91.422996999999995, "Mode": [6], "Mass_Participation/%": [91.422996999999995], "Base_shear/KN": 128.68970200000001, "Eurocode_satsisfied_(1=yes,0=no)": 1.0}