{"Mass_Participation_total_cumulative(x,y,z)/%": [104.865482, 136.872773, 55.354852000000001], "Time_Period/s": [0.10824400000000001], "Mass_Participation_total/%": 110.39243399999999, "Mode": [4], "Mass_Participation/%": [110.39243399999999], "Base_shear/KN": 130.337943, "Eurocode_satsisfied_(1=yes,0=no)": 1.0}