{"Mass_Participation_total_cumulative(x,y,z)/%": [98.082491000000005, 130.34928600000001, 40.247416999999999], "Time_Period/s": [0.103712, 0.092178999999999997], "Mass_Participation_total/%": 77.637072000000003, "Mode": [5, 7], "Mass_Participation/%": [35.068944000000002, 14.703286], "Base_shear/KN": 146.084788, "Eurocode_satsisfied_(1=yes,0=no)": 0.0}