{"Mass_Participation_total_cumulative(x,y,z)/%": [92.413165000000006, 113.085514, 53.327948999999997], "Time_Period/s": [0.108678], "Mass_Participation_total/%": 91.265643999999995, "Mode": [3], "Mass_Participation/%": [91.265643999999995], "Base_shear/KN": 130.89551, "Eurocode_satsisfied_(1=yes,0=no)": 1.0}