{"Mass_Participation_total_cumulative(x,y,z)/%": [110.409898, 91.050264999999996, 40.461730000000003], "Time_Period/s": [0.10030699999999999], "Mass_Participation_total/%": 74.514516999999998, "Mode": [7], "Mass_Participation/%": [47.572955999999998], "Base_shear/KN": 106.666112, "Eurocode_satsisfied_(1=yes,0=no)": 0.0}