{"Mass_Participation_total_cumulative(x,y,z)/%": [69.241626999999994, 61.164002000000004, 23.323286], "Time_Period/s": [0.090322], "Mass_Participation_total/%": 40.004739999999998, "Mode": [12], "Mass_Participation/%": [27.522886], "Base_shear/KN": 83.979872999999998, "Eurocode_satsisfied_(1=yes,0=no)": 0.0}