{"Mass_Participation_total_cumulative(x,y,z)/%": [76.930260000000004, 66.534131000000002, 26.209578], "Time_Period/s": [0.091048000000000004], "Mass_Participation_total/%": 37.494579999999999, "Mode": [11], "Mass_Participation/%": [11.207763999999999], "Base_shear/KN": 88.399863999999994, "Eurocode_satsisfied_(1=yes,0=no)": 0.0}