{"Mass_Participation_total_cumulative(x,y,z)/%": [55.515504, 55.721865999999999, 17.741423999999999], "Time_Period/s": [0.091793], "Mass_Participation_total/%": 39.903654000000003, "Mode": [11], "Mass_Participation/%": [34.015203], "Base_shear/KN": 86.561070999999998, "Eurocode_satsisfied_(1=yes,0=no)": 0.0}