{"Mass_Participation_total_cumulative(x,y,z)/%": [61.947508999999997, 51.189498999999998, 22.225536000000002], "Time_Period/s": [0.094225000000000003], "Mass_Participation_total/%": 34.641826999999999, "Mode": [11], "Mass_Participation/%": [18.980440000000002], "Base_shear/KN": 84.060239999999993, "Eurocode_satsisfied_(1=yes,0=no)": 0.0}