{"Mass_Participation_total_cumulative(x,y,z)/%": [84.965692000000004, 94.481857000000005, 41.973674000000003], "Time_Period/s": [0.111233, 0.087193000000000007], "Mass_Participation_total/%": 65.249853999999999, "Mode": [4, 7], "Mass_Participation/%": [38.151122000000001, 21.789228999999999], "Base_shear/KN": 153.44481300000001, "Eurocode_satsisfied_(1=yes,0=no)": 0.0}