{"Mass_Participation_total_cumulative(x,y,z)/%": [122.142082, 104.72486000000001, 68.277698999999998], "Time_Period/s": [0.112598], "Mass_Participation_total/%": 90.306794999999994, "Mode": [3], "Mass_Participation/%": [42.643565000000002], "Base_shear/KN": 145.52752100000001, "Eurocode_satsisfied_(1=yes,0=no)": 1.0}