{"Mass_Participation_total_cumulative(x,y,z)/%": [60.744884999999996, 57.125897000000002, 20.236825], "Time_Period/s": [0.091355000000000006], "Mass_Participation_total/%": 47.254823999999999, "Mode": [9], "Mass_Participation/%": [39.184089999999998], "Base_shear/KN": 83.726619999999997, "Eurocode_satsisfied_(1=yes,0=no)": 0.0}