{"Mass_Participation_total_cumulative(x,y,z)/%": [98.248797999999994, 80.035706000000005, 41.432532000000002], "Time_Period/s": [0.108059, 0.088052000000000005], "Mass_Participation_total/%": 83.416859000000002, "Mode": [4, 8], "Mass_Participation/%": [14.971327, 13.013180999999999], "Base_shear/KN": 150.40554800000001, "Eurocode_satsisfied_(1=yes,0=no)": 0.0}