{"Mass_Participation_total_cumulative(x,y,z)/%": [124.09162000000001, 133.000092, 61.536707], "Time_Period/s": [0.110777], "Mass_Participation_total/%": 95.125889999999998, "Mode": [3], "Mass_Participation/%": [50.713258000000003], "Base_shear/KN": 133.064087, "Eurocode_satsisfied_(1=yes,0=no)": 1.0}