{"Mass_Participation_total_cumulative(x,y,z)/%": [134.674903, 116.21789800000001, 32.505564999999997], "Time_Period/s": [0.098988999999999994], "Mass_Participation_total/%": 98.615868000000006, "Mode": [7], "Mass_Participation/%": [98.615868000000006], "Base_shear/KN": 102.666341, "Eurocode_satsisfied_(1=yes,0=no)": 1.0}