{"Mass_Participation_total_cumulative(x,y,z)/%": [128.08219, 107.211563, 61.294674000000001], "Time_Period/s": [0.11165700000000001, 0.086162000000000002], "Mass_Participation_total/%": 91.661041999999995, "Mode": [3, 5], "Mass_Participation/%": [45.517060000000001, 12.010020000000001], "Base_shear/KN": 184.80718999999999, "Eurocode_satsisfied_(1=yes,0=no)": 1.0}