{"Mass_Participation_total_cumulative(x,y,z)/%": [72.768744999999996, 79.695609000000005, 34.550587], "Time_Period/s": [0.10108399999999999, 0.086914000000000005], "Mass_Participation_total/%": 58.176242999999999, "Mode": [6, 10], "Mass_Participation/%": [20.674755000000001, 5.0031319999999999], "Base_shear/KN": 143.198679, "Eurocode_satsisfied_(1=yes,0=no)": 0.0}