{"Mass_Participation_total_cumulative(x,y,z)/%": [84.492441999999997, 130.70150699999999, 59.439368999999999], "Time_Period/s": [0.10875799999999999], "Mass_Participation_total/%": 111.55188099999999, "Mode": [4], "Mass_Participation/%": [111.55188099999999], "Base_shear/KN": 131.734993, "Eurocode_satsisfied_(1=yes,0=no)": 1.0}