{"Mass_Participation_total_cumulative(x,y,z)/%": [64.136384000000007, 127.15450300000001, 36.458171999999998], "Time_Period/s": [0.096914], "Mass_Participation_total/%": 112.73834100000001, "Mode": [10], "Mass_Participation/%": [112.73834100000001], "Base_shear/KN": 101.158654, "Eurocode_satsisfied_(1=yes,0=no)": 1.0}