{"Mass_Participation_total_cumulative(x,y,z)/%": [81.366426000000004, 106.594505, 33.730694999999997], "Time_Period/s": [0.101364, 0.082052], "Mass_Participation_total/%": 57.365400000000001, "Mode": [5, 10], "Mass_Participation/%": [29.762635, 5.647551], "Base_shear/KN": 141.14539600000001, "Eurocode_satsisfied_(1=yes,0=no)": 0.0}