{"Mass_Participation_total_cumulative(x,y,z)/%": [84.834140000000005, 98.157428999999993, 43.240737000000003], "Time_Period/s": [0.091337000000000002], "Mass_Participation_total/%": 60.473365000000001, "Mode": [9], "Mass_Participation/%": [29.364813999999999], "Base_shear/KN": 99.914278999999993, "Eurocode_satsisfied_(1=yes,0=no)": 0.0}