{"Mass_Participation_total_cumulative(x,y,z)/%": [69.177559000000002, 68.926062000000002, 20.525313000000001], "Time_Period/s": [0.097266000000000005], "Mass_Participation_total/%": 41.643839, "Mode": [8], "Mass_Participation/%": [18.014541999999999], "Base_shear/KN": 89.152292000000003, "Eurocode_satsisfied_(1=yes,0=no)": 0.0}