{"Mass_Participation_total_cumulative(x,y,z)/%": [68.934759999999997, 64.020938999999998, 23.014977999999999], "Time_Period/s": [0.090408000000000002], "Mass_Participation_total/%": 45.303114000000001, "Mode": [14], "Mass_Participation/%": [21.879183999999999], "Base_shear/KN": 82.756663000000003, "Eurocode_satsisfied_(1=yes,0=no)": 0.0}