{"Mass_Participation_total_cumulative(x,y,z)/%": [127.270196, 110.694669, 62.203375999999999], "Time_Period/s": [0.114801], "Mass_Participation_total/%": 97.353892000000002, "Mode": [3], "Mass_Participation/%": [67.602393000000006], "Base_shear/KN": 148.51263599999999, "Eurocode_satsisfied_(1=yes,0=no)": 1.0}