{"Mass_Participation_total_cumulative(x,y,z)/%": [67.738342000000003, 57.29025, 21.293842000000001], "Time_Period/s": [0.0906], "Mass_Participation_total/%": 44.195041000000003, "Mode": [14], "Mass_Participation/%": [20.196638], "Base_shear/KN": 82.342179000000002, "Eurocode_satsisfied_(1=yes,0=no)": 0.0}