{"Mass_Participation_total_cumulative(x,y,z)/%": [65.735974999999996, 58.630268000000001, 18.652702999999999], "Time_Period/s": [0.098149, 0.084164000000000003], "Mass_Participation_total/%": 40.258088000000001, "Mode": [8, 12], "Mass_Participation/%": [9.5952809999999999, 7.8588810000000002], "Base_shear/KN": 126.35739, "Eurocode_satsisfied_(1=yes,0=no)": 0.0}