{"Mass_Participation_total_cumulative(x,y,z)/%": [128.872704, 105.044934, 31.507517], "Time_Period/s": [0.101629, 0.091036000000000006], "Mass_Participation_total/%": 94.898196999999996, "Mode": [6, 8], "Mass_Participation/%": [44.875193000000003, 12.413038], "Base_shear/KN": 144.210758, "Eurocode_satsisfied_(1=yes,0=no)": 1.0}