{"Mass_Participation_total_cumulative(x,y,z)/%": [108.780002, 94.534595999999993, 35.546647999999998], "Time_Period/s": [0.097839999999999996], "Mass_Participation_total/%": 87.135537999999997, "Mode": [8], "Mass_Participation/%": [66.508373000000006], "Base_shear/KN": 101.37226699999999, "Eurocode_satsisfied_(1=yes,0=no)": 0.0}