{"Mass_Participation_total_cumulative(x,y,z)/%": [70.429439000000002, 68.075450000000004, 21.757100000000001], "Time_Period/s": [0.097028000000000003], "Mass_Participation_total/%": 49.822969000000001, "Mode": [10], "Mass_Participation/%": [33.143796999999999], "Base_shear/KN": 88.359142000000006, "Eurocode_satsisfied_(1=yes,0=no)": 0.0}