{"Mass_Participation_total_cumulative(x,y,z)/%": [61.291207, 60.763713000000003, 24.108695999999998], "Time_Period/s": [0.096252000000000004, 0.082546999999999995], "Mass_Participation_total/%": 46.042678000000002, "Mode": [12, 17], "Mass_Participation/%": [12.884316, 5.5825579999999997], "Base_shear/KN": 118.008347, "Eurocode_satsisfied_(1=yes,0=no)": 0.0}