{"Mass_Participation_total_cumulative(x,y,z)/%": [78.241140999999999, 122.539176, 52.135066999999999], "Time_Period/s": [0.10767599999999999, 0.093640000000000001], "Mass_Participation_total/%": 59.572028000000003, "Mode": [5, 6], "Mass_Participation/%": [25.161169000000001, 13.774614], "Base_shear/KN": 179.82895500000001, "Eurocode_satsisfied_(1=yes,0=no)": 0.0}