{"Mass_Participation_total_cumulative(x,y,z)/%": [93.397834000000003, 89.055780999999996, 19.787102000000001], "Time_Period/s": [0.099039000000000002], "Mass_Participation_total/%": 76.452690000000004, "Mode": [5], "Mass_Participation/%": [57.660375999999999], "Base_shear/KN": 93.671195999999995, "Eurocode_satsisfied_(1=yes,0=no)": 0.0}