{"Mass_Participation_total_cumulative(x,y,z)/%": [67.593059999999994, 59.293824000000001, 17.511167], "Time_Period/s": [0.092821000000000001], "Mass_Participation_total/%": 42.291165999999997, "Mode": [11], "Mass_Participation/%": [10.492699999999999], "Base_shear/KN": 86.352918000000003, "Eurocode_satsisfied_(1=yes,0=no)": 0.0}