{"Mass_Participation_total_cumulative(x,y,z)/%": [47.806145999999998, 51.039701999999998, 23.214521999999999], "Time_Period/s": [0.091994999999999993], "Mass_Participation_total/%": 36.271614, "Mode": [13], "Mass_Participation/%": [21.969723999999999], "Base_shear/KN": 82.600718999999998, "Eurocode_satsisfied_(1=yes,0=no)": 0.0}