{"Mass_Participation_total_cumulative(x,y,z)/%": [75.339282999999995, 69.415210999999999, 19.847864000000001], "Time_Period/s": [0.10183499999999999], "Mass_Participation_total/%": 31.845231999999999, "Mode": [8], "Mass_Participation/%": [31.845231999999999], "Base_shear/KN": 92.252686999999995, "Eurocode_satsisfied_(1=yes,0=no)": 0.0}