{"Mass_Participation_total_cumulative(x,y,z)/%": [55.406433999999997, 52.308172999999996, 24.539845], "Time_Period/s": [0.089777999999999997], "Mass_Participation_total/%": 40.577899000000002, "Mode": [16], "Mass_Participation/%": [16.398592000000001], "Base_shear/KN": 83.065736000000001, "Eurocode_satsisfied_(1=yes,0=no)": 0.0}