{"Mass_Participation_total_cumulative(x,y,z)/%": [66.316946999999999, 62.431595000000002, 21.517887999999999], "Time_Period/s": [0.093487000000000001], "Mass_Participation_total/%": 42.642843999999997, "Mode": [11], "Mass_Participation/%": [16.911925], "Base_shear/KN": 86.199804999999998, "Eurocode_satsisfied_(1=yes,0=no)": 0.0}