{"Mass_Participation_total_cumulative(x,y,z)/%": [144.75664499999999, 150.131743, 35.028709999999997], "Time_Period/s": [0.098697000000000007], "Mass_Participation_total/%": 115.70226099999999, "Mode": [5], "Mass_Participation/%": [85.213380999999998], "Base_shear/KN": 105.45129, "Eurocode_satsisfied_(1=yes,0=no)": 1.0}