{"Mass_Participation_total_cumulative(x,y,z)/%": [130.171435, 138.97833, 35.771734000000002], "Time_Period/s": [0.099807000000000007], "Mass_Participation_total/%": 102.994578, "Mode": [6], "Mass_Participation/%": [87.653632000000002], "Base_shear/KN": 104.66243799999999, "Eurocode_satsisfied_(1=yes,0=no)": 1.0}