{"Mass_Participation_total_cumulative(x,y,z)/%": [63.479691000000003, 61.855643999999998, 20.635978000000001], "Time_Period/s": [0.089721999999999996], "Mass_Participation_total/%": 32.354329999999997, "Mode": [13], "Mass_Participation/%": [32.354329999999997], "Base_shear/KN": 84.216947000000005, "Eurocode_satsisfied_(1=yes,0=no)": 0.0}