{"Mass_Participation_total_cumulative(x,y,z)/%": [124.23729400000001, 67.186355000000006, 57.065916000000001], "Time_Period/s": [0.106373], "Mass_Participation_total/%": 58.117963000000003, "Mode": [4], "Mass_Participation/%": [37.716068999999997], "Base_shear/KN": 131.98159100000001, "Eurocode_satsisfied_(1=yes,0=no)": 0.0}