{"Mass_Participation_total_cumulative(x,y,z)/%": [96.206881999999993, 104.454038, 37.107213000000002], "Time_Period/s": [0.099184999999999995], "Mass_Participation_total/%": 91.190691000000001, "Mode": [7], "Mass_Participation/%": [70.781792999999993], "Base_shear/KN": 103.44100899999999, "Eurocode_satsisfied_(1=yes,0=no)": 1.0}