{"Mass_Participation_total_cumulative(x,y,z)/%": [29.522100999999999, 44.631801000000003, 28.835160999999999], "Time_Period/s": [0.090479000000000004], "Mass_Participation_total/%": 32.967579999999998, "Mode": [20], "Mass_Participation/%": [21.667422999999999], "Base_shear/KN": 81.90652, "Eurocode_satsisfied_(1=yes,0=no)": 0.0}