{"Mass_Participation_total_cumulative(x,y,z)/%": [72.026797000000002, 59.938367, 18.349575000000002], "Time_Period/s": [0.095985000000000001], "Mass_Participation_total/%": 33.766697000000001, "Mode": [11], "Mass_Participation/%": [14.523664999999999], "Base_shear/KN": 90.110778999999994, "Eurocode_satsisfied_(1=yes,0=no)": 0.0}