{"Mass_Participation_total_cumulative(x,y,z)/%": [84.540898999999996, 72.346766000000002, 38.390479999999997], "Time_Period/s": [0.098861000000000004, 0.084968000000000002], "Mass_Participation_total/%": 61.758108999999997, "Mode": [7, 11], "Mass_Participation/%": [17.252213000000001, 12.148225999999999], "Base_shear/KN": 139.61021700000001, "Eurocode_satsisfied_(1=yes,0=no)": 0.0}