{"Mass_Participation_total_cumulative(x,y,z)/%": [111.076852, 116.945527, 75.480395000000001], "Time_Period/s": [0.109876], "Mass_Participation_total/%": 91.767269999999996, "Mode": [4], "Mass_Participation/%": [91.767269999999996], "Base_shear/KN": 136.62470099999999, "Eurocode_satsisfied_(1=yes,0=no)": 1.0}