{"Mass_Participation_total_cumulative(x,y,z)/%": [54.868309000000004, 52.350679, 23.227637999999999], "Time_Period/s": [0.089841000000000004], "Mass_Participation_total/%": 34.874532000000002, "Mode": [14], "Mass_Participation/%": [13.421768999999999], "Base_shear/KN": 83.796520000000001, "Eurocode_satsisfied_(1=yes,0=no)": 0.0}