{"Mass_Participation_total_cumulative(x,y,z)/%": [95.196952999999993, 96.688974000000002, 43.401707000000002], "Time_Period/s": [0.099498000000000003], "Mass_Participation_total/%": 74.755336, "Mode": [4], "Mass_Participation/%": [20.294464000000001], "Base_shear/KN": 104.462372, "Eurocode_satsisfied_(1=yes,0=no)": 0.0}