{"Mass_Participation_total_cumulative(x,y,z)/%": [124.635003, 115.181392, 42.025454000000003], "Time_Period/s": [0.098844000000000001], "Mass_Participation_total/%": 92.069587999999996, "Mode": [7], "Mass_Participation/%": [54.964426000000003], "Base_shear/KN": 103.967885, "Eurocode_satsisfied_(1=yes,0=no)": 1.0}