{"Mass_Participation_total_cumulative(x,y,z)/%": [114.047516, 112.01849, 69.767065000000002], "Time_Period/s": [0.114402, 0.084454000000000001], "Mass_Participation_total/%": 96.848455000000001, "Mode": [2, 6], "Mass_Participation/%": [70.415278000000001, 8.2610700000000001], "Base_shear/KN": 193.39747299999999, "Eurocode_satsisfied_(1=yes,0=no)": 1.0}