{"Mass_Participation_total_cumulative(x,y,z)/%": [96.392247999999995, 106.327817, 47.427072000000003], "Time_Period/s": [0.116665, 0.093188999999999994], "Mass_Participation_total/%": 72.456920999999994, "Mode": [2, 5], "Mass_Participation/%": [52.480435, 19.976486000000001], "Base_shear/KN": 190.013441, "Eurocode_satsisfied_(1=yes,0=no)": 0.0}