{"Mass_Participation_total_cumulative(x,y,z)/%": [123.68114199999999, 78.085500999999994, 55.368077999999997], "Time_Period/s": [0.11039], "Mass_Participation_total/%": 92.973513999999994, "Mode": [4], "Mass_Participation/%": [92.973513999999994], "Base_shear/KN": 133.49520100000001, "Eurocode_satsisfied_(1=yes,0=no)": 1.0}