{"Mass_Participation_total_cumulative(x,y,z)/%": [68.613996, 52.493713, 25.172238], "Time_Period/s": [0.090844999999999995], "Mass_Participation_total/%": 27.479718999999999, "Mode": [11], "Mass_Participation/%": [18.675975999999999], "Base_shear/KN": 86.201500999999993, "Eurocode_satsisfied_(1=yes,0=no)": 0.0}