{"Mass_Participation_total_cumulative(x,y,z)/%": [61.883527000000001, 64.902721, 21.848365999999999], "Time_Period/s": [0.091499999999999998], "Mass_Participation_total/%": 48.033847999999999, "Mode": [13], "Mass_Participation/%": [21.084724999999999], "Base_shear/KN": 83.087056000000004, "Eurocode_satsisfied_(1=yes,0=no)": 0.0}