{"Mass_Participation_total_cumulative(x,y,z)/%": [85.072418999999996, 133.67276799999999, 44.599314], "Time_Period/s": [0.109809], "Mass_Participation_total/%": 73.184477999999999, "Mode": [4], "Mass_Participation/%": [44.574357999999997], "Base_shear/KN": 131.273954, "Eurocode_satsisfied_(1=yes,0=no)": 0.0}