{"Mass_Participation_total_cumulative(x,y,z)/%": [86.513467000000006, 114.30911399999999, 42.200740000000003], "Time_Period/s": [0.092342999999999995], "Mass_Participation_total/%": 67.559665999999993, "Mode": [7], "Mass_Participation/%": [36.887740999999998], "Base_shear/KN": 101.642172, "Eurocode_satsisfied_(1=yes,0=no)": 0.0}