{"Mass_Participation_total_cumulative(x,y,z)/%": [74.083956999999998, 122.67116300000001, 44.937280999999999], "Time_Period/s": [0.10742699999999999], "Mass_Participation_total/%": 113.208805, "Mode": [4], "Mass_Participation/%": [113.208805], "Base_shear/KN": 129.928887, "Eurocode_satsisfied_(1=yes,0=no)": 1.0}