{"Mass_Participation_total_cumulative(x,y,z)/%": [91.500043000000005, 111.156599, 43.299804000000002], "Time_Period/s": [0.106533, 0.088349999999999998, 0.077892000000000003, 0.069406999999999996], "Mass_Participation_total/%": 75.134158999999997, "Mode": [3, 7, 9, 11], "Mass_Participation/%": [21.062207000000001, 9.7460020000000007, 7.4318530000000003, 6.0867370000000003], "Base_shear/KN": 207.41810599999999, "Eurocode_satsisfied_(1=yes,0=no)": 1.0}