{"Mass_Participation_total_cumulative(x,y,z)/%": [107.468153, 113.37869000000001, 59.966242000000001], "Time_Period/s": [0.106362, 0.079698000000000005], "Mass_Participation_total/%": 81.692762999999999, "Mode": [4, 6], "Mass_Participation/%": [35.331065000000002, 9.4884909999999998], "Base_shear/KN": 186.27132, "Eurocode_satsisfied_(1=yes,0=no)": 0.0}