{"Mass_Participation_total_cumulative(x,y,z)/%": [113.214333, 122.62798100000001, 56.098601000000002], "Time_Period/s": [0.10824400000000001], "Mass_Participation_total/%": 110.929326, "Mode": [3], "Mass_Participation/%": [110.929326], "Base_shear/KN": 134.02257900000001, "Eurocode_satsisfied_(1=yes,0=no)": 1.0}