{"Mass_Participation_total_cumulative(x,y,z)/%": [65.738260999999994, 62.581588000000004, 21.724139000000001], "Time_Period/s": [0.091402999999999998], "Mass_Participation_total/%": 51.167209999999997, "Mode": [11], "Mass_Participation/%": [20.808539], "Base_shear/KN": 86.479343999999998, "Eurocode_satsisfied_(1=yes,0=no)": 0.0}