{"Mass_Participation_total_cumulative(x,y,z)/%": [99.421560999999997, 95.168385000000001, 40.847932999999998], "Time_Period/s": [0.098835999999999993, 0.081384999999999999], "Mass_Participation_total/%": 83.379553000000001, "Mode": [7, 10], "Mass_Participation/%": [45.344620999999997, 5.2563709999999997], "Base_shear/KN": 137.16928899999999, "Eurocode_satsisfied_(1=yes,0=no)": 0.0}