{"Mass_Participation_total_cumulative(x,y,z)/%": [109.510486, 97.852863999999997, 37.158090999999999], "Time_Period/s": [0.100665], "Mass_Participation_total/%": 82.603801000000004, "Mode": [7], "Mass_Participation/%": [33.720314000000002], "Base_shear/KN": 103.388559, "Eurocode_satsisfied_(1=yes,0=no)": 0.0}