{"Mass_Participation_total_cumulative(x,y,z)/%": [49.215040999999999, 58.425237000000003, 24.41226], "Time_Period/s": [0.089787000000000006], "Mass_Participation_total/%": 29.144456000000002, "Mode": [16], "Mass_Participation/%": [19.120759], "Base_shear/KN": 82.323424000000003, "Eurocode_satsisfied_(1=yes,0=no)": 0.0}