{"Mass_Participation_total_cumulative(x,y,z)/%": [90.031453999999997, 69.543402999999998, 53.635055999999999], "Time_Period/s": [0.110753], "Mass_Participation_total/%": 59.743915999999999, "Mode": [3], "Mass_Participation/%": [28.673300000000001], "Base_shear/KN": 131.259862, "Eurocode_satsisfied_(1=yes,0=no)": 0.0}