{"Mass_Participation_total_cumulative(x,y,z)/%": [57.309494999999998, 56.724376999999997, 22.408085], "Time_Period/s": [0.097239000000000006, 0.085167000000000007], "Mass_Participation_total/%": 36.418765, "Mode": [12, 17], "Mass_Participation/%": [16.012585999999999, 8.4231420000000004], "Base_shear/KN": 120.45072500000001, "Eurocode_satsisfied_(1=yes,0=no)": 0.0}