{"Mass_Participation_total_cumulative(x,y,z)/%": [94.770036000000005, 125.403412, 33.670279999999998], "Time_Period/s": [0.10052800000000001], "Mass_Participation_total/%": 73.512933000000004, "Mode": [6], "Mass_Participation/%": [51.644635999999998], "Base_shear/KN": 105.17527800000001, "Eurocode_satsisfied_(1=yes,0=no)": 0.0}