{"Mass_Participation_total_cumulative(x,y,z)/%": [59.310648, 55.824272000000001, 23.987043], "Time_Period/s": [0.08931], "Mass_Participation_total/%": 39.296937999999997, "Mode": [15], "Mass_Participation/%": [17.265792000000001], "Base_shear/KN": 84.291342, "Eurocode_satsisfied_(1=yes,0=no)": 0.0}