{"Mass_Participation_total_cumulative(x,y,z)/%": [92.933982999999998, 77.978120000000004, 30.470996], "Time_Period/s": [0.110427, 0.090694999999999998, 0.076492000000000004], "Mass_Participation_total/%": 78.562961999999999, "Mode": [3, 8, 11], "Mass_Participation/%": [19.932342999999999, 11.490372000000001, 7.4628430000000003], "Base_shear/KN": 178.59983700000001, "Eurocode_satsisfied_(1=yes,0=no)": 1.0}