{"Mass_Participation_total_cumulative(x,y,z)/%": [97.582604000000003, 99.751670000000004, 44.271096999999997], "Time_Period/s": [0.10346, 0.088230000000000003], "Mass_Participation_total/%": 77.245310000000003, "Mode": [5, 7], "Mass_Participation/%": [49.343789999999998, 5.2177939999999996], "Base_shear/KN": 153.283053, "Eurocode_satsisfied_(1=yes,0=no)": 0.0}