{"Mass_Participation_total_cumulative(x,y,z)/%": [71.915544999999995, 71.686853999999997, 21.882528000000001], "Time_Period/s": [0.088816000000000006], "Mass_Participation_total/%": 42.136744999999998, "Mode": [14], "Mass_Participation/%": [16.632300000000001], "Base_shear/KN": 83.744141999999997, "Eurocode_satsisfied_(1=yes,0=no)": 0.0}