{"Mass_Participation_total_cumulative(x,y,z)/%": [61.411835000000004, 61.019519000000003, 23.273530000000001], "Time_Period/s": [0.091153999999999999], "Mass_Participation_total/%": 51.716242000000001, "Mode": [16], "Mass_Participation/%": [29.939301], "Base_shear/KN": 82.539497999999995, "Eurocode_satsisfied_(1=yes,0=no)": 0.0}