{"Mass_Participation_total_cumulative(x,y,z)/%": [93.184571000000005, 119.783554, 39.923136], "Time_Period/s": [0.098982000000000001], "Mass_Participation_total/%": 95.972718, "Mode": [7], "Mass_Participation/%": [95.972718], "Base_shear/KN": 105.12742, "Eurocode_satsisfied_(1=yes,0=no)": 1.0}