{"Mass_Participation_total_cumulative(x,y,z)/%": [102.966047, 132.480277, 50.369070999999998], "Time_Period/s": [0.105459], "Mass_Participation_total/%": 84.414964999999995, "Mode": [7], "Mass_Participation/%": [77.388802999999996], "Base_shear/KN": 128.56691900000001, "Eurocode_satsisfied_(1=yes,0=no)": 0.0}