{"Mass_Participation_total_cumulative(x,y,z)/%": [54.242400000000004, 61.458672, 15.9758], "Time_Period/s": [0.099179000000000003, 0.084873000000000004], "Mass_Participation_total/%": 29.984432999999999, "Mode": [10, 14], "Mass_Participation/%": [11.858449999999999, 8.5614799999999995], "Base_shear/KN": 121.66531500000001, "Eurocode_satsisfied_(1=yes,0=no)": 0.0}