{"Mass_Participation_total_cumulative(x,y,z)/%": [136.84909099999999, 116.416454, 80.062595999999999], "Time_Period/s": [0.13780999999999999, 0.11099299999999999, 0.090105000000000005], "Mass_Participation_total/%": 101.69798400000001, "Mode": [2, 4, 7], "Mass_Participation/%": [24.852630999999999, 18.968700999999999, 13.157114999999999], "Base_shear/KN": 268.63883499999997, "Eurocode_satsisfied_(1=yes,0=no)": 1.0}