{"Mass_Participation_total_cumulative(x,y,z)/%": [58.927191999999998, 72.336755999999994, 36.404327000000002], "Time_Period/s": [0.102074], "Mass_Participation_total/%": 35.763043000000003, "Mode": [6], "Mass_Participation/%": [18.729151000000002], "Base_shear/KN": 103.54216, "Eurocode_satsisfied_(1=yes,0=no)": 0.0}