{"Mass_Participation_total_cumulative(x,y,z)/%": [94.767662999999999, 89.006249999999994, 41.487658000000003], "Time_Period/s": [0.099890999999999994], "Mass_Participation_total/%": 67.960346000000001, "Mode": [6], "Mass_Participation/%": [29.309419999999999], "Base_shear/KN": 103.521165, "Eurocode_satsisfied_(1=yes,0=no)": 0.0}