{"Mass_Participation_total_cumulative(x,y,z)/%": [101.364282, 98.439553000000004, 41.255575], "Time_Period/s": [0.098496], "Mass_Participation_total/%": 81.574442000000005, "Mode": [8], "Mass_Participation/%": [56.585822], "Base_shear/KN": 104.07635999999999, "Eurocode_satsisfied_(1=yes,0=no)": 0.0}