{"Mass_Participation_total_cumulative(x,y,z)/%": [75.142037000000002, 109.684639, 35.994596000000001], "Time_Period/s": [0.098613999999999993], "Mass_Participation_total/%": 93.268127000000007, "Mode": [8], "Mass_Participation/%": [93.268127000000007], "Base_shear/KN": 103.748833, "Eurocode_satsisfied_(1=yes,0=no)": 1.0}