{"Mass_Participation_total_cumulative(x,y,z)/%": [66.657651999999999, 64.529493000000002, 25.743086999999999], "Time_Period/s": [0.095624000000000001, 0.083176], "Mass_Participation_total/%": 43.639218999999997, "Mode": [10, 15], "Mass_Participation/%": [12.662477000000001, 5.3839750000000004], "Base_shear/KN": 121.45276, "Eurocode_satsisfied_(1=yes,0=no)": 0.0}