{"Mass_Participation_total_cumulative(x,y,z)/%": [135.39823699999999, 134.91927999999999, 35.930227000000002], "Time_Period/s": [0.099479999999999999], "Mass_Participation_total/%": 111.42559300000001, "Mode": [7], "Mass_Participation/%": [67.638941000000003], "Base_shear/KN": 102.478686, "Eurocode_satsisfied_(1=yes,0=no)": 1.0}