{"Mass_Participation_total_cumulative(x,y,z)/%": [114.066202, 126.458606, 69.044649000000007], "Time_Period/s": [0.110419], "Mass_Participation_total/%": 95.518711999999994, "Mode": [3], "Mass_Participation/%": [95.518711999999994], "Base_shear/KN": 142.668226, "Eurocode_satsisfied_(1=yes,0=no)": 1.0}