{"Mass_Participation_total_cumulative(x,y,z)/%": [117.840498, 117.027569, 49.924022999999998], "Time_Period/s": [0.10929999999999999], "Mass_Participation_total/%": 102.585714, "Mode": [4], "Mass_Participation/%": [102.585714], "Base_shear/KN": 135.060667, "Eurocode_satsisfied_(1=yes,0=no)": 1.0}