{"Mass_Participation_total_cumulative(x,y,z)/%": [132.72896499999999, 132.25933800000001, 37.453532000000003], "Time_Period/s": [0.097924999999999998], "Mass_Participation_total/%": 121.07282499999999, "Mode": [8], "Mass_Participation/%": [85.100565000000003], "Base_shear/KN": 101.601865, "Eurocode_satsisfied_(1=yes,0=no)": 1.0}