{"Mass_Participation_total_cumulative(x,y,z)/%": [81.099040000000002, 67.360096999999996, 53.856777999999998], "Time_Period/s": [0.105487], "Mass_Participation_total/%": 59.916949000000002, "Mode": [4], "Mass_Participation/%": [35.240532999999999], "Base_shear/KN": 130.546166, "Eurocode_satsisfied_(1=yes,0=no)": 0.0}