{"Mass_Participation_total_cumulative(x,y,z)/%": [36.030352999999998, 43.996982000000003, 22.677489000000001], "Time_Period/s": [0.095993999999999996], "Mass_Participation_total/%": 14.903758, "Mode": [17], "Mass_Participation/%": [9.3611989999999992], "Base_shear/KN": 86.593653000000003, "Eurocode_satsisfied_(1=yes,0=no)": 0.0}