{"Mass_Participation_total_cumulative(x,y,z)/%": [68.808199000000002, 68.876189999999994, 21.101853999999999], "Time_Period/s": [0.090827000000000005], "Mass_Participation_total/%": 45.113756000000002, "Mode": [10], "Mass_Participation/%": [36.593232999999998], "Base_shear/KN": 84.925055999999998, "Eurocode_satsisfied_(1=yes,0=no)": 0.0}