{"Mass_Participation_total_cumulative(x,y,z)/%": [58.739097999999998, 56.522371, 21.538243000000001], "Time_Period/s": [0.089640999999999998], "Mass_Participation_total/%": 33.990940000000002, "Mode": [13], "Mass_Participation/%": [24.811654999999998], "Base_shear/KN": 84.076104999999998, "Eurocode_satsisfied_(1=yes,0=no)": 0.0}