{"Mass_Participation_total_cumulative(x,y,z)/%": [56.647708000000002, 49.400599, 24.697241999999999], "Time_Period/s": [0.090517], "Mass_Participation_total/%": 23.5565, "Mode": [13], "Mass_Participation/%": [23.5565], "Base_shear/KN": 82.703632999999996, "Eurocode_satsisfied_(1=yes,0=no)": 0.0}