{"Mass_Participation_total_cumulative(x,y,z)/%": [67.445380999999998, 100.949848, 32.401558999999999], "Time_Period/s": [0.097414000000000001], "Mass_Participation_total/%": 78.742833000000005, "Mode": [8], "Mass_Participation/%": [78.742833000000005], "Base_shear/KN": 102.84886, "Eurocode_satsisfied_(1=yes,0=no)": 0.0}