{"Mass_Participation_total_cumulative(x,y,z)/%": [75.762088000000006, 123.895858, 37.836886], "Time_Period/s": [0.094589000000000006], "Mass_Participation_total/%": 56.645688999999997, "Mode": [11], "Mass_Participation/%": [21.652633000000002], "Base_shear/KN": 96.365151999999995, "Eurocode_satsisfied_(1=yes,0=no)": 0.0}