{"Mass_Participation_total_cumulative(x,y,z)/%": [94.381077000000005, 116.315459, 31.055391], "Time_Period/s": [0.098823999999999995], "Mass_Participation_total/%": 101.04043900000001, "Mode": [5], "Mass_Participation/%": [101.04043900000001], "Base_shear/KN": 104.15467099999999, "Eurocode_satsisfied_(1=yes,0=no)": 1.0}