{"Mass_Participation_total_cumulative(x,y,z)/%": [56.869472999999999, 45.439743999999997, 22.153158999999999], "Time_Period/s": [0.089776999999999996], "Mass_Participation_total/%": 26.059985000000001, "Mode": [15], "Mass_Participation/%": [19.514330999999999], "Base_shear/KN": 83.859714999999994, "Eurocode_satsisfied_(1=yes,0=no)": 0.0}