{"Mass_Participation_total_cumulative(x,y,z)/%": [87.674440000000004, 94.408235000000005, 64.898011999999994], "Time_Period/s": [0.10209500000000001], "Mass_Participation_total/%": 68.094606999999996, "Mode": [5], "Mass_Participation/%": [21.175070000000002], "Base_shear/KN": 128.44967800000001, "Eurocode_satsisfied_(1=yes,0=no)": 0.0}