{"Mass_Participation_total_cumulative(x,y,z)/%": [58.945996999999998, 48.906796, 21.532857], "Time_Period/s": [0.10377699999999999, 0.093306], "Mass_Participation_total/%": 37.697285999999998, "Mode": [7, 9], "Mass_Participation/%": [13.800905999999999, 11.513812], "Base_shear/KN": 123.474428, "Eurocode_satsisfied_(1=yes,0=no)": 0.0}