{"Mass_Participation_total_cumulative(x,y,z)/%": [122.950306, 107.585123, 50.844411999999998], "Time_Period/s": [0.108558], "Mass_Participation_total/%": 95.923563000000001, "Mode": [4], "Mass_Participation/%": [67.052447999999998], "Base_shear/KN": 138.50227799999999, "Eurocode_satsisfied_(1=yes,0=no)": 1.0}