{"Mass_Participation_total_cumulative(x,y,z)/%": [168.54839799999999, 170.26205899999999, 43.863261000000001], "Time_Period/s": [0.10838299999999999], "Mass_Participation_total/%": 139.29429999999999, "Mode": [4], "Mass_Participation/%": [71.923384999999996], "Base_shear/KN": 133.044768, "Eurocode_satsisfied_(1=yes,0=no)": 1.0}