{"Mass_Participation_total_cumulative(x,y,z)/%": [79.845394999999996, 63.362020999999999, 36.186143000000001], "Time_Period/s": [0.096685999999999994], "Mass_Participation_total/%": 50.020364000000001, "Mode": [7], "Mass_Participation/%": [21.353511999999998], "Base_shear/KN": 104.259608, "Eurocode_satsisfied_(1=yes,0=no)": 0.0}