{"Mass_Participation_total_cumulative(x,y,z)/%": [57.170982000000002, 84.453222999999994, 26.657281000000001], "Time_Period/s": [0.090533000000000002], "Mass_Participation_total/%": 74.945027999999994, "Mode": [20], "Mass_Participation/%": [69.761667000000003], "Base_shear/KN": 82.152872000000002, "Eurocode_satsisfied_(1=yes,0=no)": 0.0}