{"Mass_Participation_total_cumulative(x,y,z)/%": [103.275581, 101.567108, 38.545467000000002], "Time_Period/s": [0.097784999999999997, 0.078462000000000004], "Mass_Participation_total/%": 90.411308000000005, "Mode": [7, 10], "Mass_Participation/%": [39.442188000000002, 5.193867], "Base_shear/KN": 143.281328, "Eurocode_satsisfied_(1=yes,0=no)": 1.0}