{"Mass_Participation_total_cumulative(x,y,z)/%": [119.524461, 125.269327, 35.143732], "Time_Period/s": [0.099376000000000006], "Mass_Participation_total/%": 99.210367000000005, "Mode": [5], "Mass_Participation/%": [56.016585999999997], "Base_shear/KN": 105.564492, "Eurocode_satsisfied_(1=yes,0=no)": 1.0}