{"Mass_Participation_total_cumulative(x,y,z)/%": [127.48151900000001, 119.54286, 44.388458], "Time_Period/s": [0.106714], "Mass_Participation_total/%": 95.037420999999995, "Mode": [4], "Mass_Participation/%": [63.445431999999997], "Base_shear/KN": 128.96253200000001, "Eurocode_satsisfied_(1=yes,0=no)": 1.0}