{"Mass_Participation_total_cumulative(x,y,z)/%": [95.469112999999993, 99.226759000000001, 44.373576999999997], "Time_Period/s": [0.102245, 0.079353999999999994], "Mass_Participation_total/%": 87.025246999999993, "Mode": [4, 9], "Mass_Participation/%": [67.707355000000007, 5.8052339999999996], "Base_shear/KN": 147.77625900000001, "Eurocode_satsisfied_(1=yes,0=no)": 0.0}