{"Mass_Participation_total_cumulative(x,y,z)/%": [95.573635999999993, 94.604100000000003, 51.018236000000002], "Time_Period/s": [0.106558], "Mass_Participation_total/%": 83.058492999999999, "Mode": [4], "Mass_Participation/%": [60.853718000000001], "Base_shear/KN": 132.092578, "Eurocode_satsisfied_(1=yes,0=no)": 0.0}