{"Mass_Participation_total_cumulative(x,y,z)/%": [92.804280000000006, 87.036647000000002, 50.790359000000002], "Time_Period/s": [0.111112, 0.096329999999999999], "Mass_Participation_total/%": 78.698856000000006, "Mode": [3, 6], "Mass_Participation/%": [34.189483000000003, 5.475015], "Base_shear/KN": 182.66794100000001, "Eurocode_satsisfied_(1=yes,0=no)": 0.0}