{"Mass_Participation_total_cumulative(x,y,z)/%": [113.176365, 115.444543, 51.351441999999999], "Time_Period/s": [0.107], "Mass_Participation_total/%": 103.20231099999999, "Mode": [5], "Mass_Participation/%": [73.143477000000004], "Base_shear/KN": 129.331469, "Eurocode_satsisfied_(1=yes,0=no)": 1.0}