{"Mass_Participation_total_cumulative(x,y,z)/%": [82.564881999999997, 74.870468000000002, 36.832715], "Time_Period/s": [0.095339999999999994], "Mass_Participation_total/%": 63.036290000000001, "Mode": [11], "Mass_Participation/%": [31.886282000000001], "Base_shear/KN": 101.717139, "Eurocode_satsisfied_(1=yes,0=no)": 0.0}