{"Mass_Participation_total_cumulative(x,y,z)/%": [86.184072, 114.917636, 40.171599000000001], "Time_Period/s": [0.092881000000000005], "Mass_Participation_total/%": 68.586385000000007, "Mode": [8], "Mass_Participation/%": [25.137799000000001], "Base_shear/KN": 101.874629, "Eurocode_satsisfied_(1=yes,0=no)": 0.0}