{"Mass_Participation_total_cumulative(x,y,z)/%": [105.307793, 96.094223999999997, 35.394779], "Time_Period/s": [0.094697000000000003], "Mass_Participation_total/%": 78.415672999999998, "Mode": [9], "Mass_Participation/%": [32.889564], "Base_shear/KN": 100.928273, "Eurocode_satsisfied_(1=yes,0=no)": 0.0}