{"Mass_Participation_total_cumulative(x,y,z)/%": [98.924043999999995, 72.847905999999995, 36.237568000000003], "Time_Period/s": [0.092606999999999995, 0.079754000000000005], "Mass_Participation_total/%": 73.945791999999997, "Mode": [8, 9], "Mass_Participation/%": [23.369437999999999, 8.0453679999999999], "Base_shear/KN": 138.26225099999999, "Eurocode_satsisfied_(1=yes,0=no)": 0.0}