{"Mass_Participation_total_cumulative(x,y,z)/%": [87.974575999999999, 68.057143999999994, 36.941625000000002], "Time_Period/s": [0.100465, 0.088395000000000001], "Mass_Participation_total/%": 67.470121000000006, "Mode": [7, 10], "Mass_Participation/%": [24.480419000000001, 16.155792000000002], "Base_shear/KN": 141.772492, "Eurocode_satsisfied_(1=yes,0=no)": 0.0}