{"Mass_Participation_total_cumulative(x,y,z)/%": [48.058438000000002, 48.914746000000001, 17.614235000000001], "Time_Period/s": [0.103544, 0.084455000000000002], "Mass_Participation_total/%": 24.932541000000001, "Mode": [6, 11], "Mass_Participation/%": [14.673057, 10.259484], "Base_shear/KN": 120.251875, "Eurocode_satsisfied_(1=yes,0=no)": 0.0}