{"Mass_Participation_total_cumulative(x,y,z)/%": [100.353729, 120.79379299999999, 51.272567000000002], "Time_Period/s": [0.10607800000000001], "Mass_Participation_total/%": 105.399694, "Mode": [4], "Mass_Participation/%": [105.399694], "Base_shear/KN": 133.57110700000001, "Eurocode_satsisfied_(1=yes,0=no)": 1.0}