{"Mass_Participation_total_cumulative(x,y,z)/%": [90.283216999999993, 89.567036000000002, 49.198689999999999], "Time_Period/s": [0.106223], "Mass_Participation_total/%": 75.998688000000001, "Mode": [5], "Mass_Participation/%": [41.987194000000002], "Base_shear/KN": 128.410674, "Eurocode_satsisfied_(1=yes,0=no)": 0.0}