{"Mass_Participation_total_cumulative(x,y,z)/%": [116.263139, 105.15940500000001, 54.506568000000001], "Time_Period/s": [0.11390699999999999, 0.098322999999999994, 0.087252999999999997], "Mass_Participation_total/%": 93.022757999999996, "Mode": [2, 4, 5], "Mass_Participation/%": [68.754394000000005, 8.3333480000000009, 6.307887], "Base_shear/KN": 226.59836000000001, "Eurocode_satsisfied_(1=yes,0=no)": 1.0}