{"Mass_Participation_total_cumulative(x,y,z)/%": [97.687402000000006, 83.158422999999999, 43.357242999999997], "Time_Period/s": [0.097071000000000005, 0.083085999999999993, 0.074709999999999999], "Mass_Participation_total/%": 72.669820999999999, "Mode": [7, 8, 9], "Mass_Participation/%": [18.561945999999999, 7.9798840000000002, 5.5840399999999999], "Base_shear/KN": 170.38529399999999, "Eurocode_satsisfied_(1=yes,0=no)": 1.0}