{"Mass_Participation_total_cumulative(x,y,z)/%": [84.643990000000002, 81.994472999999999, 32.115898000000001], "Time_Period/s": [0.099971000000000004, 0.082914000000000002], "Mass_Participation_total/%": 71.792294999999996, "Mode": [6, 10], "Mass_Participation/%": [56.555402999999998, 8.7269330000000007], "Base_shear/KN": 138.06554299999999, "Eurocode_satsisfied_(1=yes,0=no)": 0.0}