{"Mass_Participation_total_cumulative(x,y,z)/%": [70.237127999999998, 63.325512000000003, 22.519098], "Time_Period/s": [0.12156500000000001, 0.095453999999999997, 0.078493999999999994], "Mass_Participation_total/%": 40.699261999999997, "Mode": [5, 9, 17], "Mass_Participation/%": [12.231367000000001, 8.5876990000000006, 5.153238], "Base_shear/KN": 157.12152699999999, "Eurocode_satsisfied_(1=yes,0=no)": 1.0}