{"Mass_Participation_total_cumulative(x,y,z)/%": [79.354387000000003, 87.450500000000005, 36.992189000000003], "Time_Period/s": [0.098630999999999996], "Mass_Participation_total/%": 66.951047000000003, "Mode": [8], "Mass_Participation/%": [40.073886000000002], "Base_shear/KN": 101.928945, "Eurocode_satsisfied_(1=yes,0=no)": 0.0}