{"Mass_Participation_total_cumulative(x,y,z)/%": [62.614573999999998, 55.998466000000001, 21.031465000000001], "Time_Period/s": [0.088107000000000005], "Mass_Participation_total/%": 37.477615, "Mode": [16], "Mass_Participation/%": [15.669309], "Base_shear/KN": 83.270565000000005, "Eurocode_satsisfied_(1=yes,0=no)": 0.0}