{"Mass_Participation_total_cumulative(x,y,z)/%": [92.616286000000002, 105.962135, 59.738256999999997], "Time_Period/s": [0.11522], "Mass_Participation_total/%": 68.840980999999999, "Mode": [2], "Mass_Participation/%": [43.949508000000002], "Base_shear/KN": 147.96068299999999, "Eurocode_satsisfied_(1=yes,0=no)": 0.0}