{"Mass_Participation_total_cumulative(x,y,z)/%": [85.591945999999993, 81.450705999999997, 36.486446999999998], "Time_Period/s": [0.097059000000000006], "Mass_Participation_total/%": 71.027417999999997, "Mode": [10], "Mass_Participation/%": [38.374119999999998], "Base_shear/KN": 101.24527399999999, "Eurocode_satsisfied_(1=yes,0=no)": 0.0}