{"Mass_Participation_total_cumulative(x,y,z)/%": [189.26914300000001, 190.60665, 58.408504999999998], "Time_Period/s": [0.107388], "Mass_Participation_total/%": 91.173516000000006, "Mode": [5], "Mass_Participation/%": [91.173516000000006], "Base_shear/KN": 131.87660399999999, "Eurocode_satsisfied_(1=yes,0=no)": 1.0}