{"Mass_Participation_total_cumulative(x,y,z)/%": [100.27783599999999, 92.378287, 38.079590000000003], "Time_Period/s": [0.099773000000000001], "Mass_Participation_total/%": 78.472069000000005, "Mode": [7], "Mass_Participation/%": [37.782285000000002], "Base_shear/KN": 110.160163, "Eurocode_satsisfied_(1=yes,0=no)": 0.0}