{"Mass_Participation_total_cumulative(x,y,z)/%": [92.361465999999993, 71.866031000000007, 40.461905999999999], "Time_Period/s": [0.10070900000000001], "Mass_Participation_total/%": 54.257708000000001, "Mode": [5], "Mass_Participation/%": [35.547683999999997], "Base_shear/KN": 107.828288, "Eurocode_satsisfied_(1=yes,0=no)": 0.0}