{"Mass_Participation_total_cumulative(x,y,z)/%": [104.051286, 98.334085999999999, 34.481726000000002], "Time_Period/s": [0.098447000000000007], "Mass_Participation_total/%": 81.670728999999994, "Mode": [8], "Mass_Participation/%": [58.718589999999999], "Base_shear/KN": 104.696906, "Eurocode_satsisfied_(1=yes,0=no)": 0.0}