{"Mass_Participation_total_cumulative(x,y,z)/%": [49.916353999999998, 53.960402999999999, 21.005654], "Time_Period/s": [0.088961999999999999], "Mass_Participation_total/%": 30.485506000000001, "Mode": [13], "Mass_Participation/%": [30.485506000000001], "Base_shear/KN": 83.568562, "Eurocode_satsisfied_(1=yes,0=no)": 0.0}