{"Mass_Participation_total_cumulative(x,y,z)/%": [132.91578899999999, 95.272621000000001, 61.549976000000001], "Time_Period/s": [0.107588], "Mass_Participation_total/%": 95.884354999999999, "Mode": [3], "Mass_Participation/%": [95.884354999999999], "Base_shear/KN": 133.00355099999999, "Eurocode_satsisfied_(1=yes,0=no)": 1.0}