{"Mass_Participation_total_cumulative(x,y,z)/%": [82.686610000000002, 77.204858999999999, 33.753273], "Time_Period/s": [0.10070900000000001], "Mass_Participation_total/%": 59.911143000000003, "Mode": [6], "Mass_Participation/%": [21.055223000000002], "Base_shear/KN": 106.49641200000001, "Eurocode_satsisfied_(1=yes,0=no)": 0.0}