{"Mass_Participation_total_cumulative(x,y,z)/%": [127.70818800000001, 117.233166, 39.958461], "Time_Period/s": [0.103697, 0.086837999999999999], "Mass_Participation_total/%": 91.906233, "Mode": [5, 8], "Mass_Participation/%": [50.172933999999998, 11.413686999999999], "Base_shear/KN": 156.75441699999999, "Eurocode_satsisfied_(1=yes,0=no)": 1.0}