{"Mass_Participation_total_cumulative(x,y,z)/%": [140.674511, 131.114938, 40.796168999999999], "Time_Period/s": [0.10094500000000001], "Mass_Participation_total/%": 111.60285399999999, "Mode": [6], "Mass_Participation/%": [82.982545999999999], "Base_shear/KN": 104.719979, "Eurocode_satsisfied_(1=yes,0=no)": 1.0}