{"Mass_Participation_total_cumulative(x,y,z)/%": [121.948061, 114.826165, 64.821248999999995], "Time_Period/s": [0.107503], "Mass_Participation_total/%": 100.722948, "Mode": [4], "Mass_Participation/%": [65.967834999999994], "Base_shear/KN": 130.10306600000001, "Eurocode_satsisfied_(1=yes,0=no)": 1.0}