{"Mass_Participation_total_cumulative(x,y,z)/%": [100.773872, 117.716369, 75.252905999999996], "Time_Period/s": [0.113139, 0.094917000000000001], "Mass_Participation_total/%": 89.995338000000004, "Mode": [3, 6], "Mass_Participation/%": [23.113745999999999, 20.506394], "Base_shear/KN": 183.19183000000001, "Eurocode_satsisfied_(1=yes,0=no)": 0.0}