{"Mass_Participation_total_cumulative(x,y,z)/%": [90.428167999999999, 77.829593000000003, 42.96528], "Time_Period/s": [0.103306, 0.087706999999999993], "Mass_Participation_total/%": 59.868889000000003, "Mode": [6, 8], "Mass_Participation/%": [22.122812, 9.3510729999999995], "Base_shear/KN": 146.60783499999999, "Eurocode_satsisfied_(1=yes,0=no)": 0.0}