{"Mass_Participation_total_cumulative(x,y,z)/%": [97.394582999999997, 83.481354999999994, 38.430777999999997], "Time_Period/s": [0.101267, 0.090995000000000006], "Mass_Participation_total/%": 72.536591999999999, "Mode": [6, 9], "Mass_Participation/%": [38.893801000000003, 7.7536579999999997], "Base_shear/KN": 144.53012699999999, "Eurocode_satsisfied_(1=yes,0=no)": 0.0}