{"Mass_Participation_total_cumulative(x,y,z)/%": [57.157668000000001, 50.073193000000003, 14.687733], "Time_Period/s": [0.091636999999999996], "Mass_Participation_total/%": 31.330573000000001, "Mode": [10], "Mass_Participation/%": [26.054416], "Base_shear/KN": 85.235404000000003, "Eurocode_satsisfied_(1=yes,0=no)": 0.0}