{"Mass_Participation_total_cumulative(x,y,z)/%": [79.031681000000006, 131.03589500000001, 37.357391999999997], "Time_Period/s": [0.100843], "Mass_Participation_total/%": 63.593058999999997, "Mode": [6], "Mass_Participation/%": [21.925681000000001], "Base_shear/KN": 102.625103, "Eurocode_satsisfied_(1=yes,0=no)": 0.0}