{"Mass_Participation_total_cumulative(x,y,z)/%": [83.017351000000005, 120.440437, 36.000404000000003], "Time_Period/s": [0.101317, 0.086832999999999994, 0.074435000000000001], "Mass_Participation_total/%": 77.695834000000005, "Mode": [4, 9, 12], "Mass_Participation/%": [43.543120999999999, 11.524469, 8.9340119999999992], "Base_shear/KN": 165.356358, "Eurocode_satsisfied_(1=yes,0=no)": 1.0}