{"Mass_Participation_total_cumulative(x,y,z)/%": [114.342929, 141.66769600000001, 39.537002999999999], "Time_Period/s": [0.098641000000000006], "Mass_Participation_total/%": 108.98375299999999, "Mode": [7], "Mass_Participation/%": [108.98375299999999], "Base_shear/KN": 103.99938, "Eurocode_satsisfied_(1=yes,0=no)": 1.0}