{"Mass_Participation_total_cumulative(x,y,z)/%": [67.453159999999997, 58.466551000000003, 21.372199999999999], "Time_Period/s": [0.090088000000000001], "Mass_Participation_total/%": 44.074513000000003, "Mode": [11], "Mass_Participation/%": [28.757997], "Base_shear/KN": 84.348838000000001, "Eurocode_satsisfied_(1=yes,0=no)": 0.0}