{"Mass_Participation_total_cumulative(x,y,z)/%": [90.455983000000003, 79.450312999999994, 28.143135000000001], "Time_Period/s": [0.095233999999999999], "Mass_Participation_total/%": 72.633984999999996, "Mode": [8], "Mass_Participation/%": [23.04608], "Base_shear/KN": 104.294197, "Eurocode_satsisfied_(1=yes,0=no)": 0.0}