{"Mass_Participation_total_cumulative(x,y,z)/%": [74.569399000000004, 69.094408000000001, 23.394003999999999], "Time_Period/s": [0.096473000000000003, 0.084620000000000001], "Mass_Participation_total/%": 44.756089000000003, "Mode": [10, 14], "Mass_Participation/%": [21.541741999999999, 17.060973000000001], "Base_shear/KN": 120.963787, "Eurocode_satsisfied_(1=yes,0=no)": 0.0}