{"Mass_Participation_total_cumulative(x,y,z)/%": [77.749778000000006, 66.415426999999994, 51.301698999999999], "Time_Period/s": [0.10889500000000001], "Mass_Participation_total/%": 53.727207, "Mode": [3], "Mass_Participation/%": [42.559561000000002], "Base_shear/KN": 128.60672299999999, "Eurocode_satsisfied_(1=yes,0=no)": 0.0}