{"Mass_Participation_total_cumulative(x,y,z)/%": [107.712059, 128.94413399999999, 52.587857999999997], "Time_Period/s": [0.11532100000000001, 0.098363000000000006], "Mass_Participation_total/%": 90.315181999999993, "Mode": [3, 6], "Mass_Participation/%": [30.598126000000001, 14.799597], "Base_shear/KN": 185.641704, "Eurocode_satsisfied_(1=yes,0=no)": 1.0}