{"Mass_Participation_total_cumulative(x,y,z)/%": [116.627886, 118.626705, 38.777442999999998], "Time_Period/s": [0.10256700000000001], "Mass_Participation_total/%": 90.298122000000006, "Mode": [5], "Mass_Participation/%": [83.053081000000006], "Base_shear/KN": 111.202279, "Eurocode_satsisfied_(1=yes,0=no)": 1.0}