{"Mass_Participation_total_cumulative(x,y,z)/%": [98.924043999999995, 72.847905999999995, 36.237568000000003], "Time_Period/s": [0.097512000000000001], "Mass_Participation_total/%": 57.844527999999997, "Mode": [7], "Mass_Participation/%": [26.595707999999998], "Base_shear/KN": 105.65458099999999, "Eurocode_satsisfied_(1=yes,0=no)": 0.0}