{"Mass_Participation_total_cumulative(x,y,z)/%": [60.579636999999998, 55.000554999999999, 25.098269999999999], "Time_Period/s": [0.088889999999999997], "Mass_Participation_total/%": 37.969166999999999, "Mode": [16], "Mass_Participation/%": [13.12369], "Base_shear/KN": 83.059854999999999, "Eurocode_satsisfied_(1=yes,0=no)": 0.0}