{"Mass_Participation_total_cumulative(x,y,z)/%": [108.493939, 120.742964, 64.937421000000001], "Time_Period/s": [0.107208], "Mass_Participation_total/%": 85.0809, "Mode": [4], "Mass_Participation/%": [71.713605000000001], "Base_shear/KN": 136.42101500000001, "Eurocode_satsisfied_(1=yes,0=no)": 0.0}