{"Mass_Participation_total_cumulative(x,y,z)/%": [89.827624999999998, 79.761538999999999, 35.622857000000003], "Time_Period/s": [0.097125000000000003], "Mass_Participation_total/%": 72.703599999999994, "Mode": [9], "Mass_Participation/%": [44.989189000000003], "Base_shear/KN": 102.025744, "Eurocode_satsisfied_(1=yes,0=no)": 0.0}