{"Mass_Participation_total_cumulative(x,y,z)/%": [71.071122000000003, 62.578721000000002, 24.531582], "Time_Period/s": [0.092149999999999996], "Mass_Participation_total/%": 45.646847000000001, "Mode": [13], "Mass_Participation/%": [13.143257999999999], "Base_shear/KN": 84.044332999999995, "Eurocode_satsisfied_(1=yes,0=no)": 0.0}