{"Mass_Participation_total_cumulative(x,y,z)/%": [129.34499500000001, 130.512877, 62.281621000000001], "Time_Period/s": [0.10979999999999999], "Mass_Participation_total/%": 102.471616, "Mode": [3], "Mass_Participation/%": [102.471616], "Base_shear/KN": 135.875721, "Eurocode_satsisfied_(1=yes,0=no)": 1.0}