{"Mass_Participation_total_cumulative(x,y,z)/%": [151.73814400000001, 143.751464, 57.810059000000003], "Time_Period/s": [0.10921699999999999], "Mass_Participation_total/%": 102.12112399999999, "Mode": [3], "Mass_Participation/%": [102.12112399999999], "Base_shear/KN": 133.78747100000001, "Eurocode_satsisfied_(1=yes,0=no)": 1.0}