{"Mass_Participation_total_cumulative(x,y,z)/%": [102.142393, 116.10077099999999, 46.539349999999999], "Time_Period/s": [0.103898], "Mass_Participation_total/%": 84.310951000000003, "Mode": [4], "Mass_Participation/%": [62.461123999999998], "Base_shear/KN": 124.67392700000001, "Eurocode_satsisfied_(1=yes,0=no)": 0.0}