{"Mass_Participation_total_cumulative(x,y,z)/%": [88.180029000000005, 107.191152, 33.536208000000002], "Time_Period/s": [0.099655999999999995], "Mass_Participation_total/%": 90.074796000000006, "Mode": [7], "Mass_Participation/%": [75.871184999999997], "Base_shear/KN": 103.366879, "Eurocode_satsisfied_(1=yes,0=no)": 1.0}