{"Mass_Participation_total_cumulative(x,y,z)/%": [112.2106, 74.773598000000007, 57.477473000000003], "Time_Period/s": [0.10967], "Mass_Participation_total/%": 91.702676999999994, "Mode": [3], "Mass_Participation/%": [86.702239000000006], "Base_shear/KN": 134.451694, "Eurocode_satsisfied_(1=yes,0=no)": 1.0}