{"Mass_Participation_total_cumulative(x,y,z)/%": [116.685796, 102.73789600000001, 38.505485], "Time_Period/s": [0.13306699999999999, 0.10353900000000001, 0.091856999999999994, 0.076629000000000003], "Mass_Participation_total/%": 91.691232999999997, "Mode": [2, 4, 6, 9], "Mass_Participation/%": [23.758763999999999, 18.645676999999999, 15.196808000000001, 7.9116520000000001], "Base_shear/KN": 219.22730300000001, "Eurocode_satsisfied_(1=yes,0=no)": 1.0}