{"Mass_Participation_total_cumulative(x,y,z)/%": [120.077118, 142.92926600000001, 46.929084000000003], "Time_Period/s": [0.108053], "Mass_Participation_total/%": 106.129734, "Mode": [4], "Mass_Participation/%": [50.843007], "Base_shear/KN": 129.93920700000001, "Eurocode_satsisfied_(1=yes,0=no)": 1.0}