{"Mass_Participation_total_cumulative(x,y,z)/%": [102.29596100000001, 99.787779999999998, 32.102863999999997], "Time_Period/s": [0.116977, 0.092605999999999994, 0.065962999999999994], "Mass_Participation_total/%": 77.344207999999995, "Mode": [2, 4, 12], "Mass_Participation/%": [35.932896999999997, 19.396605000000001, 7.9791239999999997], "Base_shear/KN": 184.931815, "Eurocode_satsisfied_(1=yes,0=no)": 1.0}