{"Mass_Participation_total_cumulative(x,y,z)/%": [100.04144599999999, 99.932499000000007, 44.393247000000002], "Time_Period/s": [0.10556], "Mass_Participation_total/%": 88.032286999999997, "Mode": [6], "Mass_Participation/%": [42.485878999999997], "Base_shear/KN": 128.58434500000001, "Eurocode_satsisfied_(1=yes,0=no)": 0.0}