{"Mass_Participation_total_cumulative(x,y,z)/%": [120.406037, 132.321898, 39.249555999999998], "Time_Period/s": [0.097582000000000002], "Mass_Participation_total/%": 94.919799999999995, "Mode": [8], "Mass_Participation/%": [46.159826000000002], "Base_shear/KN": 101.867868, "Eurocode_satsisfied_(1=yes,0=no)": 1.0}