{"Mass_Participation_total_cumulative(x,y,z)/%": [61.648570999999997, 63.693655999999997, 25.11617], "Time_Period/s": [0.092911999999999995], "Mass_Participation_total/%": 44.388814000000004, "Mode": [18], "Mass_Participation/%": [29.968540999999998], "Base_shear/KN": 83.254749000000004, "Eurocode_satsisfied_(1=yes,0=no)": 0.0}