{"Mass_Participation_total_cumulative(x,y,z)/%": [88.744574, 83.778017000000006, 34.529867000000003], "Time_Period/s": [0.095076999999999995], "Mass_Participation_total/%": 73.585864999999998, "Mode": [10], "Mass_Participation/%": [23.444002000000001], "Base_shear/KN": 103.090935, "Eurocode_satsisfied_(1=yes,0=no)": 0.0}