{"Mass_Participation_total_cumulative(x,y,z)/%": [85.752662000000001, 80.712254999999999, 36.260759], "Time_Period/s": [0.095728999999999995], "Mass_Participation_total/%": 71.911348000000004, "Mode": [8], "Mass_Participation/%": [32.285279000000003], "Base_shear/KN": 102.113702, "Eurocode_satsisfied_(1=yes,0=no)": 0.0}