{"Mass_Participation_total_cumulative(x,y,z)/%": [79.118011999999993, 91.852065999999994, 35.455502000000003], "Time_Period/s": [0.102238], "Mass_Participation_total/%": 59.097794999999998, "Mode": [4], "Mass_Participation/%": [20.878084000000001], "Base_shear/KN": 104.93483000000001, "Eurocode_satsisfied_(1=yes,0=no)": 0.0}