{"Mass_Participation_total_cumulative(x,y,z)/%": [82.826656, 111.58057700000001, 39.229396000000001], "Time_Period/s": [0.098636000000000001], "Mass_Participation_total/%": 94.669999000000004, "Mode": [7], "Mass_Participation/%": [94.669999000000004], "Base_shear/KN": 102.90442299999999, "Eurocode_satsisfied_(1=yes,0=no)": 1.0}