{"Mass_Participation_total_cumulative(x,y,z)/%": [78.359005999999994, 79.263053999999997, 23.894756999999998], "Time_Period/s": [0.094094999999999998, 0.078863000000000003], "Mass_Participation_total/%": 58.009349999999998, "Mode": [9, 12], "Mass_Participation/%": [22.576943, 8.8366810000000005], "Base_shear/KN": 121.900069, "Eurocode_satsisfied_(1=yes,0=no)": 0.0}