{"Mass_Participation_total_cumulative(x,y,z)/%": [58.279210999999997, 50.522817000000003, 20.01482], "Time_Period/s": [0.097675999999999999], "Mass_Participation_total/%": 30.642282999999999, "Mode": [8], "Mass_Participation/%": [23.432663999999999], "Base_shear/KN": 88.490566000000001, "Eurocode_satsisfied_(1=yes,0=no)": 0.0}