{"Mass_Participation_total_cumulative(x,y,z)/%": [60.524763999999998, 55.628895999999997, 19.132653999999999], "Time_Period/s": [0.088299000000000002], "Mass_Participation_total/%": 39.397087999999997, "Mode": [13], "Mass_Participation/%": [15.202662999999999], "Base_shear/KN": 84.334528000000006, "Eurocode_satsisfied_(1=yes,0=no)": 0.0}