{"Mass_Participation_total_cumulative(x,y,z)/%": [67.956945000000005, 62.487031999999999, 24.186192999999999], "Time_Period/s": [0.100342], "Mass_Participation_total/%": 36.502549999999999, "Mode": [8], "Mass_Participation/%": [36.502549999999999], "Base_shear/KN": 88.929867000000002, "Eurocode_satsisfied_(1=yes,0=no)": 0.0}