{"Mass_Participation_total_cumulative(x,y,z)/%": [88.637549000000007, 119.397535, 53.36844], "Time_Period/s": [0.10838399999999999], "Mass_Participation_total/%": 100.28804599999999, "Mode": [3], "Mass_Participation/%": [100.28804599999999], "Base_shear/KN": 132.18014299999999, "Eurocode_satsisfied_(1=yes,0=no)": 1.0}