{"Mass_Participation_total_cumulative(x,y,z)/%": [112.105524, 117.779708, 48.730665999999999], "Time_Period/s": [0.107941], "Mass_Participation_total/%": 92.428695000000005, "Mode": [4], "Mass_Participation/%": [58.019511999999999], "Base_shear/KN": 132.99027899999999, "Eurocode_satsisfied_(1=yes,0=no)": 1.0}