{"Mass_Participation_total_cumulative(x,y,z)/%": [91.347931000000003, 106.828683, 35.129095999999997], "Time_Period/s": [0.10124, 0.086921999999999999], "Mass_Participation_total/%": 74.059359000000001, "Mode": [6, 9], "Mass_Participation/%": [30.918927, 12.803527000000001], "Base_shear/KN": 144.377971, "Eurocode_satsisfied_(1=yes,0=no)": 0.0}