{"Mass_Participation_total_cumulative(x,y,z)/%": [106.21585, 110.156927, 49.384349999999998], "Time_Period/s": [0.106956], "Mass_Participation_total/%": 90.698742999999993, "Mode": [4], "Mass_Participation/%": [45.400748999999998], "Base_shear/KN": 129.022854, "Eurocode_satsisfied_(1=yes,0=no)": 1.0}