{"Mass_Participation_total_cumulative(x,y,z)/%": [147.354589, 156.40385800000001, 53.400877999999999], "Time_Period/s": [0.10619000000000001], "Mass_Participation_total/%": 91.380469000000005, "Mode": [5], "Mass_Participation/%": [91.380469000000005], "Base_shear/KN": 131.811665, "Eurocode_satsisfied_(1=yes,0=no)": 1.0}