{"Mass_Participation_total_cumulative(x,y,z)/%": [120.833437, 117.79227400000001, 66.884726999999998], "Time_Period/s": [0.107016], "Mass_Participation_total/%": 90.021568000000002, "Mode": [5], "Mass_Participation/%": [62.569786999999998], "Base_shear/KN": 129.656418, "Eurocode_satsisfied_(1=yes,0=no)": 1.0}