{"Mass_Participation_total_cumulative(x,y,z)/%": [107.863501, 114.976839, 51.166254000000002], "Time_Period/s": [0.10527400000000001], "Mass_Participation_total/%": 91.907562999999996, "Mode": [6], "Mass_Participation/%": [77.679443000000006], "Base_shear/KN": 128.30482900000001, "Eurocode_satsisfied_(1=yes,0=no)": 1.0}