{"Mass_Participation_total_cumulative(x,y,z)/%": [63.350160000000002, 66.219475000000003, 23.812206], "Time_Period/s": [0.089463000000000001], "Mass_Participation_total/%": 50.822656000000002, "Mode": [17], "Mass_Participation/%": [35.396203], "Base_shear/KN": 82.544065000000003, "Eurocode_satsisfied_(1=yes,0=no)": 0.0}