{"Mass_Participation_total_cumulative(x,y,z)/%": [102.59057799999999, 118.372918, 34.641846999999999], "Time_Period/s": [0.10222299999999999, 0.087595000000000006], "Mass_Participation_total/%": 91.170401999999996, "Mode": [5, 8], "Mass_Participation/%": [74.629183999999995, 5.5287269999999999], "Base_shear/KN": 153.50475, "Eurocode_satsisfied_(1=yes,0=no)": 1.0}