{"Mass_Participation_total_cumulative(x,y,z)/%": [52.916713000000001, 65.949247999999997, 24.397732999999999], "Time_Period/s": [0.093315999999999996], "Mass_Participation_total/%": 28.913554999999999, "Mode": [10], "Mass_Participation/%": [28.913554999999999], "Base_shear/KN": 83.804556000000005, "Eurocode_satsisfied_(1=yes,0=no)": 0.0}