{"Mass_Participation_total_cumulative(x,y,z)/%": [70.573498999999998, 66.645073999999994, 25.251930999999999], "Time_Period/s": [0.089889999999999998], "Mass_Participation_total/%": 42.008341000000001, "Mode": [12], "Mass_Participation/%": [24.064647000000001], "Base_shear/KN": 84.302554000000001, "Eurocode_satsisfied_(1=yes,0=no)": 0.0}