{"Mass_Participation_total_cumulative(x,y,z)/%": [110.877673, 147.96010899999999, 54.791645000000003], "Time_Period/s": [0.107214], "Mass_Participation_total/%": 114.178095, "Mode": [5], "Mass_Participation/%": [114.178095], "Base_shear/KN": 129.277061, "Eurocode_satsisfied_(1=yes,0=no)": 1.0}