{"Mass_Participation_total_cumulative(x,y,z)/%": [99.939773000000002, 93.693254999999994, 38.400694999999999], "Time_Period/s": [0.098964999999999997], "Mass_Participation_total/%": 75.877072999999996, "Mode": [7], "Mass_Participation/%": [27.339153], "Base_shear/KN": 105.66907, "Eurocode_satsisfied_(1=yes,0=no)": 0.0}