{"Mass_Participation_total_cumulative(x,y,z)/%": [74.745087999999996, 71.290898999999996, 38.745280999999999], "Time_Period/s": [0.095140000000000002], "Mass_Participation_total/%": 58.152048999999998, "Mode": [7], "Mass_Participation/%": [18.768073999999999], "Base_shear/KN": 104.179453, "Eurocode_satsisfied_(1=yes,0=no)": 0.0}