{"Mass_Participation_total_cumulative(x,y,z)/%": [89.567971, 87.234697999999995, 34.135348999999998], "Time_Period/s": [0.102067], "Mass_Participation_total/%": 70.055531000000002, "Mode": [5], "Mass_Participation/%": [56.085932], "Base_shear/KN": 111.179258, "Eurocode_satsisfied_(1=yes,0=no)": 0.0}