{"Mass_Participation_total_cumulative(x,y,z)/%": [101.32208, 105.754322, 36.219861000000002], "Time_Period/s": [0.098551, 0.083650000000000002], "Mass_Participation_total/%": 83.148216000000005, "Mode": [7, 9], "Mass_Participation/%": [27.197286999999999, 6.9017160000000004], "Base_shear/KN": 140.770881, "Eurocode_satsisfied_(1=yes,0=no)": 0.0}