{"Mass_Participation_total_cumulative(x,y,z)/%": [99.967517000000001, 94.797612000000001, 37.755963000000001], "Time_Period/s": [0.097529000000000005], "Mass_Participation_total/%": 75.326498999999998, "Mode": [8], "Mass_Participation/%": [44.372078000000002], "Base_shear/KN": 102.48720400000001, "Eurocode_satsisfied_(1=yes,0=no)": 0.0}