{"Mass_Participation_total_cumulative(x,y,z)/%": [116.869438, 105.049188, 42.517291999999998], "Time_Period/s": [0.104065, 0.085944000000000007], "Mass_Participation_total/%": 90.516568000000007, "Mode": [6, 9], "Mass_Participation/%": [56.527588000000002, 6.8188709999999997], "Base_shear/KN": 151.703461, "Eurocode_satsisfied_(1=yes,0=no)": 1.0}