{"Mass_Participation_total_cumulative(x,y,z)/%": [65.730802999999995, 73.684593000000007, 20.909998000000002], "Time_Period/s": [0.092015], "Mass_Participation_total/%": 50.927297000000003, "Mode": [10], "Mass_Participation/%": [26.303902000000001], "Base_shear/KN": 85.685192999999998, "Eurocode_satsisfied_(1=yes,0=no)": 0.0}