{"Mass_Participation_total_cumulative(x,y,z)/%": [74.085136000000006, 76.581940000000003, 35.588687], "Time_Period/s": [0.100276, 0.079209000000000002], "Mass_Participation_total/%": 58.396456000000001, "Mode": [6, 11], "Mass_Participation/%": [22.110045, 9.6601820000000007], "Base_shear/KN": 140.32859999999999, "Eurocode_satsisfied_(1=yes,0=no)": 0.0}