{"Mass_Participation_total_cumulative(x,y,z)/%": [62.257627999999997, 57.874214000000002, 20.593202000000002], "Time_Period/s": [0.102353, 0.080381999999999995], "Mass_Participation_total/%": 33.883370999999997, "Mode": [6, 14], "Mass_Participation/%": [28.367428, 5.515943], "Base_shear/KN": 118.73026299999999, "Eurocode_satsisfied_(1=yes,0=no)": 0.0}