{"Mass_Participation_total_cumulative(x,y,z)/%": [60.937044999999998, 62.915757999999997, 22.279724999999999], "Time_Period/s": [0.097346000000000002], "Mass_Participation_total/%": 39.500041000000003, "Mode": [8], "Mass_Participation/%": [16.689792000000001], "Base_shear/KN": 90.530562000000003, "Eurocode_satsisfied_(1=yes,0=no)": 0.0}