{"Mass_Participation_total_cumulative(x,y,z)/%": [94.370587, 107.82351, 36.908034999999998], "Time_Period/s": [0.098066], "Mass_Participation_total/%": 76.707329000000001, "Mode": [8], "Mass_Participation/%": [30.541432], "Base_shear/KN": 106.51516100000001, "Eurocode_satsisfied_(1=yes,0=no)": 0.0}