{"Mass_Participation_total_cumulative(x,y,z)/%": [97.361682999999999, 137.23030499999999, 64.398387], "Time_Period/s": [0.108558], "Mass_Participation_total/%": 105.652719, "Mode": [3], "Mass_Participation/%": [105.652719], "Base_shear/KN": 133.28581800000001, "Eurocode_satsisfied_(1=yes,0=no)": 1.0}