{"Mass_Participation_total_cumulative(x,y,z)/%": [90.031453999999997, 69.543402999999998, 53.635055999999999], "Time_Period/s": [0.104463], "Mass_Participation_total/%": 71.016537, "Mode": [4], "Mass_Participation/%": [41.127701000000002], "Base_shear/KN": 125.009393, "Eurocode_satsisfied_(1=yes,0=no)": 0.0}