{"Mass_Participation_total_cumulative(x,y,z)/%": [183.033851, 187.58184800000001, 50.424934], "Time_Period/s": [0.105881], "Mass_Participation_total/%": 100.55574900000001, "Mode": [6], "Mass_Participation/%": [100.55574900000001], "Base_shear/KN": 129.24614299999999, "Eurocode_satsisfied_(1=yes,0=no)": 1.0}