{"Mass_Participation_total_cumulative(x,y,z)/%": [61.586095, 47.429107000000002, 22.694258000000001], "Time_Period/s": [0.1037, 0.091134000000000007], "Mass_Participation_total/%": 34.165626000000003, "Mode": [10, 15], "Mass_Participation/%": [13.559165999999999, 7.6863619999999999], "Base_shear/KN": 121.925853, "Eurocode_satsisfied_(1=yes,0=no)": 0.0}