{"Mass_Participation_total_cumulative(x,y,z)/%": [126.042753, 128.180072, 53.588934000000002], "Time_Period/s": [0.10634200000000001], "Mass_Participation_total/%": 94.853309999999993, "Mode": [4], "Mass_Participation/%": [94.853309999999993], "Base_shear/KN": 135.56657799999999, "Eurocode_satsisfied_(1=yes,0=no)": 1.0}