{"Mass_Participation_total_cumulative(x,y,z)/%": [66.069602000000003, 61.183664, 21.208845], "Time_Period/s": [0.094213000000000005, 0.084463999999999997], "Mass_Participation_total/%": 36.196517, "Mode": [8, 11], "Mass_Participation/%": [19.766840999999999, 6.5816600000000003], "Base_shear/KN": 120.38442499999999, "Eurocode_satsisfied_(1=yes,0=no)": 0.0}