{"Mass_Participation_total_cumulative(x,y,z)/%": [114.323547, 117.91089599999999, 39.374018], "Time_Period/s": [0.101892, 0.086713999999999999, 0.063772999999999996], "Mass_Participation_total/%": 94.971270000000004, "Mode": [6, 8, 13], "Mass_Participation/%": [37.747762999999999, 8.97818, 8.5046049999999997], "Base_shear/KN": 174.92511099999999, "Eurocode_satsisfied_(1=yes,0=no)": 1.0}