{"Mass_Participation_total_cumulative(x,y,z)/%": [62.344037999999998, 54.540743999999997, 24.491761], "Time_Period/s": [0.091832999999999998], "Mass_Participation_total/%": 41.200902999999997, "Mode": [12], "Mass_Participation/%": [17.772348000000001], "Base_shear/KN": 83.528616999999997, "Eurocode_satsisfied_(1=yes,0=no)": 0.0}