{"Mass_Participation_total_cumulative(x,y,z)/%": [91.878908999999993, 96.742457999999999, 39.437351], "Time_Period/s": [0.097241999999999995], "Mass_Participation_total/%": 84.066869999999994, "Mode": [9], "Mass_Participation/%": [57.934660999999998], "Base_shear/KN": 101.313385, "Eurocode_satsisfied_(1=yes,0=no)": 0.0}