{"Mass_Participation_total_cumulative(x,y,z)/%": [75.568346000000005, 78.589872, 24.550851000000002], "Time_Period/s": [0.090657000000000001], "Mass_Participation_total/%": 45.297089999999997, "Mode": [13], "Mass_Participation/%": [25.124295], "Base_shear/KN": 86.278132999999997, "Eurocode_satsisfied_(1=yes,0=no)": 0.0}