{"Mass_Participation_total_cumulative(x,y,z)/%": [113.122756, 112.538865, 51.573855000000002], "Time_Period/s": [0.109554], "Mass_Participation_total/%": 96.065822999999995, "Mode": [4], "Mass_Participation/%": [81.363607999999999], "Base_shear/KN": 139.02982499999999, "Eurocode_satsisfied_(1=yes,0=no)": 1.0}