{"Mass_Participation_total_cumulative(x,y,z)/%": [85.769615999999999, 119.94232599999999, 38.149104999999999], "Time_Period/s": [0.099354999999999999], "Mass_Participation_total/%": 94.081215, "Mode": [5], "Mass_Participation/%": [94.081215], "Base_shear/KN": 109.252183, "Eurocode_satsisfied_(1=yes,0=no)": 1.0}