{"Mass_Participation_total_cumulative(x,y,z)/%": [69.031081, 57.495607, 25.602906000000001], "Time_Period/s": [0.093895999999999993, 0.082583000000000004], "Mass_Participation_total/%": 36.188639000000002, "Mode": [10, 14], "Mass_Participation/%": [19.880692, 7.827299], "Base_shear/KN": 115.156041, "Eurocode_satsisfied_(1=yes,0=no)": 0.0}