{"Mass_Participation_total_cumulative(x,y,z)/%": [70.291748999999996, 68.832550999999995, 22.690028000000002], "Time_Period/s": [0.114161, 0.096262, 0.069490999999999997], "Mass_Participation_total/%": 36.801442000000002, "Mode": [6, 10, 20], "Mass_Participation/%": [15.207160999999999, 11.547370000000001, 10.046911], "Base_shear/KN": 153.78475, "Eurocode_satsisfied_(1=yes,0=no)": 1.0}