{"Mass_Participation_total_cumulative(x,y,z)/%": [127.982314, 132.23248699999999, 37.038172000000003], "Time_Period/s": [0.10011200000000001], "Mass_Participation_total/%": 90.229898000000006, "Mode": [6], "Mass_Participation/%": [42.145532000000003], "Base_shear/KN": 105.70808, "Eurocode_satsisfied_(1=yes,0=no)": 1.0}