{"Mass_Participation_total_cumulative(x,y,z)/%": [135.50059400000001, 133.79672600000001, 57.36524], "Time_Period/s": [0.109011], "Mass_Participation_total/%": 108.861099, "Mode": [4], "Mass_Participation/%": [79.126164000000003], "Base_shear/KN": 133.55693099999999, "Eurocode_satsisfied_(1=yes,0=no)": 1.0}