{"Mass_Participation_total_cumulative(x,y,z)/%": [80.253330000000005, 84.226856999999995, 26.858951999999999], "Time_Period/s": [0.096348000000000003], "Mass_Participation_total/%": 46.998520999999997, "Mode": [10], "Mass_Participation/%": [12.005660000000001], "Base_shear/KN": 93.027378999999996, "Eurocode_satsisfied_(1=yes,0=no)": 0.0}