{"Mass_Participation_total_cumulative(x,y,z)/%": [105.95754700000001, 63.845593000000001, 53.173805000000002], "Time_Period/s": [0.10195700000000001], "Mass_Participation_total/%": 55.445352, "Mode": [4], "Mass_Participation/%": [29.062760000000001], "Base_shear/KN": 127.569036, "Eurocode_satsisfied_(1=yes,0=no)": 0.0}