{"Mass_Participation_total_cumulative(x,y,z)/%": [111.90137199999999, 124.57033800000001, 31.549848999999998], "Time_Period/s": [0.099262000000000003], "Mass_Participation_total/%": 99.610749999999996, "Mode": [6], "Mass_Participation/%": [99.610749999999996], "Base_shear/KN": 104.972336, "Eurocode_satsisfied_(1=yes,0=no)": 1.0}