{"Mass_Participation_total_cumulative(x,y,z)/%": [116.200896, 98.966730999999996, 32.03445], "Time_Period/s": [0.099729999999999999], "Mass_Participation_total/%": 83.681483999999998, "Mode": [5], "Mass_Participation/%": [54.948903999999999], "Base_shear/KN": 107.60191, "Eurocode_satsisfied_(1=yes,0=no)": 0.0}