{"Mass_Participation_total_cumulative(x,y,z)/%": [82.933839000000006, 126.71919699999999, 51.130800000000001], "Time_Period/s": [0.11775099999999999, 0.098255999999999996], "Mass_Participation_total/%": 66.777872000000002, "Mode": [3, 6], "Mass_Participation/%": [25.716913000000002, 17.664300000000001], "Base_shear/KN": 183.220462, "Eurocode_satsisfied_(1=yes,0=no)": 0.0}