{"Mass_Participation_total_cumulative(x,y,z)/%": [69.241626999999994, 61.164002000000004, 23.323286], "Time_Period/s": [0.087884000000000004], "Mass_Participation_total/%": 41.510390000000001, "Mode": [14], "Mass_Participation/%": [22.084002000000002], "Base_shear/KN": 83.979872999999998, "Eurocode_satsisfied_(1=yes,0=no)": 0.0}