{"Mass_Participation_total_cumulative(x,y,z)/%": [151.88731000000001, 161.86897099999999, 56.408281000000002], "Time_Period/s": [0.106515], "Mass_Participation_total/%": 112.22372, "Mode": [5], "Mass_Participation/%": [112.22372], "Base_shear/KN": 130.46290999999999, "Eurocode_satsisfied_(1=yes,0=no)": 1.0}