{"Mass_Participation_total_cumulative(x,y,z)/%": [104.80215, 101.88418900000001, 57.364874999999998], "Time_Period/s": [0.10634], "Mass_Participation_total/%": 73.433404999999993, "Mode": [5], "Mass_Participation/%": [63.296574999999997], "Base_shear/KN": 133.079171, "Eurocode_satsisfied_(1=yes,0=no)": 0.0}