{"Mass_Participation_total_cumulative(x,y,z)/%": [84.205541999999994, 85.250186999999997, 44.217708999999999], "Time_Period/s": [0.095856999999999998], "Mass_Participation_total/%": 65.884963999999997, "Mode": [7], "Mass_Participation/%": [21.502303999999999], "Base_shear/KN": 106.139793, "Eurocode_satsisfied_(1=yes,0=no)": 0.0}