{"Mass_Participation_total_cumulative(x,y,z)/%": [100.721582, 75.951634999999996, 32.233806999999999], "Time_Period/s": [0.110153, 0.090179999999999996, 0.074693999999999997, 0.067035999999999998], "Mass_Participation_total/%": 76.627853000000002, "Mode": [4, 8, 13, 15], "Mass_Participation/%": [48.401282999999999, 9.1670130000000007, 6.9882350000000004, 6.0253860000000001], "Base_shear/KN": 200.04210499999999, "Eurocode_satsisfied_(1=yes,0=no)": 1.0}