{"Mass_Participation_total_cumulative(x,y,z)/%": [119.481807, 129.803201, 57.339419999999997], "Time_Period/s": [0.111211, 0.097372], "Mass_Participation_total/%": 90.576137000000003, "Mode": [2, 4], "Mass_Participation/%": [67.884225000000001, 8.4694939999999992], "Base_shear/KN": 188.00464099999999, "Eurocode_satsisfied_(1=yes,0=no)": 1.0}