{"Mass_Participation_total_cumulative(x,y,z)/%": [77.628680000000003, 107.30573099999999, 33.277295000000002], "Time_Period/s": [0.094063999999999995], "Mass_Participation_total/%": 60.310479999999998, "Mode": [8], "Mass_Participation/%": [20.969456000000001], "Base_shear/KN": 98.983767999999998, "Eurocode_satsisfied_(1=yes,0=no)": 0.0}