{"Mass_Participation_total_cumulative(x,y,z)/%": [119.547264, 73.857061999999999, 48.279946000000002], "Time_Period/s": [0.104671], "Mass_Participation_total/%": 55.737889000000003, "Mode": [6], "Mass_Participation/%": [44.463012999999997], "Base_shear/KN": 123.967635, "Eurocode_satsisfied_(1=yes,0=no)": 0.0}