{"Mass_Participation_total_cumulative(x,y,z)/%": [120.344267, 142.32667799999999, 55.158836000000001], "Time_Period/s": [0.107461], "Mass_Participation_total/%": 103.440173, "Mode": [5], "Mass_Participation/%": [103.440173], "Base_shear/KN": 128.92735300000001, "Eurocode_satsisfied_(1=yes,0=no)": 1.0}