{"Mass_Participation_total_cumulative(x,y,z)/%": [94.612363000000002, 97.522110999999995, 55.638367000000002], "Time_Period/s": [0.107186, 0.086319999999999994], "Mass_Participation_total/%": 84.408223000000007, "Mode": [4, 6], "Mass_Participation/%": [24.600328000000001, 6.4401840000000004], "Base_shear/KN": 176.8288, "Eurocode_satsisfied_(1=yes,0=no)": 0.0}