{"Mass_Participation_total_cumulative(x,y,z)/%": [64.041820000000001, 57.819929000000002, 19.959917000000001], "Time_Period/s": [0.11595900000000001, 0.093944, 0.078098000000000001], "Mass_Participation_total/%": 32.168714000000001, "Mode": [6, 12, 17], "Mass_Participation/%": [7.273644, 6.9011089999999999, 6.2646329999999999], "Base_shear/KN": 153.410214, "Eurocode_satsisfied_(1=yes,0=no)": 1.0}