{"Mass_Participation_total_cumulative(x,y,z)/%": [102.42212499999999, 95.869883000000002, 31.485208], "Time_Period/s": [0.099987000000000006], "Mass_Participation_total/%": 72.434201999999999, "Mode": [6], "Mass_Participation/%": [59.192638000000002], "Base_shear/KN": 108.23225499999999, "Eurocode_satsisfied_(1=yes,0=no)": 0.0}