{"Mass_Participation_total_cumulative(x,y,z)/%": [63.479691000000003, 61.855643999999998, 20.635978000000001], "Time_Period/s": [0.098417000000000004], "Mass_Participation_total/%": 18.655366000000001, "Mode": [10], "Mass_Participation/%": [18.655366000000001], "Base_shear/KN": 88.649417999999997, "Eurocode_satsisfied_(1=yes,0=no)": 0.0}