{"Mass_Participation_total_cumulative(x,y,z)/%": [66.679829999999995, 57.726593000000001, 23.231836999999999], "Time_Period/s": [0.092529], "Mass_Participation_total/%": 41.670980999999998, "Mode": [11], "Mass_Participation/%": [19.826017], "Base_shear/KN": 85.522099999999995, "Eurocode_satsisfied_(1=yes,0=no)": 0.0}