{"Mass_Participation_total_cumulative(x,y,z)/%": [52.375259999999997, 53.797815, 24.481307000000001], "Time_Period/s": [0.091238], "Mass_Participation_total/%": 25.241797999999999, "Mode": [14], "Mass_Participation/%": [16.027203], "Base_shear/KN": 83.293566999999996, "Eurocode_satsisfied_(1=yes,0=no)": 0.0}