{"Mass_Participation_total_cumulative(x,y,z)/%": [135.62211400000001, 133.57879800000001, 53.565569000000004], "Time_Period/s": [0.10816099999999999], "Mass_Participation_total/%": 118.408666, "Mode": [4], "Mass_Participation/%": [76.284689999999998], "Base_shear/KN": 132.86057299999999, "Eurocode_satsisfied_(1=yes,0=no)": 1.0}