{"Mass_Participation_total_cumulative(x,y,z)/%": [102.452952, 117.77030499999999, 42.709546000000003], "Time_Period/s": [0.100767], "Mass_Participation_total/%": 94.560387000000006, "Mode": [6], "Mass_Participation/%": [80.342157999999998], "Base_shear/KN": 111.770285, "Eurocode_satsisfied_(1=yes,0=no)": 1.0}