{"Mass_Participation_total_cumulative(x,y,z)/%": [105.93522, 122.868447, 34.532859000000002], "Time_Period/s": [0.098546999999999996], "Mass_Participation_total/%": 104.835471, "Mode": [5], "Mass_Participation/%": [104.835471], "Base_shear/KN": 103.25858100000001, "Eurocode_satsisfied_(1=yes,0=no)": 1.0}