{"Mass_Participation_total_cumulative(x,y,z)/%": [107.412162, 94.565725999999998, 61.43929], "Time_Period/s": [0.111289, 0.098296999999999995], "Mass_Participation_total/%": 86.009773999999993, "Mode": [3, 4], "Mass_Participation/%": [68.669798999999998, 10.975528000000001], "Base_shear/KN": 189.58064200000001, "Eurocode_satsisfied_(1=yes,0=no)": 0.0}