{"Mass_Participation_total_cumulative(x,y,z)/%": [83.571618999999998, 124.72014799999999, 48.911562000000004], "Time_Period/s": [0.10181900000000001], "Mass_Participation_total/%": 66.621465000000001, "Mode": [4], "Mass_Participation/%": [40.977969000000002], "Base_shear/KN": 125.25757, "Eurocode_satsisfied_(1=yes,0=no)": 0.0}