{"Mass_Participation_total_cumulative(x,y,z)/%": [156.43554, 138.43607600000001, 52.330098999999997], "Time_Period/s": [0.109084], "Mass_Participation_total/%": 120.86217000000001, "Mode": [4], "Mass_Participation/%": [68.581039000000004], "Base_shear/KN": 133.475764, "Eurocode_satsisfied_(1=yes,0=no)": 1.0}