{"Mass_Participation_total_cumulative(x,y,z)/%": [108.78389, 124.425515, 56.409376999999999], "Time_Period/s": [0.113347, 0.099455000000000002, 0.088174000000000002], "Mass_Participation_total/%": 85.420109999999994, "Mode": [3, 5, 6], "Mass_Participation/%": [55.199649000000001, 12.514616, 6.3115810000000003], "Base_shear/KN": 219.546367, "Eurocode_satsisfied_(1=yes,0=no)": 1.0}