{"Mass_Participation_total_cumulative(x,y,z)/%": [67.152930999999995, 58.113424000000002, 20.836427], "Time_Period/s": [0.090449000000000002], "Mass_Participation_total/%": 32.785271000000002, "Mode": [14], "Mass_Participation/%": [15.535705999999999], "Base_shear/KN": 85.400814999999994, "Eurocode_satsisfied_(1=yes,0=no)": 0.0}