{"Mass_Participation_total_cumulative(x,y,z)/%": [111.745929, 103.376193, 54.953252999999997], "Time_Period/s": [0.116207, 0.100967], "Mass_Participation_total/%": 88.931922, "Mode": [2, 5], "Mass_Participation/%": [31.423411999999999, 15.973205999999999], "Base_shear/KN": 192.071697, "Eurocode_satsisfied_(1=yes,0=no)": 0.0}