{"Mass_Participation_total_cumulative(x,y,z)/%": [113.39357699999999, 121.87022, 55.925987999999997], "Time_Period/s": [0.103155], "Mass_Participation_total/%": 101.112351, "Mode": [6], "Mass_Participation/%": [50.922420000000002], "Base_shear/KN": 124.42366800000001, "Eurocode_satsisfied_(1=yes,0=no)": 1.0}