{"Mass_Participation_total_cumulative(x,y,z)/%": [129.36075500000001, 137.633962, 58.745337999999997], "Time_Period/s": [0.10856499999999999], "Mass_Participation_total/%": 90.292905000000005, "Mode": [4], "Mass_Participation/%": [90.292905000000005], "Base_shear/KN": 133.21377100000001, "Eurocode_satsisfied_(1=yes,0=no)": 1.0}