{"Mass_Participation_total_cumulative(x,y,z)/%": [62.457338999999997, 53.900925999999998, 22.027576], "Time_Period/s": [0.098626000000000005, 0.087232000000000004], "Mass_Participation_total/%": 23.103639000000001, "Mode": [9, 13], "Mass_Participation/%": [17.146554999999999, 5.957084], "Base_shear/KN": 121.46668699999999, "Eurocode_satsisfied_(1=yes,0=no)": 0.0}