{"Mass_Participation_total_cumulative(x,y,z)/%": [126.105073, 99.508433999999994, 57.432962000000003], "Time_Period/s": [0.104463], "Mass_Participation_total/%": 90.637928000000002, "Mode": [5], "Mass_Participation/%": [45.345303999999999], "Base_shear/KN": 122.27405899999999, "Eurocode_satsisfied_(1=yes,0=no)": 1.0}