{"Mass_Participation_total_cumulative(x,y,z)/%": [81.5261, 114.920652, 43.731167999999997], "Time_Period/s": [0.100243, 0.087399000000000004], "Mass_Participation_total/%": 69.640939000000003, "Mode": [7, 9], "Mass_Participation/%": [58.401550999999998, 11.239388], "Base_shear/KN": 143.18398199999999, "Eurocode_satsisfied_(1=yes,0=no)": 0.0}