{"Mass_Participation_total_cumulative(x,y,z)/%": [86.850589999999997, 86.631049000000004, 32.603471999999996], "Time_Period/s": [0.098193000000000003], "Mass_Participation_total/%": 78.728470000000002, "Mode": [8], "Mass_Participation/%": [55.101559999999999], "Base_shear/KN": 102.982337, "Eurocode_satsisfied_(1=yes,0=no)": 0.0}