{"Mass_Participation_total_cumulative(x,y,z)/%": [94.156565000000001, 83.144193000000001, 35.326171000000002], "Time_Period/s": [0.097090999999999997], "Mass_Participation_total/%": 70.095867999999996, "Mode": [8], "Mass_Participation/%": [51.546754999999997], "Base_shear/KN": 102.45700600000001, "Eurocode_satsisfied_(1=yes,0=no)": 0.0}