{"Mass_Participation_total_cumulative(x,y,z)/%": [92.410623999999999, 82.590970999999996, 47.814639999999997], "Time_Period/s": [0.107345], "Mass_Participation_total/%": 75.758516, "Mode": [4], "Mass_Participation/%": [42.903108000000003], "Base_shear/KN": 131.393811, "Eurocode_satsisfied_(1=yes,0=no)": 0.0}