{"Mass_Participation_total_cumulative(x,y,z)/%": [76.421608000000006, 80.036398000000005, 36.003509000000001], "Time_Period/s": [0.095390000000000003], "Mass_Participation_total/%": 61.510899000000002, "Mode": [10], "Mass_Participation/%": [32.814528000000003], "Base_shear/KN": 102.538597, "Eurocode_satsisfied_(1=yes,0=no)": 0.0}