{"Mass_Participation_total_cumulative(x,y,z)/%": [64.697400999999999, 72.310935999999998, 20.219301999999999], "Time_Period/s": [0.096916000000000002, 0.077176999999999996], "Mass_Participation_total/%": 35.32846, "Mode": [10, 17], "Mass_Participation/%": [16.619323000000001, 6.3819509999999999], "Base_shear/KN": 120.992684, "Eurocode_satsisfied_(1=yes,0=no)": 0.0}