{"Mass_Participation_total_cumulative(x,y,z)/%": [91.321383999999995, 114.252325, 56.660677], "Time_Period/s": [0.109251], "Mass_Participation_total/%": 90.981921999999997, "Mode": [3], "Mass_Participation/%": [90.981921999999997], "Base_shear/KN": 135.19723300000001, "Eurocode_satsisfied_(1=yes,0=no)": 1.0}