{"Mass_Participation_total_cumulative(x,y,z)/%": [82.749544, 83.546238000000002, 26.281708999999999], "Time_Period/s": [0.100539, 0.086740999999999999], "Mass_Participation_total/%": 65.629458999999997, "Mode": [8, 14], "Mass_Participation/%": [12.086081999999999, 11.514004999999999], "Base_shear/KN": 123.278187, "Eurocode_satsisfied_(1=yes,0=no)": 0.0}