{"Mass_Participation_total_cumulative(x,y,z)/%": [70.944201000000007, 64.227312999999995, 24.093487], "Time_Period/s": [0.11094900000000001, 0.076452999999999993], "Mass_Participation_total/%": 44.180625999999997, "Mode": [7, 20], "Mass_Participation/%": [9.2006130000000006, 8.6720600000000001], "Base_shear/KN": 124.875744, "Eurocode_satsisfied_(1=yes,0=no)": 0.0}