{"Mass_Participation_total_cumulative(x,y,z)/%": [67.343361999999999, 75.783576999999994, 23.458949], "Time_Period/s": [0.092723], "Mass_Participation_total/%": 28.484508999999999, "Mode": [11], "Mass_Participation/%": [14.211636], "Base_shear/KN": 85.041711000000006, "Eurocode_satsisfied_(1=yes,0=no)": 0.0}