{"Mass_Participation_total_cumulative(x,y,z)/%": [85.186679999999996, 136.26845499999999, 40.037733000000003], "Time_Period/s": [0.097422999999999996], "Mass_Participation_total/%": 117.30985, "Mode": [11], "Mass_Participation/%": [117.30985], "Base_shear/KN": 100.98243100000001, "Eurocode_satsisfied_(1=yes,0=no)": 1.0}