{"Mass_Participation_total_cumulative(x,y,z)/%": [95.102867000000003, 135.96102200000001, 50.361327000000003], "Time_Period/s": [0.10465000000000001], "Mass_Participation_total/%": 77.399552, "Mode": [6], "Mass_Participation/%": [28.607835000000001], "Base_shear/KN": 126.428836, "Eurocode_satsisfied_(1=yes,0=no)": 0.0}