{"Mass_Participation_total_cumulative(x,y,z)/%": [101.719002, 112.147013, 41.420606999999997], "Time_Period/s": [0.098766000000000007], "Mass_Participation_total/%": 76.948153000000005, "Mode": [7], "Mass_Participation/%": [38.878402999999999], "Base_shear/KN": 106.72892899999999, "Eurocode_satsisfied_(1=yes,0=no)": 0.0}