{"Mass_Participation_total_cumulative(x,y,z)/%": [80.857422999999997, 110.06289, 50.253990999999999], "Time_Period/s": [0.105001, 0.083449999999999996], "Mass_Participation_total/%": 63.407770999999997, "Mode": [6, 8], "Mass_Participation/%": [39.593938999999999, 6.3082739999999999], "Base_shear/KN": 175.93849900000001, "Eurocode_satsisfied_(1=yes,0=no)": 0.0}