{"Mass_Participation_total_cumulative(x,y,z)/%": [56.121755, 57.851500999999999, 19.583147], "Time_Period/s": [0.104633, 0.093562000000000006, 0.083741999999999997], "Mass_Participation_total/%": 32.799565000000001, "Mode": [6, 10, 13], "Mass_Participation/%": [14.472049, 7.1214700000000004, 6.0064909999999996], "Base_shear/KN": 145.95132799999999, "Eurocode_satsisfied_(1=yes,0=no)": 1.0}