{"Mass_Participation_total_cumulative(x,y,z)/%": [82.112004999999996, 73.991251000000005, 32.680025000000001], "Time_Period/s": [0.101655], "Mass_Participation_total/%": 61.959760000000003, "Mode": [6], "Mass_Participation/%": [29.108167999999999], "Base_shear/KN": 103.701099, "Eurocode_satsisfied_(1=yes,0=no)": 0.0}