{"Mass_Participation_total_cumulative(x,y,z)/%": [71.832205999999999, 67.776240000000001, 34.520524000000002], "Time_Period/s": [0.100633], "Mass_Participation_total/%": 54.422694999999997, "Mode": [7], "Mass_Participation/%": [25.917171], "Base_shear/KN": 103.165903, "Eurocode_satsisfied_(1=yes,0=no)": 0.0}