{"Mass_Participation_total_cumulative(x,y,z)/%": [87.853950999999995, 61.794719000000001, 35.366492999999998], "Time_Period/s": [0.104944, 0.064504000000000006], "Mass_Participation_total/%": 62.517389000000001, "Mode": [4, 14], "Mass_Participation/%": [41.039318999999999, 5.959689], "Base_shear/KN": 136.04230100000001, "Eurocode_satsisfied_(1=yes,0=no)": 0.0}