{"Mass_Participation_total_cumulative(x,y,z)/%": [94.530568000000002, 83.486626999999999, 37.902098000000002], "Time_Period/s": [0.096429000000000001, 0.084989999999999996], "Mass_Participation_total/%": 74.469282000000007, "Mode": [8, 10], "Mass_Participation/%": [24.949209, 5.1316699999999997], "Base_shear/KN": 143.80335299999999, "Eurocode_satsisfied_(1=yes,0=no)": 0.0}