{"Mass_Participation_total_cumulative(x,y,z)/%": [113.792123, 96.200479000000001, 68.838037], "Time_Period/s": [0.11157499999999999, 0.098830000000000001], "Mass_Participation_total/%": 92.077894000000001, "Mode": [3, 6], "Mass_Participation/%": [61.866945000000001, 13.058605], "Base_shear/KN": 184.32074900000001, "Eurocode_satsisfied_(1=yes,0=no)": 1.0}