{"Mass_Participation_total_cumulative(x,y,z)/%": [68.179569000000001, 56.011412999999997, 28.852267000000001], "Time_Period/s": [0.10147200000000001, 0.088888999999999996], "Mass_Participation_total/%": 40.102594000000003, "Mode": [11, 15], "Mass_Participation/%": [18.783536000000002, 8.1127760000000002], "Base_shear/KN": 122.580915, "Eurocode_satsisfied_(1=yes,0=no)": 0.0}