{"Mass_Participation_total_cumulative(x,y,z)/%": [104.43501500000001, 132.86911900000001, 37.285043999999999], "Time_Period/s": [0.10048600000000001, 0.086679000000000006], "Mass_Participation_total/%": 87.418040000000005, "Mode": [4, 7], "Mass_Participation/%": [44.724902, 7.3769140000000002], "Base_shear/KN": 142.688084, "Eurocode_satsisfied_(1=yes,0=no)": 0.0}