{"Mass_Participation_total_cumulative(x,y,z)/%": [129.36075500000001, 137.633962, 58.745337999999997], "Time_Period/s": [0.106248], "Mass_Participation_total/%": 106.58461800000001, "Mode": [5], "Mass_Participation/%": [61.034982999999997], "Base_shear/KN": 133.21377100000001, "Eurocode_satsisfied_(1=yes,0=no)": 1.0}