{"Mass_Participation_total_cumulative(x,y,z)/%": [82.694582999999994, 61.979247999999998, 23.099636], "Time_Period/s": [0.085599999999999996, 0.068762000000000004], "Mass_Participation_total/%": 54.059348999999997, "Mode": [13, 18], "Mass_Participation/%": [18.496324000000001, 6.3555739999999998], "Base_shear/KN": 118.669132, "Eurocode_satsisfied_(1=yes,0=no)": 0.0}