{"Mass_Participation_total_cumulative(x,y,z)/%": [86.335127, 122.920571, 34.622725000000003], "Time_Period/s": [0.10209500000000001, 0.090315999999999994], "Mass_Participation_total/%": 70.787432999999993, "Mode": [6, 9], "Mass_Participation/%": [19.792649000000001, 18.68873], "Base_shear/KN": 144.31041500000001, "Eurocode_satsisfied_(1=yes,0=no)": 0.0}