{"Mass_Participation_total_cumulative(x,y,z)/%": [64.128928999999999, 66.322513000000001, 18.709239], "Time_Period/s": [0.088694999999999996], "Mass_Participation_total/%": 43.011572000000001, "Mode": [10], "Mass_Participation/%": [26.349530000000001], "Base_shear/KN": 89.107702000000003, "Eurocode_satsisfied_(1=yes,0=no)": 0.0}