{"Mass_Participation_total_cumulative(x,y,z)/%": [99.296498, 103.95209800000001, 33.610048999999997], "Time_Period/s": [0.10072299999999999], "Mass_Participation_total/%": 78.347676000000007, "Mode": [5], "Mass_Participation/%": [78.347676000000007], "Base_shear/KN": 107.93373200000001, "Eurocode_satsisfied_(1=yes,0=no)": 0.0}