{"Mass_Participation_total_cumulative(x,y,z)/%": [102.1853, 85.976937000000007, 41.222211000000001], "Time_Period/s": [0.097826999999999997], "Mass_Participation_total/%": 68.128410000000002, "Mode": [7], "Mass_Participation/%": [26.526102999999999], "Base_shear/KN": 104.736296, "Eurocode_satsisfied_(1=yes,0=no)": 0.0}