{"Mass_Participation_total_cumulative(x,y,z)/%": [119.97342999999999, 126.17498999999999, 48.792856999999998], "Time_Period/s": [0.10825], "Mass_Participation_total/%": 101.11127999999999, "Mode": [5], "Mass_Participation/%": [72.225750000000005], "Base_shear/KN": 138.76168200000001, "Eurocode_satsisfied_(1=yes,0=no)": 1.0}