{"Mass_Participation_total_cumulative(x,y,z)/%": [176.73068499999999, 173.38529500000001, 59.231509000000003], "Time_Period/s": [0.106573], "Mass_Participation_total/%": 92.935095000000004, "Mode": [5], "Mass_Participation/%": [92.935095000000004], "Base_shear/KN": 131.572551, "Eurocode_satsisfied_(1=yes,0=no)": 1.0}