{"Mass_Participation_total_cumulative(x,y,z)/%": [78.522245999999996, 86.829408000000001, 32.868392999999998], "Time_Period/s": [0.099546999999999997], "Mass_Participation_total/%": 66.209343000000004, "Mode": [7], "Mass_Participation/%": [47.344242000000001], "Base_shear/KN": 105.851315, "Eurocode_satsisfied_(1=yes,0=no)": 0.0}