{"Mass_Participation_total_cumulative(x,y,z)/%": [73.438349000000002, 63.589632999999999, 32.662835999999999], "Time_Period/s": [0.099235000000000004], "Mass_Participation_total/%": 46.464539000000002, "Mode": [6], "Mass_Participation/%": [32.521605999999998], "Base_shear/KN": 106.320048, "Eurocode_satsisfied_(1=yes,0=no)": 0.0}