{"Mass_Participation_total_cumulative(x,y,z)/%": [59.804395, 56.787166999999997, 24.849636], "Time_Period/s": [0.089178999999999994], "Mass_Participation_total/%": 30.083752, "Mode": [14], "Mass_Participation/%": [12.918796], "Base_shear/KN": 83.650661999999997, "Eurocode_satsisfied_(1=yes,0=no)": 0.0}