{"Mass_Participation_total_cumulative(x,y,z)/%": [63.678837999999999, 57.776539999999997, 21.187677000000001], "Time_Period/s": [0.093290999999999999], "Mass_Participation_total/%": 48.082780999999997, "Mode": [11], "Mass_Participation/%": [36.714973999999998], "Base_shear/KN": 84.794174999999996, "Eurocode_satsisfied_(1=yes,0=no)": 0.0}