{"Mass_Participation_total_cumulative(x,y,z)/%": [109.664311, 105.51075899999999, 28.709154999999999], "Time_Period/s": [0.098946000000000006], "Mass_Participation_total/%": 85.592496999999995, "Mode": [6], "Mass_Participation/%": [68.109482], "Base_shear/KN": 104.316126, "Eurocode_satsisfied_(1=yes,0=no)": 0.0}