{"Mass_Participation_total_cumulative(x,y,z)/%": [55.186328000000003, 48.668891000000002, 21.016848], "Time_Period/s": [0.091636999999999996, 0.081638000000000002], "Mass_Participation_total/%": 24.525414999999999, "Mode": [13, 18], "Mass_Participation/%": [12.633251, 6.1272570000000002], "Base_shear/KN": 114.17031299999999, "Eurocode_satsisfied_(1=yes,0=no)": 0.0}