{"Mass_Participation_total_cumulative(x,y,z)/%": [170.18230800000001, 159.14960199999999, 31.112162999999999], "Time_Period/s": [0.098191000000000001], "Mass_Participation_total/%": 146.57367199999999, "Mode": [5], "Mass_Participation/%": [77.196145000000001], "Base_shear/KN": 103.028189, "Eurocode_satsisfied_(1=yes,0=no)": 1.0}