{"Mass_Participation_total_cumulative(x,y,z)/%": [71.055499999999995, 88.961664999999996, 32.329047000000003], "Time_Period/s": [0.097457000000000002], "Mass_Participation_total/%": 43.189134000000003, "Mode": [7], "Mass_Participation/%": [28.404481000000001], "Base_shear/KN": 103.361656, "Eurocode_satsisfied_(1=yes,0=no)": 0.0}