{"Mass_Participation_total_cumulative(x,y,z)/%": [138.991333, 111.31191, 51.738774999999997], "Time_Period/s": [0.105355], "Mass_Participation_total/%": 98.095932000000005, "Mode": [5], "Mass_Participation/%": [98.095932000000005], "Base_shear/KN": 129.20881600000001, "Eurocode_satsisfied_(1=yes,0=no)": 1.0}