{"Mass_Participation_total_cumulative(x,y,z)/%": [116.142974, 109.80964899999999, 41.200037999999999], "Time_Period/s": [0.123948, 0.077581999999999998], "Mass_Participation_total/%": 91.176768999999993, "Mode": [3, 9], "Mass_Participation/%": [21.873372, 14.842715], "Base_shear/KN": 161.32057, "Eurocode_satsisfied_(1=yes,0=no)": 1.0}