{"Mass_Participation_total_cumulative(x,y,z)/%": [66.347913000000005, 73.834485000000001, 23.660965999999998], "Time_Period/s": [0.089407], "Mass_Participation_total/%": 53.605851000000001, "Mode": [12], "Mass_Participation/%": [45.490901000000001], "Base_shear/KN": 85.814342999999994, "Eurocode_satsisfied_(1=yes,0=no)": 0.0}