{"Mass_Participation_total_cumulative(x,y,z)/%": [81.407937000000004, 130.283084, 47.303885000000001], "Time_Period/s": [0.104895, 0.089899999999999994], "Mass_Participation_total/%": 67.370841999999996, "Mode": [5, 7], "Mass_Participation/%": [26.616982, 6.7806930000000003], "Base_shear/KN": 171.611884, "Eurocode_satsisfied_(1=yes,0=no)": 0.0}