{"Mass_Participation_total_cumulative(x,y,z)/%": [64.035560000000004, 67.598247000000001, 23.267714999999999], "Time_Period/s": [0.096837999999999994], "Mass_Participation_total/%": 39.916871999999998, "Mode": [10], "Mass_Participation/%": [15.653938], "Base_shear/KN": 88.642264999999995, "Eurocode_satsisfied_(1=yes,0=no)": 0.0}