{"Mass_Participation_total_cumulative(x,y,z)/%": [117.93464, 101.341295, 48.805795000000003], "Time_Period/s": [0.10936899999999999, 0.097892999999999994, 0.068332000000000004], "Mass_Participation_total/%": 89.800601999999998, "Mode": [5, 6, 13], "Mass_Participation/%": [42.590055, 13.41229, 10.202976], "Base_shear/KN": 186.444793, "Eurocode_satsisfied_(1=yes,0=no)": 1.0}