{"Mass_Participation_total_cumulative(x,y,z)/%": [83.004197000000005, 87.589748999999998, 23.408180999999999], "Time_Period/s": [0.089672000000000002], "Mass_Participation_total/%": 69.584370000000007, "Mode": [12], "Mass_Participation/%": [19.284859999999998], "Base_shear/KN": 91.012016000000003, "Eurocode_satsisfied_(1=yes,0=no)": 0.0}