{"Mass_Participation_total_cumulative(x,y,z)/%": [52.0381, 43.910570999999997, 23.321853999999998], "Time_Period/s": [0.091226000000000002], "Mass_Participation_total/%": 34.085084000000002, "Mode": [13], "Mass_Participation/%": [23.591721], "Base_shear/KN": 83.008278000000004, "Eurocode_satsisfied_(1=yes,0=no)": 0.0}