{"Mass_Participation_total_cumulative(x,y,z)/%": [122.493318, 141.933359, 34.610942999999999], "Time_Period/s": [0.096863000000000005], "Mass_Participation_total/%": 92.518079999999998, "Mode": [8], "Mass_Participation/%": [45.422654000000001], "Base_shear/KN": 102.65894900000001, "Eurocode_satsisfied_(1=yes,0=no)": 1.0}