{"Mass_Participation_total_cumulative(x,y,z)/%": [66.291133000000002, 62.326403999999997, 23.864194000000001], "Time_Period/s": [0.098397999999999999, 0.085858000000000004], "Mass_Participation_total/%": 35.85416, "Mode": [10, 14], "Mass_Participation/%": [11.667914, 6.8562909999999997], "Base_shear/KN": 123.540161, "Eurocode_satsisfied_(1=yes,0=no)": 0.0}