{"Mass_Participation_total_cumulative(x,y,z)/%": [126.667326, 102.332149, 41.887030000000003], "Time_Period/s": [0.096974000000000005], "Mass_Participation_total/%": 89.443899000000002, "Mode": [9], "Mass_Participation/%": [53.058740999999998], "Base_shear/KN": 103.22330100000001, "Eurocode_satsisfied_(1=yes,0=no)": 0.0}