{"Mass_Participation_total_cumulative(x,y,z)/%": [80.1892, 81.521062000000001, 37.745350999999999], "Time_Period/s": [0.095483999999999999], "Mass_Participation_total/%": 61.899562000000003, "Mode": [8], "Mass_Participation/%": [20.787329], "Base_shear/KN": 102.875922, "Eurocode_satsisfied_(1=yes,0=no)": 0.0}