{"Mass_Participation_total_cumulative(x,y,z)/%": [92.531283999999999, 98.394796999999997, 35.957469000000003], "Time_Period/s": [0.10055600000000001], "Mass_Participation_total/%": 68.821144000000004, "Mode": [6], "Mass_Participation/%": [30.164930999999999], "Base_shear/KN": 108.113996, "Eurocode_satsisfied_(1=yes,0=no)": 0.0}