{"Mass_Participation_total_cumulative(x,y,z)/%": [103.282977, 97.212654999999998, 33.574561000000003], "Time_Period/s": [0.10508199999999999, 0.094493999999999995], "Mass_Participation_total/%": 71.982017999999997, "Mode": [5, 7], "Mass_Participation/%": [34.071396999999997, 9.2653110000000005], "Base_shear/KN": 154.21337600000001, "Eurocode_satsisfied_(1=yes,0=no)": 0.0}