{"Mass_Participation_total_cumulative(x,y,z)/%": [52.965234000000002, 43.747900999999999, 22.081292999999999], "Time_Period/s": [0.090167999999999998], "Mass_Participation_total/%": 29.990852, "Mode": [13], "Mass_Participation/%": [16.040959000000001], "Base_shear/KN": 84.226866999999999, "Eurocode_satsisfied_(1=yes,0=no)": 0.0}