{"Mass_Participation_total_cumulative(x,y,z)/%": [108.824849, 87.528813999999997, 35.031699000000003], "Time_Period/s": [0.09715], "Mass_Participation_total/%": 68.078552000000002, "Mode": [7], "Mass_Participation/%": [45.065026000000003], "Base_shear/KN": 104.54194699999999, "Eurocode_satsisfied_(1=yes,0=no)": 0.0}