{"Mass_Participation_total_cumulative(x,y,z)/%": [85.336650000000006, 130.74951300000001, 47.999724000000001], "Time_Period/s": [0.11094900000000001], "Mass_Participation_total/%": 76.081458999999995, "Mode": [4], "Mass_Participation/%": [34.450688999999997], "Base_shear/KN": 129.001544, "Eurocode_satsisfied_(1=yes,0=no)": 0.0}