{"Mass_Participation_total_cumulative(x,y,z)/%": [72.136837999999997, 117.13727299999999, 46.316564999999997], "Time_Period/s": [0.11595800000000001, 0.097498000000000001], "Mass_Participation_total/%": 62.795627000000003, "Mode": [3, 5], "Mass_Participation/%": [34.003487999999997, 28.792138999999999], "Base_shear/KN": 184.96902299999999, "Eurocode_satsisfied_(1=yes,0=no)": 0.0}