{"Mass_Participation_total_cumulative(x,y,z)/%": [118.96393500000001, 119.404466, 63.516947999999999], "Time_Period/s": [0.1071], "Mass_Participation_total/%": 96.131900999999999, "Mode": [4], "Mass_Participation/%": [60.12518], "Base_shear/KN": 131.49202299999999, "Eurocode_satsisfied_(1=yes,0=no)": 1.0}