{"Mass_Participation_total_cumulative(x,y,z)/%": [88.257261, 126.397007, 51.432738000000001], "Time_Period/s": [0.112502, 0.091259000000000007], "Mass_Participation_total/%": 76.151437000000001, "Mode": [3, 6], "Mass_Participation/%": [41.912565000000001, 11.063103], "Base_shear/KN": 179.25397899999999, "Eurocode_satsisfied_(1=yes,0=no)": 0.0}