{"Mass_Participation_total_cumulative(x,y,z)/%": [67.495721000000003, 84.488679000000005, 23.169615], "Time_Period/s": [0.093503000000000003], "Mass_Participation_total/%": 33.334485999999998, "Mode": [10], "Mass_Participation/%": [33.334485999999998], "Base_shear/KN": 84.407863000000006, "Eurocode_satsisfied_(1=yes,0=no)": 0.0}