{"Mass_Participation_total_cumulative(x,y,z)/%": [82.738263000000003, 91.948566, 69.852968000000004], "Time_Period/s": [0.10957500000000001], "Mass_Participation_total/%": 77.328006999999999, "Mode": [3], "Mass_Participation/%": [63.343429999999998], "Base_shear/KN": 132.584945, "Eurocode_satsisfied_(1=yes,0=no)": 0.0}