{"Mass_Participation_total_cumulative(x,y,z)/%": [109.898267, 136.42030099999999, 66.792545000000004], "Time_Period/s": [0.107762, 0.095576999999999995], "Mass_Participation_total/%": 88.76961, "Mode": [4, 6], "Mass_Participation/%": [28.698072, 12.784639], "Base_shear/KN": 185.59975299999999, "Eurocode_satsisfied_(1=yes,0=no)": 0.0}