{"Mass_Participation_total_cumulative(x,y,z)/%": [149.44998100000001, 151.94248400000001, 35.524861000000001], "Time_Period/s": [0.099835999999999994], "Mass_Participation_total/%": 99.164520999999993, "Mode": [5], "Mass_Participation/%": [99.164520999999993], "Base_shear/KN": 105.34661199999999, "Eurocode_satsisfied_(1=yes,0=no)": 1.0}