{"Mass_Participation_total_cumulative(x,y,z)/%": [88.877581000000006, 93.668546000000006, 38.463532000000001], "Time_Period/s": [0.098815], "Mass_Participation_total/%": 84.277051, "Mode": [8], "Mass_Participation/%": [64.057659000000001], "Base_shear/KN": 102.50430799999999, "Eurocode_satsisfied_(1=yes,0=no)": 0.0}