{"Mass_Participation_total_cumulative(x,y,z)/%": [111.33871499999999, 129.876136, 63.248094999999999], "Time_Period/s": [0.109055], "Mass_Participation_total/%": 99.894855000000007, "Mode": [3], "Mass_Participation/%": [99.894855000000007], "Base_shear/KN": 136.20543799999999, "Eurocode_satsisfied_(1=yes,0=no)": 1.0}