{"Mass_Participation_total_cumulative(x,y,z)/%": [95.683651999999995, 88.381075999999993, 36.718865000000001], "Time_Period/s": [0.101262], "Mass_Participation_total/%": 63.859222000000003, "Mode": [6], "Mass_Participation/%": [31.640150999999999], "Base_shear/KN": 104.32530199999999, "Eurocode_satsisfied_(1=yes,0=no)": 0.0}