{"Mass_Participation_total_cumulative(x,y,z)/%": [103.886472, 118.20367, 72.351157000000001], "Time_Period/s": [0.13455600000000001, 0.10285, 0.088495000000000004, 0.078898999999999997], "Mass_Participation_total/%": 83.034137999999999, "Mode": [1, 4, 6, 7], "Mass_Participation/%": [33.750397, 19.015529999999998, 15.231688, 6.5573290000000002], "Base_shear/KN": 274.98536799999999, "Eurocode_satsisfied_(1=yes,0=no)": 1.0}