{"Mass_Participation_total_cumulative(x,y,z)/%": [68.659915999999996, 40.119292000000002, 21.151672999999999], "Time_Period/s": [0.090768000000000001], "Mass_Participation_total/%": 27.531264, "Mode": [12], "Mass_Participation/%": [12.191302], "Base_shear/KN": 82.855923000000004, "Eurocode_satsisfied_(1=yes,0=no)": 0.0}