{"Mass_Participation_total_cumulative(x,y,z)/%": [62.058526999999998, 56.434013, 23.457394000000001], "Time_Period/s": [0.093038999999999997], "Mass_Participation_total/%": 38.424309000000001, "Mode": [10], "Mass_Participation/%": [13.466150000000001], "Base_shear/KN": 85.410131000000007, "Eurocode_satsisfied_(1=yes,0=no)": 0.0}