{"Mass_Participation_total_cumulative(x,y,z)/%": [66.477232000000001, 70.233423000000002, 25.021775999999999], "Time_Period/s": [0.092996999999999996], "Mass_Participation_total/%": 39.966560000000001, "Mode": [10], "Mass_Participation/%": [14.265623], "Base_shear/KN": 85.566074, "Eurocode_satsisfied_(1=yes,0=no)": 0.0}