{"Mass_Participation_total_cumulative(x,y,z)/%": [98.692901000000006, 77.645202999999995, 38.818193000000001], "Time_Period/s": [0.105576, 0.074521000000000004], "Mass_Participation_total/%": 68.507904999999994, "Mode": [4, 10], "Mass_Participation/%": [34.202331999999998, 6.5079010000000004], "Base_shear/KN": 142.47969900000001, "Eurocode_satsisfied_(1=yes,0=no)": 0.0}