{"Mass_Participation_total_cumulative(x,y,z)/%": [66.657893000000001, 67.816344000000001, 25.966629999999999], "Time_Period/s": [0.102704, 0.086250999999999994], "Mass_Participation_total/%": 50.860399000000001, "Mode": [9, 14], "Mass_Participation/%": [17.167017999999999, 8.7045549999999992], "Base_shear/KN": 128.044603, "Eurocode_satsisfied_(1=yes,0=no)": 0.0}