{"Mass_Participation_total_cumulative(x,y,z)/%": [104.633945, 95.381124999999997, 36.388165000000001], "Time_Period/s": [0.097878000000000007], "Mass_Participation_total/%": 84.470341000000005, "Mode": [10], "Mass_Participation/%": [33.087800999999999], "Base_shear/KN": 101.025329, "Eurocode_satsisfied_(1=yes,0=no)": 0.0}