{"Mass_Participation_total_cumulative(x,y,z)/%": [63.891128000000002, 46.678106, 22.162949000000001], "Time_Period/s": [0.093275999999999998], "Mass_Participation_total/%": 25.562826000000001, "Mode": [9], "Mass_Participation/%": [17.339376000000001], "Base_shear/KN": 85.787891999999999, "Eurocode_satsisfied_(1=yes,0=no)": 0.0}