{"Mass_Participation_total_cumulative(x,y,z)/%": [91.256729000000007, 87.432928000000004, 33.955492], "Time_Period/s": [0.096629000000000007], "Mass_Participation_total/%": 71.677952000000005, "Mode": [9], "Mass_Participation/%": [29.675891], "Base_shear/KN": 102.08992600000001, "Eurocode_satsisfied_(1=yes,0=no)": 0.0}