{"Mass_Participation_total_cumulative(x,y,z)/%": [97.525893999999994, 80.584564, 43.357508000000003], "Time_Period/s": [0.099751000000000006], "Mass_Participation_total/%": 55.538119000000002, "Mode": [5], "Mass_Participation/%": [28.840809], "Base_shear/KN": 108.146687, "Eurocode_satsisfied_(1=yes,0=no)": 0.0}