{"Mass_Participation_total_cumulative(x,y,z)/%": [124.47917200000001, 118.93697899999999, 34.115245000000002], "Time_Period/s": [0.100385], "Mass_Participation_total/%": 104.910731, "Mode": [6], "Mass_Participation/%": [104.910731], "Base_shear/KN": 104.063255, "Eurocode_satsisfied_(1=yes,0=no)": 1.0}