{"Mass_Participation_total_cumulative(x,y,z)/%": [89.321871000000002, 88.321804, 37.568860000000001], "Time_Period/s": [0.10372000000000001, 0.086395], "Mass_Participation_total/%": 58.956353, "Mode": [4, 10], "Mass_Participation/%": [30.081537000000001, 9.5358990000000006], "Base_shear/KN": 143.441687, "Eurocode_satsisfied_(1=yes,0=no)": 0.0}