{"Mass_Participation_total_cumulative(x,y,z)/%": [53.820979000000001, 55.463129000000002, 19.592476999999999], "Time_Period/s": [0.092641000000000001], "Mass_Participation_total/%": 29.196352999999998, "Mode": [12], "Mass_Participation/%": [23.760158000000001], "Base_shear/KN": 83.353356000000005, "Eurocode_satsisfied_(1=yes,0=no)": 0.0}