{"Mass_Participation_total_cumulative(x,y,z)/%": [88.022703000000007, 125.43168799999999, 48.244751999999998], "Time_Period/s": [0.100747], "Mass_Participation_total/%": 66.243189999999998, "Mode": [4], "Mass_Participation/%": [30.646059000000001], "Base_shear/KN": 123.15116, "Eurocode_satsisfied_(1=yes,0=no)": 0.0}