{"Mass_Participation_total_cumulative(x,y,z)/%": [100.00345799999999, 93.145759999999996, 37.065216999999997], "Time_Period/s": [0.097201999999999997], "Mass_Participation_total/%": 79.820541000000006, "Mode": [8], "Mass_Participation/%": [45.023113000000002], "Base_shear/KN": 102.285657, "Eurocode_satsisfied_(1=yes,0=no)": 0.0}