{"Mass_Participation_total_cumulative(x,y,z)/%": [116.262176, 110.033581, 41.578214000000003], "Time_Period/s": [0.106311], "Mass_Participation_total/%": 94.972044999999994, "Mode": [4], "Mass_Participation/%": [44.604464], "Base_shear/KN": 128.94675599999999, "Eurocode_satsisfied_(1=yes,0=no)": 1.0}