{"Mass_Participation_total_cumulative(x,y,z)/%": [69.330560000000006, 61.249460999999997, 23.001650999999999], "Time_Period/s": [0.087239999999999998], "Mass_Participation_total/%": 46.930073, "Mode": [14], "Mass_Participation/%": [9.5567620000000009], "Base_shear/KN": 83.985774000000006, "Eurocode_satsisfied_(1=yes,0=no)": 0.0}