{"Mass_Participation_total_cumulative(x,y,z)/%": [81.861509999999996, 85.023104000000004, 41.964492999999997], "Time_Period/s": [0.098336000000000007], "Mass_Participation_total/%": 74.848691000000002, "Mode": [6], "Mass_Participation/%": [55.629758000000002], "Base_shear/KN": 103.189656, "Eurocode_satsisfied_(1=yes,0=no)": 0.0}