{"Mass_Participation_total_cumulative(x,y,z)/%": [64.601551000000001, 61.065314000000001, 21.456479000000002], "Time_Period/s": [0.089345999999999995], "Mass_Participation_total/%": 37.784784000000002, "Mode": [20], "Mass_Participation/%": [31.788125000000001], "Base_shear/KN": 82.225690999999998, "Eurocode_satsisfied_(1=yes,0=no)": 0.0}