{"Mass_Participation_total_cumulative(x,y,z)/%": [79.327938000000003, 74.387884, 37.676737000000003], "Time_Period/s": [0.097027000000000002], "Mass_Participation_total/%": 63.060560000000002, "Mode": [9], "Mass_Participation/%": [34.436829000000003], "Base_shear/KN": 102.829729, "Eurocode_satsisfied_(1=yes,0=no)": 0.0}