{"Mass_Participation_total_cumulative(x,y,z)/%": [93.980001999999999, 126.36307100000001, 61.805292000000001], "Time_Period/s": [0.10372000000000001], "Mass_Participation_total/%": 75.565586999999994, "Mode": [4], "Mass_Participation/%": [37.383443999999997], "Base_shear/KN": 131.785572, "Eurocode_satsisfied_(1=yes,0=no)": 0.0}