{"Mass_Participation_total_cumulative(x,y,z)/%": [57.795949999999998, 59.672161000000003, 23.535997999999999], "Time_Period/s": [0.090009000000000006], "Mass_Participation_total/%": 35.012425999999998, "Mode": [15], "Mass_Participation/%": [13.23559], "Base_shear/KN": 83.053627000000006, "Eurocode_satsisfied_(1=yes,0=no)": 0.0}