{"Mass_Participation_total_cumulative(x,y,z)/%": [135.73666600000001, 134.12237999999999, 66.114701999999994], "Time_Period/s": [0.112701], "Mass_Participation_total/%": 103.453609, "Mode": [2], "Mass_Participation/%": [61.614283999999998], "Base_shear/KN": 141.431275, "Eurocode_satsisfied_(1=yes,0=no)": 1.0}