{"Mass_Participation_total_cumulative(x,y,z)/%": [74.390000999999998, 78.658040999999997, 22.001470000000001], "Time_Period/s": [0.091564999999999994], "Mass_Participation_total/%": 53.385644999999997, "Mode": [14], "Mass_Participation/%": [27.909769000000001], "Base_shear/KN": 83.946667000000005, "Eurocode_satsisfied_(1=yes,0=no)": 0.0}