{"Mass_Participation_total_cumulative(x,y,z)/%": [132.93290400000001, 154.151554, 36.528250999999997], "Time_Period/s": [0.098001000000000005], "Mass_Participation_total/%": 120.268861, "Mode": [8], "Mass_Participation/%": [120.268861], "Base_shear/KN": 101.41857299999999, "Eurocode_satsisfied_(1=yes,0=no)": 1.0}