{"Mass_Participation_total_cumulative(x,y,z)/%": [99.100162999999995, 102.98848700000001, 60.020381999999998], "Time_Period/s": [0.111], "Mass_Participation_total/%": 85.833234000000004, "Mode": [3], "Mass_Participation/%": [49.755056000000003], "Base_shear/KN": 137.56068200000001, "Eurocode_satsisfied_(1=yes,0=no)": 0.0}