{"Mass_Participation_total_cumulative(x,y,z)/%": [120.085868, 114.11073500000001, 59.755310000000001], "Time_Period/s": [0.112112], "Mass_Participation_total/%": 94.373504999999994, "Mode": [3], "Mass_Participation/%": [77.373334], "Base_shear/KN": 152.227408, "Eurocode_satsisfied_(1=yes,0=no)": 1.0}