{"Mass_Participation_total_cumulative(x,y,z)/%": [124.06065599999999, 133.20723599999999, 47.916176], "Time_Period/s": [0.10643900000000001], "Mass_Participation_total/%": 113.666706, "Mode": [5], "Mass_Participation/%": [113.666706], "Base_shear/KN": 128.84468000000001, "Eurocode_satsisfied_(1=yes,0=no)": 1.0}