{"Mass_Participation_total_cumulative(x,y,z)/%": [147.354589, 156.40385800000001, 53.400877999999999], "Time_Period/s": [0.107567], "Mass_Participation_total/%": 108.002067, "Mode": [4], "Mass_Participation/%": [108.002067], "Base_shear/KN": 131.811665, "Eurocode_satsisfied_(1=yes,0=no)": 1.0}