{"Mass_Participation_total_cumulative(x,y,z)/%": [59.285406000000002, 57.652017000000001, 23.128686999999999], "Time_Period/s": [0.097379999999999994], "Mass_Participation_total/%": 36.648440000000001, "Mode": [10], "Mass_Participation/%": [13.387995], "Base_shear/KN": 88.833978000000002, "Eurocode_satsisfied_(1=yes,0=no)": 0.0}