{"Mass_Participation_total_cumulative(x,y,z)/%": [97.933654000000004, 85.733127999999994, 39.768873999999997], "Time_Period/s": [0.10527400000000001, 0.088313000000000003], "Mass_Participation_total/%": 68.986340999999996, "Mode": [3, 7], "Mass_Participation/%": [35.228264000000003, 10.412076000000001], "Base_shear/KN": 156.48047299999999, "Eurocode_satsisfied_(1=yes,0=no)": 0.0}