{"Mass_Participation_total_cumulative(x,y,z)/%": [145.145276, 145.344402, 45.633822000000002], "Time_Period/s": [0.098753999999999995], "Mass_Participation_total/%": 125.04795799999999, "Mode": [7], "Mass_Participation/%": [89.882768999999996], "Base_shear/KN": 104.235595, "Eurocode_satsisfied_(1=yes,0=no)": 1.0}