{"Mass_Participation_total_cumulative(x,y,z)/%": [48.775973999999998, 63.235266000000003, 22.264652000000002], "Time_Period/s": [0.087689000000000003], "Mass_Participation_total/%": 21.326001999999999, "Mode": [17], "Mass_Participation/%": [12.02341], "Base_shear/KN": 82.686505999999994, "Eurocode_satsisfied_(1=yes,0=no)": 0.0}