{"Mass_Participation_total_cumulative(x,y,z)/%": [60.842170000000003, 62.616590000000002, 23.791734000000002], "Time_Period/s": [0.098315, 0.085584999999999994], "Mass_Participation_total/%": 39.271880000000003, "Mode": [12, 17], "Mass_Participation/%": [12.346019, 5.6923440000000003], "Base_shear/KN": 121.9773, "Eurocode_satsisfied_(1=yes,0=no)": 0.0}