{"Mass_Participation_total_cumulative(x,y,z)/%": [99.559714999999997, 120.44144300000001, 42.532164000000002], "Time_Period/s": [0.107913], "Mass_Participation_total/%": 101.6173, "Mode": [4], "Mass_Participation/%": [101.6173], "Base_shear/KN": 132.03073900000001, "Eurocode_satsisfied_(1=yes,0=no)": 1.0}