{"Mass_Participation_total_cumulative(x,y,z)/%": [138.59257500000001, 140.089516, 39.269843999999999], "Time_Period/s": [0.099624000000000004], "Mass_Participation_total/%": 112.65382099999999, "Mode": [7], "Mass_Participation/%": [61.137368000000002], "Base_shear/KN": 103.68123900000001, "Eurocode_satsisfied_(1=yes,0=no)": 1.0}