{"Mass_Participation_total_cumulative(x,y,z)/%": [113.273386, 135.42481000000001, 59.986877], "Time_Period/s": [0.10842400000000001], "Mass_Participation_total/%": 105.457643, "Mode": [5], "Mass_Participation/%": [105.457643], "Base_shear/KN": 135.30319800000001, "Eurocode_satsisfied_(1=yes,0=no)": 1.0}