{"Mass_Participation_total_cumulative(x,y,z)/%": [113.472803, 109.24636, 65.794788999999994], "Time_Period/s": [0.109331], "Mass_Participation_total/%": 95.238900999999998, "Mode": [3], "Mass_Participation/%": [73.951329000000001], "Base_shear/KN": 134.951221, "Eurocode_satsisfied_(1=yes,0=no)": 1.0}