{"Mass_Participation_total_cumulative(x,y,z)/%": [68.808860999999993, 122.045593, 38.919910000000002], "Time_Period/s": [0.097433000000000006], "Mass_Participation_total/%": 104.402038, "Mode": [9], "Mass_Participation/%": [104.402038], "Base_shear/KN": 101.365351, "Eurocode_satsisfied_(1=yes,0=no)": 1.0}