{"Mass_Participation_total_cumulative(x,y,z)/%": [59.970255000000002, 69.993650000000002, 24.279667], "Time_Period/s": [0.092661999999999994], "Mass_Participation_total/%": 52.044804999999997, "Mode": [9], "Mass_Participation/%": [46.410893000000002], "Base_shear/KN": 84.395274000000001, "Eurocode_satsisfied_(1=yes,0=no)": 0.0}