{"Mass_Participation_total_cumulative(x,y,z)/%": [53.221390999999997, 63.302657000000004, 23.314038], "Time_Period/s": [0.093497999999999998], "Mass_Participation_total/%": 39.168078999999999, "Mode": [10], "Mass_Participation/%": [33.478746999999998], "Base_shear/KN": 83.564341999999996, "Eurocode_satsisfied_(1=yes,0=no)": 0.0}