{"Mass_Participation_total_cumulative(x,y,z)/%": [113.09732200000001, 134.09051199999999, 49.310433000000003], "Time_Period/s": [0.106464], "Mass_Participation_total/%": 107.160781, "Mode": [6], "Mass_Participation/%": [107.160781], "Base_shear/KN": 128.559022, "Eurocode_satsisfied_(1=yes,0=no)": 1.0}