{"Mass_Participation_total_cumulative(x,y,z)/%": [63.216104999999999, 55.345826000000002, 22.288076], "Time_Period/s": [0.095491000000000006, 0.085868], "Mass_Participation_total/%": 35.084893000000001, "Mode": [10, 14], "Mass_Participation/%": [20.511617000000001, 7.9207219999999996], "Base_shear/KN": 122.59222800000001, "Eurocode_satsisfied_(1=yes,0=no)": 0.0}