{"Mass_Participation_total_cumulative(x,y,z)/%": [117.09820499999999, 105.97057, 35.289428999999998], "Time_Period/s": [0.10606], "Mass_Participation_total/%": 81.319895000000002, "Mode": [3], "Mass_Participation/%": [54.557186000000002], "Base_shear/KN": 124.022434, "Eurocode_satsisfied_(1=yes,0=no)": 0.0}