{"Mass_Participation_total_cumulative(x,y,z)/%": [80.604680000000002, 113.8849, 37.571973], "Time_Period/s": [0.102157], "Mass_Participation_total/%": 53.247481000000001, "Mode": [5], "Mass_Participation/%": [38.122934999999998], "Base_shear/KN": 103.04693899999999, "Eurocode_satsisfied_(1=yes,0=no)": 0.0}