{"Mass_Participation_total_cumulative(x,y,z)/%": [101.733949, 129.88832600000001, 37.223815000000002], "Time_Period/s": [0.103186, 0.089068999999999995], "Mass_Participation_total/%": 76.364294000000001, "Mode": [5, 7], "Mass_Participation/%": [38.210853, 18.670027999999999], "Base_shear/KN": 148.13793999999999, "Eurocode_satsisfied_(1=yes,0=no)": 0.0}