{"Mass_Participation_total_cumulative(x,y,z)/%": [73.106322000000006, 64.861044000000007, 23.653953999999999], "Time_Period/s": [0.090342000000000006], "Mass_Participation_total/%": 38.803649999999998, "Mode": [14], "Mass_Participation/%": [21.737217999999999], "Base_shear/KN": 85.087939000000006, "Eurocode_satsisfied_(1=yes,0=no)": 0.0}