{"Mass_Participation_total_cumulative(x,y,z)/%": [57.664729999999999, 60.792881999999999, 20.721225], "Time_Period/s": [0.089935000000000001], "Mass_Participation_total/%": 40.466413000000003, "Mode": [10], "Mass_Participation/%": [34.802371999999998], "Base_shear/KN": 86.213543000000001, "Eurocode_satsisfied_(1=yes,0=no)": 0.0}