{"Mass_Participation_total_cumulative(x,y,z)/%": [116.939562, 129.752903, 58.785637000000001], "Time_Period/s": [0.109333, 0.086860999999999994], "Mass_Participation_total/%": 93.067024000000004, "Mode": [2, 5], "Mass_Participation/%": [32.818150000000003, 5.584244], "Base_shear/KN": 188.01469800000001, "Eurocode_satsisfied_(1=yes,0=no)": 1.0}