{"Mass_Participation_total_cumulative(x,y,z)/%": [63.572085000000001, 53.424194, 20.219386], "Time_Period/s": [0.090561000000000003], "Mass_Participation_total/%": 33.879288000000003, "Mode": [11], "Mass_Participation/%": [22.412800000000001], "Base_shear/KN": 83.404399999999995, "Eurocode_satsisfied_(1=yes,0=no)": 0.0}