{"Mass_Participation_total_cumulative(x,y,z)/%": [107.155081, 111.15447899999999, 51.695188000000002], "Time_Period/s": [0.10538], "Mass_Participation_total/%": 92.546464999999998, "Mode": [5], "Mass_Participation/%": [61.198126000000002], "Base_shear/KN": 129.34683000000001, "Eurocode_satsisfied_(1=yes,0=no)": 1.0}