{"Mass_Participation_total_cumulative(x,y,z)/%": [108.78389, 124.425515, 56.409376999999999], "Time_Period/s": [0.109941], "Mass_Participation_total/%": 94.703284999999994, "Mode": [4], "Mass_Participation/%": [94.703284999999994], "Base_shear/KN": 132.98213999999999, "Eurocode_satsisfied_(1=yes,0=no)": 1.0}