{"Mass_Participation_total_cumulative(x,y,z)/%": [84.367084000000006, 92.084316999999999, 37.174608999999997], "Time_Period/s": [0.099904000000000007], "Mass_Participation_total/%": 72.638008999999997, "Mode": [7], "Mass_Participation/%": [54.588946], "Base_shear/KN": 105.473598, "Eurocode_satsisfied_(1=yes,0=no)": 0.0}