{"Mass_Participation_total_cumulative(x,y,z)/%": [63.270018, 67.389433999999994, 22.484522999999999], "Time_Period/s": [0.093176999999999996], "Mass_Participation_total/%": 55.088670999999998, "Mode": [8], "Mass_Participation/%": [41.340217000000003], "Base_shear/KN": 83.903343000000007, "Eurocode_satsisfied_(1=yes,0=no)": 0.0}