{"Mass_Participation_total_cumulative(x,y,z)/%": [66.199700000000007, 59.012309000000002, 22.384696999999999], "Time_Period/s": [0.091049000000000005], "Mass_Participation_total/%": 42.140512000000001, "Mode": [12], "Mass_Participation/%": [24.619641000000001], "Base_shear/KN": 84.642812000000006, "Eurocode_satsisfied_(1=yes,0=no)": 0.0}