{"Mass_Participation_total_cumulative(x,y,z)/%": [80.887263000000004, 71.936847, 37.209173999999997], "Time_Period/s": [0.097156999999999993], "Mass_Participation_total/%": 62.157395999999999, "Mode": [10], "Mass_Participation/%": [41.967022], "Base_shear/KN": 101.649697, "Eurocode_satsisfied_(1=yes,0=no)": 0.0}