{"Mass_Participation_total_cumulative(x,y,z)/%": [95.435670000000002, 108.126715, 29.968581], "Time_Period/s": [0.099291000000000004], "Mass_Participation_total/%": 90.331007, "Mode": [6], "Mass_Participation/%": [80.206439000000003], "Base_shear/KN": 106.023079, "Eurocode_satsisfied_(1=yes,0=no)": 1.0}