{"Mass_Participation_total_cumulative(x,y,z)/%": [76.489343000000005, 100.922668, 55.030374999999999], "Time_Period/s": [0.10928300000000001], "Mass_Participation_total/%": 82.907630999999995, "Mode": [4], "Mass_Participation/%": [82.907630999999995], "Base_shear/KN": 135.05859100000001, "Eurocode_satsisfied_(1=yes,0=no)": 0.0}