{"Mass_Participation_total_cumulative(x,y,z)/%": [81.5261, 114.920652, 43.731167999999997], "Time_Period/s": [0.098152000000000003], "Mass_Participation_total/%": 107.91734700000001, "Mode": [8], "Mass_Participation/%": [107.91734700000001], "Base_shear/KN": 103.808306, "Eurocode_satsisfied_(1=yes,0=no)": 1.0}