{"Mass_Participation_total_cumulative(x,y,z)/%": [129.78430499999999, 114.36581200000001, 59.794369000000003], "Time_Period/s": [0.10824], "Mass_Participation_total/%": 94.080828999999994, "Mode": [4], "Mass_Participation/%": [94.080828999999994], "Base_shear/KN": 136.27109300000001, "Eurocode_satsisfied_(1=yes,0=no)": 1.0}