{"Mass_Participation_total_cumulative(x,y,z)/%": [107.72771, 114.001257, 56.205742999999998], "Time_Period/s": [0.106225, 0.090327000000000005], "Mass_Participation_total/%": 77.391225000000006, "Mode": [4, 5], "Mass_Participation/%": [51.823582999999999, 5.7827849999999996], "Base_shear/KN": 187.28654299999999, "Eurocode_satsisfied_(1=yes,0=no)": 0.0}