{"Mass_Participation_total_cumulative(x,y,z)/%": [55.695045, 59.080595000000002, 22.885725999999998], "Time_Period/s": [0.090219999999999995], "Mass_Participation_total/%": 19.312716999999999, "Mode": [12], "Mass_Participation/%": [11.050228000000001], "Base_shear/KN": 84.657996999999995, "Eurocode_satsisfied_(1=yes,0=no)": 0.0}