{"Mass_Participation_total_cumulative(x,y,z)/%": [119.402153, 119.156824, 37.424601000000003], "Time_Period/s": [0.10151300000000001, 0.079293000000000002], "Mass_Participation_total/%": 94.709232999999998, "Mode": [4, 9], "Mass_Participation/%": [53.762498000000001, 8.5921669999999999], "Base_shear/KN": 141.81703400000001, "Eurocode_satsisfied_(1=yes,0=no)": 1.0}