{"Mass_Participation_total_cumulative(x,y,z)/%": [101.43355699999999, 105.751694, 45.044742999999997], "Time_Period/s": [0.13165399999999999, 0.091568999999999998, 0.066977999999999996], "Mass_Participation_total/%": 85.259681, "Mode": [2, 6, 13], "Mass_Participation/%": [20.917884000000001, 20.628188999999999, 6.5398820000000004], "Base_shear/KN": 186.42784800000001, "Eurocode_satsisfied_(1=yes,0=no)": 1.0}