{"Mass_Participation_total_cumulative(x,y,z)/%": [61.660850000000003, 56.77617, 22.516553999999999], "Time_Period/s": [0.093682000000000001], "Mass_Participation_total/%": 34.080196999999998, "Mode": [11], "Mass_Participation/%": [21.360852999999999], "Base_shear/KN": 82.808509999999998, "Eurocode_satsisfied_(1=yes,0=no)": 0.0}