{"Mass_Participation_total_cumulative(x,y,z)/%": [94.968027000000006, 134.97907900000001, 43.000546999999997], "Time_Period/s": [0.099680000000000005], "Mass_Participation_total/%": 77.590123000000006, "Mode": [7], "Mass_Participation/%": [38.413744999999999], "Base_shear/KN": 102.736965, "Eurocode_satsisfied_(1=yes,0=no)": 0.0}