{"Mass_Participation_total_cumulative(x,y,z)/%": [63.702972000000003, 73.605580000000003, 23.993500000000001], "Time_Period/s": [0.093964000000000006], "Mass_Participation_total/%": 36.511248000000002, "Mode": [15], "Mass_Participation/%": [21.091806999999999], "Base_shear/KN": 82.696816999999996, "Eurocode_satsisfied_(1=yes,0=no)": 0.0}