{"Mass_Participation_total_cumulative(x,y,z)/%": [109.520011, 129.25882300000001, 39.188139999999997], "Time_Period/s": [0.099460999999999994], "Mass_Participation_total/%": 96.001858999999996, "Mode": [7], "Mass_Participation/%": [96.001858999999996], "Base_shear/KN": 103.434049, "Eurocode_satsisfied_(1=yes,0=no)": 1.0}