{"Mass_Participation_total_cumulative(x,y,z)/%": [100.425084, 83.106485000000006, 68.335453000000001], "Time_Period/s": [0.10473, 0.080111000000000002], "Mass_Participation_total/%": 79.738032000000004, "Mode": [5, 7], "Mass_Participation/%": [39.696778999999999, 6.2447850000000003], "Base_shear/KN": 177.03009399999999, "Eurocode_satsisfied_(1=yes,0=no)": 0.0}