{"Mass_Participation_total_cumulative(x,y,z)/%": [125.57193599999999, 118.620137, 45.936923999999998], "Time_Period/s": [0.10909000000000001], "Mass_Participation_total/%": 103.23969700000001, "Mode": [4], "Mass_Participation/%": [65.060119], "Base_shear/KN": 134.4802, "Eurocode_satsisfied_(1=yes,0=no)": 1.0}