{"Mass_Participation_total_cumulative(x,y,z)/%": [65.539677999999995, 64.785507999999993, 19.053204000000001], "Time_Period/s": [0.089966000000000004], "Mass_Participation_total/%": 34.067345000000003, "Mode": [12], "Mass_Participation/%": [15.095348], "Base_shear/KN": 84.819929999999999, "Eurocode_satsisfied_(1=yes,0=no)": 0.0}