{"Mass_Participation_total_cumulative(x,y,z)/%": [98.455479999999994, 110.41833, 38.085552], "Time_Period/s": [0.098547999999999997], "Mass_Participation_total/%": 94.163335000000004, "Mode": [6], "Mass_Participation/%": [87.513582999999997], "Base_shear/KN": 104.623493, "Eurocode_satsisfied_(1=yes,0=no)": 1.0}