{"Mass_Participation_total_cumulative(x,y,z)/%": [68.810451999999998, 68.371700000000004, 24.527215000000002], "Time_Period/s": [0.089508000000000004], "Mass_Participation_total/%": 44.728715000000001, "Mode": [15], "Mass_Participation/%": [15.255380000000001], "Base_shear/KN": 83.241084000000001, "Eurocode_satsisfied_(1=yes,0=no)": 0.0}