{"Mass_Participation_total_cumulative(x,y,z)/%": [76.347193000000004, 73.634034, 20.861343999999999], "Time_Period/s": [0.099303000000000002, 0.083544999999999994], "Mass_Participation_total/%": 40.584373999999997, "Mode": [8, 13], "Mass_Participation/%": [17.851662999999999, 7.8612310000000001], "Base_shear/KN": 125.456278, "Eurocode_satsisfied_(1=yes,0=no)": 0.0}