{"Mass_Participation_total_cumulative(x,y,z)/%": [87.853950999999995, 61.794719000000001, 35.366492999999998], "Time_Period/s": [0.10083499999999999], "Mass_Participation_total/%": 42.191184999999997, "Mode": [5], "Mass_Participation/%": [24.625561000000001], "Base_shear/KN": 106.23119, "Eurocode_satsisfied_(1=yes,0=no)": 0.0}