{"Mass_Participation_total_cumulative(x,y,z)/%": [89.741872999999998, 73.390062, 34.447476999999999], "Time_Period/s": [0.094081999999999999, 0.084240999999999996], "Mass_Participation_total/%": 68.379339999999999, "Mode": [9, 10], "Mass_Participation/%": [49.864474999999999, 5.0991479999999996], "Base_shear/KN": 137.157656, "Eurocode_satsisfied_(1=yes,0=no)": 0.0}