{"Mass_Participation_total_cumulative(x,y,z)/%": [80.056357000000006, 85.838226000000006, 37.913997999999999], "Time_Period/s": [0.099866999999999997, 0.089580000000000007], "Mass_Participation_total/%": 67.386627000000004, "Mode": [5, 8], "Mass_Participation/%": [38.515909999999998, 5.8684510000000003], "Base_shear/KN": 142.89999299999999, "Eurocode_satsisfied_(1=yes,0=no)": 0.0}