{"Mass_Participation_total_cumulative(x,y,z)/%": [118.437547, 80.522143, 48.002104000000003], "Time_Period/s": [0.10377], "Mass_Participation_total/%": 73.936682000000005, "Mode": [5], "Mass_Participation/%": [32.745849], "Base_shear/KN": 126.389129, "Eurocode_satsisfied_(1=yes,0=no)": 0.0}