{"Mass_Participation_total_cumulative(x,y,z)/%": [106.148704, 94.223045999999997, 58.958739000000001], "Time_Period/s": [0.10768800000000001], "Mass_Participation_total/%": 83.907694000000006, "Mode": [4], "Mass_Participation/%": [40.307588000000003], "Base_shear/KN": 133.85226900000001, "Eurocode_satsisfied_(1=yes,0=no)": 0.0}