{"Mass_Participation_total_cumulative(x,y,z)/%": [114.01823899999999, 128.20863199999999, 51.531381000000003], "Time_Period/s": [0.108846], "Mass_Participation_total/%": 95.914634000000007, "Mode": [4], "Mass_Participation/%": [95.914634000000007], "Base_shear/KN": 130.71061499999999, "Eurocode_satsisfied_(1=yes,0=no)": 1.0}