{"Mass_Participation_total_cumulative(x,y,z)/%": [86.046470999999997, 105.46908000000001, 39.255633000000003], "Time_Period/s": [0.099047999999999997], "Mass_Participation_total/%": 77.840097999999998, "Mode": [6], "Mass_Participation/%": [70.003165999999993], "Base_shear/KN": 104.482387, "Eurocode_satsisfied_(1=yes,0=no)": 0.0}