{"Mass_Participation_total_cumulative(x,y,z)/%": [176.738248, 179.37126000000001, 48.175933999999998], "Time_Period/s": [0.10738499999999999], "Mass_Participation_total/%": 96.321976000000006, "Mode": [5], "Mass_Participation/%": [96.321976000000006], "Base_shear/KN": 131.074094, "Eurocode_satsisfied_(1=yes,0=no)": 1.0}