{"Mass_Participation_total_cumulative(x,y,z)/%": [103.70022299999999, 105.42456199999999, 55.117829], "Time_Period/s": [0.096425999999999998], "Mass_Participation_total/%": 94.761432999999997, "Mode": [6], "Mass_Participation/%": [25.3309], "Base_shear/KN": 128.52689000000001, "Eurocode_satsisfied_(1=yes,0=no)": 1.0}