{"Mass_Participation_total_cumulative(x,y,z)/%": [107.828389, 106.87079900000001, 60.928963000000003], "Time_Period/s": [0.11082699999999999], "Mass_Participation_total/%": 91.199544000000003, "Mode": [3], "Mass_Participation/%": [91.199544000000003], "Base_shear/KN": 138.360242, "Eurocode_satsisfied_(1=yes,0=no)": 1.0}