{"Mass_Participation_total_cumulative(x,y,z)/%": [88.409253000000007, 76.471143999999995, 54.473129], "Time_Period/s": [0.103932, 0.092183000000000001], "Mass_Participation_total/%": 74.845753999999999, "Mode": [4, 6], "Mass_Participation/%": [23.755044999999999, 9.1946580000000004], "Base_shear/KN": 171.20726400000001, "Eurocode_satsisfied_(1=yes,0=no)": 0.0}