{"Mass_Participation_total_cumulative(x,y,z)/%": [105.80803400000001, 101.800434, 41.260280000000002], "Time_Period/s": [0.098547999999999997], "Mass_Participation_total/%": 75.732405999999997, "Mode": [7], "Mass_Participation/%": [45.283513999999997], "Base_shear/KN": 102.883754, "Eurocode_satsisfied_(1=yes,0=no)": 0.0}