{"Mass_Participation_total_cumulative(x,y,z)/%": [141.53357500000001, 138.65868399999999, 68.534300000000002], "Time_Period/s": [0.11014599999999999], "Mass_Participation_total/%": 91.952892000000006, "Mode": [4], "Mass_Participation/%": [91.952892000000006], "Base_shear/KN": 143.20846499999999, "Eurocode_satsisfied_(1=yes,0=no)": 1.0}