{"Mass_Participation_total_cumulative(x,y,z)/%": [102.61431899999999, 93.339370000000002, 37.408996999999999], "Time_Period/s": [0.10084600000000001], "Mass_Participation_total/%": 77.882859999999994, "Mode": [4], "Mass_Participation/%": [46.711063000000003], "Base_shear/KN": 106.186815, "Eurocode_satsisfied_(1=yes,0=no)": 0.0}