{"Mass_Participation_total_cumulative(x,y,z)/%": [110.45240699999999, 83.178798, 38.615769], "Time_Period/s": [0.101975], "Mass_Participation_total/%": 90.152529999999999, "Mode": [5], "Mass_Participation/%": [90.152529999999999], "Base_shear/KN": 106.15248099999999, "Eurocode_satsisfied_(1=yes,0=no)": 1.0}