{"Mass_Participation_total_cumulative(x,y,z)/%": [94.760136000000003, 85.839470000000006, 36.428074000000002], "Time_Period/s": [0.096602999999999994], "Mass_Participation_total/%": 78.837751999999995, "Mode": [9], "Mass_Participation/%": [35.241974999999996], "Base_shear/KN": 102.71262400000001, "Eurocode_satsisfied_(1=yes,0=no)": 0.0}