{"Mass_Participation_total_cumulative(x,y,z)/%": [51.386004999999997, 65.676102, 21.839994999999998], "Time_Period/s": [0.091219999999999996], "Mass_Participation_total/%": 46.000788, "Mode": [15], "Mass_Participation/%": [39.598090999999997], "Base_shear/KN": 83.083566000000005, "Eurocode_satsisfied_(1=yes,0=no)": 0.0}