{"Mass_Participation_total_cumulative(x,y,z)/%": [72.997957999999997, 79.352717999999996, 22.213853], "Time_Period/s": [0.090663999999999995], "Mass_Participation_total/%": 64.847570000000005, "Mode": [12], "Mass_Participation/%": [53.323464000000001], "Base_shear/KN": 83.160760999999994, "Eurocode_satsisfied_(1=yes,0=no)": 0.0}