{"Mass_Participation_total_cumulative(x,y,z)/%": [111.980744, 85.644013999999999, 37.172848999999999], "Time_Period/s": [0.098420999999999995], "Mass_Participation_total/%": 86.072687000000002, "Mode": [9], "Mass_Participation/%": [77.271472000000003], "Base_shear/KN": 101.77364900000001, "Eurocode_satsisfied_(1=yes,0=no)": 0.0}