{"Mass_Participation_total_cumulative(x,y,z)/%": [96.788808000000003, 102.920147, 47.558649000000003], "Time_Period/s": [0.116137, 0.094950000000000007], "Mass_Participation_total/%": 78.670105000000007, "Mode": [2, 4], "Mass_Participation/%": [48.788103999999997, 21.700955], "Base_shear/KN": 184.95112, "Eurocode_satsisfied_(1=yes,0=no)": 0.0}