{"Mass_Participation_total_cumulative(x,y,z)/%": [91.567385000000002, 95.352209000000002, 42.440783000000003], "Time_Period/s": [0.096636], "Mass_Participation_total/%": 63.909765999999998, "Mode": [9], "Mass_Participation/%": [55.487414999999999], "Base_shear/KN": 102.47735299999999, "Eurocode_satsisfied_(1=yes,0=no)": 0.0}