{"Mass_Participation_total_cumulative(x,y,z)/%": [146.99115399999999, 124.341857, 59.631196000000003], "Time_Period/s": [0.107264], "Mass_Participation_total/%": 108.991624, "Mode": [4], "Mass_Participation/%": [55.096884000000003], "Base_shear/KN": 130.31789800000001, "Eurocode_satsisfied_(1=yes,0=no)": 1.0}