{"Mass_Participation_total_cumulative(x,y,z)/%": [72.400502000000003, 66.618493000000001, 21.649083000000001], "Time_Period/s": [0.094199000000000005], "Mass_Participation_total/%": 47.969408000000001, "Mode": [9], "Mass_Participation/%": [16.987541], "Base_shear/KN": 86.216202999999993, "Eurocode_satsisfied_(1=yes,0=no)": 0.0}