{"Mass_Participation_total_cumulative(x,y,z)/%": [93.571098000000006, 83.699302000000003, 40.987338000000001], "Time_Period/s": [0.098349000000000006], "Mass_Participation_total/%": 67.219768000000002, "Mode": [7], "Mass_Participation/%": [55.753447000000001], "Base_shear/KN": 104.69331200000001, "Eurocode_satsisfied_(1=yes,0=no)": 0.0}