{"Mass_Participation_total_cumulative(x,y,z)/%": [137.561216, 149.47636600000001, 52.469037], "Time_Period/s": [0.10648000000000001], "Mass_Participation_total/%": 101.16380100000001, "Mode": [6], "Mass_Participation/%": [101.16380100000001], "Base_shear/KN": 129.22377900000001, "Eurocode_satsisfied_(1=yes,0=no)": 1.0}