{"Mass_Participation_total_cumulative(x,y,z)/%": [69.573374000000001, 70.500200000000007, 18.307683000000001], "Time_Period/s": [0.091980000000000006], "Mass_Participation_total/%": 57.102998999999997, "Mode": [11], "Mass_Participation/%": [13.891953000000001], "Base_shear/KN": 84.130465000000001, "Eurocode_satsisfied_(1=yes,0=no)": 0.0}