{"Mass_Participation_total_cumulative(x,y,z)/%": [51.442888000000004, 60.056336999999999, 24.127555000000001], "Time_Period/s": [0.091688000000000006], "Mass_Participation_total/%": 39.994928999999999, "Mode": [11], "Mass_Participation/%": [15.120131000000001], "Base_shear/KN": 82.1661, "Eurocode_satsisfied_(1=yes,0=no)": 0.0}