{"Mass_Participation_total_cumulative(x,y,z)/%": [72.480745999999996, 68.136032999999998, 22.802693999999999], "Time_Period/s": [0.091816999999999996], "Mass_Participation_total/%": 38.017429, "Mode": [11], "Mass_Participation/%": [14.846866], "Base_shear/KN": 84.516335999999995, "Eurocode_satsisfied_(1=yes,0=no)": 0.0}