{"Mass_Participation_total_cumulative(x,y,z)/%": [66.921496000000005, 58.376005999999997, 23.341702999999999], "Time_Period/s": [0.10420699999999999, 0.085352999999999998], "Mass_Participation_total/%": 42.522063000000003, "Mode": [9, 14], "Mass_Participation/%": [17.473051999999999, 5.3414400000000004], "Base_shear/KN": 122.723913, "Eurocode_satsisfied_(1=yes,0=no)": 0.0}