{"Mass_Participation_total_cumulative(x,y,z)/%": [53.561121, 49.485636999999997, 18.581043000000001], "Time_Period/s": [0.10018000000000001, 0.086786000000000002], "Mass_Participation_total/%": 24.019866, "Mode": [9, 13], "Mass_Participation/%": [11.311044000000001, 7.6855120000000001], "Base_shear/KN": 122.519057, "Eurocode_satsisfied_(1=yes,0=no)": 0.0}