{"Mass_Participation_total_cumulative(x,y,z)/%": [118.281066, 107.70182, 51.087045000000003], "Time_Period/s": [0.104736, 0.078618999999999994, 0.066770999999999997], "Mass_Participation_total/%": 91.183711000000002, "Mode": [5, 9, 13], "Mass_Participation/%": [41.733237000000003, 10.159729, 6.0146829999999998], "Base_shear/KN": 175.17599999999999, "Eurocode_satsisfied_(1=yes,0=no)": 1.0}