{"Mass_Participation_total_cumulative(x,y,z)/%": [94.732466000000002, 80.406180000000006, 56.234245000000001], "Time_Period/s": [0.10713499999999999, 0.094425999999999996], "Mass_Participation_total/%": 80.922719999999998, "Mode": [4, 6], "Mass_Participation/%": [43.093800999999999, 10.109774], "Base_shear/KN": 175.45631499999999, "Eurocode_satsisfied_(1=yes,0=no)": 0.0}