{"Mass_Participation_total_cumulative(x,y,z)/%": [128.16923299999999, 118.062467, 63.586956999999998], "Time_Period/s": [0.11136600000000001], "Mass_Participation_total/%": 90.141638999999998, "Mode": [3], "Mass_Participation/%": [50.105933999999998], "Base_shear/KN": 139.74514500000001, "Eurocode_satsisfied_(1=yes,0=no)": 1.0}