{"Mass_Participation_total_cumulative(x,y,z)/%": [67.843030999999996, 114.943501, 37.079095000000002], "Time_Period/s": [0.096893000000000007], "Mass_Participation_total/%": 42.037869000000001, "Mode": [8], "Mass_Participation/%": [29.489397], "Base_shear/KN": 105.572878, "Eurocode_satsisfied_(1=yes,0=no)": 0.0}