{"Mass_Participation_total_cumulative(x,y,z)/%": [153.505517, 151.92904999999999, 46.344171000000003], "Time_Period/s": [0.107074], "Mass_Participation_total/%": 126.059658, "Mode": [5], "Mass_Participation/%": [76.636591999999993], "Base_shear/KN": 132.27041299999999, "Eurocode_satsisfied_(1=yes,0=no)": 1.0}