{"Mass_Participation_total_cumulative(x,y,z)/%": [101.68368100000001, 100.928864, 56.613061000000002], "Time_Period/s": [0.10859199999999999], "Mass_Participation_total/%": 88.582812000000004, "Mode": [4], "Mass_Participation/%": [54.504036999999997], "Base_shear/KN": 129.80578199999999, "Eurocode_satsisfied_(1=yes,0=no)": 0.0}