{"Mass_Participation_total_cumulative(x,y,z)/%": [107.24547800000001, 97.139577000000003, 35.718780000000002], "Time_Period/s": [0.10839600000000001, 0.085358000000000003], "Mass_Participation_total/%": 72.739282000000003, "Mode": [3, 7], "Mass_Participation/%": [55.408543000000002, 9.3011809999999997], "Base_shear/KN": 160.23385999999999, "Eurocode_satsisfied_(1=yes,0=no)": 0.0}