{"Mass_Participation_total_cumulative(x,y,z)/%": [85.928246000000001, 105.44103200000001, 37.596058999999997], "Time_Period/s": [0.103631], "Mass_Participation_total/%": 59.319378, "Mode": [5], "Mass_Participation/%": [20.194123000000001], "Base_shear/KN": 103.31549, "Eurocode_satsisfied_(1=yes,0=no)": 0.0}