{"Mass_Participation_total_cumulative(x,y,z)/%": [67.182534000000004, 58.419874999999998, 18.396543999999999], "Time_Period/s": [0.092413999999999996], "Mass_Participation_total/%": 38.937828000000003, "Mode": [9], "Mass_Participation/%": [11.951525], "Base_shear/KN": 86.798317999999995, "Eurocode_satsisfied_(1=yes,0=no)": 0.0}