{"Mass_Participation_total_cumulative(x,y,z)/%": [84.711150000000004, 75.761061999999995, 22.462150000000001], "Time_Period/s": [0.091717999999999994], "Mass_Participation_total/%": 63.985889, "Mode": [10], "Mass_Participation/%": [25.368155999999999], "Base_shear/KN": 85.374780000000001, "Eurocode_satsisfied_(1=yes,0=no)": 0.0}