{"Mass_Participation_total_cumulative(x,y,z)/%": [55.979512999999997, 60.890624000000003, 24.650472000000001], "Time_Period/s": [0.089070999999999997], "Mass_Participation_total/%": 36.595972000000003, "Mode": [14], "Mass_Participation/%": [26.241085000000002], "Base_shear/KN": 82.702653999999995, "Eurocode_satsisfied_(1=yes,0=no)": 0.0}