{"Mass_Participation_total_cumulative(x,y,z)/%": [93.620789000000002, 129.02419399999999, 48.925690000000003], "Time_Period/s": [0.107019], "Mass_Participation_total/%": 72.501293000000004, "Mode": [5], "Mass_Participation/%": [45.519959], "Base_shear/KN": 129.42053899999999, "Eurocode_satsisfied_(1=yes,0=no)": 0.0}