{"Mass_Participation_total_cumulative(x,y,z)/%": [99.309025000000005, 124.255972, 55.236347000000002], "Time_Period/s": [0.108109], "Mass_Participation_total/%": 105.320172, "Mode": [3], "Mass_Participation/%": [105.320172], "Base_shear/KN": 131.755067, "Eurocode_satsisfied_(1=yes,0=no)": 1.0}