{"Mass_Participation_total_cumulative(x,y,z)/%": [74.593885, 63.616036000000001, 18.375219999999999], "Time_Period/s": [0.090071999999999999], "Mass_Participation_total/%": 41.633108, "Mode": [10], "Mass_Participation/%": [12.121051], "Base_shear/KN": 87.648483999999996, "Eurocode_satsisfied_(1=yes,0=no)": 0.0}