{"Mass_Participation_total_cumulative(x,y,z)/%": [70.833250000000007, 70.855825999999993, 24.640193], "Time_Period/s": [0.089527999999999996], "Mass_Participation_total/%": 49.262152999999998, "Mode": [13], "Mass_Participation/%": [22.279326000000001], "Base_shear/KN": 84.235540999999998, "Eurocode_satsisfied_(1=yes,0=no)": 0.0}