{"Mass_Participation_total_cumulative(x,y,z)/%": [105.45656700000001, 129.74892600000001, 54.685003000000002], "Time_Period/s": [0.10578700000000001], "Mass_Participation_total/%": 82.429709000000003, "Mode": [6], "Mass_Participation/%": [82.429709000000003], "Base_shear/KN": 128.81723500000001, "Eurocode_satsisfied_(1=yes,0=no)": 0.0}