{"Mass_Participation_total_cumulative(x,y,z)/%": [99.575856000000002, 103.71718199999999, 35.761037000000002], "Time_Period/s": [0.099124000000000004, 0.084430000000000005], "Mass_Participation_total/%": 83.547576000000007, "Mode": [7, 10], "Mass_Participation/%": [54.910632, 6.8658489999999999], "Base_shear/KN": 139.284888, "Eurocode_satsisfied_(1=yes,0=no)": 0.0}