{"Mass_Participation_total_cumulative(x,y,z)/%": [134.674903, 116.21789800000001, 32.505564999999997], "Time_Period/s": [0.097933000000000006], "Mass_Participation_total/%": 99.175785000000005, "Mode": [8], "Mass_Participation/%": [84.457750000000004], "Base_shear/KN": 102.666341, "Eurocode_satsisfied_(1=yes,0=no)": 1.0}