{"Mass_Participation_total_cumulative(x,y,z)/%": [62.166834999999999, 59.679614000000001, 22.727246000000001], "Time_Period/s": [0.10384699999999999, 0.085786000000000001], "Mass_Participation_total/%": 43.416508999999998, "Mode": [7, 14], "Mass_Participation/%": [12.726863, 7.1769559999999997], "Base_shear/KN": 122.288929, "Eurocode_satsisfied_(1=yes,0=no)": 0.0}