{"Mass_Participation_total_cumulative(x,y,z)/%": [93.462055000000007, 116.34755199999999, 56.726007000000003], "Time_Period/s": [0.10981100000000001], "Mass_Participation_total/%": 92.606153000000006, "Mode": [3], "Mass_Participation/%": [85.607422999999997], "Base_shear/KN": 135.78132600000001, "Eurocode_satsisfied_(1=yes,0=no)": 1.0}