{"Mass_Participation_total_cumulative(x,y,z)/%": [80.798334999999994, 98.764735999999999, 31.515067999999999], "Time_Period/s": [0.098011000000000001], "Mass_Participation_total/%": 46.992722999999998, "Mode": [6], "Mass_Participation/%": [35.755668999999997], "Base_shear/KN": 105.037786, "Eurocode_satsisfied_(1=yes,0=no)": 0.0}