{"Mass_Participation_total_cumulative(x,y,z)/%": [98.578889000000004, 123.35698499999999, 53.820770000000003], "Time_Period/s": [0.110273, 0.079085000000000003], "Mass_Participation_total/%": 77.573818000000003, "Mode": [2, 8], "Mass_Participation/%": [66.197987999999995, 5.3872629999999999], "Base_shear/KN": 176.85825399999999, "Eurocode_satsisfied_(1=yes,0=no)": 0.0}