{"Mass_Participation_total_cumulative(x,y,z)/%": [63.991860000000003, 59.372307999999997, 25.748892999999999], "Time_Period/s": [0.085968000000000003], "Mass_Participation_total/%": 42.685569000000001, "Mode": [14], "Mass_Participation/%": [12.793339], "Base_shear/KN": 84.361048999999994, "Eurocode_satsisfied_(1=yes,0=no)": 0.0}