{"Mass_Participation_total_cumulative(x,y,z)/%": [132.84362999999999, 143.76923199999999, 55.931216999999997], "Time_Period/s": [0.10721], "Mass_Participation_total/%": 98.486530999999999, "Mode": [5], "Mass_Participation/%": [98.486530999999999], "Base_shear/KN": 127.65097900000001, "Eurocode_satsisfied_(1=yes,0=no)": 1.0}