{"Mass_Participation_total_cumulative(x,y,z)/%": [60.627879, 62.053448000000003, 20.955476999999998], "Time_Period/s": [0.097323999999999994], "Mass_Participation_total/%": 28.569737, "Mode": [9], "Mass_Participation/%": [16.495006], "Base_shear/KN": 89.054784999999995, "Eurocode_satsisfied_(1=yes,0=no)": 0.0}