{"Mass_Participation_total_cumulative(x,y,z)/%": [94.275643000000002, 90.902846999999994, 44.132499000000003], "Time_Period/s": [0.10718], "Mass_Participation_total/%": 82.231755000000007, "Mode": [5], "Mass_Participation/%": [56.500894000000002], "Base_shear/KN": 131.79925299999999, "Eurocode_satsisfied_(1=yes,0=no)": 0.0}