{"Mass_Participation_total_cumulative(x,y,z)/%": [75.878324000000006, 86.254124000000004, 18.682147000000001], "Time_Period/s": [0.089009000000000005], "Mass_Participation_total/%": 53.323872000000001, "Mode": [9], "Mass_Participation/%": [18.646763], "Base_shear/KN": 92.867840000000001, "Eurocode_satsisfied_(1=yes,0=no)": 0.0}