{"Mass_Participation_total_cumulative(x,y,z)/%": [114.3907, 126.475425, 52.486443999999999], "Time_Period/s": [0.10727200000000001], "Mass_Participation_total/%": 112.921324, "Mode": [4], "Mass_Participation/%": [112.921324], "Base_shear/KN": 131.50567599999999, "Eurocode_satsisfied_(1=yes,0=no)": 1.0}