{"Mass_Participation_total_cumulative(x,y,z)/%": [109.687444, 96.691114999999996, 35.106216000000003], "Time_Period/s": [0.097463999999999995, 0.067472000000000004], "Mass_Participation_total/%": 92.691239999999993, "Mode": [7, 12], "Mass_Participation/%": [31.828191, 6.0204719999999998], "Base_shear/KN": 137.238347, "Eurocode_satsisfied_(1=yes,0=no)": 1.0}