{"Mass_Participation_total_cumulative(x,y,z)/%": [111.780067, 118.50784400000001, 59.331974000000002], "Time_Period/s": [0.10625900000000001], "Mass_Participation_total/%": 105.09125400000001, "Mode": [5], "Mass_Participation/%": [84.162733000000003], "Base_shear/KN": 132.62358599999999, "Eurocode_satsisfied_(1=yes,0=no)": 1.0}