{"Mass_Participation_total_cumulative(x,y,z)/%": [99.301687000000001, 88.656256999999997, 38.471632], "Time_Period/s": [0.107798, 0.090570999999999999], "Mass_Participation_total/%": 78.839903000000007, "Mode": [5, 8], "Mass_Participation/%": [16.098870999999999, 9.8055570000000003], "Base_shear/KN": 154.90722600000001, "Eurocode_satsisfied_(1=yes,0=no)": 0.0}