{"Mass_Participation_total_cumulative(x,y,z)/%": [126.20168099999999, 136.876024, 53.613314000000003], "Time_Period/s": [0.107387], "Mass_Participation_total/%": 109.139757, "Mode": [4], "Mass_Participation/%": [109.139757], "Base_shear/KN": 130.99085299999999, "Eurocode_satsisfied_(1=yes,0=no)": 1.0}