{"Mass_Participation_total_cumulative(x,y,z)/%": [120.055786, 126.98563300000001, 51.993817], "Time_Period/s": [0.106962], "Mass_Participation_total/%": 111.972632, "Mode": [5], "Mass_Participation/%": [111.972632], "Base_shear/KN": 130.131877, "Eurocode_satsisfied_(1=yes,0=no)": 1.0}