{"Mass_Participation_total_cumulative(x,y,z)/%": [66.382953999999998, 68.079967999999994, 25.176126], "Time_Period/s": [0.088724999999999998], "Mass_Participation_total/%": 46.171202000000001, "Mode": [13], "Mass_Participation/%": [14.213480000000001], "Base_shear/KN": 85.019291999999993, "Eurocode_satsisfied_(1=yes,0=no)": 0.0}