{"Mass_Participation_total_cumulative(x,y,z)/%": [68.301865000000006, 52.605061999999997, 22.917261], "Time_Period/s": [0.092151999999999998], "Mass_Participation_total/%": 31.469698000000001, "Mode": [11], "Mass_Participation/%": [17.306797], "Base_shear/KN": 84.468001999999998, "Eurocode_satsisfied_(1=yes,0=no)": 0.0}