{"Mass_Participation_total_cumulative(x,y,z)/%": [105.35773399999999, 106.861282, 36.378028], "Time_Period/s": [0.102641], "Mass_Participation_total/%": 92.917091999999997, "Mode": [4], "Mass_Participation/%": [72.338250000000002], "Base_shear/KN": 113.60113, "Eurocode_satsisfied_(1=yes,0=no)": 1.0}