{"Buckling_Load_Factor": 5.315404, "Max_Shear_Stress/MPa": 0.00014999999999999999, "Max_Shear_Force/KN": 7.3798510000000004, "Utilization": 11.070634999999999, "Max_Tensile_Stress/MPa": 2.9092720000000001, "Max_Bending_Stress/MPa": 0.00012300000000000001, "Avg_Displacement/mm": 13.511768999999999, "Max_Displacement/mm": 57.604137000000001, "Max_Principal_Stress/MPa": 0.031725000000000003, "Interstorey_Drift_Failure": ["False"], "Avg_Shear_Force/KN": 0.74559900000000001, "Avg_Bending_Moment/KNm": 0.25960699999999998, "Max_Bending_Moment/KNm": 2.0510000000000002, "Interstorey_Drift_Ratios": ["0.00655157h"], "Max_Compresive_Stress/MPa": -1.1518759999999999}