{"Buckling_Load_Factor": 4.2266159999999999, "Max_Shear_Stress/MPa": 0.0001, "Max_Shear_Force/KN": 1.5949690000000001, "Utilization": 5.3599589999999999, "Max_Tensile_Stress/MPa": 1.1809540000000001, "Max_Bending_Stress/MPa": 5.8660999999999996e-06, "Avg_Displacement/mm": 4.5200500000000003, "Max_Displacement/mm": 10.461147, "Max_Principal_Stress/MPa": 0.013365999999999999, "Interstorey_Drift_Failure": [], "Avg_Shear_Force/KN": 0.144098, "Avg_Bending_Moment/KNm": 0.029499000000000001, "Max_Bending_Moment/KNm": 0.21997800000000001, "Interstorey_Drift_Ratios": [], "Max_Compresive_Stress/MPa": -0.44415199999999999}