{"Buckling_Load_Factor": 11.123035, "Max_Shear_Stress/MPa": 0.0001, "Max_Shear_Force/KN": 3.7533340000000002, "Utilization": 5.632269, "Max_Tensile_Stress/MPa": 2.3103180000000001, "Max_Bending_Stress/MPa": 2.0999999999999999e-05, "Avg_Displacement/mm": 7.8886409999999998, "Max_Displacement/mm": 26.34937, "Max_Principal_Stress/MPa": 0.025194000000000001, "Interstorey_Drift_Failure": [], "Avg_Shear_Force/KN": 0.57145900000000005, "Avg_Bending_Moment/KNm": 0.162191, "Max_Bending_Moment/KNm": 0.77556899999999995, "Interstorey_Drift_Ratios": [], "Max_Compresive_Stress/MPa": -0.63389799999999996}