{"Buckling_Load_Factor": 11.682256000000001, "Max_Shear_Stress/MPa": 0.00014999999999999999, "Max_Shear_Force/KN": 3.0763889999999998, "Utilization": 5.2507789999999996, "Max_Tensile_Stress/MPa": 1.371656, "Max_Bending_Stress/MPa": 4.8000000000000001e-05, "Avg_Displacement/mm": 3.4581189999999999, "Max_Displacement/mm": 7.563072, "Max_Principal_Stress/MPa": 0.011913999999999999, "Interstorey_Drift_Failure": ["False"], "Avg_Shear_Force/KN": 0.39627099999999998, "Avg_Bending_Moment/KNm": 0.12936500000000001, "Max_Bending_Moment/KNm": 0.79659199999999997, "Interstorey_Drift_Ratios": ["0.00067945h"], "Max_Compresive_Stress/MPa": -0.40121099999999998}