{"Buckling_Load_Factor": 9.7727489999999992, "Max_Shear_Stress/MPa": 0.00014999999999999999, "Max_Shear_Force/KN": 3.73055, "Utilization": 4.9698539999999998, "Max_Tensile_Stress/MPa": 1.286851, "Max_Bending_Stress/MPa": 3.8000000000000002e-05, "Avg_Displacement/mm": 4.6542459999999997, "Max_Displacement/mm": 14.341797, "Max_Principal_Stress/MPa": 0.014411999999999999, "Interstorey_Drift_Failure": ["False"], "Avg_Shear_Force/KN": 0.36573499999999998, "Avg_Bending_Moment/KNm": 0.112752, "Max_Bending_Moment/KNm": 0.62748099999999996, "Interstorey_Drift_Ratios": ["0.00137707h"], "Max_Compresive_Stress/MPa": -0.38639299999999999}