{"Buckling_Load_Factor": 27.517337000000001, "Max_Shear_Stress/MPa": 0.00014999999999999999, "Max_Shear_Force/KN": 5.7724479999999998, "Utilization": 4.1619109999999999, "Max_Tensile_Stress/MPa": 1.3854219999999999, "Max_Bending_Stress/MPa": 0.000108, "Avg_Displacement/mm": 4.6406660000000004, "Max_Displacement/mm": 15.793208, "Max_Principal_Stress/MPa": 0.016236, "Interstorey_Drift_Failure": ["False"], "Avg_Shear_Force/KN": 0.81102300000000005, "Avg_Bending_Moment/KNm": 0.34021800000000002, "Max_Bending_Moment/KNm": 1.805771, "Interstorey_Drift_Ratios": ["0.00178317h"], "Max_Compresive_Stress/MPa": -0.33754099999999998}