{"Buckling_Load_Factor": 2.907454, "Max_Shear_Stress/MPa": 0.00014999999999999999, "Max_Shear_Force/KN": 2.501398, "Utilization": 8.7074189999999998, "Max_Tensile_Stress/MPa": 2.7974429999999999, "Max_Bending_Stress/MPa": 2.0999999999999999e-05, "Avg_Displacement/mm": 16.890936, "Max_Displacement/mm": 55.368552000000001, "Max_Principal_Stress/MPa": 0.029524000000000002, "Interstorey_Drift_Failure": ["False"], "Avg_Shear_Force/KN": 0.33951399999999998, "Avg_Bending_Moment/KNm": 0.078297000000000005, "Max_Bending_Moment/KNm": 0.34493800000000002, "Interstorey_Drift_Ratios": ["0.00603017h"], "Max_Compresive_Stress/MPa": -0.985537}