{"Buckling_Load_Factor": 16.810089000000001, "Max_Shear_Stress/MPa": 0.00014999999999999999, "Max_Shear_Force/KN": 11.477115, "Utilization": 8.1511700000000005, "Max_Tensile_Stress/MPa": 2.216234, "Max_Bending_Stress/MPa": 0.00021599999999999999, "Avg_Displacement/mm": 9.5471559999999993, "Max_Displacement/mm": 28.891855, "Max_Principal_Stress/MPa": 0.020722999999999998, "Interstorey_Drift_Failure": ["False"], "Avg_Shear_Force/KN": 1.6154679999999999, "Avg_Bending_Moment/KNm": 0.62575099999999995, "Max_Bending_Moment/KNm": 3.608015, "Interstorey_Drift_Ratios": ["0.00325681h"], "Max_Compresive_Stress/MPa": -0.74348899999999996}