{"Buckling_Load_Factor": 12.145407000000001, "Max_Shear_Stress/MPa": 0.00014999999999999999, "Max_Shear_Force/KN": 14.121052000000001, "Utilization": 13.192997, "Max_Tensile_Stress/MPa": 3.4901110000000002, "Max_Bending_Stress/MPa": 0.00032000000000000003, "Avg_Displacement/mm": 10.95402, "Max_Displacement/mm": 37.492874, "Max_Principal_Stress/MPa": 0.019376999999999998, "Interstorey_Drift_Failure": ["False"], "Avg_Shear_Force/KN": 1.936337, "Avg_Bending_Moment/KNm": 0.73493399999999998, "Max_Bending_Moment/KNm": 5.3290280000000001, "Interstorey_Drift_Ratios": ["0.004435h"], "Max_Compresive_Stress/MPa": -1.012421}