{"Buckling_Load_Factor": 5.5111350000000003, "Max_Shear_Stress/MPa": 0.0001, "Max_Shear_Force/KN": 3.714315, "Utilization": 6.9743779999999997, "Max_Tensile_Stress/MPa": 2.0687660000000001, "Max_Bending_Stress/MPa": 2.8e-05, "Avg_Displacement/mm": 10.457577000000001, "Max_Displacement/mm": 33.274197000000001, "Max_Principal_Stress/MPa": 0.022216, "Interstorey_Drift_Failure": ["False"], "Avg_Shear_Force/KN": 0.64315199999999995, "Avg_Bending_Moment/KNm": 0.19434499999999999, "Max_Bending_Moment/KNm": 1.0381229999999999, "Interstorey_Drift_Ratios": ["0.00410673h"], "Max_Compresive_Stress/MPa": -0.54060600000000003}