{"Buckling_Load_Factor": 13.673826, "Max_Shear_Stress/MPa": 0.0001, "Max_Shear_Force/KN": 5.9648300000000001, "Utilization": 13.71491, "Max_Tensile_Stress/MPa": 3.5726879999999999, "Max_Bending_Stress/MPa": 6.6000000000000005e-05, "Avg_Displacement/mm": 12.134854000000001, "Max_Displacement/mm": 38.945926, "Max_Principal_Stress/MPa": 0.018237, "Interstorey_Drift_Failure": ["False"], "Avg_Shear_Force/KN": 1.0798730000000001, "Avg_Bending_Moment/KNm": 0.54411100000000001, "Max_Bending_Moment/KNm": 2.4894080000000001, "Interstorey_Drift_Ratios": ["0.00452203h"], "Max_Compresive_Stress/MPa": -0.95345800000000003}