{"Buckling_Load_Factor": 5.3376999999999999, "Max_Shear_Stress/MPa": 0.0001, "Max_Shear_Force/KN": 5.654115, "Utilization": 11.575175, "Max_Tensile_Stress/MPa": 2.8484229999999999, "Max_Bending_Stress/MPa": 4.1e-05, "Avg_Displacement/mm": 13.558192, "Max_Displacement/mm": 49.198875000000001, "Max_Principal_Stress/MPa": 0.024802999999999999, "Interstorey_Drift_Failure": [], "Avg_Shear_Force/KN": 0.65173800000000004, "Avg_Bending_Moment/KNm": 0.21299199999999999, "Max_Bending_Moment/KNm": 1.5562240000000001, "Interstorey_Drift_Ratios": [], "Max_Compresive_Stress/MPa": -1.004227}