{"Buckling_Load_Factor": 6.5915460000000001, "Max_Shear_Stress/MPa": 0.00014999999999999999, "Max_Shear_Force/KN": 1.410023, "Utilization": 4.41296, "Max_Tensile_Stress/MPa": 1.255622, "Max_Bending_Stress/MPa": 1.1e-05, "Avg_Displacement/mm": 3.7603789999999999, "Max_Displacement/mm": 8.2029910000000008, "Max_Principal_Stress/MPa": 0.014411999999999999, "Interstorey_Drift_Failure": ["False"], "Avg_Shear_Force/KN": 0.116456, "Avg_Bending_Moment/KNm": 0.023254, "Max_Bending_Moment/KNm": 0.18040800000000001, "Interstorey_Drift_Ratios": ["0.00074773h"], "Max_Compresive_Stress/MPa": -0.35458200000000001}