{"Buckling_Load_Factor": 3.2366480000000002, "Max_Shear_Stress/MPa": 0.00014999999999999999, "Max_Shear_Force/KN": 2.5012300000000001, "Utilization": 10.468992, "Max_Tensile_Stress/MPa": 2.5952899999999999, "Max_Bending_Stress/MPa": 2.5999999999999998e-05, "Avg_Displacement/mm": 11.045719999999999, "Max_Displacement/mm": 39.984493999999998, "Max_Principal_Stress/MPa": 0.022339000000000001, "Interstorey_Drift_Failure": ["False"], "Avg_Shear_Force/KN": 0.26170399999999999, "Avg_Bending_Moment/KNm": 0.082757999999999998, "Max_Bending_Moment/KNm": 0.43869599999999997, "Interstorey_Drift_Ratios": ["0.00343849h"], "Max_Compresive_Stress/MPa": -1.1507810000000001}