{"Buckling_Load_Factor": 0.01907, "Max_Shear_Stress/MPa": 0.00014999999999999999, "Max_Shear_Force/KN": 2.5918809999999999, "Utilization": 11.14457, "Max_Tensile_Stress/MPa": 2.7715260000000002, "Max_Bending_Stress/MPa": 3.1000000000000001e-05, "Avg_Displacement/mm": 18.689412999999998, "Max_Displacement/mm": 59.864196, "Max_Principal_Stress/MPa": 0.024060999999999999, "Interstorey_Drift_Failure": ["False"], "Avg_Shear_Force/KN": 0.39050299999999999, "Avg_Bending_Moment/KNm": 0.096678, "Max_Bending_Moment/KNm": 0.51588500000000004, "Interstorey_Drift_Ratios": ["0.0074144h"], "Max_Compresive_Stress/MPa": -1.058494}