{"Buckling_Load_Factor": 12.982979, "Max_Shear_Stress/MPa": 0.0001, "Max_Shear_Force/KN": 3.8254999999999999, "Utilization": 6.1539590000000004, "Max_Tensile_Stress/MPa": 1.8200970000000001, "Max_Bending_Stress/MPa": 2.3e-05, "Avg_Displacement/mm": 4.8562029999999998, "Max_Displacement/mm": 15.667576, "Max_Principal_Stress/MPa": 0.020361000000000001, "Interstorey_Drift_Failure": [], "Avg_Shear_Force/KN": 0.42457099999999998, "Avg_Bending_Moment/KNm": 0.110691, "Max_Bending_Moment/KNm": 0.84509000000000001, "Interstorey_Drift_Ratios": [], "Max_Compresive_Stress/MPa": -0.47001999999999999}