{"Buckling_Load_Factor": 18.122565999999999, "Max_Shear_Stress/MPa": 0.0001, "Max_Shear_Force/KN": 4.4628670000000001, "Utilization": 10.784167999999999, "Max_Tensile_Stress/MPa": 2.8067169999999999, "Max_Bending_Stress/MPa": 4.1e-05, "Avg_Displacement/mm": 7.447819, "Max_Displacement/mm": 26.150832999999999, "Max_Principal_Stress/MPa": 0.017621999999999999, "Interstorey_Drift_Failure": [], "Avg_Shear_Force/KN": 0.91528600000000004, "Avg_Bending_Moment/KNm": 0.32514399999999999, "Max_Bending_Moment/KNm": 1.5500890000000001, "Interstorey_Drift_Ratios": [], "Max_Compresive_Stress/MPa": -0.95521199999999995}