{"Buckling_Load_Factor": 6.261971, "Max_Shear_Stress/MPa": 0.0001, "Max_Shear_Force/KN": 6.612571, "Utilization": 10.039474999999999, "Max_Tensile_Stress/MPa": 2.4589080000000001, "Max_Bending_Stress/MPa": 3.1999999999999999e-05, "Avg_Displacement/mm": 17.460405000000002, "Max_Displacement/mm": 50.502921999999998, "Max_Principal_Stress/MPa": 0.026134000000000001, "Interstorey_Drift_Failure": [], "Avg_Shear_Force/KN": 0.97563599999999995, "Avg_Bending_Moment/KNm": 0.243063, "Max_Bending_Moment/KNm": 1.1834659999999999, "Interstorey_Drift_Ratios": [], "Max_Compresive_Stress/MPa": -0.90757399999999999}