{"Buckling_Load_Factor": 4.8276919999999999, "Max_Shear_Stress/MPa": 0.00014999999999999999, "Max_Shear_Force/KN": 1.473427, "Utilization": 6.353631, "Max_Tensile_Stress/MPa": 2.4966219999999999, "Max_Bending_Stress/MPa": 1.8e-05, "Avg_Displacement/mm": 10.182672999999999, "Max_Displacement/mm": 32.555154000000002, "Max_Principal_Stress/MPa": 0.026703000000000001, "Interstorey_Drift_Failure": ["False"], "Avg_Shear_Force/KN": 0.17510800000000001, "Avg_Bending_Moment/KNm": 0.043506999999999997, "Max_Bending_Moment/KNm": 0.29834699999999997, "Interstorey_Drift_Ratios": ["0.00329115h"], "Max_Compresive_Stress/MPa": -0.58622099999999999}