{"Buckling_Load_Factor": 16.766095, "Max_Shear_Stress/MPa": 0.0001, "Max_Shear_Force/KN": 3.410002, "Utilization": 4.3928929999999999, "Max_Tensile_Stress/MPa": 1.6003769999999999, "Max_Bending_Stress/MPa": 1.5999999999999999e-05, "Avg_Displacement/mm": 5.0580090000000002, "Max_Displacement/mm": 14.902096999999999, "Max_Principal_Stress/MPa": 0.019051999999999999, "Interstorey_Drift_Failure": [], "Avg_Shear_Force/KN": 0.467609, "Avg_Bending_Moment/KNm": 0.12021999999999999, "Max_Bending_Moment/KNm": 0.58975999999999995, "Interstorey_Drift_Ratios": [], "Max_Compresive_Stress/MPa": -0.44400099999999998}