{"Buckling_Load_Factor": 13.744698, "Max_Shear_Stress/MPa": 0.00014999999999999999, "Max_Shear_Force/KN": 2.5883850000000002, "Utilization": 3.4603389999999998, "Max_Tensile_Stress/MPa": 1.175775, "Max_Bending_Stress/MPa": 2.9e-05, "Avg_Displacement/mm": 2.6804199999999998, "Max_Displacement/mm": 5.7741689999999997, "Max_Principal_Stress/MPa": 0.014402999999999999, "Interstorey_Drift_Failure": ["False"], "Avg_Shear_Force/KN": 0.271144, "Avg_Bending_Moment/KNm": 0.065286999999999998, "Max_Bending_Moment/KNm": 0.48933599999999999, "Interstorey_Drift_Ratios": ["0.00045558h"], "Max_Compresive_Stress/MPa": -0.26984200000000003}