{"Buckling_Load_Factor": 5.8231229999999998, "Max_Shear_Stress/MPa": 0.00014999999999999999, "Max_Shear_Force/KN": 1.780419, "Utilization": 6.3379580000000004, "Max_Tensile_Stress/MPa": 1.587315, "Max_Bending_Stress/MPa": 1.5999999999999999e-05, "Avg_Displacement/mm": 4.6101020000000004, "Max_Displacement/mm": 14.070955, "Max_Principal_Stress/MPa": 0.014234999999999999, "Interstorey_Drift_Failure": ["False"], "Avg_Shear_Force/KN": 0.142263, "Avg_Bending_Moment/KNm": 0.030030999999999999, "Max_Bending_Moment/KNm": 0.26121899999999998, "Interstorey_Drift_Ratios": ["0.00114588h"], "Max_Compresive_Stress/MPa": -0.60192800000000002}