{"Buckling_Load_Factor": 27.877772, "Max_Shear_Stress/MPa": 0.0001, "Max_Shear_Force/KN": 5.4449959999999997, "Utilization": 5.1159179999999997, "Max_Tensile_Stress/MPa": 1.368519, "Max_Bending_Stress/MPa": 5.3999999999999998e-05, "Avg_Displacement/mm": 4.0937060000000001, "Max_Displacement/mm": 9.7059789999999992, "Max_Principal_Stress/MPa": 0.01176, "Interstorey_Drift_Failure": [], "Avg_Shear_Force/KN": 0.96665299999999998, "Avg_Bending_Moment/KNm": 0.35566199999999998, "Max_Bending_Moment/KNm": 2.0188440000000001, "Interstorey_Drift_Ratios": [], "Max_Compresive_Stress/MPa": -0.292931}