{"Buckling_Load_Factor": 2.9443389999999998, "Max_Shear_Stress/MPa": 0.0001, "Max_Shear_Force/KN": 2.2080449999999998, "Utilization": 9.100752, "Max_Tensile_Stress/MPa": 2.3214030000000001, "Max_Bending_Stress/MPa": 1.2999999999999999e-05, "Avg_Displacement/mm": 11.225251999999999, "Max_Displacement/mm": 37.011147999999999, "Max_Principal_Stress/MPa": 0.025076999999999999, "Interstorey_Drift_Failure": [], "Avg_Shear_Force/KN": 0.322793, "Avg_Bending_Moment/KNm": 0.064632999999999996, "Max_Bending_Moment/KNm": 0.47307199999999999, "Interstorey_Drift_Ratios": [], "Max_Compresive_Stress/MPa": -0.87845700000000004}