{"Buckling_Load_Factor": 8.1391150000000003, "Max_Shear_Stress/MPa": 0.0001, "Max_Shear_Force/KN": 1.859226, "Utilization": 6.433039, "Max_Tensile_Stress/MPa": 1.2886489999999999, "Max_Bending_Stress/MPa": 6.6812999999999999e-06, "Avg_Displacement/mm": 6.5914539999999997, "Max_Displacement/mm": 10.126946999999999, "Max_Principal_Stress/MPa": 0.014052, "Interstorey_Drift_Failure": ["False"], "Avg_Shear_Force/KN": 0.130159, "Avg_Bending_Moment/KNm": 0.034354000000000003, "Max_Bending_Moment/KNm": 0.25054700000000002, "Interstorey_Drift_Ratios": ["0.0011858h"], "Max_Compresive_Stress/MPa": -0.46806799999999998}