{"Buckling_Load_Factor": 5.9283479999999997, "Max_Shear_Stress/MPa": 0.00014999999999999999, "Max_Shear_Force/KN": 8.0732389999999992, "Utilization": 12.214665, "Max_Tensile_Stress/MPa": 3.1793740000000001, "Max_Bending_Stress/MPa": 0.000118, "Avg_Displacement/mm": 14.842618, "Max_Displacement/mm": 40.864144000000003, "Max_Principal_Stress/MPa": 0.026166999999999999, "Interstorey_Drift_Failure": ["False"], "Avg_Shear_Force/KN": 0.96148900000000004, "Avg_Bending_Moment/KNm": 0.303342, "Max_Bending_Moment/KNm": 1.9722519999999999, "Interstorey_Drift_Ratios": ["0.00396773h"], "Max_Compresive_Stress/MPa": -1.303237}