{"Buckling_Load_Factor": 35.339312999999997, "Max_Shear_Stress/MPa": 0.0001, "Max_Shear_Force/KN": 6.8120529999999997, "Utilization": 7.6829219999999996, "Max_Tensile_Stress/MPa": 1.9139820000000001, "Max_Bending_Stress/MPa": 5.1999999999999997e-05, "Avg_Displacement/mm": 6.2163940000000002, "Max_Displacement/mm": 12.333771, "Max_Principal_Stress/MPa": 0.012511, "Interstorey_Drift_Failure": [], "Avg_Shear_Force/KN": 1.1712750000000001, "Avg_Bending_Moment/KNm": 0.39013399999999998, "Max_Bending_Moment/KNm": 1.9537169999999999, "Interstorey_Drift_Ratios": [], "Max_Compresive_Stress/MPa": -0.49299799999999999}