{"Buckling_Load_Factor": 2.9978889999999998, "Max_Shear_Stress/MPa": 0.00014999999999999999, "Max_Shear_Force/KN": 2.9532660000000002, "Utilization": 9.4590809999999994, "Max_Tensile_Stress/MPa": 2.9473180000000001, "Max_Bending_Stress/MPa": 3.0000000000000001e-05, "Avg_Displacement/mm": 12.599766000000001, "Max_Displacement/mm": 54.211652999999998, "Max_Principal_Stress/MPa": 0.031482999999999997, "Interstorey_Drift_Failure": ["False"], "Avg_Shear_Force/KN": 0.26047399999999998, "Avg_Bending_Moment/KNm": 0.063018000000000005, "Max_Bending_Moment/KNm": 0.50602000000000003, "Interstorey_Drift_Ratios": ["0.00587448h"], "Max_Compresive_Stress/MPa": -1.0285260000000001}