{"Buckling_Load_Factor": 28.932735000000001, "Max_Shear_Stress/MPa": 0.00014999999999999999, "Max_Shear_Force/KN": 10.161809, "Utilization": 4.3680320000000004, "Max_Tensile_Stress/MPa": 1.1429800000000001, "Max_Bending_Stress/MPa": 0.000106, "Avg_Displacement/mm": 3.4076620000000002, "Max_Displacement/mm": 8.2366449999999993, "Max_Principal_Stress/MPa": 0.012751999999999999, "Interstorey_Drift_Failure": ["False"], "Avg_Shear_Force/KN": 0.89384699999999995, "Avg_Bending_Moment/KNm": 0.33077800000000002, "Max_Bending_Moment/KNm": 1.766729, "Interstorey_Drift_Ratios": ["0.00062141h"], "Max_Compresive_Stress/MPa": -0.41155599999999998}