{"Buckling_Load_Factor": 8.7198200000000003, "Max_Shear_Stress/MPa": 0.00014999999999999999, "Max_Shear_Force/KN": 4.0163650000000004, "Utilization": 8.1608180000000008, "Max_Tensile_Stress/MPa": 2.8657149999999998, "Max_Bending_Stress/MPa": 7.8999999999999996e-05, "Avg_Displacement/mm": 10.168782, "Max_Displacement/mm": 35.211691000000002, "Max_Principal_Stress/MPa": 0.032203000000000002, "Interstorey_Drift_Failure": ["False"], "Avg_Shear_Force/KN": 0.57321800000000001, "Avg_Bending_Moment/KNm": 0.20131199999999999, "Max_Bending_Moment/KNm": 1.324479, "Interstorey_Drift_Ratios": ["0.00299007h"], "Max_Compresive_Stress/MPa": -0.73354600000000003}