{"Buckling_Load_Factor": 26.296790000000001, "Max_Shear_Stress/MPa": 0.00014999999999999999, "Max_Shear_Force/KN": 12.288584, "Utilization": 5.9064690000000004, "Max_Tensile_Stress/MPa": 1.6240790000000001, "Max_Bending_Stress/MPa": 0.000144, "Avg_Displacement/mm": 7.1735899999999999, "Max_Displacement/mm": 18.467668, "Max_Principal_Stress/MPa": 0.016867, "Interstorey_Drift_Failure": ["False"], "Avg_Shear_Force/KN": 1.3774470000000001, "Avg_Bending_Moment/KNm": 0.53830199999999995, "Max_Bending_Moment/KNm": 2.4065590000000001, "Interstorey_Drift_Ratios": ["0.00164188h"], "Max_Compresive_Stress/MPa": -0.41387600000000002}