{"Buckling_Load_Factor": 7.8091679999999997, "Max_Shear_Stress/MPa": 0.0001, "Max_Shear_Force/KN": 1.5366519999999999, "Utilization": 6.1138130000000004, "Max_Tensile_Stress/MPa": 1.515001, "Max_Bending_Stress/MPa": 5.8599999999999998e-06, "Avg_Displacement/mm": 5.5587220000000004, "Max_Displacement/mm": 16.761678, "Max_Principal_Stress/MPa": 0.018206, "Interstorey_Drift_Failure": [], "Avg_Shear_Force/KN": 0.18610499999999999, "Avg_Bending_Moment/KNm": 0.036471999999999997, "Max_Bending_Moment/KNm": 0.219751, "Interstorey_Drift_Ratios": [], "Max_Compresive_Stress/MPa": -0.572959}