{"Buckling_Load_Factor": 0.041385999999999999, "Max_Shear_Stress/MPa": 0.00014999999999999999, "Max_Shear_Force/KN": 3.6659959999999998, "Utilization": 12.838573999999999, "Max_Tensile_Stress/MPa": 3.4300999999999999, "Max_Bending_Stress/MPa": 4.1999999999999998e-05, "Avg_Displacement/mm": 21.237383999999999, "Max_Displacement/mm": 79.889838999999995, "Max_Principal_Stress/MPa": 0.036318000000000003, "Interstorey_Drift_Failure": ["True"], "Avg_Shear_Force/KN": 0.36960300000000001, "Avg_Bending_Moment/KNm": 0.103507, "Max_Bending_Moment/KNm": 0.70760199999999995, "Interstorey_Drift_Ratios": ["0.01041182h"], "Max_Compresive_Stress/MPa": -1.218664}