{"Buckling_Load_Factor": 14.681036000000001, "Max_Shear_Stress/MPa": 0.00014999999999999999, "Max_Shear_Force/KN": 14.596128, "Utilization": 10.396076000000001, "Max_Tensile_Stress/MPa": 2.7637109999999998, "Max_Bending_Stress/MPa": 0.00025399999999999999, "Avg_Displacement/mm": 7.6040049999999999, "Max_Displacement/mm": 23.1831, "Max_Principal_Stress/MPa": 0.017635999999999999, "Interstorey_Drift_Failure": ["False"], "Avg_Shear_Force/KN": 1.4639450000000001, "Avg_Bending_Moment/KNm": 0.511355, "Max_Bending_Moment/KNm": 4.2370150000000004, "Interstorey_Drift_Ratios": ["0.0025829h"], "Max_Compresive_Stress/MPa": -0.76376500000000003}