{"Buckling_Load_Factor": 19.755098, "Max_Shear_Stress/MPa": 0.0001, "Max_Shear_Force/KN": 18.051065999999999, "Utilization": 9.6656899999999997, "Max_Tensile_Stress/MPa": 2.5982460000000001, "Max_Bending_Stress/MPa": 7.4999999999999993e-05, "Avg_Displacement/mm": 7.3637569999999997, "Max_Displacement/mm": 19.943182, "Max_Principal_Stress/MPa": 0.0090290000000000006, "Interstorey_Drift_Failure": [], "Avg_Shear_Force/KN": 1.344225, "Avg_Bending_Moment/KNm": 0.43365399999999998, "Max_Bending_Moment/KNm": 2.805593, "Interstorey_Drift_Ratios": [], "Max_Compresive_Stress/MPa": -0.77113799999999999}