{"Buckling_Load_Factor": 11.988198000000001, "Max_Shear_Stress/MPa": 0.00014999999999999999, "Max_Shear_Force/KN": 3.5171869999999998, "Utilization": 5.6675550000000001, "Max_Tensile_Stress/MPa": 1.493657, "Max_Bending_Stress/MPa": 4.3999999999999999e-05, "Avg_Displacement/mm": 4.6127310000000001, "Max_Displacement/mm": 11.731415999999999, "Max_Principal_Stress/MPa": 0.015710999999999999, "Interstorey_Drift_Failure": ["False"], "Avg_Shear_Force/KN": 0.33372499999999999, "Avg_Bending_Moment/KNm": 0.10609, "Max_Bending_Moment/KNm": 0.74064200000000002, "Interstorey_Drift_Ratios": ["0.00108079h"], "Max_Compresive_Stress/MPa": -0.37285600000000002}