{"Buckling_Load_Factor": 4.9055759999999999, "Max_Shear_Stress/MPa": 0.00014999999999999999, "Max_Shear_Force/KN": 3.1974719999999999, "Utilization": 8.5234869999999994, "Max_Tensile_Stress/MPa": 2.4605990000000002, "Max_Bending_Stress/MPa": 2.5000000000000001e-05, "Avg_Displacement/mm": 11.088206, "Max_Displacement/mm": 42.579250999999999, "Max_Principal_Stress/MPa": 0.027477000000000001, "Interstorey_Drift_Failure": ["False"], "Avg_Shear_Force/KN": 0.30272500000000002, "Avg_Bending_Moment/KNm": 0.060970999999999997, "Max_Bending_Moment/KNm": 0.41155700000000001, "Interstorey_Drift_Ratios": ["0.00375187h"], "Max_Compresive_Stress/MPa": -1.2798210000000001}