{"Buckling_Load_Factor": 35.095692999999997, "Max_Shear_Stress/MPa": 0.0001, "Max_Shear_Force/KN": 6.0690929999999996, "Utilization": 6.4763489999999999, "Max_Tensile_Stress/MPa": 1.687198, "Max_Bending_Stress/MPa": 5.1999999999999997e-05, "Avg_Displacement/mm": 4.5881749999999997, "Max_Displacement/mm": 15.064373, "Max_Principal_Stress/MPa": 0.018411, "Interstorey_Drift_Failure": [], "Avg_Shear_Force/KN": 0.88819599999999999, "Avg_Bending_Moment/KNm": 0.348887, "Max_Bending_Moment/KNm": 1.9657849999999999, "Interstorey_Drift_Ratios": [], "Max_Compresive_Stress/MPa": -0.49137900000000001}