{"Buckling_Load_Factor": 8.2049409999999998, "Max_Shear_Stress/MPa": 0.00014999999999999999, "Max_Shear_Force/KN": 3.901583, "Utilization": 8.1608499999999999, "Max_Tensile_Stress/MPa": 2.383893, "Max_Bending_Stress/MPa": 8.2999999999999998e-05, "Avg_Displacement/mm": 11.198566, "Max_Displacement/mm": 36.173895000000002, "Max_Principal_Stress/MPa": 0.025668, "Interstorey_Drift_Failure": ["False"], "Avg_Shear_Force/KN": 0.67015000000000002, "Avg_Bending_Moment/KNm": 0.22858300000000001, "Max_Bending_Moment/KNm": 1.3844939999999999, "Interstorey_Drift_Ratios": ["0.00381233h"], "Max_Compresive_Stress/MPa": -0.80357199999999995}