{"Buckling_Load_Factor": 2.1589719999999999, "Max_Shear_Stress/MPa": 0.0001, "Max_Shear_Force/KN": 4.5948729999999998, "Utilization": 11.619418, "Max_Tensile_Stress/MPa": 3.5858699999999999, "Max_Bending_Stress/MPa": 2.1999999999999999e-05, "Avg_Displacement/mm": 26.133758, "Max_Displacement/mm": 91.650381999999993, "Max_Principal_Stress/MPa": 0.039108999999999998, "Interstorey_Drift_Failure": [], "Avg_Shear_Force/KN": 0.38819799999999999, "Avg_Bending_Moment/KNm": 0.085025000000000003, "Max_Bending_Moment/KNm": 0.82963900000000002, "Interstorey_Drift_Ratios": [], "Max_Compresive_Stress/MPa": -1.366498}