{"Buckling_Load_Factor": 12.318277999999999, "Max_Shear_Stress/MPa": 0.0001, "Max_Shear_Force/KN": 7.6753030000000004, "Utilization": 5.4302149999999996, "Max_Tensile_Stress/MPa": 1.391508, "Max_Bending_Stress/MPa": 5.5999999999999999e-05, "Avg_Displacement/mm": 7.1198680000000003, "Max_Displacement/mm": 20.667397000000001, "Max_Principal_Stress/MPa": 0.012807000000000001, "Interstorey_Drift_Failure": [], "Avg_Shear_Force/KN": 1.1705080000000001, "Avg_Bending_Moment/KNm": 0.47079799999999999, "Max_Bending_Moment/KNm": 2.1022970000000001, "Interstorey_Drift_Ratios": [], "Max_Compresive_Stress/MPa": -0.35825499999999999}