{"Buckling_Load_Factor": 0.74346800000000002, "Max_Shear_Stress/MPa": 0.0001, "Max_Shear_Force/KN": 2.8249469999999999, "Utilization": 17.707450999999999, "Max_Tensile_Stress/MPa": 4.7096809999999998, "Max_Bending_Stress/MPa": 2.4000000000000001e-05, "Avg_Displacement/mm": 26.465765999999999, "Max_Displacement/mm": 95.026647999999994, "Max_Principal_Stress/MPa": 0.043680999999999998, "Interstorey_Drift_Failure": [], "Avg_Shear_Force/KN": 0.397955, "Avg_Bending_Moment/KNm": 0.12238300000000001, "Max_Bending_Moment/KNm": 0.88283900000000004, "Interstorey_Drift_Ratios": [], "Max_Compresive_Stress/MPa": -1.7909679999999999}