{"Buckling_Load_Factor": 0.269733, "Max_Shear_Stress/MPa": 0.00014999999999999999, "Max_Shear_Force/KN": 5.3578190000000001, "Utilization": 20.204197000000001, "Max_Tensile_Stress/MPa": 5.1300879999999998, "Max_Bending_Stress/MPa": 5.8e-05, "Avg_Displacement/mm": 35.731560999999999, "Max_Displacement/mm": 125.496297, "Max_Principal_Stress/MPa": 0.032974000000000003, "Interstorey_Drift_Failure": ["True"], "Avg_Shear_Force/KN": 0.65398699999999999, "Avg_Bending_Moment/KNm": 0.14421700000000001, "Max_Bending_Moment/KNm": 0.96265999999999996, "Interstorey_Drift_Ratios": ["0.01221746h"], "Max_Compresive_Stress/MPa": -1.9410430000000001}