{"Buckling_Load_Factor": 10.925164000000001, "Max_Shear_Stress/MPa": 0.0001, "Max_Shear_Force/KN": 3.9415100000000001, "Utilization": 5.5689250000000001, "Max_Tensile_Stress/MPa": 1.4294610000000001, "Max_Bending_Stress/MPa": 2.1999999999999999e-05, "Avg_Displacement/mm": 4.1138870000000001, "Max_Displacement/mm": 10.877014000000001, "Max_Principal_Stress/MPa": 0.013571, "Interstorey_Drift_Failure": [], "Avg_Shear_Force/KN": 0.37871199999999999, "Avg_Bending_Moment/KNm": 0.10906100000000001, "Max_Bending_Moment/KNm": 0.81598099999999996, "Interstorey_Drift_Ratios": [], "Max_Compresive_Stress/MPa": -0.42011799999999999}