{"Buckling_Load_Factor": 3.925729, "Max_Shear_Stress/MPa": 0.0001, "Max_Shear_Force/KN": 1.779293, "Utilization": 5.3253659999999998, "Max_Tensile_Stress/MPa": 1.395942, "Max_Bending_Stress/MPa": 7.1690999999999997e-06, "Avg_Displacement/mm": 6.1088740000000001, "Max_Displacement/mm": 16.245107000000001, "Max_Principal_Stress/MPa": 0.015394, "Interstorey_Drift_Failure": [], "Avg_Shear_Force/KN": 0.19242600000000001, "Avg_Bending_Moment/KNm": 0.039518999999999999, "Max_Bending_Moment/KNm": 0.268843, "Interstorey_Drift_Ratios": [], "Max_Compresive_Stress/MPa": -0.56630999999999998}