{"Buckling_Load_Factor": 15.533713000000001, "Max_Shear_Stress/MPa": 0.00014999999999999999, "Max_Shear_Force/KN": 22.502154999999998, "Utilization": 9.6055949999999992, "Max_Tensile_Stress/MPa": 2.530179, "Max_Bending_Stress/MPa": 0.00022499999999999999, "Avg_Displacement/mm": 8.1310579999999995, "Max_Displacement/mm": 23.68019, "Max_Principal_Stress/MPa": 0.018797999999999999, "Interstorey_Drift_Failure": ["False"], "Avg_Shear_Force/KN": 1.336938, "Avg_Bending_Moment/KNm": 0.58919699999999997, "Max_Bending_Moment/KNm": 3.7495850000000002, "Interstorey_Drift_Ratios": ["0.00218718h"], "Max_Compresive_Stress/MPa": -0.82099100000000003}