{"Buckling_Load_Factor": 10.357236, "Max_Shear_Stress/MPa": 0.00014999999999999999, "Max_Shear_Force/KN": 3.952645, "Utilization": 5.4579329999999997, "Max_Tensile_Stress/MPa": 1.2931490000000001, "Max_Bending_Stress/MPa": 4.6e-05, "Avg_Displacement/mm": 5.1007100000000003, "Max_Displacement/mm": 13.532788, "Max_Principal_Stress/MPa": 0.011455999999999999, "Interstorey_Drift_Failure": ["False"], "Avg_Shear_Force/KN": 0.56248100000000001, "Avg_Bending_Moment/KNm": 0.190916, "Max_Bending_Moment/KNm": 0.76093299999999997, "Interstorey_Drift_Ratios": ["0.00132912h"], "Max_Compresive_Stress/MPa": -0.40995999999999999}