{"Buckling_Load_Factor": 6.4488110000000001, "Max_Shear_Stress/MPa": 0.00014999999999999999, "Max_Shear_Force/KN": 2.4551430000000001, "Utilization": 6.6510600000000002, "Max_Tensile_Stress/MPa": 1.694455, "Max_Bending_Stress/MPa": 2.0000000000000002e-05, "Avg_Displacement/mm": 5.0475539999999999, "Max_Displacement/mm": 17.684564999999999, "Max_Principal_Stress/MPa": 0.019491999999999999, "Interstorey_Drift_Failure": ["False"], "Avg_Shear_Force/KN": 0.21801999999999999, "Avg_Bending_Moment/KNm": 0.048049000000000001, "Max_Bending_Moment/KNm": 0.33176499999999998, "Interstorey_Drift_Ratios": ["0.00115653h"], "Max_Compresive_Stress/MPa": -0.74868100000000004}