{"Buckling_Load_Factor": 6.5196680000000002, "Max_Shear_Stress/MPa": 0.00014999999999999999, "Max_Shear_Force/KN": 30.356636000000002, "Utilization": 12.616842, "Max_Tensile_Stress/MPa": 3.40517, "Max_Bending_Stress/MPa": 0.00030699999999999998, "Avg_Displacement/mm": 16.505488, "Max_Displacement/mm": 51.212994999999999, "Max_Principal_Stress/MPa": 0.017198000000000001, "Interstorey_Drift_Failure": ["False"], "Avg_Shear_Force/KN": 2.2294800000000001, "Avg_Bending_Moment/KNm": 1.038157, "Max_Bending_Moment/KNm": 5.1154820000000001, "Interstorey_Drift_Ratios": ["0.00696875h"], "Max_Compresive_Stress/MPa": -0.79842999999999997}