{"Buckling_Load_Factor": 34.918278000000001, "Max_Shear_Stress/MPa": 0.0001, "Max_Shear_Force/KN": 6.3909010000000004, "Utilization": 4.0805939999999996, "Max_Tensile_Stress/MPa": 1.2004539999999999, "Max_Bending_Stress/MPa": 3.8999999999999999e-05, "Avg_Displacement/mm": 3.8869400000000001, "Max_Displacement/mm": 8.6803690000000007, "Max_Principal_Stress/MPa": 0.014751, "Interstorey_Drift_Failure": [], "Avg_Shear_Force/KN": 1.0563629999999999, "Avg_Bending_Moment/KNm": 0.35524899999999998, "Max_Bending_Moment/KNm": 1.4774480000000001, "Interstorey_Drift_Ratios": [], "Max_Compresive_Stress/MPa": -0.29117799999999999}