{"Buckling_Load_Factor": 4.3410830000000002, "Max_Shear_Stress/MPa": 0.00014999999999999999, "Max_Shear_Force/KN": 1.569788, "Utilization": 5.512982, "Max_Tensile_Stress/MPa": 1.428882, "Max_Bending_Stress/MPa": 1.5e-05, "Avg_Displacement/mm": 6.7611280000000002, "Max_Displacement/mm": 19.254337, "Max_Principal_Stress/MPa": 0.015932999999999999, "Interstorey_Drift_Failure": ["False"], "Avg_Shear_Force/KN": 0.191938, "Avg_Bending_Moment/KNm": 0.046758000000000001, "Max_Bending_Moment/KNm": 0.25244699999999998, "Interstorey_Drift_Ratios": ["0.00186527h"], "Max_Compresive_Stress/MPa": -0.61093200000000003}