{"Buckling_Load_Factor": 6.2527929999999996, "Max_Shear_Stress/MPa": 0.0001, "Max_Shear_Force/KN": 5.8461910000000001, "Utilization": 9.3266530000000003, "Max_Tensile_Stress/MPa": 2.4833590000000001, "Max_Bending_Stress/MPa": 4.1e-05, "Avg_Displacement/mm": 16.021788000000001, "Max_Displacement/mm": 44.453074000000001, "Max_Principal_Stress/MPa": 0.025576000000000002, "Interstorey_Drift_Failure": [], "Avg_Shear_Force/KN": 1.1003480000000001, "Avg_Bending_Moment/KNm": 0.36228100000000002, "Max_Bending_Moment/KNm": 1.541731, "Interstorey_Drift_Ratios": [], "Max_Compresive_Stress/MPa": -0.82395600000000002}