{"Buckling_Load_Factor": 2.174105, "Max_Shear_Stress/MPa": 0.0001, "Max_Shear_Force/KN": 2.1382620000000001, "Utilization": 11.933025000000001, "Max_Tensile_Stress/MPa": 3.1554380000000002, "Max_Bending_Stress/MPa": 9.5470000000000002e-06, "Avg_Displacement/mm": 11.426085, "Max_Displacement/mm": 35.257759, "Max_Principal_Stress/MPa": 0.020573999999999999, "Interstorey_Drift_Failure": [], "Avg_Shear_Force/KN": 0.249581, "Avg_Bending_Moment/KNm": 0.055368000000000001, "Max_Bending_Moment/KNm": 0.35801100000000002, "Interstorey_Drift_Ratios": [], "Max_Compresive_Stress/MPa": -0.944434}