{"Buckling_Load_Factor": 6.8519519999999998, "Max_Shear_Stress/MPa": 0.00014999999999999999, "Max_Shear_Force/KN": 3.6806030000000001, "Utilization": 7.1624739999999996, "Max_Tensile_Stress/MPa": 1.895424, "Max_Bending_Stress/MPa": 6.7999999999999999e-05, "Avg_Displacement/mm": 7.1032029999999997, "Max_Displacement/mm": 15.297439000000001, "Max_Principal_Stress/MPa": 0.016213999999999999, "Interstorey_Drift_Failure": ["False"], "Avg_Shear_Force/KN": 0.50799799999999995, "Avg_Bending_Moment/KNm": 0.17344799999999999, "Max_Bending_Moment/KNm": 1.133796, "Interstorey_Drift_Ratios": ["0.00161961h"], "Max_Compresive_Stress/MPa": -0.54210499999999995}