{"Buckling_Load_Factor": 2.649435, "Max_Shear_Stress/MPa": 0.00014999999999999999, "Max_Shear_Force/KN": 2.2401879999999998, "Utilization": 10.610407, "Max_Tensile_Stress/MPa": 2.7640359999999999, "Max_Bending_Stress/MPa": 3.3000000000000003e-05, "Avg_Displacement/mm": 11.022428, "Max_Displacement/mm": 32.674104999999997, "Max_Principal_Stress/MPa": 0.018447000000000002, "Interstorey_Drift_Failure": ["False"], "Avg_Shear_Force/KN": 0.295796, "Avg_Bending_Moment/KNm": 0.090601000000000001, "Max_Bending_Moment/KNm": 0.55054400000000003, "Interstorey_Drift_Ratios": ["0.00330905h"], "Max_Compresive_Stress/MPa": -0.72837700000000005}