{"Buckling_Load_Factor": 6.3599699999999997, "Max_Shear_Stress/MPa": 0.0001, "Max_Shear_Force/KN": 3.5675699999999999, "Utilization": 7.6593099999999996, "Max_Tensile_Stress/MPa": 1.995414, "Max_Bending_Stress/MPa": 2.6999999999999999e-05, "Avg_Displacement/mm": 8.2382899999999992, "Max_Displacement/mm": 19.646778999999999, "Max_Principal_Stress/MPa": 0.018058999999999999, "Interstorey_Drift_Failure": [], "Avg_Shear_Force/KN": 0.56450800000000001, "Avg_Bending_Moment/KNm": 0.17390800000000001, "Max_Bending_Moment/KNm": 0.99469099999999999, "Interstorey_Drift_Ratios": [], "Max_Compresive_Stress/MPa": -0.41453000000000001}