{"Buckling_Load_Factor": 2.5761090000000002, "Max_Shear_Stress/MPa": 0.00014999999999999999, "Max_Shear_Force/KN": 5.145289, "Utilization": 15.599227000000001, "Max_Tensile_Stress/MPa": 4.0505500000000003, "Max_Bending_Stress/MPa": 3.6999999999999998e-05, "Avg_Displacement/mm": 17.718973999999999, "Max_Displacement/mm": 50.070227000000003, "Max_Principal_Stress/MPa": 0.028046999999999999, "Interstorey_Drift_Failure": ["False"], "Avg_Shear_Force/KN": 0.43652000000000002, "Avg_Bending_Moment/KNm": 0.094880000000000006, "Max_Bending_Moment/KNm": 0.61432100000000001, "Interstorey_Drift_Ratios": ["0.00457427h"], "Max_Compresive_Stress/MPa": -1.391195}