{"Buckling_Load_Factor": 11.521350999999999, "Max_Shear_Stress/MPa": 0.0001, "Max_Shear_Force/KN": 5.0713160000000004, "Utilization": 5.9794879999999999, "Max_Tensile_Stress/MPa": 1.5427930000000001, "Max_Bending_Stress/MPa": 2.0000000000000002e-05, "Avg_Displacement/mm": 6.2565470000000003, "Max_Displacement/mm": 20.118113000000001, "Max_Principal_Stress/MPa": 0.016378, "Interstorey_Drift_Failure": [], "Avg_Shear_Force/KN": 0.55266300000000002, "Avg_Bending_Moment/KNm": 0.137823, "Max_Bending_Moment/KNm": 0.76471299999999998, "Interstorey_Drift_Ratios": [], "Max_Compresive_Stress/MPa": -0.47622900000000001}