{"Buckling_Load_Factor": 6.3430780000000002, "Max_Shear_Stress/MPa": 0.00014999999999999999, "Max_Shear_Force/KN": 1.063798, "Utilization": 3.364052, "Max_Tensile_Stress/MPa": 0.84447399999999995, "Max_Bending_Stress/MPa": 8.9359000000000003e-06, "Avg_Displacement/mm": 2.817977, "Max_Displacement/mm": 8.7228019999999997, "Max_Principal_Stress/MPa": 0.010279, "Interstorey_Drift_Failure": ["False"], "Avg_Shear_Force/KN": 0.120257, "Avg_Bending_Moment/KNm": 0.021843000000000001, "Max_Bending_Moment/KNm": 0.14893100000000001, "Interstorey_Drift_Ratios": ["0.00075534h"], "Max_Compresive_Stress/MPa": -0.29577700000000001}