{"Buckling_Load_Factor": 14.317072, "Max_Shear_Stress/MPa": 0.0001, "Max_Shear_Force/KN": 3.2804730000000002, "Utilization": 4.8051740000000001, "Max_Tensile_Stress/MPa": 1.2035070000000001, "Max_Bending_Stress/MPa": 1.8e-05, "Avg_Displacement/mm": 3.3060369999999999, "Max_Displacement/mm": 9.1248909999999999, "Max_Principal_Stress/MPa": 0.012264000000000001, "Interstorey_Drift_Failure": [], "Avg_Shear_Force/KN": 0.29930400000000001, "Avg_Bending_Moment/KNm": 0.073585999999999999, "Max_Bending_Moment/KNm": 0.67212499999999997, "Interstorey_Drift_Ratios": [], "Max_Compresive_Stress/MPa": -0.34983300000000001}