{"Buckling_Load_Factor": 10.828656000000001, "Max_Shear_Stress/MPa": 0.00014999999999999999, "Max_Shear_Force/KN": 22.315887, "Utilization": 9.8490310000000001, "Max_Tensile_Stress/MPa": 2.6593140000000002, "Max_Bending_Stress/MPa": 0.00025099999999999998, "Avg_Displacement/mm": 11.243847000000001, "Max_Displacement/mm": 34.151539999999997, "Max_Principal_Stress/MPa": 0.01983, "Interstorey_Drift_Failure": ["False"], "Avg_Shear_Force/KN": 1.5302750000000001, "Avg_Bending_Moment/KNm": 0.77054800000000001, "Max_Bending_Moment/KNm": 4.1756549999999999, "Interstorey_Drift_Ratios": ["0.00432042h"], "Max_Compresive_Stress/MPa": -0.86057899999999998}