{"Buckling_Load_Factor": 11.288100999999999, "Max_Shear_Stress/MPa": 0.00014999999999999999, "Max_Shear_Force/KN": 20.191929999999999, "Utilization": 8.619764, "Max_Tensile_Stress/MPa": 2.3106119999999999, "Max_Bending_Stress/MPa": 0.00014799999999999999, "Avg_Displacement/mm": 6.8975549999999997, "Max_Displacement/mm": 19.435767999999999, "Max_Principal_Stress/MPa": 0.013185000000000001, "Interstorey_Drift_Failure": ["False"], "Avg_Shear_Force/KN": 1.040198, "Avg_Bending_Moment/KNm": 0.45550499999999999, "Max_Bending_Moment/KNm": 2.4734989999999999, "Interstorey_Drift_Ratios": ["0.00232603h"], "Max_Compresive_Stress/MPa": -0.780165}