{"Buckling_Load_Factor": 2.6074619999999999, "Max_Shear_Stress/MPa": 0.00014999999999999999, "Max_Shear_Force/KN": 4.1755420000000001, "Utilization": 16.920933999999999, "Max_Tensile_Stress/MPa": 4.1100440000000003, "Max_Bending_Stress/MPa": 5.3999999999999998e-05, "Avg_Displacement/mm": 20.224093, "Max_Displacement/mm": 68.443601999999998, "Max_Principal_Stress/MPa": 0.038648000000000002, "Interstorey_Drift_Failure": ["False"], "Avg_Shear_Force/KN": 0.276252, "Avg_Bending_Moment/KNm": 0.092044000000000001, "Max_Bending_Moment/KNm": 0.906196, "Interstorey_Drift_Ratios": ["0.00866289h"], "Max_Compresive_Stress/MPa": -1.4893989999999999}