{"Buckling_Load_Factor": 1.720226, "Max_Shear_Stress/MPa": 0.0001, "Max_Shear_Force/KN": 1.8768339999999999, "Utilization": 9.8210250000000006, "Max_Tensile_Stress/MPa": 2.626449, "Max_Bending_Stress/MPa": 1.0000000000000001e-05, "Avg_Displacement/mm": 16.737383999999999, "Max_Displacement/mm": 55.053728999999997, "Max_Principal_Stress/MPa": 0.027196999999999999, "Interstorey_Drift_Failure": [], "Avg_Shear_Force/KN": 0.24866199999999999, "Avg_Bending_Moment/KNm": 0.065894999999999995, "Max_Bending_Moment/KNm": 0.37803599999999998, "Interstorey_Drift_Ratios": [], "Max_Compresive_Stress/MPa": -1.161724}