{"Buckling_Load_Factor": 4.2665490000000004, "Max_Shear_Stress/MPa": 0.00014999999999999999, "Max_Shear_Force/KN": 2.9857269999999998, "Utilization": 8.8899439999999998, "Max_Tensile_Stress/MPa": 2.5216120000000002, "Max_Bending_Stress/MPa": 2.0999999999999999e-05, "Avg_Displacement/mm": 12.453652999999999, "Max_Displacement/mm": 47.087277999999998, "Max_Principal_Stress/MPa": 0.026662999999999999, "Interstorey_Drift_Failure": ["False"], "Avg_Shear_Force/KN": 0.27637600000000001, "Avg_Bending_Moment/KNm": 0.056536000000000003, "Max_Bending_Moment/KNm": 0.34256599999999998, "Interstorey_Drift_Ratios": ["0.00548613h"], "Max_Compresive_Stress/MPa": -0.67655299999999996}