{"Buckling_Load_Factor": 8.4178599999999992, "Max_Shear_Stress/MPa": 0.0001, "Max_Shear_Force/KN": 3.1603810000000001, "Utilization": 6.6045610000000003, "Max_Tensile_Stress/MPa": 1.7411589999999999, "Max_Bending_Stress/MPa": 2.5000000000000001e-05, "Avg_Displacement/mm": 7.2726129999999998, "Max_Displacement/mm": 23.962022999999999, "Max_Principal_Stress/MPa": 0.017832000000000001, "Interstorey_Drift_Failure": [], "Avg_Shear_Force/KN": 0.478126, "Avg_Bending_Moment/KNm": 0.12667999999999999, "Max_Bending_Moment/KNm": 0.94910099999999997, "Interstorey_Drift_Ratios": [], "Max_Compresive_Stress/MPa": -0.55977900000000003}