{"Buckling_Load_Factor": 18.353626999999999, "Max_Shear_Stress/MPa": 0.00014999999999999999, "Max_Shear_Force/KN": 5.4723030000000001, "Utilization": 6.7548159999999999, "Max_Tensile_Stress/MPa": 1.804219, "Max_Bending_Stress/MPa": 0.00015100000000000001, "Avg_Displacement/mm": 5.7624120000000003, "Max_Displacement/mm": 19.151053999999998, "Max_Principal_Stress/MPa": 0.017132999999999999, "Interstorey_Drift_Failure": ["False"], "Avg_Shear_Force/KN": 0.85308899999999999, "Avg_Bending_Moment/KNm": 0.37303500000000001, "Max_Bending_Moment/KNm": 2.5195029999999998, "Interstorey_Drift_Ratios": ["0.00211711h"], "Max_Compresive_Stress/MPa": -0.53009799999999996}