{"Buckling_Load_Factor": 15.459332, "Max_Shear_Stress/MPa": 0.0001, "Max_Shear_Force/KN": 3.6775250000000002, "Utilization": 6.1952509999999998, "Max_Tensile_Stress/MPa": 1.554567, "Max_Bending_Stress/MPa": 2.1999999999999999e-05, "Avg_Displacement/mm": 4.5253180000000004, "Max_Displacement/mm": 15.362886, "Max_Principal_Stress/MPa": 0.013919000000000001, "Interstorey_Drift_Failure": [], "Avg_Shear_Force/KN": 0.41077399999999997, "Avg_Bending_Moment/KNm": 0.12625, "Max_Bending_Moment/KNm": 0.837507, "Interstorey_Drift_Ratios": [], "Max_Compresive_Stress/MPa": -0.49227599999999999}