{"Buckling_Load_Factor": 23.288886000000002, "Max_Shear_Stress/MPa": 0.00014999999999999999, "Max_Shear_Force/KN": 18.574341, "Utilization": 6.9987690000000002, "Max_Tensile_Stress/MPa": 1.824416, "Max_Bending_Stress/MPa": 0.00015899999999999999, "Avg_Displacement/mm": 4.7537649999999996, "Max_Displacement/mm": 13.854068, "Max_Principal_Stress/MPa": 0.016469000000000001, "Interstorey_Drift_Failure": ["False"], "Avg_Shear_Force/KN": 0.80158300000000005, "Avg_Bending_Moment/KNm": 0.34579900000000002, "Max_Bending_Moment/KNm": 2.6458249999999999, "Interstorey_Drift_Ratios": ["0.00132776h"], "Max_Compresive_Stress/MPa": -0.44550200000000001}