{"Buckling_Load_Factor": 2.2223139999999999, "Max_Shear_Stress/MPa": 0.0001, "Max_Shear_Force/KN": 2.3388179999999998, "Utilization": 11.124345, "Max_Tensile_Stress/MPa": 2.9490949999999998, "Max_Bending_Stress/MPa": 1.5999999999999999e-05, "Avg_Displacement/mm": 12.665514999999999, "Max_Displacement/mm": 32.830576999999998, "Max_Principal_Stress/MPa": 0.021402999999999998, "Interstorey_Drift_Failure": [], "Avg_Shear_Force/KN": 0.30794899999999997, "Avg_Bending_Moment/KNm": 0.076402999999999999, "Max_Bending_Moment/KNm": 0.58725400000000005, "Interstorey_Drift_Ratios": [], "Max_Compresive_Stress/MPa": -0.70507600000000004}