{"Buckling_Load_Factor": 30.838875000000002, "Max_Shear_Stress/MPa": 0.0001, "Max_Shear_Force/KN": 6.3789610000000003, "Utilization": 3.590414, "Max_Tensile_Stress/MPa": 0.86996799999999996, "Max_Bending_Stress/MPa": 2.9e-05, "Avg_Displacement/mm": 2.9138670000000002, "Max_Displacement/mm": 8.5862619999999996, "Max_Principal_Stress/MPa": 0.011558000000000001, "Interstorey_Drift_Failure": [], "Avg_Shear_Force/KN": 0.65069399999999999, "Avg_Bending_Moment/KNm": 0.188807, "Max_Bending_Moment/KNm": 1.104141, "Interstorey_Drift_Ratios": [], "Max_Compresive_Stress/MPa": -0.30956899999999998}