{"Buckling_Load_Factor": 0.18829599999999999, "Max_Shear_Stress/MPa": 0.00014999999999999999, "Max_Shear_Force/KN": 4.4687999999999999, "Utilization": 13.977528, "Max_Tensile_Stress/MPa": 3.7451780000000001, "Max_Bending_Stress/MPa": 4.1e-05, "Avg_Displacement/mm": 22.586048999999999, "Max_Displacement/mm": 59.976697000000001, "Max_Principal_Stress/MPa": 0.031129, "Interstorey_Drift_Failure": ["False"], "Avg_Shear_Force/KN": 0.39921200000000001, "Avg_Bending_Moment/KNm": 0.118392, "Max_Bending_Moment/KNm": 0.69038900000000003, "Interstorey_Drift_Ratios": ["0.00543342h"], "Max_Compresive_Stress/MPa": -1.2069810000000001}