{"Buckling_Load_Factor": 1.757098, "Max_Shear_Stress/MPa": 0.00014999999999999999, "Max_Shear_Force/KN": 3.1342530000000002, "Utilization": 10.891933999999999, "Max_Tensile_Stress/MPa": 2.857701, "Max_Bending_Stress/MPa": 2.0999999999999999e-05, "Avg_Displacement/mm": 11.475885999999999, "Max_Displacement/mm": 33.747540999999998, "Max_Principal_Stress/MPa": 0.018773999999999999, "Interstorey_Drift_Failure": ["False"], "Avg_Shear_Force/KN": 0.310446, "Avg_Bending_Moment/KNm": 0.059397999999999999, "Max_Bending_Moment/KNm": 0.35533700000000001, "Interstorey_Drift_Ratios": ["0.00324632h"], "Max_Compresive_Stress/MPa": -0.74266399999999999}