{"Buckling_Load_Factor": 37.69773, "Max_Shear_Stress/MPa": 0.00014999999999999999, "Max_Shear_Force/KN": 6.2581699999999998, "Utilization": 3.8358430000000001, "Max_Tensile_Stress/MPa": 0.96292699999999998, "Max_Bending_Stress/MPa": 7.1000000000000005e-05, "Avg_Displacement/mm": 2.512276, "Max_Displacement/mm": 4.7667979999999996, "Max_Principal_Stress/MPa": 0.0093650000000000001, "Interstorey_Drift_Failure": ["False"], "Avg_Shear_Force/KN": 0.66208900000000004, "Avg_Bending_Moment/KNm": 0.244306, "Max_Bending_Moment/KNm": 1.1843360000000001, "Interstorey_Drift_Ratios": ["0.0004118h"], "Max_Compresive_Stress/MPa": -0.23999899999999999}