{"Buckling_Load_Factor": 15.005269, "Max_Shear_Stress/MPa": 0.0001, "Max_Shear_Force/KN": 12.335086, "Utilization": 6.9081279999999996, "Max_Tensile_Stress/MPa": 1.827968, "Max_Bending_Stress/MPa": 5.8999999999999998e-05, "Avg_Displacement/mm": 8.6498799999999996, "Max_Displacement/mm": 25.820027, "Max_Principal_Stress/MPa": 0.018591, "Interstorey_Drift_Failure": ["False"], "Avg_Shear_Force/KN": 1.610355, "Avg_Bending_Moment/KNm": 0.54312199999999999, "Max_Bending_Moment/KNm": 2.2027079999999999, "Interstorey_Drift_Ratios": ["0.00294022h"], "Max_Compresive_Stress/MPa": -0.51683299999999999}