{"Buckling_Load_Factor": 5.6225589999999999, "Max_Shear_Stress/MPa": 0.00014999999999999999, "Max_Shear_Force/KN": 4.4066840000000003, "Utilization": 7.5230569999999997, "Max_Tensile_Stress/MPa": 2.1536279999999999, "Max_Bending_Stress/MPa": 7.4999999999999993e-05, "Avg_Displacement/mm": 14.162877999999999, "Max_Displacement/mm": 43.893472000000003, "Max_Principal_Stress/MPa": 0.023202, "Interstorey_Drift_Failure": ["False"], "Avg_Shear_Force/KN": 0.78489600000000004, "Avg_Bending_Moment/KNm": 0.27295700000000001, "Max_Bending_Moment/KNm": 1.2486539999999999, "Interstorey_Drift_Ratios": ["0.00487357h"], "Max_Compresive_Stress/MPa": -0.69704999999999995}