{"Buckling_Load_Factor": 5.402965, "Max_Shear_Stress/MPa": 0.00014999999999999999, "Max_Shear_Force/KN": 13.932064, "Utilization": 13.623702, "Max_Tensile_Stress/MPa": 3.394695, "Max_Bending_Stress/MPa": 0.00011900000000000001, "Avg_Displacement/mm": 16.886165999999999, "Max_Displacement/mm": 39.319343000000003, "Max_Principal_Stress/MPa": 0.022353999999999999, "Interstorey_Drift_Failure": ["False"], "Avg_Shear_Force/KN": 1.2385980000000001, "Avg_Bending_Moment/KNm": 0.39111299999999999, "Max_Bending_Moment/KNm": 1.9817020000000001, "Interstorey_Drift_Ratios": ["0.00453002h"], "Max_Compresive_Stress/MPa": -1.0989500000000001}