{"Buckling_Load_Factor": 6.477678, "Max_Shear_Stress/MPa": 0.0001, "Max_Shear_Force/KN": 3.9506199999999998, "Utilization": 16.067157000000002, "Max_Tensile_Stress/MPa": 4.0933960000000003, "Max_Bending_Stress/MPa": 2.9e-05, "Avg_Displacement/mm": 18.603974000000001, "Max_Displacement/mm": 46.146903999999999, "Max_Principal_Stress/MPa": 0.024726999999999999, "Interstorey_Drift_Failure": ["False"], "Avg_Shear_Force/KN": 0.69730700000000001, "Avg_Bending_Moment/KNm": 0.26276300000000002, "Max_Bending_Moment/KNm": 1.1034459999999999, "Interstorey_Drift_Ratios": ["0.00535297h"], "Max_Compresive_Stress/MPa": -1.2646269999999999}