{"Buckling_Load_Factor": 2.1100349999999999, "Max_Shear_Stress/MPa": 0.0001, "Max_Shear_Force/KN": 2.7688700000000002, "Utilization": 11.604975, "Max_Tensile_Stress/MPa": 2.8563809999999998, "Max_Bending_Stress/MPa": 1.5e-05, "Avg_Displacement/mm": 16.487233, "Max_Displacement/mm": 61.987167999999997, "Max_Principal_Stress/MPa": 0.025555999999999999, "Interstorey_Drift_Failure": [], "Avg_Shear_Force/KN": 0.36602200000000001, "Avg_Bending_Moment/KNm": 0.087251999999999996, "Max_Bending_Moment/KNm": 0.57393700000000003, "Interstorey_Drift_Ratios": [], "Max_Compresive_Stress/MPa": -0.99315500000000001}