{"Buckling_Load_Factor": 24.569210999999999, "Max_Shear_Stress/MPa": 0.0001, "Max_Shear_Force/KN": 5.2050080000000003, "Utilization": 10.793950000000001, "Max_Tensile_Stress/MPa": 2.7050130000000001, "Max_Bending_Stress/MPa": 5.3999999999999998e-05, "Avg_Displacement/mm": 7.4560449999999996, "Max_Displacement/mm": 20.198248, "Max_Principal_Stress/MPa": 0.014314, "Interstorey_Drift_Failure": [], "Avg_Shear_Force/KN": 0.873502, "Avg_Bending_Moment/KNm": 0.36957699999999999, "Max_Bending_Moment/KNm": 2.0220289999999999, "Interstorey_Drift_Ratios": [], "Max_Compresive_Stress/MPa": -0.74455700000000002}