{"Buckling_Load_Factor": 4.0508660000000001, "Max_Shear_Stress/MPa": 0.00014999999999999999, "Max_Shear_Force/KN": 12.696557, "Utilization": 18.877925999999999, "Max_Tensile_Stress/MPa": 4.9777480000000001, "Max_Bending_Stress/MPa": 0.00016799999999999999, "Avg_Displacement/mm": 23.791888, "Max_Displacement/mm": 74.701634999999996, "Max_Principal_Stress/MPa": 0.035310000000000001, "Interstorey_Drift_Failure": ["False"], "Avg_Shear_Force/KN": 1.2168559999999999, "Avg_Bending_Moment/KNm": 0.42821999999999999, "Max_Bending_Moment/KNm": 2.8039200000000002, "Interstorey_Drift_Ratios": ["0.00830985h"], "Max_Compresive_Stress/MPa": -1.4468399999999999}