{"Buckling_Load_Factor": 2.2952439999999998, "Max_Shear_Stress/MPa": 0.0001, "Max_Shear_Force/KN": 2.0824039999999999, "Utilization": 9.8553359999999994, "Max_Tensile_Stress/MPa": 2.4608249999999998, "Max_Bending_Stress/MPa": 7.8636000000000004e-06, "Avg_Displacement/mm": 7.1215279999999996, "Max_Displacement/mm": 17.90381, "Max_Principal_Stress/MPa": 0.026057, "Interstorey_Drift_Failure": ["False"], "Avg_Shear_Force/KN": 0.32217699999999999, "Avg_Bending_Moment/KNm": 0.067793999999999993, "Max_Bending_Moment/KNm": 0.29488399999999998, "Interstorey_Drift_Ratios": ["0.00211474h"], "Max_Compresive_Stress/MPa": -1.072892}