{"Buckling_Load_Factor": 35.658982000000002, "Max_Shear_Stress/MPa": 0.0001, "Max_Shear_Force/KN": 8.6178349999999995, "Utilization": 4.1024269999999996, "Max_Tensile_Stress/MPa": 1.3662190000000001, "Max_Bending_Stress/MPa": 4.5000000000000003e-05, "Avg_Displacement/mm": 3.5786750000000001, "Max_Displacement/mm": 12.715184000000001, "Max_Principal_Stress/MPa": 0.016159, "Interstorey_Drift_Failure": ["False"], "Avg_Shear_Force/KN": 0.73741500000000004, "Avg_Bending_Moment/KNm": 0.27068700000000001, "Max_Bending_Moment/KNm": 1.6976039999999999, "Interstorey_Drift_Ratios": ["0.00114681h"], "Max_Compresive_Stress/MPa": -0.33567799999999998}