{"Buckling_Load_Factor": 1.733082, "Max_Shear_Stress/MPa": 0.00014999999999999999, "Max_Shear_Force/KN": 3.9095330000000001, "Utilization": 12.547354, "Max_Tensile_Stress/MPa": 2.3427479999999998, "Max_Bending_Stress/MPa": 4.8000000000000001e-05, "Avg_Displacement/mm": 22.269204999999999, "Max_Displacement/mm": 62.775418000000002, "Max_Principal_Stress/MPa": 0.025701000000000002, "Interstorey_Drift_Failure": ["False"], "Avg_Shear_Force/KN": 0.57371700000000003, "Avg_Bending_Moment/KNm": 0.171871, "Max_Bending_Moment/KNm": 0.79760799999999998, "Interstorey_Drift_Ratios": ["0.00801864h"], "Max_Compresive_Stress/MPa": -1.598414}