{"Buckling_Load_Factor": 17.686271000000001, "Max_Shear_Stress/MPa": 0.0001, "Max_Shear_Force/KN": 5.2880560000000001, "Utilization": 6.4563839999999999, "Max_Tensile_Stress/MPa": 1.5121709999999999, "Max_Bending_Stress/MPa": 2.0000000000000002e-05, "Avg_Displacement/mm": 5.1654549999999997, "Max_Displacement/mm": 14.136557, "Max_Principal_Stress/MPa": 0.013594999999999999, "Interstorey_Drift_Failure": [], "Avg_Shear_Force/KN": 0.51157399999999997, "Avg_Bending_Moment/KNm": 0.12944, "Max_Bending_Moment/KNm": 0.76230900000000001, "Interstorey_Drift_Ratios": [], "Max_Compresive_Stress/MPa": -0.417985}