{"Buckling_Load_Factor": 28.050972999999999, "Max_Shear_Stress/MPa": 0.00014999999999999999, "Max_Shear_Force/KN": 5.3617080000000001, "Utilization": 3.8810020000000001, "Max_Tensile_Stress/MPa": 1.156933, "Max_Bending_Stress/MPa": 9.6000000000000002e-05, "Avg_Displacement/mm": 4.7563019999999998, "Max_Displacement/mm": 11.121041999999999, "Max_Principal_Stress/MPa": 0.013927, "Interstorey_Drift_Failure": ["False"], "Avg_Shear_Force/KN": 0.84258900000000003, "Avg_Bending_Moment/KNm": 0.35732000000000003, "Max_Bending_Moment/KNm": 1.603909, "Interstorey_Drift_Ratios": ["0.00106891h"], "Max_Compresive_Stress/MPa": -0.24651500000000001}