{"Buckling_Load_Factor": 16.977359, "Max_Shear_Stress/MPa": 0.0001, "Max_Shear_Force/KN": 3.3267549999999999, "Utilization": 9.701568, "Max_Tensile_Stress/MPa": 2.5211589999999999, "Max_Bending_Stress/MPa": 1.5999999999999999e-05, "Avg_Displacement/mm": 5.7200730000000002, "Max_Displacement/mm": 15.24818, "Max_Principal_Stress/MPa": 0.018370000000000001, "Interstorey_Drift_Failure": [], "Avg_Shear_Force/KN": 0.32279799999999997, "Avg_Bending_Moment/KNm": 0.091558, "Max_Bending_Moment/KNm": 0.60116199999999997, "Interstorey_Drift_Ratios": [], "Max_Compresive_Stress/MPa": -0.77357500000000001}