{"Buckling_Load_Factor": 31.788193, "Max_Shear_Stress/MPa": 0.00014999999999999999, "Max_Shear_Force/KN": 5.483555, "Utilization": 4.2458989999999996, "Max_Tensile_Stress/MPa": 1.1344000000000001, "Max_Bending_Stress/MPa": 0.0001, "Avg_Displacement/mm": 2.9145699999999999, "Max_Displacement/mm": 7.6091090000000001, "Max_Principal_Stress/MPa": 0.010737, "Interstorey_Drift_Failure": ["False"], "Avg_Shear_Force/KN": 0.77325500000000003, "Avg_Bending_Moment/KNm": 0.242843, "Max_Bending_Moment/KNm": 1.6728540000000001, "Interstorey_Drift_Ratios": ["0.00061381h"], "Max_Compresive_Stress/MPa": -0.31122300000000003}