{"Buckling_Load_Factor": 6.0833729999999999, "Max_Shear_Stress/MPa": 0.0001, "Max_Shear_Force/KN": 15.367112000000001, "Utilization": 10.522926999999999, "Max_Tensile_Stress/MPa": 2.8086410000000002, "Max_Bending_Stress/MPa": 0.000107, "Avg_Displacement/mm": 11.473409999999999, "Max_Displacement/mm": 38.084553, "Max_Principal_Stress/MPa": 0.014758, "Interstorey_Drift_Failure": [], "Avg_Shear_Force/KN": 1.352446, "Avg_Bending_Moment/KNm": 0.67843100000000001, "Max_Bending_Moment/KNm": 3.996359, "Interstorey_Drift_Ratios": [], "Max_Compresive_Stress/MPa": -0.68123}