{"Buckling_Load_Factor": 9.4222950000000001, "Max_Shear_Stress/MPa": 0.00014999999999999999, "Max_Shear_Force/KN": 3.5438499999999999, "Utilization": 4.8707140000000004, "Max_Tensile_Stress/MPa": 1.206135, "Max_Bending_Stress/MPa": 3.8999999999999999e-05, "Avg_Displacement/mm": 4.399038, "Max_Displacement/mm": 9.1542089999999998, "Max_Principal_Stress/MPa": 0.013729, "Interstorey_Drift_Failure": ["False"], "Avg_Shear_Force/KN": 0.34162399999999998, "Avg_Bending_Moment/KNm": 0.109734, "Max_Bending_Moment/KNm": 0.65744199999999997, "Interstorey_Drift_Ratios": ["0.00092387h"], "Max_Compresive_Stress/MPa": -0.33676200000000001}