{"Buckling_Load_Factor": 3.8830659999999999, "Max_Shear_Stress/MPa": 0.0001, "Max_Shear_Force/KN": 25.009761000000001, "Utilization": 17.097413, "Max_Tensile_Stress/MPa": 4.4983120000000003, "Max_Bending_Stress/MPa": 6.3999999999999997e-05, "Avg_Displacement/mm": 32.534277000000003, "Max_Displacement/mm": 95.003037000000006, "Max_Principal_Stress/MPa": 0.037983000000000003, "Interstorey_Drift_Failure": [], "Avg_Shear_Force/KN": 1.3623540000000001, "Avg_Bending_Moment/KNm": 0.37131999999999998, "Max_Bending_Moment/KNm": 2.3866909999999999, "Interstorey_Drift_Ratios": [], "Max_Compresive_Stress/MPa": -2.0732849999999998}