{"Buckling_Load_Factor": 7.0891729999999997, "Max_Shear_Stress/MPa": 0.00014999999999999999, "Max_Shear_Force/KN": 4.400061, "Utilization": 7.1317190000000004, "Max_Tensile_Stress/MPa": 2.1576900000000001, "Max_Bending_Stress/MPa": 6.7999999999999999e-05, "Avg_Displacement/mm": 11.276279000000001, "Max_Displacement/mm": 34.959783999999999, "Max_Principal_Stress/MPa": 0.023348000000000001, "Interstorey_Drift_Failure": ["False"], "Avg_Shear_Force/KN": 0.75158000000000003, "Avg_Bending_Moment/KNm": 0.24490899999999999, "Max_Bending_Moment/KNm": 1.128763, "Interstorey_Drift_Ratios": ["0.0042843h"], "Max_Compresive_Stress/MPa": -0.73112699999999997}