{"Buckling_Load_Factor": 14.933408, "Max_Shear_Stress/MPa": 0.00014999999999999999, "Max_Shear_Force/KN": 8.5475580000000004, "Utilization": 7.2339609999999999, "Max_Tensile_Stress/MPa": 1.936768, "Max_Bending_Stress/MPa": 0.000135, "Avg_Displacement/mm": 4.0729280000000001, "Max_Displacement/mm": 15.225341, "Max_Principal_Stress/MPa": 0.011795, "Interstorey_Drift_Failure": ["False"], "Avg_Shear_Force/KN": 0.78499799999999997, "Avg_Bending_Moment/KNm": 0.319467, "Max_Bending_Moment/KNm": 2.2467239999999999, "Interstorey_Drift_Ratios": ["0.00160098h"], "Max_Compresive_Stress/MPa": -0.45110600000000001}