{"Buckling_Load_Factor": 25.454818, "Max_Shear_Stress/MPa": 0.00014999999999999999, "Max_Shear_Force/KN": 6.700056, "Utilization": 4.0260579999999999, "Max_Tensile_Stress/MPa": 1.615397, "Max_Bending_Stress/MPa": 9.3999999999999994e-05, "Avg_Displacement/mm": 5.3611449999999996, "Max_Displacement/mm": 16.337599999999998, "Max_Principal_Stress/MPa": 0.018492999999999999, "Interstorey_Drift_Failure": ["False"], "Avg_Shear_Force/KN": 0.86019599999999996, "Avg_Bending_Moment/KNm": 0.33244499999999999, "Max_Bending_Moment/KNm": 1.560303, "Interstorey_Drift_Ratios": ["0.00174178h"], "Max_Compresive_Stress/MPa": -0.52454500000000004}