{"Buckling_Load_Factor": 20.307615999999999, "Max_Shear_Stress/MPa": 0.00014999999999999999, "Max_Shear_Force/KN": 6.1749169999999998, "Utilization": 6.9285030000000001, "Max_Tensile_Stress/MPa": 1.8719479999999999, "Max_Bending_Stress/MPa": 0.00014300000000000001, "Avg_Displacement/mm": 6.3139380000000003, "Max_Displacement/mm": 14.684194, "Max_Principal_Stress/MPa": 0.014288, "Interstorey_Drift_Failure": ["False"], "Avg_Shear_Force/KN": 0.97881399999999996, "Avg_Bending_Moment/KNm": 0.45895000000000002, "Max_Bending_Moment/KNm": 2.389634, "Interstorey_Drift_Ratios": ["0.0016713h"], "Max_Compresive_Stress/MPa": -0.360601}