{"Buckling_Load_Factor": 12.629372, "Max_Shear_Stress/MPa": 0.0001, "Max_Shear_Force/KN": 5.1776530000000003, "Utilization": 11.138439999999999, "Max_Tensile_Stress/MPa": 2.9678140000000002, "Max_Bending_Stress/MPa": 6.4999999999999994e-05, "Avg_Displacement/mm": 9.6607800000000008, "Max_Displacement/mm": 30.771364999999999, "Max_Principal_Stress/MPa": 0.017922, "Interstorey_Drift_Failure": ["False"], "Avg_Shear_Force/KN": 1.217392, "Avg_Bending_Moment/KNm": 0.43976500000000002, "Max_Bending_Moment/KNm": 2.4318339999999998, "Interstorey_Drift_Ratios": ["0.00365486h"], "Max_Compresive_Stress/MPa": -0.85309400000000002}