{"Buckling_Load_Factor": 4.8957329999999999, "Max_Shear_Stress/MPa": 0.00014999999999999999, "Max_Shear_Force/KN": 23.866883000000001, "Utilization": 18.427538999999999, "Max_Tensile_Stress/MPa": 4.8641819999999996, "Max_Bending_Stress/MPa": 0.00018100000000000001, "Avg_Displacement/mm": 25.954636000000001, "Max_Displacement/mm": 79.867103999999998, "Max_Principal_Stress/MPa": 0.026622, "Interstorey_Drift_Failure": ["False"], "Avg_Shear_Force/KN": 1.3012379999999999, "Avg_Bending_Moment/KNm": 0.49901299999999998, "Max_Bending_Moment/KNm": 3.0133030000000001, "Interstorey_Drift_Ratios": ["0.00921756h"], "Max_Compresive_Stress/MPa": -1.616932}