{"Buckling_Load_Factor": 0.12121999999999999, "Max_Shear_Stress/MPa": 0.00014999999999999999, "Max_Shear_Force/KN": 2.4132400000000001, "Utilization": 12.95086, "Max_Tensile_Stress/MPa": 3.5101650000000002, "Max_Bending_Stress/MPa": 4.0000000000000003e-05, "Avg_Displacement/mm": 18.073909, "Max_Displacement/mm": 71.801964999999996, "Max_Principal_Stress/MPa": 0.033792999999999997, "Interstorey_Drift_Failure": ["False"], "Avg_Shear_Force/KN": 0.34055299999999999, "Avg_Bending_Moment/KNm": 0.089478000000000002, "Max_Bending_Moment/KNm": 0.67081000000000002, "Interstorey_Drift_Ratios": ["0.00815013h"], "Max_Compresive_Stress/MPa": -1.254275}