{"Buckling_Load_Factor": 17.820589999999999, "Max_Shear_Stress/MPa": 0.0001, "Max_Shear_Force/KN": 9.8586910000000003, "Utilization": 10.019344, "Max_Tensile_Stress/MPa": 2.6343670000000001, "Max_Bending_Stress/MPa": 5.7000000000000003e-05, "Avg_Displacement/mm": 9.429157, "Max_Displacement/mm": 29.598590999999999, "Max_Principal_Stress/MPa": 0.020851999999999999, "Interstorey_Drift_Failure": [], "Avg_Shear_Force/KN": 1.3111489999999999, "Avg_Bending_Moment/KNm": 0.50437200000000004, "Max_Bending_Moment/KNm": 2.146363, "Interstorey_Drift_Ratios": [], "Max_Compresive_Stress/MPa": -0.95791099999999996}