{"Buckling_Load_Factor": 1.754535, "Max_Shear_Stress/MPa": 0.00014999999999999999, "Max_Shear_Force/KN": 2.2615780000000001, "Utilization": 12.014177, "Max_Tensile_Stress/MPa": 3.293704, "Max_Bending_Stress/MPa": 4.3999999999999999e-05, "Avg_Displacement/mm": 17.741498, "Max_Displacement/mm": 54.300629999999998, "Max_Principal_Stress/MPa": 0.034294999999999999, "Interstorey_Drift_Failure": ["False"], "Avg_Shear_Force/KN": 0.29352499999999998, "Avg_Bending_Moment/KNm": 0.088467000000000004, "Max_Bending_Moment/KNm": 0.73269899999999999, "Interstorey_Drift_Ratios": ["0.00652378h"], "Max_Compresive_Stress/MPa": -1.1842859999999999}