{"Buckling_Load_Factor": 0.210476, "Max_Shear_Stress/MPa": 0.00014999999999999999, "Max_Shear_Force/KN": 8.9027069999999995, "Utilization": 17.978349999999999, "Max_Tensile_Stress/MPa": 4.7279640000000001, "Max_Bending_Stress/MPa": 5.3999999999999998e-05, "Avg_Displacement/mm": 34.283372, "Max_Displacement/mm": 111.67466, "Max_Principal_Stress/MPa": 0.041727, "Interstorey_Drift_Failure": ["True"], "Avg_Shear_Force/KN": 0.44287799999999999, "Avg_Bending_Moment/KNm": 0.13597300000000001, "Max_Bending_Moment/KNm": 0.89372499999999999, "Interstorey_Drift_Ratios": ["0.01544572h"], "Max_Compresive_Stress/MPa": -2.1218900000000001}