{"Buckling_Load_Factor": 0.25045099999999998, "Max_Shear_Stress/MPa": 0.00014999999999999999, "Max_Shear_Force/KN": 2.3985500000000002, "Utilization": 17.623342999999998, "Max_Tensile_Stress/MPa": 4.3009130000000004, "Max_Bending_Stress/MPa": 5.0000000000000002e-05, "Avg_Displacement/mm": 23.765523999999999, "Max_Displacement/mm": 102.67673600000001, "Max_Principal_Stress/MPa": 0.035913, "Interstorey_Drift_Failure": ["True"], "Avg_Shear_Force/KN": 0.31753700000000001, "Avg_Bending_Moment/KNm": 0.114815, "Max_Bending_Moment/KNm": 0.83587900000000004, "Interstorey_Drift_Ratios": ["0.01268188h"], "Max_Compresive_Stress/MPa": -1.467174}