{"Buckling_Load_Factor": 2.3688470000000001, "Max_Shear_Stress/MPa": 0.00014999999999999999, "Max_Shear_Force/KN": 4.7266019999999997, "Utilization": 12.295629, "Max_Tensile_Stress/MPa": 3.137276, "Max_Bending_Stress/MPa": 4.0000000000000003e-05, "Avg_Displacement/mm": 14.85919, "Max_Displacement/mm": 53.548507999999998, "Max_Principal_Stress/MPa": 0.016899999999999998, "Interstorey_Drift_Failure": ["False"], "Avg_Shear_Force/KN": 0.445382, "Avg_Bending_Moment/KNm": 0.11616799999999999, "Max_Bending_Moment/KNm": 0.66326600000000002, "Interstorey_Drift_Ratios": ["0.00512475h"], "Max_Compresive_Stress/MPa": -1.270661}