{"Buckling_Load_Factor": 14.041302999999999, "Max_Shear_Stress/MPa": 0.00014999999999999999, "Max_Shear_Force/KN": 18.059000999999999, "Utilization": 12.619254, "Max_Tensile_Stress/MPa": 3.3020849999999999, "Max_Bending_Stress/MPa": 0.00029100000000000003, "Avg_Displacement/mm": 10.084802, "Max_Displacement/mm": 42.878926999999997, "Max_Principal_Stress/MPa": 0.023473999999999998, "Interstorey_Drift_Failure": ["False"], "Avg_Shear_Force/KN": 1.2760419999999999, "Avg_Bending_Moment/KNm": 0.62700299999999998, "Max_Bending_Moment/KNm": 4.8446550000000004, "Interstorey_Drift_Ratios": ["0.00480051h"], "Max_Compresive_Stress/MPa": -1.1482870000000001}