{"Buckling_Load_Factor": 12.991187999999999, "Max_Shear_Stress/MPa": 0.00014999999999999999, "Max_Shear_Force/KN": 3.6899899999999999, "Utilization": 5.1510220000000002, "Max_Tensile_Stress/MPa": 1.2978339999999999, "Max_Bending_Stress/MPa": 3.6999999999999998e-05, "Avg_Displacement/mm": 3.1831659999999999, "Max_Displacement/mm": 8.7793650000000003, "Max_Principal_Stress/MPa": 0.014369, "Interstorey_Drift_Failure": ["False"], "Avg_Shear_Force/KN": 0.30118400000000001, "Avg_Bending_Moment/KNm": 0.085336999999999996, "Max_Bending_Moment/KNm": 0.62438700000000003, "Interstorey_Drift_Ratios": ["0.00071955h"], "Max_Compresive_Stress/MPa": -0.30445699999999998}