{"Buckling_Load_Factor": 2.432585, "Max_Shear_Stress/MPa": 0.00014999999999999999, "Max_Shear_Force/KN": 3.0789589999999998, "Utilization": 10.601286, "Max_Tensile_Stress/MPa": 2.8343889999999998, "Max_Bending_Stress/MPa": 2.5000000000000001e-05, "Avg_Displacement/mm": 9.1801639999999995, "Max_Displacement/mm": 43.761997999999998, "Max_Principal_Stress/MPa": 0.022332999999999999, "Interstorey_Drift_Failure": ["False"], "Avg_Shear_Force/KN": 0.20805599999999999, "Avg_Bending_Moment/KNm": 0.044423999999999998, "Max_Bending_Moment/KNm": 0.41353099999999998, "Interstorey_Drift_Ratios": ["0.00470958h"], "Max_Compresive_Stress/MPa": -0.99589899999999998}