{"Buckling_Load_Factor": 8.1377190000000006, "Max_Shear_Stress/MPa": 0.0001, "Max_Shear_Force/KN": 5.4424010000000003, "Utilization": 6.4870200000000002, "Max_Tensile_Stress/MPa": 1.8721730000000001, "Max_Bending_Stress/MPa": 2.5000000000000001e-05, "Avg_Displacement/mm": 7.7761329999999997, "Max_Displacement/mm": 20.769331000000001, "Max_Principal_Stress/MPa": 0.020516, "Interstorey_Drift_Failure": [], "Avg_Shear_Force/KN": 0.58198499999999997, "Avg_Bending_Moment/KNm": 0.18484200000000001, "Max_Bending_Moment/KNm": 0.93055500000000002, "Interstorey_Drift_Ratios": [], "Max_Compresive_Stress/MPa": -0.49094100000000002}