{"Buckling_Load_Factor": 12.71143, "Max_Shear_Stress/MPa": 0.00014999999999999999, "Max_Shear_Force/KN": 9.7072900000000004, "Utilization": 11.031561, "Max_Tensile_Stress/MPa": 2.9229780000000001, "Max_Bending_Stress/MPa": 0.00028200000000000002, "Avg_Displacement/mm": 9.3780049999999999, "Max_Displacement/mm": 38.532921999999999, "Max_Principal_Stress/MPa": 0.027387000000000002, "Interstorey_Drift_Failure": ["False"], "Avg_Shear_Force/KN": 1.1984349999999999, "Avg_Bending_Moment/KNm": 0.61857600000000001, "Max_Bending_Moment/KNm": 4.7042219999999997, "Interstorey_Drift_Ratios": ["0.0038823h"], "Max_Compresive_Stress/MPa": -0.89402099999999995}