{"Buckling_Load_Factor": 11.167792, "Max_Shear_Stress/MPa": 0.00014999999999999999, "Max_Shear_Force/KN": 5.4616189999999998, "Utilization": 8.7333660000000002, "Max_Tensile_Stress/MPa": 2.3452199999999999, "Max_Bending_Stress/MPa": 0.000212, "Avg_Displacement/mm": 8.5963039999999999, "Max_Displacement/mm": 21.515008000000002, "Max_Principal_Stress/MPa": 0.016792000000000001, "Interstorey_Drift_Failure": ["False"], "Avg_Shear_Force/KN": 1.2782560000000001, "Avg_Bending_Moment/KNm": 0.62484200000000001, "Max_Bending_Moment/KNm": 3.540994, "Interstorey_Drift_Ratios": ["0.00239874h"], "Max_Compresive_Stress/MPa": -0.41004699999999999}