{"Buckling_Load_Factor": 22.568000999999999, "Max_Shear_Stress/MPa": 0.0001, "Max_Shear_Force/KN": 11.185454, "Utilization": 9.4262820000000005, "Max_Tensile_Stress/MPa": 2.4808110000000001, "Max_Bending_Stress/MPa": 7.6000000000000004e-05, "Avg_Displacement/mm": 7.7597589999999999, "Max_Displacement/mm": 26.253323999999999, "Max_Principal_Stress/MPa": 0.025794999999999998, "Interstorey_Drift_Failure": [], "Avg_Shear_Force/KN": 1.0146649999999999, "Avg_Bending_Moment/KNm": 0.33580500000000002, "Max_Bending_Moment/KNm": 2.8469129999999998, "Interstorey_Drift_Ratios": [], "Max_Compresive_Stress/MPa": -0.927006}