{"Buckling_Load_Factor": 0.242144, "Max_Shear_Stress/MPa": 0.0001, "Max_Shear_Force/KN": 7.745241, "Utilization": 12.266363999999999, "Max_Tensile_Stress/MPa": 3.3139799999999999, "Max_Bending_Stress/MPa": 5.1999999999999997e-05, "Avg_Displacement/mm": 23.933902, "Max_Displacement/mm": 72.817691999999994, "Max_Principal_Stress/MPa": 0.021360000000000001, "Interstorey_Drift_Failure": [], "Avg_Shear_Force/KN": 1.0307869999999999, "Avg_Bending_Moment/KNm": 0.353825, "Max_Bending_Moment/KNm": 1.9587540000000001, "Interstorey_Drift_Ratios": [], "Max_Compresive_Stress/MPa": -0.91869100000000004}