{"Buckling_Load_Factor": 23.000277000000001, "Max_Shear_Stress/MPa": 0.0001, "Max_Shear_Force/KN": 6.6816170000000001, "Utilization": 5.0025009999999996, "Max_Tensile_Stress/MPa": 1.3317619999999999, "Max_Bending_Stress/MPa": 5.3000000000000001e-05, "Avg_Displacement/mm": 5.122738, "Max_Displacement/mm": 12.799735999999999, "Max_Principal_Stress/MPa": 0.013535, "Interstorey_Drift_Failure": [], "Avg_Shear_Force/KN": 1.188787, "Avg_Bending_Moment/KNm": 0.395903, "Max_Bending_Moment/KNm": 2.0005130000000002, "Interstorey_Drift_Ratios": [], "Max_Compresive_Stress/MPa": -0.49115999999999999}