{"Buckling_Load_Factor": 18.518003, "Max_Shear_Stress/MPa": 0.0001, "Max_Shear_Force/KN": 8.5595870000000005, "Utilization": 6.2863959999999999, "Max_Tensile_Stress/MPa": 1.7955380000000001, "Max_Bending_Stress/MPa": 6.0999999999999999e-05, "Avg_Displacement/mm": 5.865926, "Max_Displacement/mm": 19.453078000000001, "Max_Principal_Stress/MPa": 0.020400000000000001, "Interstorey_Drift_Failure": [], "Avg_Shear_Force/KN": 0.93478799999999995, "Avg_Bending_Moment/KNm": 0.36353400000000002, "Max_Bending_Moment/KNm": 2.2716880000000002, "Interstorey_Drift_Ratios": [], "Max_Compresive_Stress/MPa": -0.44058199999999997}