{"Buckling_Load_Factor": 4.653124, "Max_Shear_Stress/MPa": 0.00014999999999999999, "Max_Shear_Force/KN": 3.9947910000000002, "Utilization": 12.833028000000001, "Max_Tensile_Stress/MPa": 3.2821470000000001, "Max_Bending_Stress/MPa": 3.8999999999999999e-05, "Avg_Displacement/mm": 15.356529999999999, "Max_Displacement/mm": 53.336353000000003, "Max_Principal_Stress/MPa": 0.035617999999999997, "Interstorey_Drift_Failure": ["False"], "Avg_Shear_Force/KN": 0.24730099999999999, "Avg_Bending_Moment/KNm": 0.070527999999999993, "Max_Bending_Moment/KNm": 0.65729499999999996, "Interstorey_Drift_Ratios": ["0.00560664h"], "Max_Compresive_Stress/MPa": -1.1919439999999999}