{"Buckling_Load_Factor": 4.4363999999999999, "Max_Shear_Stress/MPa": 0.0001, "Max_Shear_Force/KN": 3.8618320000000002, "Utilization": 8.5636469999999996, "Max_Tensile_Stress/MPa": 2.192345, "Max_Bending_Stress/MPa": 3.1000000000000001e-05, "Avg_Displacement/mm": 13.163848, "Max_Displacement/mm": 48.165601000000002, "Max_Principal_Stress/MPa": 0.021859, "Interstorey_Drift_Failure": ["False"], "Avg_Shear_Force/KN": 0.62713700000000006, "Avg_Bending_Moment/KNm": 0.22012200000000001, "Max_Bending_Moment/KNm": 1.1604110000000001, "Interstorey_Drift_Ratios": ["0.0060121h"], "Max_Compresive_Stress/MPa": -0.74814099999999994}