{"Buckling_Load_Factor": 4.0222980000000002, "Max_Shear_Stress/MPa": 0.00014999999999999999, "Max_Shear_Force/KN": 1.5588569999999999, "Utilization": 6.9053630000000004, "Max_Tensile_Stress/MPa": 1.7096450000000001, "Max_Bending_Stress/MPa": 1.9000000000000001e-05, "Avg_Displacement/mm": 7.1274879999999996, "Max_Displacement/mm": 17.519017000000002, "Max_Principal_Stress/MPa": 0.018726, "Interstorey_Drift_Failure": ["False"], "Avg_Shear_Force/KN": 0.170955, "Avg_Bending_Moment/KNm": 0.040862000000000002, "Max_Bending_Moment/KNm": 0.30942700000000001, "Interstorey_Drift_Ratios": ["0.0018778h"], "Max_Compresive_Stress/MPa": -0.42766500000000002}