{"Buckling_Load_Factor": 10.336497, "Max_Shear_Stress/MPa": 0.00014999999999999999, "Max_Shear_Force/KN": 19.331591, "Utilization": 9.7379289999999994, "Max_Tensile_Stress/MPa": 2.5775169999999998, "Max_Bending_Stress/MPa": 0.00024800000000000001, "Avg_Displacement/mm": 11.560456, "Max_Displacement/mm": 33.508394000000003, "Max_Principal_Stress/MPa": 0.014200000000000001, "Interstorey_Drift_Failure": ["False"], "Avg_Shear_Force/KN": 1.901049, "Avg_Bending_Moment/KNm": 0.81619799999999998, "Max_Bending_Moment/KNm": 4.1412620000000002, "Interstorey_Drift_Ratios": ["0.00415403h"], "Max_Compresive_Stress/MPa": -0.89234100000000005}