{"Buckling_Load_Factor": 6.1154809999999999, "Max_Shear_Stress/MPa": 0.00014999999999999999, "Max_Shear_Force/KN": 7.9347880000000002, "Utilization": 18.294743, "Max_Tensile_Stress/MPa": 4.6824450000000004, "Max_Bending_Stress/MPa": 0.00015699999999999999, "Avg_Displacement/mm": 16.516013000000001, "Max_Displacement/mm": 54.522067, "Max_Principal_Stress/MPa": 0.032663999999999999, "Interstorey_Drift_Failure": ["False"], "Avg_Shear_Force/KN": 0.99511300000000003, "Avg_Bending_Moment/KNm": 0.34344200000000003, "Max_Bending_Moment/KNm": 2.6231960000000001, "Interstorey_Drift_Ratios": ["0.0063424h"], "Max_Compresive_Stress/MPa": -1.6165750000000001}