{"Buckling_Load_Factor": 6.555771, "Max_Shear_Stress/MPa": 0.00014999999999999999, "Max_Shear_Force/KN": 3.0943309999999999, "Utilization": 7.4352549999999997, "Max_Tensile_Stress/MPa": 1.9761599999999999, "Max_Bending_Stress/MPa": 6.7999999999999999e-05, "Avg_Displacement/mm": 7.4740229999999999, "Max_Displacement/mm": 16.419967, "Max_Principal_Stress/MPa": 0.015960999999999999, "Interstorey_Drift_Failure": ["False"], "Avg_Shear_Force/KN": 0.60214000000000001, "Avg_Bending_Moment/KNm": 0.20533899999999999, "Max_Bending_Moment/KNm": 1.136196, "Interstorey_Drift_Ratios": ["0.00177461h"], "Max_Compresive_Stress/MPa": -0.488931}