{"Buckling_Load_Factor": 21.617004999999999, "Max_Shear_Stress/MPa": 0.0001, "Max_Shear_Force/KN": 3.8554240000000002, "Utilization": 9.193683, "Max_Tensile_Stress/MPa": 2.3912580000000001, "Max_Bending_Stress/MPa": 3.0000000000000001e-05, "Avg_Displacement/mm": 7.3164930000000004, "Max_Displacement/mm": 19.322306000000001, "Max_Principal_Stress/MPa": 0.016535000000000001, "Interstorey_Drift_Failure": [], "Avg_Shear_Force/KN": 0.83857999999999999, "Avg_Bending_Moment/KNm": 0.31235800000000002, "Max_Bending_Moment/KNm": 1.1412659999999999, "Interstorey_Drift_Ratios": [], "Max_Compresive_Stress/MPa": -0.75543000000000005}