{"Buckling_Load_Factor": 6.8311359999999999, "Max_Shear_Stress/MPa": 0.0001, "Max_Shear_Force/KN": 4.6870180000000001, "Utilization": 11.377128000000001, "Max_Tensile_Stress/MPa": 3.0180929999999999, "Max_Bending_Stress/MPa": 3.8999999999999999e-05, "Avg_Displacement/mm": 13.240799000000001, "Max_Displacement/mm": 42.841157000000003, "Max_Principal_Stress/MPa": 0.02332, "Interstorey_Drift_Failure": [], "Avg_Shear_Force/KN": 0.84666600000000003, "Avg_Bending_Moment/KNm": 0.27393099999999998, "Max_Bending_Moment/KNm": 1.465627, "Interstorey_Drift_Ratios": [], "Max_Compresive_Stress/MPa": -0.87874699999999994}