{"Buckling_Load_Factor": 2.0330629999999998, "Max_Shear_Stress/MPa": 0.00014999999999999999, "Max_Shear_Force/KN": 3.044575, "Utilization": 8.3436520000000005, "Max_Tensile_Stress/MPa": 2.1209009999999999, "Max_Bending_Stress/MPa": 2.0000000000000002e-05, "Avg_Displacement/mm": 9.8807500000000008, "Max_Displacement/mm": 27.934156999999999, "Max_Principal_Stress/MPa": 0.017332, "Interstorey_Drift_Failure": ["False"], "Avg_Shear_Force/KN": 0.26624999999999999, "Avg_Bending_Moment/KNm": 0.051319999999999998, "Max_Bending_Moment/KNm": 0.325845, "Interstorey_Drift_Ratios": ["0.00331117h"], "Max_Compresive_Stress/MPa": -0.69856099999999999}