{"Buckling_Load_Factor": 15.722089, "Max_Shear_Stress/MPa": 0.0001, "Max_Shear_Force/KN": 7.784376, "Utilization": 5.1985039999999998, "Max_Tensile_Stress/MPa": 1.4136219999999999, "Max_Bending_Stress/MPa": 5.3000000000000001e-05, "Avg_Displacement/mm": 7.1032710000000003, "Max_Displacement/mm": 16.905895000000001, "Max_Principal_Stress/MPa": 0.011768000000000001, "Interstorey_Drift_Failure": [], "Avg_Shear_Force/KN": 1.168814, "Avg_Bending_Moment/KNm": 0.43418400000000001, "Max_Bending_Moment/KNm": 1.9707460000000001, "Interstorey_Drift_Ratios": [], "Max_Compresive_Stress/MPa": -0.33077800000000002}