{"Buckling_Load_Factor": 2.601645, "Max_Shear_Stress/MPa": 0.0001, "Max_Shear_Force/KN": 20.283584999999999, "Utilization": 20.548883, "Max_Tensile_Stress/MPa": 5.4257629999999999, "Max_Bending_Stress/MPa": 5.5999999999999999e-05, "Avg_Displacement/mm": 32.069794999999999, "Max_Displacement/mm": 101.01742299999999, "Max_Principal_Stress/MPa": 0.030284999999999999, "Interstorey_Drift_Failure": [], "Avg_Shear_Force/KN": 0.96455400000000002, "Avg_Bending_Moment/KNm": 0.30880600000000002, "Max_Bending_Moment/KNm": 2.1179990000000002, "Interstorey_Drift_Ratios": [], "Max_Compresive_Stress/MPa": -1.5027029999999999}