{"Buckling_Load_Factor": 3.6191080000000002, "Max_Shear_Stress/MPa": 0.00014999999999999999, "Max_Shear_Force/KN": 4.5686070000000001, "Utilization": 10.935110999999999, "Max_Tensile_Stress/MPa": 2.915772, "Max_Bending_Stress/MPa": 0.00011, "Avg_Displacement/mm": 15.995604999999999, "Max_Displacement/mm": 50.306654999999999, "Max_Principal_Stress/MPa": 0.022890000000000001, "Interstorey_Drift_Failure": ["False"], "Avg_Shear_Force/KN": 0.79416399999999998, "Avg_Bending_Moment/KNm": 0.34081800000000001, "Max_Bending_Moment/KNm": 1.838732, "Interstorey_Drift_Ratios": ["0.00567003h"], "Max_Compresive_Stress/MPa": -0.76736499999999996}