{"Buckling_Load_Factor": 15.664440000000001, "Max_Shear_Stress/MPa": 0.0001, "Max_Shear_Force/KN": 2.8048929999999999, "Utilization": 4.8237120000000004, "Max_Tensile_Stress/MPa": 1.4749969999999999, "Max_Bending_Stress/MPa": 2.0999999999999999e-05, "Avg_Displacement/mm": 4.1460179999999998, "Max_Displacement/mm": 9.4634160000000005, "Max_Principal_Stress/MPa": 0.017177999999999999, "Interstorey_Drift_Failure": [], "Avg_Shear_Force/KN": 0.46426299999999998, "Avg_Bending_Moment/KNm": 0.13626099999999999, "Max_Bending_Moment/KNm": 0.795821, "Interstorey_Drift_Ratios": [], "Max_Compresive_Stress/MPa": -0.343891}