{"Buckling_Load_Factor": 6.5327700000000002, "Max_Shear_Stress/MPa": 0.0001, "Max_Shear_Force/KN": 4.613448, "Utilization": 12.507208, "Max_Tensile_Stress/MPa": 3.3653019999999998, "Max_Bending_Stress/MPa": 3.4e-05, "Avg_Displacement/mm": 12.774766, "Max_Displacement/mm": 39.336353000000003, "Max_Principal_Stress/MPa": 0.031546999999999999, "Interstorey_Drift_Failure": [], "Avg_Shear_Force/KN": 0.66789399999999999, "Avg_Bending_Moment/KNm": 0.18842600000000001, "Max_Bending_Moment/KNm": 1.285514, "Interstorey_Drift_Ratios": [], "Max_Compresive_Stress/MPa": -0.98198700000000005}