{"Buckling_Load_Factor": 40.133291, "Max_Shear_Stress/MPa": 0.00014999999999999999, "Max_Shear_Force/KN": 5.5832639999999998, "Utilization": 4.4719660000000001, "Max_Tensile_Stress/MPa": 1.221706, "Max_Bending_Stress/MPa": 0.000111, "Avg_Displacement/mm": 3.0346009999999999, "Max_Displacement/mm": 5.5936940000000002, "Max_Principal_Stress/MPa": 0.0091629999999999993, "Interstorey_Drift_Failure": ["False"], "Avg_Shear_Force/KN": 0.85355199999999998, "Avg_Bending_Moment/KNm": 0.338009, "Max_Bending_Moment/KNm": 1.842301, "Interstorey_Drift_Ratios": ["0.00057781h"], "Max_Compresive_Stress/MPa": -0.268544}