{"Buckling_Load_Factor": 17.882106, "Max_Shear_Stress/MPa": 0.0001, "Max_Shear_Force/KN": 2.8685269999999998, "Utilization": 3.3469699999999998, "Max_Tensile_Stress/MPa": 0.976383, "Max_Bending_Stress/MPa": 9.8996999999999994e-06, "Avg_Displacement/mm": 2.3766440000000002, "Max_Displacement/mm": 6.1804649999999999, "Max_Principal_Stress/MPa": 0.011839000000000001, "Interstorey_Drift_Failure": [], "Avg_Shear_Force/KN": 0.28643200000000002, "Avg_Bending_Moment/KNm": 0.069127999999999995, "Max_Bending_Moment/KNm": 0.37123899999999999, "Interstorey_Drift_Ratios": [], "Max_Compresive_Stress/MPa": -0.25348799999999999}