{"Buckling_Load_Factor": 24.934982000000002, "Max_Shear_Stress/MPa": 0.0001, "Max_Shear_Force/KN": 6.4992700000000001, "Utilization": 4.8039519999999998, "Max_Tensile_Stress/MPa": 1.3966799999999999, "Max_Bending_Stress/MPa": 6.0000000000000002e-05, "Avg_Displacement/mm": 5.1462620000000001, "Max_Displacement/mm": 16.900417000000001, "Max_Principal_Stress/MPa": 0.015893000000000001, "Interstorey_Drift_Failure": [], "Avg_Shear_Force/KN": 1.05298, "Avg_Bending_Moment/KNm": 0.37923499999999999, "Max_Bending_Moment/KNm": 2.2540339999999999, "Interstorey_Drift_Ratios": [], "Max_Compresive_Stress/MPa": -0.35549799999999998}