{"Buckling_Load_Factor": 14.672812, "Max_Shear_Stress/MPa": 0.00014999999999999999, "Max_Shear_Force/KN": 24.850885999999999, "Utilization": 8.7907960000000003, "Max_Tensile_Stress/MPa": 2.2205270000000001, "Max_Bending_Stress/MPa": 0.00020000000000000001, "Avg_Displacement/mm": 6.8336519999999998, "Max_Displacement/mm": 17.281013999999999, "Max_Principal_Stress/MPa": 0.016234999999999999, "Interstorey_Drift_Failure": ["False"], "Avg_Shear_Force/KN": 1.1684779999999999, "Avg_Bending_Moment/KNm": 0.47103099999999998, "Max_Bending_Moment/KNm": 3.3381470000000002, "Interstorey_Drift_Ratios": ["0.00185835h"], "Max_Compresive_Stress/MPa": -0.584704}