{"Buckling_Load_Factor": 12.669619000000001, "Max_Shear_Stress/MPa": 0.00014999999999999999, "Max_Shear_Force/KN": 3.7441800000000001, "Utilization": 5.6646679999999998, "Max_Tensile_Stress/MPa": 1.5318259999999999, "Max_Bending_Stress/MPa": 4.3000000000000002e-05, "Avg_Displacement/mm": 2.8644280000000002, "Max_Displacement/mm": 8.0555800000000009, "Max_Principal_Stress/MPa": 0.014217, "Interstorey_Drift_Failure": ["False"], "Avg_Shear_Force/KN": 0.30041400000000001, "Avg_Bending_Moment/KNm": 0.084353999999999998, "Max_Bending_Moment/KNm": 0.71289400000000003, "Interstorey_Drift_Ratios": ["0.0006678h"], "Max_Compresive_Stress/MPa": -0.382129}