{"Buckling_Load_Factor": 18.057359000000002, "Max_Shear_Stress/MPa": 0.0001, "Max_Shear_Force/KN": 7.49634, "Utilization": 7.2324330000000003, "Max_Tensile_Stress/MPa": 1.931889, "Max_Bending_Stress/MPa": 7.6000000000000004e-05, "Avg_Displacement/mm": 6.9663349999999999, "Max_Displacement/mm": 22.983384000000001, "Max_Principal_Stress/MPa": 0.018841, "Interstorey_Drift_Failure": [], "Avg_Shear_Force/KN": 1.1916659999999999, "Avg_Bending_Moment/KNm": 0.48196699999999998, "Max_Bending_Moment/KNm": 2.8540770000000002, "Interstorey_Drift_Ratios": [], "Max_Compresive_Stress/MPa": -0.62007999999999996}