{"Buckling_Load_Factor": 6.0736939999999997, "Max_Shear_Stress/MPa": 0.00014999999999999999, "Max_Shear_Force/KN": 9.8299540000000007, "Utilization": 7.1878419999999998, "Max_Tensile_Stress/MPa": 1.9672369999999999, "Max_Bending_Stress/MPa": 6.8999999999999997e-05, "Avg_Displacement/mm": 10.958912, "Max_Displacement/mm": 33.188834, "Max_Principal_Stress/MPa": 0.017562999999999999, "Interstorey_Drift_Failure": ["False"], "Avg_Shear_Force/KN": 0.85660499999999995, "Avg_Bending_Moment/KNm": 0.25694, "Max_Bending_Moment/KNm": 1.145642, "Interstorey_Drift_Ratios": ["0.00375524h"], "Max_Compresive_Stress/MPa": -0.78981100000000004}