{"Buckling_Load_Factor": 6.7358789999999997, "Max_Shear_Stress/MPa": 0.0001, "Max_Shear_Force/KN": 1.2225539999999999, "Utilization": 4.497458, "Max_Tensile_Stress/MPa": 1.076918, "Max_Bending_Stress/MPa": 4.7983999999999997e-06, "Avg_Displacement/mm": 3.175554, "Max_Displacement/mm": 7.7578060000000004, "Max_Principal_Stress/MPa": 0.011325, "Interstorey_Drift_Failure": ["False"], "Avg_Shear_Force/KN": 0.113873, "Avg_Bending_Moment/KNm": 0.022863999999999999, "Max_Bending_Moment/KNm": 0.17994099999999999, "Interstorey_Drift_Ratios": ["0.00050626h"], "Max_Compresive_Stress/MPa": -0.41369800000000001}