{"Buckling_Load_Factor": 13.556632, "Max_Shear_Stress/MPa": 0.0001, "Max_Shear_Force/KN": 4.5261709999999997, "Utilization": 6.8580059999999996, "Max_Tensile_Stress/MPa": 2.554888, "Max_Bending_Stress/MPa": 2.5000000000000001e-05, "Avg_Displacement/mm": 8.2225409999999997, "Max_Displacement/mm": 29.716873, "Max_Principal_Stress/MPa": 0.028169, "Interstorey_Drift_Failure": [], "Avg_Shear_Force/KN": 0.49765100000000001, "Avg_Bending_Moment/KNm": 0.15787599999999999, "Max_Bending_Moment/KNm": 0.95534600000000003, "Interstorey_Drift_Ratios": [], "Max_Compresive_Stress/MPa": -0.80066099999999996}