{"Buckling_Load_Factor": 15.793179, "Max_Shear_Stress/MPa": 0.00014999999999999999, "Max_Shear_Force/KN": 5.9560719999999998, "Utilization": 5.1079039999999996, "Max_Tensile_Stress/MPa": 1.3806229999999999, "Max_Bending_Stress/MPa": 0.00012300000000000001, "Avg_Displacement/mm": 4.9888630000000003, "Max_Displacement/mm": 12.678079, "Max_Principal_Stress/MPa": 0.011284000000000001, "Interstorey_Drift_Failure": ["False"], "Avg_Shear_Force/KN": 0.93824300000000005, "Avg_Bending_Moment/KNm": 0.45045400000000002, "Max_Bending_Moment/KNm": 2.050916, "Interstorey_Drift_Ratios": ["0.0013935h"], "Max_Compresive_Stress/MPa": -0.43788100000000002}