{"Buckling_Load_Factor": 5.0739679999999998, "Max_Shear_Stress/MPa": 0.0001, "Max_Shear_Force/KN": 4.2399880000000003, "Utilization": 11.362989000000001, "Max_Tensile_Stress/MPa": 2.9979019999999998, "Max_Bending_Stress/MPa": 3.6000000000000001e-05, "Avg_Displacement/mm": 13.082819000000001, "Max_Displacement/mm": 52.71602, "Max_Principal_Stress/MPa": 0.030016999999999999, "Interstorey_Drift_Failure": [], "Avg_Shear_Force/KN": 0.60600200000000004, "Avg_Bending_Moment/KNm": 0.25392399999999998, "Max_Bending_Moment/KNm": 1.3500559999999999, "Interstorey_Drift_Ratios": [], "Max_Compresive_Stress/MPa": -0.95308499999999996}