{"Buckling_Load_Factor": 0.51273299999999999, "Max_Shear_Stress/MPa": 0.00014999999999999999, "Max_Shear_Force/KN": 10.002414, "Utilization": 30.899028999999999, "Max_Tensile_Stress/MPa": 8.2275179999999999, "Max_Bending_Stress/MPa": 9.6000000000000002e-05, "Avg_Displacement/mm": 52.948937000000001, "Max_Displacement/mm": 148.69319300000001, "Max_Principal_Stress/MPa": 0.046074999999999998, "Interstorey_Drift_Failure": ["True"], "Avg_Shear_Force/KN": 0.76000800000000002, "Avg_Bending_Moment/KNm": 0.23724700000000001, "Max_Bending_Moment/KNm": 1.601871, "Interstorey_Drift_Ratios": ["0.01686603h"], "Max_Compresive_Stress/MPa": -3.2414529999999999}