{"Buckling_Load_Factor": 2.1238039999999998, "Max_Shear_Stress/MPa": 0.00014999999999999999, "Max_Shear_Force/KN": 1.874533, "Utilization": 7.0715430000000001, "Max_Tensile_Stress/MPa": 1.713784, "Max_Bending_Stress/MPa": 1.9000000000000001e-05, "Avg_Displacement/mm": 8.1410850000000003, "Max_Displacement/mm": 20.446559000000001, "Max_Principal_Stress/MPa": 0.017739000000000001, "Interstorey_Drift_Failure": ["False"], "Avg_Shear_Force/KN": 0.21288899999999999, "Avg_Bending_Moment/KNm": 0.054455999999999997, "Max_Bending_Moment/KNm": 0.32303700000000002, "Interstorey_Drift_Ratios": ["0.00241947h"], "Max_Compresive_Stress/MPa": -0.52058199999999999}