{"Buckling_Load_Factor": 1.8897349999999999, "Max_Shear_Stress/MPa": 0.0001, "Max_Shear_Force/KN": 3.5428280000000001, "Utilization": 15.117616999999999, "Max_Tensile_Stress/MPa": 3.4909189999999999, "Max_Bending_Stress/MPa": 1.2999999999999999e-05, "Avg_Displacement/mm": 19.481915000000001, "Max_Displacement/mm": 59.229396999999999, "Max_Principal_Stress/MPa": 0.029467, "Interstorey_Drift_Failure": [], "Avg_Shear_Force/KN": 0.34493800000000002, "Avg_Bending_Moment/KNm": 0.071988999999999997, "Max_Bending_Moment/KNm": 0.48163499999999998, "Interstorey_Drift_Ratios": [], "Max_Compresive_Stress/MPa": -0.98165899999999995}