{"Buckling_Load_Factor": 9.9358500000000003, "Max_Shear_Stress/MPa": 0.0001, "Max_Shear_Force/KN": 8.9362410000000008, "Utilization": 9.3357860000000006, "Max_Tensile_Stress/MPa": 2.3751709999999999, "Max_Bending_Stress/MPa": 7.3999999999999996e-05, "Avg_Displacement/mm": 8.2749889999999997, "Max_Displacement/mm": 23.614929, "Max_Principal_Stress/MPa": 0.015028, "Interstorey_Drift_Failure": [], "Avg_Shear_Force/KN": 1.1946399999999999, "Avg_Bending_Moment/KNm": 0.50679399999999997, "Max_Bending_Moment/KNm": 2.7923230000000001, "Interstorey_Drift_Ratios": [], "Max_Compresive_Stress/MPa": -0.62389700000000003}