{"Buckling_Load_Factor": 12.859451, "Max_Shear_Stress/MPa": 0.0001, "Max_Shear_Force/KN": 9.4873159999999999, "Utilization": 7.092276, "Max_Tensile_Stress/MPa": 1.905087, "Max_Bending_Stress/MPa": 7.6000000000000004e-05, "Avg_Displacement/mm": 7.0348839999999999, "Max_Displacement/mm": 17.560981999999999, "Max_Principal_Stress/MPa": 0.017375000000000002, "Interstorey_Drift_Failure": [], "Avg_Shear_Force/KN": 0.94949300000000003, "Avg_Bending_Moment/KNm": 0.437913, "Max_Bending_Moment/KNm": 2.8677489999999999, "Interstorey_Drift_Ratios": [], "Max_Compresive_Stress/MPa": -0.55793499999999996}