{"Buckling_Load_Factor": 3.9019249999999999, "Max_Shear_Stress/MPa": 0.00014999999999999999, "Max_Shear_Force/KN": 2.1755140000000002, "Utilization": 9.0123800000000003, "Max_Tensile_Stress/MPa": 2.5376660000000002, "Max_Bending_Stress/MPa": 2.6999999999999999e-05, "Avg_Displacement/mm": 11.166878000000001, "Max_Displacement/mm": 33.505650000000003, "Max_Principal_Stress/MPa": 0.027605000000000001, "Interstorey_Drift_Failure": ["False"], "Avg_Shear_Force/KN": 0.230908, "Avg_Bending_Moment/KNm": 0.064690999999999999, "Max_Bending_Moment/KNm": 0.451542, "Interstorey_Drift_Ratios": ["0.00364555h"], "Max_Compresive_Stress/MPa": -1.1145130000000001}