{"Buckling_Load_Factor": 1.8533569999999999, "Max_Shear_Stress/MPa": 0.00014999999999999999, "Max_Shear_Force/KN": 3.1717650000000002, "Utilization": 14.967419, "Max_Tensile_Stress/MPa": 3.9589490000000001, "Max_Bending_Stress/MPa": 4.6999999999999997e-05, "Avg_Displacement/mm": 23.581600999999999, "Max_Displacement/mm": 76.072248999999999, "Max_Principal_Stress/MPa": 0.034153999999999997, "Interstorey_Drift_Failure": ["False"], "Avg_Shear_Force/KN": 0.44772099999999998, "Avg_Bending_Moment/KNm": 0.116727, "Max_Bending_Moment/KNm": 0.77506200000000003, "Interstorey_Drift_Ratios": ["0.00871486h"], "Max_Compresive_Stress/MPa": -1.4918309999999999}