{"Buckling_Load_Factor": 16.227557000000001, "Max_Shear_Stress/MPa": 0.00014999999999999999, "Max_Shear_Force/KN": 30.294495999999999, "Utilization": 9.4649470000000004, "Max_Tensile_Stress/MPa": 2.4845609999999998, "Max_Bending_Stress/MPa": 0.00022000000000000001, "Avg_Displacement/mm": 7.9643769999999998, "Max_Displacement/mm": 23.749956000000001, "Max_Principal_Stress/MPa": 0.014484, "Interstorey_Drift_Failure": ["False"], "Avg_Shear_Force/KN": 1.12408, "Avg_Bending_Moment/KNm": 0.56271599999999999, "Max_Bending_Moment/KNm": 3.6684999999999999, "Interstorey_Drift_Ratios": ["0.00310711h"], "Max_Compresive_Stress/MPa": -0.65287399999999995}