{"Buckling_Load_Factor": 0.091189999999999993, "Max_Shear_Stress/MPa": 0.00014999999999999999, "Max_Shear_Force/KN": 7.6138130000000004, "Utilization": 25.706378000000001, "Max_Tensile_Stress/MPa": 6.8044019999999996, "Max_Bending_Stress/MPa": 6.3e-05, "Avg_Displacement/mm": 59.886873999999999, "Max_Displacement/mm": 223.205219, "Max_Principal_Stress/MPa": 0.046234999999999998, "Interstorey_Drift_Failure": ["True"], "Avg_Shear_Force/KN": 0.55965600000000004, "Avg_Bending_Moment/KNm": 0.25663399999999997, "Max_Bending_Moment/KNm": 1.0517989999999999, "Interstorey_Drift_Ratios": ["0.03058382h"], "Max_Compresive_Stress/MPa": -1.663127}