{"Buckling_Load_Factor": 39.344476999999998, "Max_Shear_Stress/MPa": 0.0001, "Max_Shear_Force/KN": 3.314781, "Utilization": 4.8165680000000002, "Max_Tensile_Stress/MPa": 1.2932410000000001, "Max_Bending_Stress/MPa": 5.0000000000000002e-05, "Avg_Displacement/mm": 2.7951779999999999, "Max_Displacement/mm": 8.9896019999999996, "Max_Principal_Stress/MPa": 0.015559, "Interstorey_Drift_Failure": [], "Avg_Shear_Force/KN": 0.57860199999999995, "Avg_Bending_Moment/KNm": 0.22018699999999999, "Max_Bending_Moment/KNm": 1.890695, "Interstorey_Drift_Ratios": [], "Max_Compresive_Stress/MPa": -0.41085100000000002}