{"Buckling_Load_Factor": 6.1659160000000002, "Max_Shear_Stress/MPa": 0.00014999999999999999, "Max_Shear_Force/KN": 3.6933240000000001, "Utilization": 7.3475720000000004, "Max_Tensile_Stress/MPa": 1.9212629999999999, "Max_Bending_Stress/MPa": 6.7000000000000002e-05, "Avg_Displacement/mm": 6.4064160000000001, "Max_Displacement/mm": 15.274844, "Max_Principal_Stress/MPa": 0.013971000000000001, "Interstorey_Drift_Failure": ["False"], "Avg_Shear_Force/KN": 0.52936799999999995, "Avg_Bending_Moment/KNm": 0.19376299999999999, "Max_Bending_Moment/KNm": 1.117821, "Interstorey_Drift_Ratios": ["0.00159758h"], "Max_Compresive_Stress/MPa": -0.61803600000000003}