{"Buckling_Load_Factor": 4.9972649999999996, "Max_Shear_Stress/MPa": 0.00014999999999999999, "Max_Shear_Force/KN": 1.153511, "Utilization": 4.1320670000000002, "Max_Tensile_Stress/MPa": 1.127899, "Max_Bending_Stress/MPa": 1.2e-05, "Avg_Displacement/mm": 4.2617729999999998, "Max_Displacement/mm": 11.554767, "Max_Principal_Stress/MPa": 0.012812, "Interstorey_Drift_Failure": ["False"], "Avg_Shear_Force/KN": 0.14834700000000001, "Avg_Bending_Moment/KNm": 0.036172000000000003, "Max_Bending_Moment/KNm": 0.19469600000000001, "Interstorey_Drift_Ratios": ["0.00109142h"], "Max_Compresive_Stress/MPa": -0.38446000000000002}