{"Buckling_Load_Factor": 1.968812, "Max_Shear_Stress/MPa": 0.00014999999999999999, "Max_Shear_Force/KN": 3.3376519999999998, "Utilization": 15.895879000000001, "Max_Tensile_Stress/MPa": 4.1391419999999997, "Max_Bending_Stress/MPa": 4.1e-05, "Avg_Displacement/mm": 25.061813999999998, "Max_Displacement/mm": 52.413319999999999, "Max_Principal_Stress/MPa": 0.025352, "Interstorey_Drift_Failure": ["False"], "Avg_Shear_Force/KN": 0.58776399999999995, "Avg_Bending_Moment/KNm": 0.18041099999999999, "Max_Bending_Moment/KNm": 0.68961099999999997, "Interstorey_Drift_Ratios": ["0.00566693h"], "Max_Compresive_Stress/MPa": -1.5926229999999999}