{"Buckling_Load_Factor": 18.307182000000001, "Max_Shear_Stress/MPa": 0.00014999999999999999, "Max_Shear_Force/KN": 7.7365430000000002, "Utilization": 7.5659409999999996, "Max_Tensile_Stress/MPa": 2.0079410000000002, "Max_Bending_Stress/MPa": 0.00017699999999999999, "Avg_Displacement/mm": 6.2816929999999997, "Max_Displacement/mm": 16.948591, "Max_Principal_Stress/MPa": 0.019658999999999999, "Interstorey_Drift_Failure": ["False"], "Avg_Shear_Force/KN": 0.99738300000000002, "Avg_Bending_Moment/KNm": 0.42602699999999999, "Max_Bending_Moment/KNm": 2.9579409999999999, "Interstorey_Drift_Ratios": ["0.00144508h"], "Max_Compresive_Stress/MPa": -0.467582}