{"Buckling_Load_Factor": 7.0654459999999997, "Max_Shear_Stress/MPa": 0.0001, "Max_Shear_Force/KN": 5.4782320000000002, "Utilization": 14.402969000000001, "Max_Tensile_Stress/MPa": 3.855226, "Max_Bending_Stress/MPa": 2.0999999999999999e-05, "Avg_Displacement/mm": 13.950066, "Max_Displacement/mm": 39.144624999999998, "Max_Principal_Stress/MPa": 0.032170999999999998, "Interstorey_Drift_Failure": [], "Avg_Shear_Force/KN": 0.58437099999999997, "Avg_Bending_Moment/KNm": 0.18095, "Max_Bending_Moment/KNm": 0.78134800000000004, "Interstorey_Drift_Ratios": [], "Max_Compresive_Stress/MPa": -1.118528}