{"Buckling_Load_Factor": 4.4909369999999997, "Max_Shear_Stress/MPa": 0.00014999999999999999, "Max_Shear_Force/KN": 2.1699630000000001, "Utilization": 8.5301139999999993, "Max_Tensile_Stress/MPa": 2.1257679999999999, "Max_Bending_Stress/MPa": 2.0000000000000002e-05, "Avg_Displacement/mm": 8.6407080000000001, "Max_Displacement/mm": 33.956946000000002, "Max_Principal_Stress/MPa": 0.023987000000000001, "Interstorey_Drift_Failure": ["False"], "Avg_Shear_Force/KN": 0.20987800000000001, "Avg_Bending_Moment/KNm": 0.042483, "Max_Bending_Moment/KNm": 0.332235, "Interstorey_Drift_Ratios": ["0.00301604h"], "Max_Compresive_Stress/MPa": -1.1712340000000001}