{"Buckling_Load_Factor": 7.3951710000000004, "Max_Shear_Stress/MPa": 0.00014999999999999999, "Max_Shear_Force/KN": 4.0356490000000003, "Utilization": 8.2076209999999996, "Max_Tensile_Stress/MPa": 2.1851780000000001, "Max_Bending_Stress/MPa": 7.6000000000000004e-05, "Avg_Displacement/mm": 7.7124220000000001, "Max_Displacement/mm": 19.876151, "Max_Principal_Stress/MPa": 0.01491, "Interstorey_Drift_Failure": ["False"], "Avg_Shear_Force/KN": 0.61839, "Avg_Bending_Moment/KNm": 0.22373199999999999, "Max_Bending_Moment/KNm": 1.268046, "Interstorey_Drift_Ratios": ["0.00205937h"], "Max_Compresive_Stress/MPa": -0.67233699999999996}