{"Buckling_Load_Factor": 9.3299420000000008, "Max_Shear_Stress/MPa": 0.00014999999999999999, "Max_Shear_Force/KN": 20.367615000000001, "Utilization": 12.575049999999999, "Max_Tensile_Stress/MPa": 3.34796, "Max_Bending_Stress/MPa": 0.00025099999999999998, "Avg_Displacement/mm": 12.671722000000001, "Max_Displacement/mm": 38.752554000000003, "Max_Principal_Stress/MPa": 0.015486, "Interstorey_Drift_Failure": ["False"], "Avg_Shear_Force/KN": 1.814832, "Avg_Bending_Moment/KNm": 0.80431200000000003, "Max_Bending_Moment/KNm": 4.1785009999999998, "Interstorey_Drift_Ratios": ["0.00433145h"], "Max_Compresive_Stress/MPa": -0.828538}