{"Buckling_Load_Factor": 8.6357110000000006, "Max_Shear_Stress/MPa": 0.0001, "Max_Shear_Force/KN": 1.7868520000000001, "Utilization": 6.0155260000000004, "Max_Tensile_Stress/MPa": 1.2410319999999999, "Max_Bending_Stress/MPa": 6.2813999999999997e-06, "Avg_Displacement/mm": 5.8929340000000003, "Max_Displacement/mm": 9.3985920000000007, "Max_Principal_Stress/MPa": 0.013686, "Interstorey_Drift_Failure": [], "Avg_Shear_Force/KN": 0.137154, "Avg_Bending_Moment/KNm": 0.034372, "Max_Bending_Moment/KNm": 0.23555100000000001, "Interstorey_Drift_Ratios": [], "Max_Compresive_Stress/MPa": -0.44457000000000002}