{"Buckling_Load_Factor": 13.501104, "Max_Shear_Stress/MPa": 0.0001, "Max_Shear_Force/KN": 5.4000899999999996, "Utilization": 13.040336999999999, "Max_Tensile_Stress/MPa": 3.1901570000000001, "Max_Bending_Stress/MPa": 2.5000000000000001e-05, "Avg_Displacement/mm": 8.6140640000000008, "Max_Displacement/mm": 26.728121999999999, "Max_Principal_Stress/MPa": 0.028570000000000002, "Interstorey_Drift_Failure": [], "Avg_Shear_Force/KN": 0.49056499999999997, "Avg_Bending_Moment/KNm": 0.13429199999999999, "Max_Bending_Moment/KNm": 0.92117000000000004, "Interstorey_Drift_Ratios": [], "Max_Compresive_Stress/MPa": -0.93961099999999997}