{"Buckling_Load_Factor": 8.1565580000000004, "Max_Shear_Stress/MPa": 0.00014999999999999999, "Max_Shear_Force/KN": 3.7975449999999999, "Utilization": 6.6371349999999998, "Max_Tensile_Stress/MPa": 1.7506029999999999, "Max_Bending_Stress/MPa": 6.3e-05, "Avg_Displacement/mm": 5.3284380000000002, "Max_Displacement/mm": 15.248284, "Max_Principal_Stress/MPa": 0.013471, "Interstorey_Drift_Failure": ["False"], "Avg_Shear_Force/KN": 0.457148, "Avg_Bending_Moment/KNm": 0.162573, "Max_Bending_Moment/KNm": 1.0511600000000001, "Interstorey_Drift_Ratios": ["0.00149406h"], "Max_Compresive_Stress/MPa": -0.46139000000000002}