{"Buckling_Load_Factor": 17.476687999999999, "Max_Shear_Stress/MPa": 0.00014999999999999999, "Max_Shear_Force/KN": 21.660644000000001, "Utilization": 8.7513769999999997, "Max_Tensile_Stress/MPa": 2.238124, "Max_Bending_Stress/MPa": 0.00018699999999999999, "Avg_Displacement/mm": 6.4648830000000004, "Max_Displacement/mm": 18.981649999999998, "Max_Principal_Stress/MPa": 0.013851, "Interstorey_Drift_Failure": ["False"], "Avg_Shear_Force/KN": 1.3944620000000001, "Avg_Bending_Moment/KNm": 0.51115500000000003, "Max_Bending_Moment/KNm": 3.1220050000000001, "Interstorey_Drift_Ratios": ["0.0020612h"], "Max_Compresive_Stress/MPa": -0.67850900000000003}