{"Buckling_Load_Factor": 9.3352719999999998, "Max_Shear_Stress/MPa": 0.0001, "Max_Shear_Force/KN": 1.1793990000000001, "Utilization": 4.3519709999999998, "Max_Tensile_Stress/MPa": 1.2287870000000001, "Max_Bending_Stress/MPa": 4.8225e-06, "Avg_Displacement/mm": 3.3166829999999998, "Max_Displacement/mm": 10.345409, "Max_Principal_Stress/MPa": 0.015304, "Interstorey_Drift_Failure": [], "Avg_Shear_Force/KN": 0.12869900000000001, "Avg_Bending_Moment/KNm": 0.025176, "Max_Bending_Moment/KNm": 0.180844, "Interstorey_Drift_Ratios": [], "Max_Compresive_Stress/MPa": -0.404088}