{"Buckling_Load_Factor": 8.7347359999999998, "Max_Shear_Stress/MPa": 0.00014999999999999999, "Max_Shear_Force/KN": 3.9583629999999999, "Utilization": 7.4034659999999999, "Max_Tensile_Stress/MPa": 1.922919, "Max_Bending_Stress/MPa": 6.3999999999999997e-05, "Avg_Displacement/mm": 5.9294330000000004, "Max_Displacement/mm": 15.446763000000001, "Max_Principal_Stress/MPa": 0.015403999999999999, "Interstorey_Drift_Failure": ["False"], "Avg_Shear_Force/KN": 0.52725900000000003, "Avg_Bending_Moment/KNm": 0.16877400000000001, "Max_Bending_Moment/KNm": 1.0735570000000001, "Interstorey_Drift_Ratios": ["0.00165237h"], "Max_Compresive_Stress/MPa": -0.522617}