{"Buckling_Load_Factor": 3.4282499999999998, "Max_Shear_Stress/MPa": 0.00014999999999999999, "Max_Shear_Force/KN": 3.327817, "Utilization": 10.669779999999999, "Max_Tensile_Stress/MPa": 2.6465960000000002, "Max_Bending_Stress/MPa": 3.0000000000000001e-05, "Avg_Displacement/mm": 14.510952, "Max_Displacement/mm": 49.779462000000002, "Max_Principal_Stress/MPa": 0.027059, "Interstorey_Drift_Failure": ["False"], "Avg_Shear_Force/KN": 0.38884600000000002, "Avg_Bending_Moment/KNm": 0.080811999999999995, "Max_Bending_Moment/KNm": 0.50193699999999997, "Interstorey_Drift_Ratios": ["0.00528686h"], "Max_Compresive_Stress/MPa": -1.143054}