{"Buckling_Load_Factor": 2.6095459999999999, "Max_Shear_Stress/MPa": 0.00014999999999999999, "Max_Shear_Force/KN": 9.0378769999999999, "Utilization": 14.688884, "Max_Tensile_Stress/MPa": 3.9080780000000002, "Max_Bending_Stress/MPa": 0.000127, "Avg_Displacement/mm": 19.442834000000001, "Max_Displacement/mm": 61.732798000000003, "Max_Principal_Stress/MPa": 0.030511, "Interstorey_Drift_Failure": ["False"], "Avg_Shear_Force/KN": 0.85284099999999996, "Avg_Bending_Moment/KNm": 0.34554699999999999, "Max_Bending_Moment/KNm": 2.1153710000000001, "Interstorey_Drift_Ratios": ["0.00616769h"], "Max_Compresive_Stress/MPa": -1.4721489999999999}