{"Buckling_Load_Factor": 11.823435999999999, "Max_Shear_Stress/MPa": 0.0001, "Max_Shear_Force/KN": 9.7205300000000001, "Utilization": 7.5494519999999996, "Max_Tensile_Stress/MPa": 1.800359, "Max_Bending_Stress/MPa": 6.9999999999999994e-05, "Avg_Displacement/mm": 8.9058869999999999, "Max_Displacement/mm": 29.278479000000001, "Max_Principal_Stress/MPa": 0.014474000000000001, "Interstorey_Drift_Failure": [], "Avg_Shear_Force/KN": 1.234226, "Avg_Bending_Moment/KNm": 0.47008800000000001, "Max_Bending_Moment/KNm": 2.6369120000000001, "Interstorey_Drift_Ratios": [], "Max_Compresive_Stress/MPa": -0.53534899999999996}