{"Buckling_Load_Factor": 8.1470459999999996, "Max_Shear_Stress/MPa": 0.0001, "Max_Shear_Force/KN": 3.41391, "Utilization": 9.8722259999999995, "Max_Tensile_Stress/MPa": 2.4036430000000002, "Max_Bending_Stress/MPa": 2.8e-05, "Avg_Displacement/mm": 10.797855999999999, "Max_Displacement/mm": 40.955477000000002, "Max_Principal_Stress/MPa": 0.026027000000000002, "Interstorey_Drift_Failure": [], "Avg_Shear_Force/KN": 0.66313800000000001, "Avg_Bending_Moment/KNm": 0.23159199999999999, "Max_Bending_Moment/KNm": 1.0562069999999999, "Interstorey_Drift_Ratios": [], "Max_Compresive_Stress/MPa": -1.1377120000000001}