{"Buckling_Load_Factor": 10.798216999999999, "Max_Shear_Stress/MPa": 0.00014999999999999999, "Max_Shear_Force/KN": 10.869806000000001, "Utilization": 9.9759810000000009, "Max_Tensile_Stress/MPa": 2.542745, "Max_Bending_Stress/MPa": 0.000252, "Avg_Displacement/mm": 13.375406, "Max_Displacement/mm": 45.603428999999998, "Max_Principal_Stress/MPa": 0.024386000000000001, "Interstorey_Drift_Failure": ["False"], "Avg_Shear_Force/KN": 1.611383, "Avg_Bending_Moment/KNm": 0.80197300000000005, "Max_Bending_Moment/KNm": 4.1921280000000003, "Interstorey_Drift_Ratios": ["0.00493356h"], "Max_Compresive_Stress/MPa": -0.83283499999999999}