{"Buckling_Load_Factor": 18.405013, "Max_Shear_Stress/MPa": 0.00014999999999999999, "Max_Shear_Force/KN": 3.0858110000000001, "Utilization": 3.8591299999999999, "Max_Tensile_Stress/MPa": 1.081366, "Max_Bending_Stress/MPa": 2.8e-05, "Avg_Displacement/mm": 3.4965280000000001, "Max_Displacement/mm": 9.0451510000000006, "Max_Principal_Stress/MPa": 0.012801999999999999, "Interstorey_Drift_Failure": ["False"], "Avg_Shear_Force/KN": 0.30037900000000001, "Avg_Bending_Moment/KNm": 0.082385, "Max_Bending_Moment/KNm": 0.46189200000000002, "Interstorey_Drift_Ratios": ["0.00080031h"], "Max_Compresive_Stress/MPa": -0.35486400000000001}