{"Buckling_Load_Factor": 23.100093999999999, "Max_Shear_Stress/MPa": 0.00014999999999999999, "Max_Shear_Force/KN": 15.605724, "Utilization": 10.247807, "Max_Tensile_Stress/MPa": 2.2998829999999999, "Max_Bending_Stress/MPa": 0.00021000000000000001, "Avg_Displacement/mm": 7.958888, "Max_Displacement/mm": 24.858934000000001, "Max_Principal_Stress/MPa": 0.018818000000000001, "Interstorey_Drift_Failure": ["False"], "Avg_Shear_Force/KN": 1.507898, "Avg_Bending_Moment/KNm": 0.48978699999999997, "Max_Bending_Moment/KNm": 3.503555, "Interstorey_Drift_Ratios": ["0.00256996h"], "Max_Compresive_Stress/MPa": -0.671122}