{"Buckling_Load_Factor": 21.489601, "Max_Shear_Stress/MPa": 0.00014999999999999999, "Max_Shear_Force/KN": 10.762778000000001, "Utilization": 7.8623409999999998, "Max_Tensile_Stress/MPa": 2.0620799999999999, "Max_Bending_Stress/MPa": 0.000193, "Avg_Displacement/mm": 6.7587120000000001, "Max_Displacement/mm": 17.152308999999999, "Max_Principal_Stress/MPa": 0.01388, "Interstorey_Drift_Failure": ["False"], "Avg_Shear_Force/KN": 1.239522, "Avg_Bending_Moment/KNm": 0.49470799999999998, "Max_Bending_Moment/KNm": 3.2089639999999999, "Interstorey_Drift_Ratios": ["0.00195006h"], "Max_Compresive_Stress/MPa": -0.60300500000000001}