{"Buckling_Load_Factor": 3.5552760000000001, "Max_Shear_Stress/MPa": 0.0001, "Max_Shear_Force/KN": 1.6804840000000001, "Utilization": 7.5213289999999997, "Max_Tensile_Stress/MPa": 2.4499909999999998, "Max_Bending_Stress/MPa": 5.8416000000000001e-06, "Avg_Displacement/mm": 9.8407490000000006, "Max_Displacement/mm": 30.883844, "Max_Principal_Stress/MPa": 0.026259999999999999, "Interstorey_Drift_Failure": [], "Avg_Shear_Force/KN": 0.19733999999999999, "Avg_Bending_Moment/KNm": 0.040905999999999998, "Max_Bending_Moment/KNm": 0.219059, "Interstorey_Drift_Ratios": [], "Max_Compresive_Stress/MPa": -1.243792}