{"Buckling_Load_Factor": 3.8473090000000001, "Max_Shear_Stress/MPa": 0.0001, "Max_Shear_Force/KN": 2.293145, "Utilization": 9.0872390000000003, "Max_Tensile_Stress/MPa": 2.389751, "Max_Bending_Stress/MPa": 9.0088999999999994e-06, "Avg_Displacement/mm": 8.0326819999999994, "Max_Displacement/mm": 30.415852999999998, "Max_Principal_Stress/MPa": 0.016472000000000001, "Interstorey_Drift_Failure": [], "Avg_Shear_Force/KN": 0.20260600000000001, "Avg_Bending_Moment/KNm": 0.038705000000000003, "Max_Bending_Moment/KNm": 0.33783200000000002, "Interstorey_Drift_Ratios": [], "Max_Compresive_Stress/MPa": -0.73445300000000002}