{"Buckling_Load_Factor": 24.851075999999999, "Max_Shear_Stress/MPa": 0.00014999999999999999, "Max_Shear_Force/KN": 5.85989, "Utilization": 4.276376, "Max_Tensile_Stress/MPa": 1.1210450000000001, "Max_Bending_Stress/MPa": 9.7e-05, "Avg_Displacement/mm": 3.8653119999999999, "Max_Displacement/mm": 9.5300729999999998, "Max_Principal_Stress/MPa": 0.012751999999999999, "Interstorey_Drift_Failure": ["False"], "Avg_Shear_Force/KN": 0.69662500000000005, "Avg_Bending_Moment/KNm": 0.29678199999999999, "Max_Bending_Moment/KNm": 1.6169910000000001, "Interstorey_Drift_Ratios": ["0.00096278h"], "Max_Compresive_Stress/MPa": -0.37992799999999999}