{"Buckling_Load_Factor": 3.1982080000000002, "Max_Shear_Stress/MPa": 0.0001, "Max_Shear_Force/KN": 5.7776490000000003, "Utilization": 13.808287, "Max_Tensile_Stress/MPa": 3.17998, "Max_Bending_Stress/MPa": 6.0000000000000002e-05, "Avg_Displacement/mm": 19.233729, "Max_Displacement/mm": 80.880589000000001, "Max_Principal_Stress/MPa": 0.027045, "Interstorey_Drift_Failure": [], "Avg_Shear_Force/KN": 0.75880400000000003, "Avg_Bending_Moment/KNm": 0.25030000000000002, "Max_Bending_Moment/KNm": 2.2502759999999999, "Interstorey_Drift_Ratios": [], "Max_Compresive_Stress/MPa": -1.1447050000000001}