{"Buckling_Load_Factor": 20.187615000000001, "Max_Shear_Stress/MPa": 0.00014999999999999999, "Max_Shear_Force/KN": 5.5686660000000003, "Utilization": 4.5623709999999997, "Max_Tensile_Stress/MPa": 1.204853, "Max_Bending_Stress/MPa": 0.000105, "Avg_Displacement/mm": 4.2070689999999997, "Max_Displacement/mm": 12.195736, "Max_Principal_Stress/MPa": 0.012101000000000001, "Interstorey_Drift_Failure": ["False"], "Avg_Shear_Force/KN": 0.88443000000000005, "Avg_Bending_Moment/KNm": 0.32363199999999998, "Max_Bending_Moment/KNm": 1.7570870000000001, "Interstorey_Drift_Ratios": ["0.00132339h"], "Max_Compresive_Stress/MPa": -0.32386300000000001}