{"Buckling_Load_Factor": 15.021617000000001, "Max_Shear_Stress/MPa": 0.0001, "Max_Shear_Force/KN": 7.8439490000000003, "Utilization": 8.8161719999999999, "Max_Tensile_Stress/MPa": 2.3671790000000001, "Max_Bending_Stress/MPa": 8.0000000000000007e-05, "Avg_Displacement/mm": 9.9534509999999994, "Max_Displacement/mm": 31.426356999999999, "Max_Principal_Stress/MPa": 0.019762999999999999, "Interstorey_Drift_Failure": [], "Avg_Shear_Force/KN": 1.4622550000000001, "Avg_Bending_Moment/KNm": 0.57153600000000004, "Max_Bending_Moment/KNm": 2.997541, "Interstorey_Drift_Ratios": [], "Max_Compresive_Stress/MPa": -0.69735100000000005}