{"Buckling_Load_Factor": 26.533462, "Max_Shear_Stress/MPa": 0.0001, "Max_Shear_Force/KN": 6.2186209999999997, "Utilization": 8.5225069999999992, "Max_Tensile_Stress/MPa": 2.2365550000000001, "Max_Bending_Stress/MPa": 7.7999999999999999e-05, "Avg_Displacement/mm": 5.810683, "Max_Displacement/mm": 19.457637999999999, "Max_Principal_Stress/MPa": 0.019123000000000001, "Interstorey_Drift_Failure": [], "Avg_Shear_Force/KN": 0.82014299999999996, "Avg_Bending_Moment/KNm": 0.37433499999999997, "Max_Bending_Moment/KNm": 2.9231379999999998, "Interstorey_Drift_Ratios": [], "Max_Compresive_Stress/MPa": -0.65825800000000001}