{"Buckling_Load_Factor": 10.074456, "Max_Shear_Stress/MPa": 0.0001, "Max_Shear_Force/KN": 4.5945850000000004, "Utilization": 12.956557, "Max_Tensile_Stress/MPa": 3.3954439999999999, "Max_Bending_Stress/MPa": 3.6999999999999998e-05, "Avg_Displacement/mm": 13.640786, "Max_Displacement/mm": 43.181387000000001, "Max_Principal_Stress/MPa": 0.02546, "Interstorey_Drift_Failure": [], "Avg_Shear_Force/KN": 0.69618599999999997, "Avg_Bending_Moment/KNm": 0.224527, "Max_Bending_Moment/KNm": 1.383095, "Interstorey_Drift_Ratios": [], "Max_Compresive_Stress/MPa": -1.2355149999999999}