{"Buckling_Load_Factor": 9.3234680000000001, "Max_Shear_Stress/MPa": 0.0001, "Max_Shear_Force/KN": 4.5800939999999999, "Utilization": 6.8790610000000001, "Max_Tensile_Stress/MPa": 1.763304, "Max_Bending_Stress/MPa": 2.3e-05, "Avg_Displacement/mm": 7.3427559999999996, "Max_Displacement/mm": 25.288179, "Max_Principal_Stress/MPa": 0.017757999999999999, "Interstorey_Drift_Failure": [], "Avg_Shear_Force/KN": 0.45599000000000001, "Avg_Bending_Moment/KNm": 0.12623799999999999, "Max_Bending_Moment/KNm": 0.855962, "Interstorey_Drift_Ratios": [], "Max_Compresive_Stress/MPa": -0.71230300000000002}