{"Buckling_Load_Factor": 12.812538999999999, "Max_Shear_Stress/MPa": 0.0001, "Max_Shear_Force/KN": 5.2650309999999996, "Utilization": 6.3541460000000001, "Max_Tensile_Stress/MPa": 1.6902010000000001, "Max_Bending_Stress/MPa": 4.8999999999999998e-05, "Avg_Displacement/mm": 6.7478550000000004, "Max_Displacement/mm": 22.395820000000001, "Max_Principal_Stress/MPa": 0.016871000000000001, "Interstorey_Drift_Failure": [], "Avg_Shear_Force/KN": 1.2222919999999999, "Avg_Bending_Moment/KNm": 0.47725200000000001, "Max_Bending_Moment/KNm": 1.853423, "Interstorey_Drift_Ratios": [], "Max_Compresive_Stress/MPa": -0.41674099999999997}