{"Buckling_Load_Factor": 3.799191, "Max_Shear_Stress/MPa": 0.00014999999999999999, "Max_Shear_Force/KN": 6.4465389999999996, "Utilization": 10.317396, "Max_Tensile_Stress/MPa": 2.8020830000000001, "Max_Bending_Stress/MPa": 9.8999999999999994e-05, "Avg_Displacement/mm": 17.351424000000002, "Max_Displacement/mm": 54.212282000000002, "Max_Principal_Stress/MPa": 0.027661000000000002, "Interstorey_Drift_Failure": ["False"], "Avg_Shear_Force/KN": 0.87082199999999998, "Avg_Bending_Moment/KNm": 0.320239, "Max_Bending_Moment/KNm": 1.6472309999999999, "Interstorey_Drift_Ratios": ["0.0066137h"], "Max_Compresive_Stress/MPa": -0.85690200000000005}