{"Buckling_Load_Factor": 11.705696, "Max_Shear_Stress/MPa": 0.0001, "Max_Shear_Force/KN": 7.0918299999999999, "Utilization": 7.4878970000000002, "Max_Tensile_Stress/MPa": 2.0104039999999999, "Max_Bending_Stress/MPa": 7.3999999999999996e-05, "Avg_Displacement/mm": 8.4643870000000003, "Max_Displacement/mm": 25.03227, "Max_Principal_Stress/MPa": 0.016719999999999999, "Interstorey_Drift_Failure": [], "Avg_Shear_Force/KN": 1.1828179999999999, "Avg_Bending_Moment/KNm": 0.45290000000000002, "Max_Bending_Moment/KNm": 2.7574350000000001, "Interstorey_Drift_Ratios": [], "Max_Compresive_Stress/MPa": -0.46311600000000003}