{"Buckling_Load_Factor": 16.408434, "Max_Shear_Stress/MPa": 0.0001, "Max_Shear_Force/KN": 10.662545, "Utilization": 6.965471, "Max_Tensile_Stress/MPa": 1.8514139999999999, "Max_Bending_Stress/MPa": 7.7000000000000001e-05, "Avg_Displacement/mm": 7.0354000000000001, "Max_Displacement/mm": 19.400297999999999, "Max_Principal_Stress/MPa": 0.013042, "Interstorey_Drift_Failure": [], "Avg_Shear_Force/KN": 1.3701920000000001, "Avg_Bending_Moment/KNm": 0.451324, "Max_Bending_Moment/KNm": 2.8817059999999999, "Interstorey_Drift_Ratios": [], "Max_Compresive_Stress/MPa": -0.49784699999999998}