{"Buckling_Load_Factor": 3.6285630000000002, "Max_Shear_Stress/MPa": 0.0001, "Max_Shear_Force/KN": 1.2361610000000001, "Utilization": 5.789485, "Max_Tensile_Stress/MPa": 2.3561519999999998, "Max_Bending_Stress/MPa": 3.7736000000000002e-06, "Avg_Displacement/mm": 8.72044, "Max_Displacement/mm": 31.7361, "Max_Principal_Stress/MPa": 0.025287, "Interstorey_Drift_Failure": [], "Avg_Shear_Force/KN": 0.16767899999999999, "Avg_Bending_Moment/KNm": 0.034303, "Max_Bending_Moment/KNm": 0.14151, "Interstorey_Drift_Ratios": [], "Max_Compresive_Stress/MPa": -0.96991000000000005}