{"Buckling_Load_Factor": 21.341165, "Max_Shear_Stress/MPa": 0.00014999999999999999, "Max_Shear_Force/KN": 10.347115000000001, "Utilization": 7.3430109999999997, "Max_Tensile_Stress/MPa": 1.952474, "Max_Bending_Stress/MPa": 0.000173, "Avg_Displacement/mm": 6.1755329999999997, "Max_Displacement/mm": 24.611878000000001, "Max_Principal_Stress/MPa": 0.022783000000000001, "Interstorey_Drift_Failure": ["False"], "Avg_Shear_Force/KN": 1.0237529999999999, "Avg_Bending_Moment/KNm": 0.38030000000000003, "Max_Bending_Moment/KNm": 2.8842319999999999, "Interstorey_Drift_Ratios": ["0.00252656h"], "Max_Compresive_Stress/MPa": -0.65931799999999996}