{"Buckling_Load_Factor": 7.8579559999999997, "Max_Shear_Stress/MPa": 0.00014999999999999999, "Max_Shear_Force/KN": 6.1397959999999996, "Utilization": 7.8278230000000004, "Max_Tensile_Stress/MPa": 2.0870129999999998, "Max_Bending_Stress/MPa": 6.3999999999999997e-05, "Avg_Displacement/mm": 7.7620389999999997, "Max_Displacement/mm": 28.884513999999999, "Max_Principal_Stress/MPa": 0.015374000000000001, "Interstorey_Drift_Failure": ["False"], "Avg_Shear_Force/KN": 0.62744599999999995, "Avg_Bending_Moment/KNm": 0.203152, "Max_Bending_Moment/KNm": 1.0625290000000001, "Interstorey_Drift_Ratios": ["0.00268483h"], "Max_Compresive_Stress/MPa": -0.63535600000000003}