{"Buckling_Load_Factor": 19.653943000000002, "Max_Shear_Stress/MPa": 0.00014999999999999999, "Max_Shear_Force/KN": 14.083992, "Utilization": 10.643996, "Max_Tensile_Stress/MPa": 2.860716, "Max_Bending_Stress/MPa": 0.00027700000000000001, "Avg_Displacement/mm": 8.1551919999999996, "Max_Displacement/mm": 24.041867, "Max_Principal_Stress/MPa": 0.022374000000000002, "Interstorey_Drift_Failure": ["False"], "Avg_Shear_Force/KN": 1.3521289999999999, "Avg_Bending_Moment/KNm": 0.62640200000000001, "Max_Bending_Moment/KNm": 4.617839, "Interstorey_Drift_Ratios": ["0.002664h"], "Max_Compresive_Stress/MPa": -0.73405500000000001}