{"Buckling_Load_Factor": 14.562996, "Max_Shear_Stress/MPa": 0.00014999999999999999, "Max_Shear_Force/KN": 10.693770000000001, "Utilization": 5.7892760000000001, "Max_Tensile_Stress/MPa": 1.516913, "Max_Bending_Stress/MPa": 0.000144, "Avg_Displacement/mm": 7.0051399999999999, "Max_Displacement/mm": 21.737598999999999, "Max_Principal_Stress/MPa": 0.016261999999999999, "Interstorey_Drift_Failure": ["False"], "Avg_Shear_Force/KN": 1.1610689999999999, "Avg_Bending_Moment/KNm": 0.49753000000000003, "Max_Bending_Moment/KNm": 2.398968, "Interstorey_Drift_Ratios": ["0.00263071h"], "Max_Compresive_Stress/MPa": -0.43928299999999998}