{"Buckling_Load_Factor": 16.49708, "Max_Shear_Stress/MPa": 0.0001, "Max_Shear_Force/KN": 6.3598410000000003, "Utilization": 5.1782769999999996, "Max_Tensile_Stress/MPa": 1.3923680000000001, "Max_Bending_Stress/MPa": 5.3000000000000001e-05, "Avg_Displacement/mm": 6.0450920000000004, "Max_Displacement/mm": 14.022567, "Max_Principal_Stress/MPa": 0.012677000000000001, "Interstorey_Drift_Failure": [], "Avg_Shear_Force/KN": 0.94086400000000003, "Avg_Bending_Moment/KNm": 0.376361, "Max_Bending_Moment/KNm": 1.9892890000000001, "Interstorey_Drift_Ratios": [], "Max_Compresive_Stress/MPa": -0.28536400000000001}