{"Buckling_Load_Factor": 2.3198560000000001, "Max_Shear_Stress/MPa": 0.00014999999999999999, "Max_Shear_Force/KN": 2.6964060000000001, "Utilization": 9.8675859999999993, "Max_Tensile_Stress/MPa": 3.0406059999999999, "Max_Bending_Stress/MPa": 2.9e-05, "Avg_Displacement/mm": 19.773895, "Max_Displacement/mm": 67.743799999999993, "Max_Principal_Stress/MPa": 0.031892999999999998, "Interstorey_Drift_Failure": ["False"], "Avg_Shear_Force/KN": 0.38120500000000002, "Avg_Bending_Moment/KNm": 0.089455999999999994, "Max_Bending_Moment/KNm": 0.48114099999999999, "Interstorey_Drift_Ratios": ["0.00768382h"], "Max_Compresive_Stress/MPa": -1.1368259999999999}