{"Buckling_Load_Factor": 8.2248289999999997, "Max_Shear_Stress/MPa": 0.0001, "Max_Shear_Force/KN": 3.480623, "Utilization": 5.9987870000000001, "Max_Tensile_Stress/MPa": 1.569509, "Max_Bending_Stress/MPa": 1.9000000000000001e-05, "Avg_Displacement/mm": 3.6042489999999998, "Max_Displacement/mm": 10.547649, "Max_Principal_Stress/MPa": 0.013025, "Interstorey_Drift_Failure": [], "Avg_Shear_Force/KN": 0.32216699999999998, "Avg_Bending_Moment/KNm": 0.088339000000000001, "Max_Bending_Moment/KNm": 0.72474799999999995, "Interstorey_Drift_Ratios": [], "Max_Compresive_Stress/MPa": -0.38370399999999999}