{"Buckling_Load_Factor": 4.7953469999999996, "Max_Shear_Stress/MPa": 0.00014999999999999999, "Max_Shear_Force/KN": 2.7263709999999999, "Utilization": 10.693502000000001, "Max_Tensile_Stress/MPa": 2.7672029999999999, "Max_Bending_Stress/MPa": 3.3000000000000003e-05, "Avg_Displacement/mm": 12.701991, "Max_Displacement/mm": 36.252552999999999, "Max_Principal_Stress/MPa": 0.028906999999999999, "Interstorey_Drift_Failure": ["False"], "Avg_Shear_Force/KN": 0.197606, "Avg_Bending_Moment/KNm": 0.058118000000000003, "Max_Bending_Moment/KNm": 0.549736, "Interstorey_Drift_Ratios": ["0.00391909h"], "Max_Compresive_Stress/MPa": -0.79771499999999995}