{"Buckling_Load_Factor": 10.146596000000001, "Max_Shear_Stress/MPa": 0.00014999999999999999, "Max_Shear_Force/KN": 34.444552000000002, "Utilization": 11.955030000000001, "Max_Tensile_Stress/MPa": 3.1335310000000001, "Max_Bending_Stress/MPa": 0.00027500000000000002, "Avg_Displacement/mm": 14.864995, "Max_Displacement/mm": 42.933717000000001, "Max_Principal_Stress/MPa": 0.0195, "Interstorey_Drift_Failure": ["False"], "Avg_Shear_Force/KN": 2.3904909999999999, "Avg_Bending_Moment/KNm": 0.91592200000000001, "Max_Bending_Moment/KNm": 4.5833890000000004, "Interstorey_Drift_Ratios": ["0.00496471h"], "Max_Compresive_Stress/MPa": -1.212898}