{"Buckling_Load_Factor": 19.077231999999999, "Max_Shear_Stress/MPa": 0.0001, "Max_Shear_Force/KN": 6.0419739999999997, "Utilization": 4.0402610000000001, "Max_Tensile_Stress/MPa": 1.2727409999999999, "Max_Bending_Stress/MPa": 3.8999999999999999e-05, "Avg_Displacement/mm": 4.4145380000000003, "Max_Displacement/mm": 12.135441999999999, "Max_Principal_Stress/MPa": 0.014678999999999999, "Interstorey_Drift_Failure": [], "Avg_Shear_Force/KN": 0.91914399999999996, "Avg_Bending_Moment/KNm": 0.29134599999999999, "Max_Bending_Moment/KNm": 1.4577739999999999, "Interstorey_Drift_Ratios": [], "Max_Compresive_Stress/MPa": -0.37459199999999998}