{"Buckling_Load_Factor": 13.095195, "Max_Shear_Stress/MPa": 0.00014999999999999999, "Max_Shear_Force/KN": 6.0098830000000003, "Utilization": 7.1897479999999998, "Max_Tensile_Stress/MPa": 1.967014, "Max_Bending_Stress/MPa": 0.000163, "Avg_Displacement/mm": 6.1231499999999999, "Max_Displacement/mm": 22.788803999999999, "Max_Principal_Stress/MPa": 0.015162999999999999, "Interstorey_Drift_Failure": ["False"], "Avg_Shear_Force/KN": 0.92889699999999997, "Avg_Bending_Moment/KNm": 0.438224, "Max_Bending_Moment/KNm": 2.724945, "Interstorey_Drift_Ratios": ["0.00252695h"], "Max_Compresive_Stress/MPa": -0.43113899999999999}