{"Buckling_Load_Factor": 3.9062990000000002, "Max_Shear_Stress/MPa": 0.00014999999999999999, "Max_Shear_Force/KN": 4.4183079999999997, "Utilization": 8.3005759999999995, "Max_Tensile_Stress/MPa": 2.1971989999999999, "Max_Bending_Stress/MPa": 7.4999999999999993e-05, "Avg_Displacement/mm": 12.939881, "Max_Displacement/mm": 37.082481000000001, "Max_Principal_Stress/MPa": 0.019876000000000001, "Interstorey_Drift_Failure": ["False"], "Avg_Shear_Force/KN": 0.74583699999999997, "Avg_Bending_Moment/KNm": 0.28340599999999999, "Max_Bending_Moment/KNm": 1.2435350000000001, "Interstorey_Drift_Ratios": ["0.00429682h"], "Max_Compresive_Stress/MPa": -0.77443899999999999}