{"Buckling_Load_Factor": 0.432037, "Max_Shear_Stress/MPa": 0.0001, "Max_Shear_Force/KN": 2.2146349999999999, "Utilization": 13.602762999999999, "Max_Tensile_Stress/MPa": 3.5856680000000001, "Max_Bending_Stress/MPa": 1.8e-05, "Avg_Displacement/mm": 23.201429999999998, "Max_Displacement/mm": 70.842106999999999, "Max_Principal_Stress/MPa": 0.027806000000000001, "Interstorey_Drift_Failure": [], "Avg_Shear_Force/KN": 0.45461200000000002, "Avg_Bending_Moment/KNm": 0.121534, "Max_Bending_Moment/KNm": 0.67740299999999998, "Interstorey_Drift_Ratios": [], "Max_Compresive_Stress/MPa": -1.7100519999999999}