{"Buckling_Load_Factor": 21.534994999999999, "Max_Shear_Stress/MPa": 0.0001, "Max_Shear_Force/KN": 6.7061149999999996, "Utilization": 6.9110649999999998, "Max_Tensile_Stress/MPa": 1.877364, "Max_Bending_Stress/MPa": 5.5999999999999999e-05, "Avg_Displacement/mm": 6.9735060000000004, "Max_Displacement/mm": 17.352554999999999, "Max_Principal_Stress/MPa": 0.016990000000000002, "Interstorey_Drift_Failure": [], "Avg_Shear_Force/KN": 1.250316, "Avg_Bending_Moment/KNm": 0.446934, "Max_Bending_Moment/KNm": 2.1022750000000001, "Interstorey_Drift_Ratios": [], "Max_Compresive_Stress/MPa": -0.544184}