{"Buckling_Load_Factor": 27.477319999999999, "Max_Shear_Stress/MPa": 0.0001, "Max_Shear_Force/KN": 6.3639429999999999, "Utilization": 4.7271109999999998, "Max_Tensile_Stress/MPa": 1.2651570000000001, "Max_Bending_Stress/MPa": 5.1e-05, "Avg_Displacement/mm": 4.2512460000000001, "Max_Displacement/mm": 9.6902620000000006, "Max_Principal_Stress/MPa": 0.012540000000000001, "Interstorey_Drift_Failure": [], "Avg_Shear_Force/KN": 1.0341640000000001, "Avg_Bending_Moment/KNm": 0.32316800000000001, "Max_Bending_Moment/KNm": 1.9067559999999999, "Interstorey_Drift_Ratios": [], "Max_Compresive_Stress/MPa": -0.37526799999999999}