{"Buckling_Load_Factor": 3.1377649999999999, "Max_Shear_Stress/MPa": 0.0001, "Max_Shear_Force/KN": 1.7821370000000001, "Utilization": 8.0593090000000007, "Max_Tensile_Stress/MPa": 2.910183, "Max_Bending_Stress/MPa": 8.4817000000000005e-06, "Avg_Displacement/mm": 12.728313, "Max_Displacement/mm": 39.217590999999999, "Max_Principal_Stress/MPa": 0.031074999999999998, "Interstorey_Drift_Failure": [], "Avg_Shear_Force/KN": 0.24284, "Avg_Bending_Moment/KNm": 0.061978999999999999, "Max_Bending_Moment/KNm": 0.31806400000000001, "Interstorey_Drift_Ratios": [], "Max_Compresive_Stress/MPa": -1.0108889999999999}