{"Buckling_Load_Factor": 4.3930009999999999, "Max_Shear_Stress/MPa": 0.00014999999999999999, "Max_Shear_Force/KN": 9.8805490000000002, "Utilization": 11.590344, "Max_Tensile_Stress/MPa": 3.1395580000000001, "Max_Bending_Stress/MPa": 7.1000000000000005e-05, "Avg_Displacement/mm": 11.046245000000001, "Max_Displacement/mm": 34.989075, "Max_Principal_Stress/MPa": 0.018225999999999999, "Interstorey_Drift_Failure": ["False"], "Avg_Shear_Force/KN": 0.65992899999999999, "Avg_Bending_Moment/KNm": 0.21041499999999999, "Max_Bending_Moment/KNm": 1.1810039999999999, "Interstorey_Drift_Ratios": ["0.00418137h"], "Max_Compresive_Stress/MPa": -0.71491099999999996}