{"Buckling_Load_Factor": 0.091669, "Max_Shear_Stress/MPa": 0.00014999999999999999, "Max_Shear_Force/KN": 28.975601000000001, "Utilization": 20.89217, "Max_Tensile_Stress/MPa": 5.4212850000000001, "Max_Bending_Stress/MPa": 0.000194, "Avg_Displacement/mm": 32.568992000000001, "Max_Displacement/mm": 96.287396999999999, "Max_Principal_Stress/MPa": 0.034611000000000003, "Interstorey_Drift_Failure": ["True"], "Avg_Shear_Force/KN": 1.5272870000000001, "Avg_Bending_Moment/KNm": 0.65459999999999996, "Max_Bending_Moment/KNm": 3.2366350000000002, "Interstorey_Drift_Ratios": ["0.01320002h"], "Max_Compresive_Stress/MPa": -1.6755599999999999}