{"Buckling_Load_Factor": 3.4958, "Max_Shear_Stress/MPa": 0.0001, "Max_Shear_Force/KN": 1.988837, "Utilization": 7.048692, "Max_Tensile_Stress/MPa": 1.679109, "Max_Bending_Stress/MPa": 7.5634000000000003e-06, "Avg_Displacement/mm": 7.3226630000000004, "Max_Displacement/mm": 18.573957, "Max_Principal_Stress/MPa": 0.015642, "Interstorey_Drift_Failure": ["False"], "Avg_Shear_Force/KN": 0.21245700000000001, "Avg_Bending_Moment/KNm": 0.051011000000000001, "Max_Bending_Moment/KNm": 0.28362900000000002, "Interstorey_Drift_Ratios": ["0.00211431h"], "Max_Compresive_Stress/MPa": -0.49128899999999998}