{"Buckling_Load_Factor": 38.097313, "Max_Shear_Stress/MPa": 0.0001, "Max_Shear_Force/KN": 5.477487, "Utilization": 8.3361619999999998, "Max_Tensile_Stress/MPa": 2.1755819999999999, "Max_Bending_Stress/MPa": 5.7000000000000003e-05, "Avg_Displacement/mm": 5.6206699999999996, "Max_Displacement/mm": 14.667657, "Max_Principal_Stress/MPa": 0.016684000000000001, "Interstorey_Drift_Failure": [], "Avg_Shear_Force/KN": 0.76188100000000003, "Avg_Bending_Moment/KNm": 0.36379, "Max_Bending_Moment/KNm": 2.1299519999999998, "Interstorey_Drift_Ratios": [], "Max_Compresive_Stress/MPa": -0.62525699999999995}