{"Buckling_Load_Factor": 2.23211, "Max_Shear_Stress/MPa": 0.0001, "Max_Shear_Force/KN": 2.453201, "Utilization": 11.941303, "Max_Tensile_Stress/MPa": 2.8051740000000001, "Max_Bending_Stress/MPa": 9.1129000000000005e-06, "Avg_Displacement/mm": 12.163632, "Max_Displacement/mm": 43.232340999999998, "Max_Principal_Stress/MPa": 0.026164, "Interstorey_Drift_Failure": [], "Avg_Shear_Force/KN": 0.243564, "Avg_Bending_Moment/KNm": 0.04428, "Max_Bending_Moment/KNm": 0.34173199999999998, "Interstorey_Drift_Ratios": [], "Max_Compresive_Stress/MPa": -1.0974600000000001}