{"Buckling_Load_Factor": 6.5787659999999999, "Max_Shear_Stress/MPa": 0.0001, "Max_Shear_Force/KN": 4.8885019999999999, "Utilization": 8.2374259999999992, "Max_Tensile_Stress/MPa": 2.2036669999999998, "Max_Bending_Stress/MPa": 3.0000000000000001e-05, "Avg_Displacement/mm": 7.2835939999999999, "Max_Displacement/mm": 20.559132000000002, "Max_Principal_Stress/MPa": 0.012022, "Interstorey_Drift_Failure": [], "Avg_Shear_Force/KN": 0.47049000000000002, "Avg_Bending_Moment/KNm": 0.14297599999999999, "Max_Bending_Moment/KNm": 1.125081, "Interstorey_Drift_Ratios": [], "Max_Compresive_Stress/MPa": -0.54142299999999999}