{"Buckling_Load_Factor": 0.31806299999999998, "Max_Shear_Stress/MPa": 0.00014999999999999999, "Max_Shear_Force/KN": 3.5878290000000002, "Utilization": 12.792598, "Max_Tensile_Stress/MPa": 3.218051, "Max_Bending_Stress/MPa": 4.0000000000000003e-05, "Avg_Displacement/mm": 28.892931000000001, "Max_Displacement/mm": 101.173247, "Max_Principal_Stress/MPa": 0.032333000000000001, "Interstorey_Drift_Failure": ["True"], "Avg_Shear_Force/KN": 0.442137, "Avg_Bending_Moment/KNm": 0.117604, "Max_Bending_Moment/KNm": 0.669547, "Interstorey_Drift_Ratios": ["0.01209451h"], "Max_Compresive_Stress/MPa": -1.2676499999999999}