{"Buckling_Load_Factor": 6.7255200000000004, "Max_Shear_Stress/MPa": 0.00014999999999999999, "Max_Shear_Force/KN": 29.283650999999999, "Utilization": 11.026032000000001, "Max_Tensile_Stress/MPa": 2.9143469999999998, "Max_Bending_Stress/MPa": 0.00027300000000000002, "Avg_Displacement/mm": 13.301831, "Max_Displacement/mm": 46.956983000000001, "Max_Principal_Stress/MPa": 0.019074000000000001, "Interstorey_Drift_Failure": ["False"], "Avg_Shear_Force/KN": 1.92336, "Avg_Bending_Moment/KNm": 0.877938, "Max_Bending_Moment/KNm": 4.5553379999999999, "Interstorey_Drift_Ratios": ["0.00623748h"], "Max_Compresive_Stress/MPa": -1.0666119999999999}