{"Buckling_Load_Factor": 2.5688520000000001, "Max_Shear_Stress/MPa": 0.0001, "Max_Shear_Force/KN": 1.3537859999999999, "Utilization": 6.4030040000000001, "Max_Tensile_Stress/MPa": 1.905589, "Max_Bending_Stress/MPa": 5.9580999999999998e-06, "Avg_Displacement/mm": 9.4541269999999997, "Max_Displacement/mm": 40.858995999999998, "Max_Principal_Stress/MPa": 0.021090000000000001, "Interstorey_Drift_Failure": [], "Avg_Shear_Force/KN": 0.16791200000000001, "Avg_Bending_Moment/KNm": 0.037830000000000003, "Max_Bending_Moment/KNm": 0.22342699999999999, "Interstorey_Drift_Ratios": [], "Max_Compresive_Stress/MPa": -0.85872000000000004}