{"Buckling_Load_Factor": 1.7548090000000001, "Max_Shear_Stress/MPa": 0.00014999999999999999, "Max_Shear_Force/KN": 4.1723819999999998, "Utilization": 12.565251, "Max_Tensile_Stress/MPa": 3.3097650000000001, "Max_Bending_Stress/MPa": 3.1000000000000001e-05, "Avg_Displacement/mm": 24.122875000000001, "Max_Displacement/mm": 53.847956000000003, "Max_Principal_Stress/MPa": 0.029087999999999999, "Interstorey_Drift_Failure": ["False"], "Avg_Shear_Force/KN": 0.48701899999999998, "Avg_Bending_Moment/KNm": 0.108532, "Max_Bending_Moment/KNm": 0.52429999999999999, "Interstorey_Drift_Ratios": ["0.00590613h"], "Max_Compresive_Stress/MPa": -1.240472}