{"Buckling_Load_Factor": 3.340592, "Max_Shear_Stress/MPa": 0.0001, "Max_Shear_Force/KN": 2.32281, "Utilization": 9.4363720000000004, "Max_Tensile_Stress/MPa": 2.3802400000000001, "Max_Bending_Stress/MPa": 1.2999999999999999e-05, "Avg_Displacement/mm": 12.394886, "Max_Displacement/mm": 33.189056999999998, "Max_Principal_Stress/MPa": 0.018600999999999999, "Interstorey_Drift_Failure": [], "Avg_Shear_Force/KN": 0.24044099999999999, "Avg_Bending_Moment/KNm": 0.071044999999999997, "Max_Bending_Moment/KNm": 0.479966, "Interstorey_Drift_Ratios": [], "Max_Compresive_Stress/MPa": -1.0010349999999999}