{"Buckling_Load_Factor": 9.6250699999999991, "Max_Shear_Stress/MPa": 0.00014999999999999999, "Max_Shear_Force/KN": 3.4045610000000002, "Utilization": 4.2602900000000004, "Max_Tensile_Stress/MPa": 1.1310180000000001, "Max_Bending_Stress/MPa": 4.3000000000000002e-05, "Avg_Displacement/mm": 6.08331, "Max_Displacement/mm": 13.824363999999999, "Max_Principal_Stress/MPa": 0.013050000000000001, "Interstorey_Drift_Failure": ["False"], "Avg_Shear_Force/KN": 0.63575800000000005, "Avg_Bending_Moment/KNm": 0.20460600000000001, "Max_Bending_Moment/KNm": 0.71382100000000004, "Interstorey_Drift_Ratios": ["0.00145222h"], "Max_Compresive_Stress/MPa": -0.66315599999999997}