{"Buckling_Load_Factor": 12.825893000000001, "Max_Shear_Stress/MPa": 0.0001, "Max_Shear_Force/KN": 3.421538, "Utilization": 17.751073999999999, "Max_Tensile_Stress/MPa": 4.6567809999999996, "Max_Bending_Stress/MPa": 2.0999999999999999e-05, "Avg_Displacement/mm": 11.766902, "Max_Displacement/mm": 32.852324000000003, "Max_Principal_Stress/MPa": 0.019925999999999999, "Interstorey_Drift_Failure": [], "Avg_Shear_Force/KN": 0.57331600000000005, "Avg_Bending_Moment/KNm": 0.19486600000000001, "Max_Bending_Moment/KNm": 0.79099200000000003, "Interstorey_Drift_Ratios": [], "Max_Compresive_Stress/MPa": -1.242119}