{"Buckling_Load_Factor": 6.5073150000000002, "Max_Shear_Stress/MPa": 0.0001, "Max_Shear_Force/KN": 4.5577030000000001, "Utilization": 8.0842639999999992, "Max_Tensile_Stress/MPa": 2.1786989999999999, "Max_Bending_Stress/MPa": 2.1999999999999999e-05, "Avg_Displacement/mm": 11.967266, "Max_Displacement/mm": 32.843716000000001, "Max_Principal_Stress/MPa": 0.023855999999999999, "Interstorey_Drift_Failure": [], "Avg_Shear_Force/KN": 0.69485699999999995, "Avg_Bending_Moment/KNm": 0.195989, "Max_Bending_Moment/KNm": 0.813137, "Interstorey_Drift_Ratios": [], "Max_Compresive_Stress/MPa": -0.74330499999999999}