{"Buckling_Load_Factor": 17.078939999999999, "Max_Shear_Stress/MPa": 0.00014999999999999999, "Max_Shear_Force/KN": 12.726896999999999, "Utilization": 13.365043999999999, "Max_Tensile_Stress/MPa": 3.4954740000000002, "Max_Bending_Stress/MPa": 0.00030299999999999999, "Avg_Displacement/mm": 13.013793, "Max_Displacement/mm": 38.344817999999997, "Max_Principal_Stress/MPa": 0.023227000000000001, "Interstorey_Drift_Failure": ["False"], "Avg_Shear_Force/KN": 1.596597, "Avg_Bending_Moment/KNm": 0.75718600000000003, "Max_Bending_Moment/KNm": 5.0581810000000003, "Interstorey_Drift_Ratios": ["0.00422317h"], "Max_Compresive_Stress/MPa": -1.4098569999999999}