{"Buckling_Load_Factor": 2.6161539999999999, "Max_Shear_Stress/MPa": 0.00014999999999999999, "Max_Shear_Force/KN": 1.7114799999999999, "Utilization": 9.7847530000000003, "Max_Tensile_Stress/MPa": 2.5554790000000001, "Max_Bending_Stress/MPa": 3.3000000000000003e-05, "Avg_Displacement/mm": 12.956813, "Max_Displacement/mm": 45.749056000000003, "Max_Principal_Stress/MPa": 0.023164000000000001, "Interstorey_Drift_Failure": ["False"], "Avg_Shear_Force/KN": 0.27117000000000002, "Avg_Bending_Moment/KNm": 0.079455999999999999, "Max_Bending_Moment/KNm": 0.54307399999999995, "Interstorey_Drift_Ratios": ["0.00386432h"], "Max_Compresive_Stress/MPa": -1.113389}