{"Buckling_Load_Factor": 25.402449000000001, "Max_Shear_Stress/MPa": 0.00014999999999999999, "Max_Shear_Force/KN": 5.8815600000000003, "Utilization": 5.2009359999999996, "Max_Tensile_Stress/MPa": 1.363885, "Max_Bending_Stress/MPa": 0.000117, "Avg_Displacement/mm": 3.3715470000000001, "Max_Displacement/mm": 7.4630159999999997, "Max_Principal_Stress/MPa": 0.010572, "Interstorey_Drift_Failure": ["False"], "Avg_Shear_Force/KN": 0.763073, "Avg_Bending_Moment/KNm": 0.30966100000000002, "Max_Bending_Moment/KNm": 1.9561809999999999, "Interstorey_Drift_Ratios": ["0.0007533h"], "Max_Compresive_Stress/MPa": -0.25646000000000002}