{"Buckling_Load_Factor": 35.279724999999999, "Max_Shear_Stress/MPa": 0.0001, "Max_Shear_Force/KN": 6.1540689999999998, "Utilization": 4.2976910000000004, "Max_Tensile_Stress/MPa": 1.141553, "Max_Bending_Stress/MPa": 4.1999999999999998e-05, "Avg_Displacement/mm": 3.058189, "Max_Displacement/mm": 5.7560419999999999, "Max_Principal_Stress/MPa": 0.0099019999999999993, "Interstorey_Drift_Failure": [], "Avg_Shear_Force/KN": 0.63104300000000002, "Avg_Bending_Moment/KNm": 0.22248200000000001, "Max_Bending_Moment/KNm": 1.5748040000000001, "Interstorey_Drift_Ratios": [], "Max_Compresive_Stress/MPa": -0.21856500000000001}