{"Buckling_Load_Factor": 7.9854620000000001, "Max_Shear_Stress/MPa": 0.0001, "Max_Shear_Force/KN": 8.4933479999999992, "Utilization": 10.894237, "Max_Tensile_Stress/MPa": 2.958326, "Max_Bending_Stress/MPa": 7.7000000000000001e-05, "Avg_Displacement/mm": 15.216379, "Max_Displacement/mm": 40.379714, "Max_Principal_Stress/MPa": 0.016560999999999999, "Interstorey_Drift_Failure": [], "Avg_Shear_Force/KN": 1.603272, "Avg_Bending_Moment/KNm": 0.75398399999999999, "Max_Bending_Moment/KNm": 2.889392, "Interstorey_Drift_Ratios": [], "Max_Compresive_Stress/MPa": -0.85818300000000003}