{"Buckling_Load_Factor": 12.943061, "Max_Shear_Stress/MPa": 0.00014999999999999999, "Max_Shear_Force/KN": 3.4325679999999998, "Utilization": 5.5235770000000004, "Max_Tensile_Stress/MPa": 1.4577089999999999, "Max_Bending_Stress/MPa": 5.1e-05, "Avg_Displacement/mm": 3.9717859999999998, "Max_Displacement/mm": 7.2994539999999999, "Max_Principal_Stress/MPa": 0.012858, "Interstorey_Drift_Failure": ["False"], "Avg_Shear_Force/KN": 0.389899, "Avg_Bending_Moment/KNm": 0.126106, "Max_Bending_Moment/KNm": 0.848082, "Interstorey_Drift_Ratios": ["0.00061435h"], "Max_Compresive_Stress/MPa": -0.35770999999999997}