{"Buckling_Load_Factor": 0.27049000000000001, "Max_Shear_Stress/MPa": 0.00014999999999999999, "Max_Shear_Force/KN": 2.2153619999999998, "Utilization": 11.068097, "Max_Tensile_Stress/MPa": 3.532143, "Max_Bending_Stress/MPa": 3.1999999999999999e-05, "Avg_Displacement/mm": 22.234773000000001, "Max_Displacement/mm": 64.926433000000003, "Max_Principal_Stress/MPa": 0.036769999999999997, "Interstorey_Drift_Failure": ["False"], "Avg_Shear_Force/KN": 0.34432200000000002, "Avg_Bending_Moment/KNm": 0.093403, "Max_Bending_Moment/KNm": 0.53318200000000004, "Interstorey_Drift_Ratios": ["0.00779329h"], "Max_Compresive_Stress/MPa": -1.3105519999999999}