{"Buckling_Load_Factor": 2.0151180000000002, "Max_Shear_Stress/MPa": 0.00014999999999999999, "Max_Shear_Force/KN": 5.9041709999999998, "Utilization": 16.332422000000001, "Max_Tensile_Stress/MPa": 4.2572419999999997, "Max_Bending_Stress/MPa": 4.8000000000000001e-05, "Avg_Displacement/mm": 25.622758000000001, "Max_Displacement/mm": 81.402259000000001, "Max_Principal_Stress/MPa": 0.039378000000000003, "Interstorey_Drift_Failure": ["False"], "Avg_Shear_Force/KN": 0.32994200000000001, "Avg_Bending_Moment/KNm": 0.104932, "Max_Bending_Moment/KNm": 0.80425100000000005, "Interstorey_Drift_Ratios": ["0.00967248h"], "Max_Compresive_Stress/MPa": -1.541669}