{"Buckling_Load_Factor": 4.7578230000000001, "Max_Shear_Stress/MPa": 0.00014999999999999999, "Max_Shear_Force/KN": 1.3130280000000001, "Utilization": 5.3108310000000003, "Max_Tensile_Stress/MPa": 1.403816, "Max_Bending_Stress/MPa": 1.7e-05, "Avg_Displacement/mm": 4.6097520000000003, "Max_Displacement/mm": 11.850804, "Max_Principal_Stress/MPa": 0.016265000000000002, "Interstorey_Drift_Failure": ["False"], "Avg_Shear_Force/KN": 0.21071100000000001, "Avg_Bending_Moment/KNm": 0.050990000000000001, "Max_Bending_Moment/KNm": 0.28501900000000002, "Interstorey_Drift_Ratios": ["0.00104156h"], "Max_Compresive_Stress/MPa": -0.59189499999999995}