{"Buckling_Load_Factor": 11.911936000000001, "Max_Shear_Stress/MPa": 0.0001, "Max_Shear_Force/KN": 3.3043499999999999, "Utilization": 5.3193989999999998, "Max_Tensile_Stress/MPa": 1.6353690000000001, "Max_Bending_Stress/MPa": 2.0000000000000002e-05, "Avg_Displacement/mm": 5.9747579999999996, "Max_Displacement/mm": 17.405645, "Max_Principal_Stress/MPa": 0.018527999999999999, "Interstorey_Drift_Failure": [], "Avg_Shear_Force/KN": 0.481402, "Avg_Bending_Moment/KNm": 0.14980199999999999, "Max_Bending_Moment/KNm": 0.73225899999999999, "Interstorey_Drift_Ratios": [], "Max_Compresive_Stress/MPa": -0.49476700000000001}