{"Buckling_Load_Factor": 4.3311299999999999, "Max_Shear_Stress/MPa": 0.0001, "Max_Shear_Force/KN": 6.6217899999999998, "Utilization": 14.915921000000001, "Max_Tensile_Stress/MPa": 3.9569990000000002, "Max_Bending_Stress/MPa": 6.0000000000000002e-05, "Avg_Displacement/mm": 19.012665999999999, "Max_Displacement/mm": 62.995880999999997, "Max_Principal_Stress/MPa": 0.030591, "Interstorey_Drift_Failure": [], "Avg_Shear_Force/KN": 0.86722500000000002, "Avg_Bending_Moment/KNm": 0.27511200000000002, "Max_Bending_Moment/KNm": 2.2582390000000001, "Interstorey_Drift_Ratios": [], "Max_Compresive_Stress/MPa": -1.4083289999999999}