{"Buckling_Load_Factor": 0.22033800000000001, "Max_Shear_Stress/MPa": 0.00014999999999999999, "Max_Shear_Force/KN": 2.6461199999999998, "Utilization": 15.456296999999999, "Max_Tensile_Stress/MPa": 4.0810930000000001, "Max_Bending_Stress/MPa": 5.0000000000000002e-05, "Avg_Displacement/mm": 30.603199, "Max_Displacement/mm": 106.130225, "Max_Principal_Stress/MPa": 0.036970000000000003, "Interstorey_Drift_Failure": ["True"], "Avg_Shear_Force/KN": 0.38896500000000001, "Avg_Bending_Moment/KNm": 0.14149300000000001, "Max_Bending_Moment/KNm": 0.83759799999999995, "Interstorey_Drift_Ratios": ["0.01265082h"], "Max_Compresive_Stress/MPa": -1.3051250000000001}