{"Buckling_Load_Factor": 17.158771000000002, "Max_Shear_Stress/MPa": 0.0001, "Max_Shear_Force/KN": 10.184703000000001, "Utilization": 6.7809049999999997, "Max_Tensile_Stress/MPa": 1.8586119999999999, "Max_Bending_Stress/MPa": 5.8e-05, "Avg_Displacement/mm": 6.8432259999999996, "Max_Displacement/mm": 24.06278, "Max_Principal_Stress/MPa": 0.019351, "Interstorey_Drift_Failure": [], "Avg_Shear_Force/KN": 1.316111, "Avg_Bending_Moment/KNm": 0.43337999999999999, "Max_Bending_Moment/KNm": 2.1806260000000002, "Interstorey_Drift_Ratios": [], "Max_Compresive_Stress/MPa": -0.54959499999999994}