{"Buckling_Load_Factor": 16.090454000000001, "Max_Shear_Stress/MPa": 0.0001, "Max_Shear_Force/KN": 5.3615539999999999, "Utilization": 8.2662410000000008, "Max_Tensile_Stress/MPa": 2.1462509999999999, "Max_Bending_Stress/MPa": 7.1000000000000005e-05, "Avg_Displacement/mm": 5.5770330000000001, "Max_Displacement/mm": 16.402199, "Max_Principal_Stress/MPa": 0.015533999999999999, "Interstorey_Drift_Failure": [], "Avg_Shear_Force/KN": 0.84531599999999996, "Avg_Bending_Moment/KNm": 0.38016299999999997, "Max_Bending_Moment/KNm": 2.6801279999999998, "Interstorey_Drift_Ratios": [], "Max_Compresive_Stress/MPa": -0.55808999999999997}