{"Buckling_Load_Factor": 10.214194000000001, "Max_Shear_Stress/MPa": 0.00014999999999999999, "Max_Shear_Force/KN": 13.122634, "Utilization": 10.428986, "Max_Tensile_Stress/MPa": 2.7571530000000002, "Max_Bending_Stress/MPa": 0.00025900000000000001, "Avg_Displacement/mm": 9.2138489999999997, "Max_Displacement/mm": 30.222135999999999, "Max_Principal_Stress/MPa": 0.018266999999999999, "Interstorey_Drift_Failure": ["False"], "Avg_Shear_Force/KN": 1.367175, "Avg_Bending_Moment/KNm": 0.66836600000000002, "Max_Bending_Moment/KNm": 4.3108870000000001, "Interstorey_Drift_Ratios": ["0.00344194h"], "Max_Compresive_Stress/MPa": -0.69939099999999998}