{"Buckling_Load_Factor": 19.280545, "Max_Shear_Stress/MPa": 0.0001, "Max_Shear_Force/KN": 3.5571700000000002, "Utilization": 5.5978310000000002, "Max_Tensile_Stress/MPa": 1.5933280000000001, "Max_Bending_Stress/MPa": 1.7e-05, "Avg_Displacement/mm": 5.3924120000000002, "Max_Displacement/mm": 15.494429, "Max_Principal_Stress/MPa": 0.018024999999999999, "Interstorey_Drift_Failure": [], "Avg_Shear_Force/KN": 0.508081, "Avg_Bending_Moment/KNm": 0.14693700000000001, "Max_Bending_Moment/KNm": 0.63734999999999997, "Interstorey_Drift_Ratios": [], "Max_Compresive_Stress/MPa": -0.59622600000000003}