{"Buckling_Load_Factor": 39.85521, "Max_Shear_Stress/MPa": 0.00014999999999999999, "Max_Shear_Force/KN": 12.509257, "Utilization": 5.1165940000000001, "Max_Tensile_Stress/MPa": 1.3294840000000001, "Max_Bending_Stress/MPa": 0.00011900000000000001, "Avg_Displacement/mm": 3.8513609999999998, "Max_Displacement/mm": 13.045567, "Max_Principal_Stress/MPa": 0.013218000000000001, "Interstorey_Drift_Failure": ["False"], "Avg_Shear_Force/KN": 0.87651500000000004, "Avg_Bending_Moment/KNm": 0.25992700000000002, "Max_Bending_Moment/KNm": 1.9863150000000001, "Interstorey_Drift_Ratios": ["0.00105783h"], "Max_Compresive_Stress/MPa": -0.47581200000000001}