{"Buckling_Load_Factor": 10.762725, "Max_Shear_Stress/MPa": 0.0001, "Max_Shear_Force/KN": 16.200807000000001, "Utilization": 9.4923249999999992, "Max_Tensile_Stress/MPa": 2.5896430000000001, "Max_Bending_Stress/MPa": 9.7999999999999997e-05, "Avg_Displacement/mm": 12.390165, "Max_Displacement/mm": 31.800207, "Max_Principal_Stress/MPa": 0.010187999999999999, "Interstorey_Drift_Failure": [], "Avg_Shear_Force/KN": 1.5754319999999999, "Avg_Bending_Moment/KNm": 0.69428800000000002, "Max_Bending_Moment/KNm": 3.6839249999999999, "Interstorey_Drift_Ratios": [], "Max_Compresive_Stress/MPa": -0.75733799999999996}