{"Buckling_Load_Factor": 15.794853, "Max_Shear_Stress/MPa": 0.0001, "Max_Shear_Force/KN": 4.4696740000000004, "Utilization": 8.3679679999999994, "Max_Tensile_Stress/MPa": 2.5037210000000001, "Max_Bending_Stress/MPa": 2.4000000000000001e-05, "Avg_Displacement/mm": 9.6904450000000004, "Max_Displacement/mm": 32.113366999999997, "Max_Principal_Stress/MPa": 0.027923, "Interstorey_Drift_Failure": [], "Avg_Shear_Force/KN": 0.62762899999999999, "Avg_Bending_Moment/KNm": 0.19084400000000001, "Max_Bending_Moment/KNm": 0.916246, "Interstorey_Drift_Ratios": [], "Max_Compresive_Stress/MPa": -1.0924499999999999}