{"Buckling_Load_Factor": 37.340246999999998, "Max_Shear_Stress/MPa": 0.0001, "Max_Shear_Force/KN": 5.671875, "Utilization": 4.0263270000000002, "Max_Tensile_Stress/MPa": 1.1774169999999999, "Max_Bending_Stress/MPa": 4.6e-05, "Avg_Displacement/mm": 3.4009529999999999, "Max_Displacement/mm": 10.921066, "Max_Principal_Stress/MPa": 0.014572, "Interstorey_Drift_Failure": [], "Avg_Shear_Force/KN": 0.89149299999999998, "Avg_Bending_Moment/KNm": 0.332926, "Max_Bending_Moment/KNm": 1.7229570000000001, "Interstorey_Drift_Ratios": [], "Max_Compresive_Stress/MPa": -0.237377}