{"Buckling_Load_Factor": 4.450933, "Max_Shear_Stress/MPa": 0.00014999999999999999, "Max_Shear_Force/KN": 9.0450350000000004, "Utilization": 13.478402000000001, "Max_Tensile_Stress/MPa": 3.5224389999999999, "Max_Bending_Stress/MPa": 4.5000000000000003e-05, "Avg_Displacement/mm": 13.687009, "Max_Displacement/mm": 43.100306000000003, "Max_Principal_Stress/MPa": 0.020726999999999999, "Interstorey_Drift_Failure": ["False"], "Avg_Shear_Force/KN": 0.42291800000000002, "Avg_Bending_Moment/KNm": 0.094793000000000002, "Max_Bending_Moment/KNm": 0.74848300000000001, "Interstorey_Drift_Ratios": ["0.00378485h"], "Max_Compresive_Stress/MPa": -1.2567619999999999}