{"Buckling_Load_Factor": 49.572060999999998, "Max_Shear_Stress/MPa": 0.0001, "Max_Shear_Force/KN": 5.8023769999999999, "Utilization": 3.5702389999999999, "Max_Tensile_Stress/MPa": 1.382611, "Max_Bending_Stress/MPa": 4.1e-05, "Avg_Displacement/mm": 3.179497, "Max_Displacement/mm": 10.282855, "Max_Principal_Stress/MPa": 0.01677, "Interstorey_Drift_Failure": ["False"], "Avg_Shear_Force/KN": 0.74136599999999997, "Avg_Bending_Moment/KNm": 0.26417600000000002, "Max_Bending_Moment/KNm": 1.519156, "Interstorey_Drift_Ratios": ["0.00094535h"], "Max_Compresive_Stress/MPa": -0.343912}