{"Buckling_Load_Factor": 3.4068559999999999, "Max_Shear_Stress/MPa": 0.00014999999999999999, "Max_Shear_Force/KN": 1.467419, "Utilization": 6.1904919999999999, "Max_Tensile_Stress/MPa": 1.645059, "Max_Bending_Stress/MPa": 1.8e-05, "Avg_Displacement/mm": 7.6179870000000003, "Max_Displacement/mm": 23.809991, "Max_Principal_Stress/MPa": 0.018540999999999998, "Interstorey_Drift_Failure": ["False"], "Avg_Shear_Force/KN": 0.187556, "Avg_Bending_Moment/KNm": 0.042855999999999998, "Max_Bending_Moment/KNm": 0.29526799999999997, "Interstorey_Drift_Ratios": ["0.00230184h"], "Max_Compresive_Stress/MPa": -0.71403000000000005}