{"Buckling_Load_Factor": 3.6941410000000001, "Max_Shear_Stress/MPa": 0.0001, "Max_Shear_Force/KN": 1.483398, "Utilization": 7.6016510000000004, "Max_Tensile_Stress/MPa": 1.824025, "Max_Bending_Stress/MPa": 1.1e-05, "Avg_Displacement/mm": 8.7877639999999992, "Max_Displacement/mm": 23.532577, "Max_Principal_Stress/MPa": 0.01431, "Interstorey_Drift_Failure": [], "Avg_Shear_Force/KN": 0.234597, "Avg_Bending_Moment/KNm": 0.051867000000000003, "Max_Bending_Moment/KNm": 0.40625, "Interstorey_Drift_Ratios": [], "Max_Compresive_Stress/MPa": -0.60945400000000005}