{"Buckling_Load_Factor": 11.323668, "Max_Shear_Stress/MPa": 0.00014999999999999999, "Max_Shear_Force/KN": 7.6522829999999997, "Utilization": 6.6303739999999998, "Max_Tensile_Stress/MPa": 2.066233, "Max_Bending_Stress/MPa": 6.9999999999999994e-05, "Avg_Displacement/mm": 6.8766800000000003, "Max_Displacement/mm": 20.859615000000002, "Max_Principal_Stress/MPa": 0.023355999999999998, "Interstorey_Drift_Failure": ["False"], "Avg_Shear_Force/KN": 0.5, "Avg_Bending_Moment/KNm": 0.15038699999999999, "Max_Bending_Moment/KNm": 1.1709529999999999, "Interstorey_Drift_Ratios": ["0.00201458h"], "Max_Compresive_Stress/MPa": -0.66239099999999995}