{"Buckling_Load_Factor": 6.6007920000000002, "Max_Shear_Stress/MPa": 0.0001, "Max_Shear_Force/KN": 8.8658649999999994, "Utilization": 14.081739000000001, "Max_Tensile_Stress/MPa": 3.777498, "Max_Bending_Stress/MPa": 4.1e-05, "Avg_Displacement/mm": 19.727088999999999, "Max_Displacement/mm": 59.344602999999999, "Max_Principal_Stress/MPa": 0.038413000000000003, "Interstorey_Drift_Failure": [], "Avg_Shear_Force/KN": 0.77772699999999995, "Avg_Bending_Moment/KNm": 0.232153, "Max_Bending_Moment/KNm": 1.541345, "Interstorey_Drift_Ratios": [], "Max_Compresive_Stress/MPa": -1.213136}