{"Buckling_Load_Factor": 10.38349, "Max_Shear_Stress/MPa": 0.00014999999999999999, "Max_Shear_Force/KN": 3.8267760000000002, "Utilization": 4.9743089999999999, "Max_Tensile_Stress/MPa": 1.2093290000000001, "Max_Bending_Stress/MPa": 3.8000000000000002e-05, "Avg_Displacement/mm": 4.6310820000000001, "Max_Displacement/mm": 14.667636999999999, "Max_Principal_Stress/MPa": 0.013679, "Interstorey_Drift_Failure": ["False"], "Avg_Shear_Force/KN": 0.49362600000000001, "Avg_Bending_Moment/KNm": 0.136124, "Max_Bending_Moment/KNm": 0.635127, "Interstorey_Drift_Ratios": ["0.00141054h"], "Max_Compresive_Stress/MPa": -0.42551}