{"Buckling_Load_Factor": 3.708202, "Max_Shear_Stress/MPa": 0.0001, "Max_Shear_Force/KN": 1.742375, "Utilization": 8.4580590000000004, "Max_Tensile_Stress/MPa": 2.0964399999999999, "Max_Bending_Stress/MPa": 9.1014000000000006e-06, "Avg_Displacement/mm": 7.4642730000000004, "Max_Displacement/mm": 20.009675000000001, "Max_Principal_Stress/MPa": 0.017018999999999999, "Interstorey_Drift_Failure": [], "Avg_Shear_Force/KN": 0.21610799999999999, "Avg_Bending_Moment/KNm": 0.049021000000000002, "Max_Bending_Moment/KNm": 0.34130100000000002, "Interstorey_Drift_Ratios": [], "Max_Compresive_Stress/MPa": -0.66273700000000002}