{"Buckling_Load_Factor": 18.967679, "Max_Shear_Stress/MPa": 0.0001, "Max_Shear_Force/KN": 7.8910239999999998, "Utilization": 7.6975040000000003, "Max_Tensile_Stress/MPa": 2.064165, "Max_Bending_Stress/MPa": 7.1000000000000005e-05, "Avg_Displacement/mm": 8.9943880000000007, "Max_Displacement/mm": 24.449759, "Max_Principal_Stress/MPa": 0.016416, "Interstorey_Drift_Failure": [], "Avg_Shear_Force/KN": 1.4293579999999999, "Avg_Bending_Moment/KNm": 0.54340299999999997, "Max_Bending_Moment/KNm": 2.6494239999999998, "Interstorey_Drift_Ratios": [], "Max_Compresive_Stress/MPa": -0.60734100000000002}