{"Buckling_Load_Factor": 15.846852, "Max_Shear_Stress/MPa": 0.00014999999999999999, "Max_Shear_Force/KN": 3.138614, "Utilization": 3.735392, "Max_Tensile_Stress/MPa": 0.93614600000000003, "Max_Bending_Stress/MPa": 2.6999999999999999e-05, "Avg_Displacement/mm": 2.3116629999999998, "Max_Displacement/mm": 5.5926330000000002, "Max_Principal_Stress/MPa": 0.011919000000000001, "Interstorey_Drift_Failure": ["False"], "Avg_Shear_Force/KN": 0.24882000000000001, "Avg_Bending_Moment/KNm": 0.066527000000000003, "Max_Bending_Moment/KNm": 0.44337799999999999, "Interstorey_Drift_Ratios": ["0.00037721h"], "Max_Compresive_Stress/MPa": -0.23214000000000001}