{"Buckling_Load_Factor": 29.088806000000002, "Max_Shear_Stress/MPa": 0.0001, "Max_Shear_Force/KN": 9.5698919999999994, "Utilization": 8.589245, "Max_Tensile_Stress/MPa": 2.3030010000000001, "Max_Bending_Stress/MPa": 4.6e-05, "Avg_Displacement/mm": 5.5739720000000004, "Max_Displacement/mm": 15.936408, "Max_Principal_Stress/MPa": 0.018967000000000001, "Interstorey_Drift_Failure": [], "Avg_Shear_Force/KN": 0.98081600000000002, "Avg_Bending_Moment/KNm": 0.32949099999999998, "Max_Bending_Moment/KNm": 1.739053, "Interstorey_Drift_Ratios": [], "Max_Compresive_Stress/MPa": -0.64428600000000003}