{"Buckling_Load_Factor": 7.6700900000000001, "Max_Shear_Stress/MPa": 0.00014999999999999999, "Max_Shear_Force/KN": 4.7549469999999996, "Utilization": 7.060886, "Max_Tensile_Stress/MPa": 1.8779250000000001, "Max_Bending_Stress/MPa": 6.2000000000000003e-05, "Avg_Displacement/mm": 6.7802639999999998, "Max_Displacement/mm": 27.860892, "Max_Principal_Stress/MPa": 0.016558, "Interstorey_Drift_Failure": ["False"], "Avg_Shear_Force/KN": 0.53329400000000005, "Avg_Bending_Moment/KNm": 0.15992400000000001, "Max_Bending_Moment/KNm": 1.0355760000000001, "Interstorey_Drift_Ratios": ["0.00296663h"], "Max_Compresive_Stress/MPa": -0.67153799999999997}