{"Buckling_Load_Factor": 10.017215999999999, "Max_Shear_Stress/MPa": 0.00014999999999999999, "Max_Shear_Force/KN": 3.380185, "Utilization": 5.8253599999999999, "Max_Tensile_Stress/MPa": 1.4009069999999999, "Max_Bending_Stress/MPa": 3.1999999999999999e-05, "Avg_Displacement/mm": 4.3753960000000003, "Max_Displacement/mm": 11.640703999999999, "Max_Principal_Stress/MPa": 0.015980000000000001, "Interstorey_Drift_Failure": ["False"], "Avg_Shear_Force/KN": 0.32616200000000001, "Avg_Bending_Moment/KNm": 0.109551, "Max_Bending_Moment/KNm": 0.53894399999999998, "Interstorey_Drift_Ratios": ["0.0011289h"], "Max_Compresive_Stress/MPa": -0.34652699999999997}