{"Buckling_Load_Factor": 2.7864559999999998, "Max_Shear_Stress/MPa": 0.0001, "Max_Shear_Force/KN": 2.3085089999999999, "Utilization": 7.9785740000000001, "Max_Tensile_Stress/MPa": 1.958766, "Max_Bending_Stress/MPa": 8.5439999999999999e-06, "Avg_Displacement/mm": 12.917285, "Max_Displacement/mm": 37.572432999999997, "Max_Principal_Stress/MPa": 0.022242999999999999, "Interstorey_Drift_Failure": [], "Avg_Shear_Force/KN": 0.27418700000000001, "Avg_Bending_Moment/KNm": 0.059547000000000003, "Max_Bending_Moment/KNm": 0.32040000000000002, "Interstorey_Drift_Ratios": [], "Max_Compresive_Stress/MPa": -0.72755499999999995}