{"Buckling_Load_Factor": 25.618941, "Max_Shear_Stress/MPa": 0.0001, "Max_Shear_Force/KN": 8.4977359999999997, "Utilization": 4.168933, "Max_Tensile_Stress/MPa": 1.1954670000000001, "Max_Bending_Stress/MPa": 4.1999999999999998e-05, "Avg_Displacement/mm": 4.6482539999999997, "Max_Displacement/mm": 11.065142, "Max_Principal_Stress/MPa": 0.014383999999999999, "Interstorey_Drift_Failure": [], "Avg_Shear_Force/KN": 0.97233899999999995, "Avg_Bending_Moment/KNm": 0.31281399999999998, "Max_Bending_Moment/KNm": 1.5775669999999999, "Interstorey_Drift_Ratios": [], "Max_Compresive_Stress/MPa": -0.29297499999999999}