{"Buckling_Load_Factor": 39.691023000000001, "Max_Shear_Stress/MPa": 0.0001, "Max_Shear_Force/KN": 11.248810000000001, "Utilization": 5.4419129999999996, "Max_Tensile_Stress/MPa": 1.556403, "Max_Bending_Stress/MPa": 4.0000000000000003e-05, "Avg_Displacement/mm": 4.9345869999999996, "Max_Displacement/mm": 13.731344, "Max_Principal_Stress/MPa": 0.019146, "Interstorey_Drift_Failure": [], "Avg_Shear_Force/KN": 1.0255829999999999, "Avg_Bending_Moment/KNm": 0.29770999999999997, "Max_Bending_Moment/KNm": 1.496929, "Interstorey_Drift_Ratios": [], "Max_Compresive_Stress/MPa": -0.498002}