{"Buckling_Load_Factor": 11.808261999999999, "Max_Shear_Stress/MPa": 0.0001, "Max_Shear_Force/KN": 6.4373319999999996, "Utilization": 4.1483169999999996, "Max_Tensile_Stress/MPa": 1.086919, "Max_Bending_Stress/MPa": 4.5000000000000003e-05, "Avg_Displacement/mm": 4.9946039999999998, "Max_Displacement/mm": 15.299478000000001, "Max_Principal_Stress/MPa": 0.010517, "Interstorey_Drift_Failure": [], "Avg_Shear_Force/KN": 0.71076399999999995, "Avg_Bending_Moment/KNm": 0.30601499999999998, "Max_Bending_Moment/KNm": 1.6694819999999999, "Interstorey_Drift_Ratios": [], "Max_Compresive_Stress/MPa": -0.392426}