{"Buckling_Load_Factor": 3.3453970000000002, "Max_Shear_Stress/MPa": 0.0001, "Max_Shear_Force/KN": 1.5059279999999999, "Utilization": 4.4430509999999996, "Max_Tensile_Stress/MPa": 1.225732, "Max_Bending_Stress/MPa": 5.9537000000000003e-06, "Avg_Displacement/mm": 6.318257, "Max_Displacement/mm": 18.980311, "Max_Principal_Stress/MPa": 0.013596, "Interstorey_Drift_Failure": [], "Avg_Shear_Force/KN": 0.18726899999999999, "Avg_Bending_Moment/KNm": 0.035980999999999999, "Max_Bending_Moment/KNm": 0.22326199999999999, "Interstorey_Drift_Ratios": [], "Max_Compresive_Stress/MPa": -0.62681299999999995}