{"Buckling_Load_Factor": 2.0589379999999999, "Max_Shear_Stress/MPa": 0.00014999999999999999, "Max_Shear_Force/KN": 4.7426950000000003, "Utilization": 15.189784, "Max_Tensile_Stress/MPa": 3.9656729999999998, "Max_Bending_Stress/MPa": 3.8999999999999999e-05, "Avg_Displacement/mm": 18.135874999999999, "Max_Displacement/mm": 52.267837, "Max_Principal_Stress/MPa": 0.030589000000000002, "Interstorey_Drift_Failure": ["False"], "Avg_Shear_Force/KN": 0.42942999999999998, "Avg_Bending_Moment/KNm": 0.103104, "Max_Bending_Moment/KNm": 0.64841300000000002, "Interstorey_Drift_Ratios": ["0.00471185h"], "Max_Compresive_Stress/MPa": -1.29281}