{"Buckling_Load_Factor": 22.359926000000002, "Max_Shear_Stress/MPa": 0.00014999999999999999, "Max_Shear_Force/KN": 5.677397, "Utilization": 6.4163079999999999, "Max_Tensile_Stress/MPa": 1.7274309999999999, "Max_Bending_Stress/MPa": 0.000127, "Avg_Displacement/mm": 5.0893079999999999, "Max_Displacement/mm": 14.614257, "Max_Principal_Stress/MPa": 0.01538, "Interstorey_Drift_Failure": ["False"], "Avg_Shear_Force/KN": 0.89492099999999997, "Avg_Bending_Moment/KNm": 0.37703500000000001, "Max_Bending_Moment/KNm": 2.1230669999999998, "Interstorey_Drift_Ratios": ["0.00142618h"], "Max_Compresive_Stress/MPa": -0.38372299999999998}