{"Buckling_Load_Factor": 2.0686040000000001, "Max_Shear_Stress/MPa": 0.0001, "Max_Shear_Force/KN": 4.9494730000000002, "Utilization": 14.523094, "Max_Tensile_Stress/MPa": 3.9230830000000001, "Max_Bending_Stress/MPa": 6.3e-05, "Avg_Displacement/mm": 19.057528999999999, "Max_Displacement/mm": 60.720787999999999, "Max_Principal_Stress/MPa": 0.021471000000000001, "Interstorey_Drift_Failure": [], "Avg_Shear_Force/KN": 0.69822799999999996, "Avg_Bending_Moment/KNm": 0.31207400000000002, "Max_Bending_Moment/KNm": 2.3618549999999998, "Interstorey_Drift_Ratios": [], "Max_Compresive_Stress/MPa": -0.97225499999999998}