{"Buckling_Load_Factor": 6.8396780000000001, "Max_Shear_Stress/MPa": 0.00014999999999999999, "Max_Shear_Force/KN": 5.2610210000000004, "Utilization": 14.402969000000001, "Max_Tensile_Stress/MPa": 3.855226, "Max_Bending_Stress/MPa": 0.000144, "Avg_Displacement/mm": 13.308191000000001, "Max_Displacement/mm": 38.537495, "Max_Principal_Stress/MPa": 0.032170999999999998, "Interstorey_Drift_Failure": ["False"], "Avg_Shear_Force/KN": 0.88872399999999996, "Avg_Bending_Moment/KNm": 0.32369700000000001, "Max_Bending_Moment/KNm": 2.4070770000000001, "Interstorey_Drift_Ratios": ["0.00377052h"], "Max_Compresive_Stress/MPa": -1.118528}