{"Buckling_Load_Factor": 0.18374499999999999, "Max_Shear_Stress/MPa": 0.00014999999999999999, "Max_Shear_Force/KN": 23.004292, "Utilization": 19.813882, "Max_Tensile_Stress/MPa": 5.2999200000000002, "Max_Bending_Stress/MPa": 0.00018699999999999999, "Avg_Displacement/mm": 29.345897000000001, "Max_Displacement/mm": 107.530356, "Max_Principal_Stress/MPa": 0.038093000000000002, "Interstorey_Drift_Failure": ["True"], "Avg_Shear_Force/KN": 1.2042930000000001, "Avg_Bending_Moment/KNm": 0.59931900000000005, "Max_Bending_Moment/KNm": 3.1133799999999998, "Interstorey_Drift_Ratios": ["0.01339957h"], "Max_Compresive_Stress/MPa": -1.2886089999999999}