{"Buckling_Load_Factor": 19.359570000000001, "Max_Shear_Stress/MPa": 0.0001, "Max_Shear_Force/KN": 5.7280280000000001, "Utilization": 5.6970210000000003, "Max_Tensile_Stress/MPa": 1.5191399999999999, "Max_Bending_Stress/MPa": 5.8e-05, "Avg_Displacement/mm": 4.9297940000000002, "Max_Displacement/mm": 9.4515840000000004, "Max_Principal_Stress/MPa": 0.010541, "Interstorey_Drift_Failure": [], "Avg_Shear_Force/KN": 0.99896600000000002, "Avg_Bending_Moment/KNm": 0.38701999999999998, "Max_Bending_Moment/KNm": 2.1654439999999999, "Interstorey_Drift_Ratios": [], "Max_Compresive_Stress/MPa": -0.328376}