{"Buckling_Load_Factor": 12.47457, "Max_Shear_Stress/MPa": 0.00014999999999999999, "Max_Shear_Force/KN": 9.5569469999999992, "Utilization": 8.7991159999999997, "Max_Tensile_Stress/MPa": 2.2649349999999999, "Max_Bending_Stress/MPa": 0.00022699999999999999, "Avg_Displacement/mm": 10.521571, "Max_Displacement/mm": 32.079641000000002, "Max_Principal_Stress/MPa": 0.019827999999999998, "Interstorey_Drift_Failure": ["False"], "Avg_Shear_Force/KN": 1.4499649999999999, "Avg_Bending_Moment/KNm": 0.69678499999999999, "Max_Bending_Moment/KNm": 3.7797610000000001, "Interstorey_Drift_Ratios": ["0.0040254h"], "Max_Compresive_Stress/MPa": -0.77973300000000001}