{"Buckling_Load_Factor": 17.391427, "Max_Shear_Stress/MPa": 0.00014999999999999999, "Max_Shear_Force/KN": 11.128812999999999, "Utilization": 6.6970150000000004, "Max_Tensile_Stress/MPa": 1.7824409999999999, "Max_Bending_Stress/MPa": 0.000164, "Avg_Displacement/mm": 7.9986670000000002, "Max_Displacement/mm": 23.049085000000002, "Max_Principal_Stress/MPa": 0.012061000000000001, "Interstorey_Drift_Failure": ["False"], "Avg_Shear_Force/KN": 1.524184, "Avg_Bending_Moment/KNm": 0.57710399999999995, "Max_Bending_Moment/KNm": 2.7416429999999998, "Interstorey_Drift_Ratios": ["0.00237473h"], "Max_Compresive_Stress/MPa": -0.48542200000000002}