{"Buckling_Load_Factor": 4.3714930000000001, "Max_Shear_Stress/MPa": 0.0001, "Max_Shear_Force/KN": 7.4189639999999999, "Utilization": 11.838982, "Max_Tensile_Stress/MPa": 3.195872, "Max_Bending_Stress/MPa": 4.0000000000000003e-05, "Avg_Displacement/mm": 19.233231, "Max_Displacement/mm": 57.063518999999999, "Max_Principal_Stress/MPa": 0.019442000000000001, "Interstorey_Drift_Failure": [], "Avg_Shear_Force/KN": 1.052047, "Avg_Bending_Moment/KNm": 0.29544599999999999, "Max_Bending_Moment/KNm": 1.5105459999999999, "Interstorey_Drift_Ratios": [], "Max_Compresive_Stress/MPa": -1.0813950000000001}