{"Buckling_Load_Factor": 9.4885459999999995, "Max_Shear_Stress/MPa": 0.00014999999999999999, "Max_Shear_Force/KN": 3.0456859999999999, "Utilization": 3.0508410000000001, "Max_Tensile_Stress/MPa": 0.99269099999999999, "Max_Bending_Stress/MPa": 2.0000000000000002e-05, "Avg_Displacement/mm": 3.6666599999999998, "Max_Displacement/mm": 7.9905280000000003, "Max_Principal_Stress/MPa": 0.011553000000000001, "Interstorey_Drift_Failure": ["False"], "Avg_Shear_Force/KN": 0.30372700000000002, "Avg_Bending_Moment/KNm": 0.094640000000000002, "Max_Bending_Moment/KNm": 0.32942399999999999, "Interstorey_Drift_Ratios": ["0.00087151h"], "Max_Compresive_Stress/MPa": -0.41266000000000003}