{"Buckling_Load_Factor": 0.17891799999999999, "Max_Shear_Stress/MPa": 0.0001, "Max_Shear_Force/KN": 4.0814760000000003, "Utilization": 17.305537000000001, "Max_Tensile_Stress/MPa": 3.720272, "Max_Bending_Stress/MPa": 2.0999999999999999e-05, "Avg_Displacement/mm": 27.935268000000001, "Max_Displacement/mm": 112.884343, "Max_Principal_Stress/MPa": 0.040770000000000001, "Interstorey_Drift_Failure": [], "Avg_Shear_Force/KN": 0.46976000000000001, "Avg_Bending_Moment/KNm": 0.103379, "Max_Bending_Moment/KNm": 0.80329799999999996, "Interstorey_Drift_Ratios": [], "Max_Compresive_Stress/MPa": -1.747719}