{"Buckling_Load_Factor": 7.7297060000000002, "Max_Shear_Stress/MPa": 0.0001, "Max_Shear_Force/KN": 1.297887, "Utilization": 6.1588989999999999, "Max_Tensile_Stress/MPa": 1.655872, "Max_Bending_Stress/MPa": 6.8062000000000002e-06, "Avg_Displacement/mm": 2.594894, "Max_Displacement/mm": 7.9813809999999998, "Max_Principal_Stress/MPa": 0.016716000000000002, "Interstorey_Drift_Failure": ["False"], "Avg_Shear_Force/KN": 0.155607, "Avg_Bending_Moment/KNm": 0.031470999999999999, "Max_Bending_Moment/KNm": 0.25523400000000002, "Interstorey_Drift_Ratios": ["0.00057133h"], "Max_Compresive_Stress/MPa": -0.46476899999999999}