{"Buckling_Load_Factor": 18.371106999999999, "Max_Shear_Stress/MPa": 0.0001, "Max_Shear_Force/KN": 9.8927069999999997, "Utilization": 8.1007320000000007, "Max_Tensile_Stress/MPa": 2.1874899999999999, "Max_Bending_Stress/MPa": 7.2000000000000002e-05, "Avg_Displacement/mm": 7.5757459999999996, "Max_Displacement/mm": 22.19134, "Max_Principal_Stress/MPa": 0.019401000000000002, "Interstorey_Drift_Failure": [], "Avg_Shear_Force/KN": 1.271369, "Avg_Bending_Moment/KNm": 0.46651199999999998, "Max_Bending_Moment/KNm": 2.7037629999999999, "Interstorey_Drift_Ratios": [], "Max_Compresive_Stress/MPa": -0.56816900000000004}