{"Buckling_Load_Factor": 28.460066000000001, "Max_Shear_Stress/MPa": 0.0001, "Max_Shear_Force/KN": 4.9984640000000002, "Utilization": 7.8937090000000003, "Max_Tensile_Stress/MPa": 2.0440529999999999, "Max_Bending_Stress/MPa": 3.8000000000000002e-05, "Avg_Displacement/mm": 6.1092940000000002, "Max_Displacement/mm": 17.030649, "Max_Principal_Stress/MPa": 0.020537, "Interstorey_Drift_Failure": [], "Avg_Shear_Force/KN": 0.89354199999999995, "Avg_Bending_Moment/KNm": 0.309749, "Max_Bending_Moment/KNm": 1.4070180000000001, "Interstorey_Drift_Ratios": [], "Max_Compresive_Stress/MPa": -0.648254}