{"Buckling_Load_Factor": 4.3860739999999998, "Max_Shear_Stress/MPa": 0.0001, "Max_Shear_Force/KN": 2.5033979999999998, "Utilization": 10.278005, "Max_Tensile_Stress/MPa": 2.1040070000000002, "Max_Bending_Stress/MPa": 1.0000000000000001e-05, "Avg_Displacement/mm": 12.056856, "Max_Displacement/mm": 18.866925999999999, "Max_Principal_Stress/MPa": 0.017342, "Interstorey_Drift_Failure": ["False"], "Avg_Shear_Force/KN": 0.16422900000000001, "Avg_Bending_Moment/KNm": 0.057408000000000001, "Max_Bending_Moment/KNm": 0.37818099999999999, "Interstorey_Drift_Ratios": ["0.00246081h"], "Max_Compresive_Stress/MPa": -0.52116099999999999}