{"Buckling_Load_Factor": 11.614399000000001, "Max_Shear_Stress/MPa": 0.0001, "Max_Shear_Force/KN": 6.9800579999999997, "Utilization": 5.7505249999999997, "Max_Tensile_Stress/MPa": 1.6449910000000001, "Max_Bending_Stress/MPa": 5.1e-05, "Avg_Displacement/mm": 7.4210450000000003, "Max_Displacement/mm": 24.136755999999998, "Max_Principal_Stress/MPa": 0.018866999999999998, "Interstorey_Drift_Failure": [], "Avg_Shear_Force/KN": 1.0372969999999999, "Avg_Bending_Moment/KNm": 0.39932400000000001, "Max_Bending_Moment/KNm": 1.923762, "Interstorey_Drift_Ratios": [], "Max_Compresive_Stress/MPa": -0.33278999999999997}