{"Buckling_Load_Factor": 3.101556, "Max_Shear_Stress/MPa": 0.00014999999999999999, "Max_Shear_Force/KN": 7.9913850000000002, "Utilization": 12.940303, "Max_Tensile_Stress/MPa": 3.3745750000000001, "Max_Bending_Stress/MPa": 0.00012, "Avg_Displacement/mm": 22.119223000000002, "Max_Displacement/mm": 79.612399999999994, "Max_Principal_Stress/MPa": 0.033349999999999998, "Interstorey_Drift_Failure": ["True"], "Avg_Shear_Force/KN": 0.98161100000000001, "Avg_Bending_Moment/KNm": 0.37275900000000001, "Max_Bending_Moment/KNm": 1.995198, "Interstorey_Drift_Ratios": ["0.01053717h"], "Max_Compresive_Stress/MPa": -1.4542729999999999}