{"Buckling_Load_Factor": 26.413540999999999, "Max_Shear_Stress/MPa": 0.0001, "Max_Shear_Force/KN": 7.56135, "Utilization": 3.9635699999999998, "Max_Tensile_Stress/MPa": 1.46635, "Max_Bending_Stress/MPa": 4.3999999999999999e-05, "Avg_Displacement/mm": 4.8925809999999998, "Max_Displacement/mm": 13.613160000000001, "Max_Principal_Stress/MPa": 0.017045000000000001, "Interstorey_Drift_Failure": [], "Avg_Shear_Force/KN": 1.2398210000000001, "Avg_Bending_Moment/KNm": 0.351769, "Max_Bending_Moment/KNm": 1.6426210000000001, "Interstorey_Drift_Ratios": [], "Max_Compresive_Stress/MPa": -0.383102}