{"Buckling_Load_Factor": 7.6261929999999998, "Max_Shear_Stress/MPa": 0.00014999999999999999, "Max_Shear_Force/KN": 4.1370399999999998, "Utilization": 8.6304960000000008, "Max_Tensile_Stress/MPa": 2.14357, "Max_Bending_Stress/MPa": 7.2999999999999999e-05, "Avg_Displacement/mm": 7.7677430000000003, "Max_Displacement/mm": 28.464331999999999, "Max_Principal_Stress/MPa": 0.019182999999999999, "Interstorey_Drift_Failure": ["False"], "Avg_Shear_Force/KN": 0.44830500000000001, "Avg_Bending_Moment/KNm": 0.155392, "Max_Bending_Moment/KNm": 1.2140329999999999, "Interstorey_Drift_Ratios": ["0.00308652h"], "Max_Compresive_Stress/MPa": -0.55819700000000005}