{"Buckling_Load_Factor": 0.70350999999999997, "Max_Shear_Stress/MPa": 0.00014999999999999999, "Max_Shear_Force/KN": 11.913581000000001, "Utilization": 20.182870000000001, "Max_Tensile_Stress/MPa": 5.3602470000000002, "Max_Bending_Stress/MPa": 0.00019699999999999999, "Avg_Displacement/mm": 30.272265000000001, "Max_Displacement/mm": 104.748093, "Max_Principal_Stress/MPa": 0.035545, "Interstorey_Drift_Failure": ["True"], "Avg_Shear_Force/KN": 1.2973809999999999, "Avg_Bending_Moment/KNm": 0.55479299999999998, "Max_Bending_Moment/KNm": 3.2772899999999998, "Interstorey_Drift_Ratios": ["0.01374112h"], "Max_Compresive_Stress/MPa": -1.554691}