{"Buckling_Load_Factor": 12.545883999999999, "Max_Shear_Stress/MPa": 0.00014999999999999999, "Max_Shear_Force/KN": 18.683489000000002, "Utilization": 7.9301630000000003, "Max_Tensile_Stress/MPa": 1.939659, "Max_Bending_Stress/MPa": 0.00018900000000000001, "Avg_Displacement/mm": 8.1869320000000005, "Max_Displacement/mm": 21.561879999999999, "Max_Principal_Stress/MPa": 0.014959, "Interstorey_Drift_Failure": ["False"], "Avg_Shear_Force/KN": 1.606892, "Avg_Bending_Moment/KNm": 0.57703700000000002, "Max_Bending_Moment/KNm": 3.1420219999999999, "Interstorey_Drift_Ratios": ["0.00253852h"], "Max_Compresive_Stress/MPa": -0.53420999999999996}