{"Buckling_Load_Factor": 4.4047700000000001, "Max_Shear_Stress/MPa": 0.0001, "Max_Shear_Force/KN": 5.2084659999999996, "Utilization": 12.606877000000001, "Max_Tensile_Stress/MPa": 3.4044140000000001, "Max_Bending_Stress/MPa": 4.8999999999999998e-05, "Avg_Displacement/mm": 17.372339, "Max_Displacement/mm": 64.788979999999995, "Max_Principal_Stress/MPa": 0.034100999999999999, "Interstorey_Drift_Failure": [], "Avg_Shear_Force/KN": 0.81070200000000003, "Avg_Bending_Moment/KNm": 0.26677699999999999, "Max_Bending_Moment/KNm": 1.8483419999999999, "Interstorey_Drift_Ratios": [], "Max_Compresive_Stress/MPa": -1.139195}