{"Buckling_Load_Factor": 21.727126999999999, "Max_Shear_Stress/MPa": 0.00014999999999999999, "Max_Shear_Force/KN": 5.6678100000000002, "Utilization": 5.5496340000000002, "Max_Tensile_Stress/MPa": 1.4554419999999999, "Max_Bending_Stress/MPa": 0.000127, "Avg_Displacement/mm": 4.6985429999999999, "Max_Displacement/mm": 9.7035090000000004, "Max_Principal_Stress/MPa": 0.010988, "Interstorey_Drift_Failure": ["False"], "Avg_Shear_Force/KN": 0.93823900000000005, "Avg_Bending_Moment/KNm": 0.37745000000000001, "Max_Bending_Moment/KNm": 2.1135459999999999, "Interstorey_Drift_Ratios": ["0.00094311h"], "Max_Compresive_Stress/MPa": -0.32406099999999999}