{"Buckling_Load_Factor": 21.071026, "Max_Shear_Stress/MPa": 0.0001, "Max_Shear_Force/KN": 6.3239869999999998, "Utilization": 6.5528269999999997, "Max_Tensile_Stress/MPa": 1.7260009999999999, "Max_Bending_Stress/MPa": 6.0000000000000002e-05, "Avg_Displacement/mm": 5.5546720000000001, "Max_Displacement/mm": 17.354693000000001, "Max_Principal_Stress/MPa": 0.015990000000000001, "Interstorey_Drift_Failure": [], "Avg_Shear_Force/KN": 0.98240799999999995, "Avg_Bending_Moment/KNm": 0.400727, "Max_Bending_Moment/KNm": 2.2390490000000001, "Interstorey_Drift_Ratios": [], "Max_Compresive_Stress/MPa": -0.49643599999999999}