{"Buckling_Load_Factor": 9.0175699999999992, "Max_Shear_Stress/MPa": 0.0001, "Max_Shear_Force/KN": 5.4637000000000002, "Utilization": 8.7584990000000005, "Max_Tensile_Stress/MPa": 2.1142539999999999, "Max_Bending_Stress/MPa": 2.5999999999999998e-05, "Avg_Displacement/mm": 9.2904660000000003, "Max_Displacement/mm": 24.202477999999999, "Max_Principal_Stress/MPa": 0.016521000000000001, "Interstorey_Drift_Failure": [], "Avg_Shear_Force/KN": 0.56816500000000003, "Avg_Bending_Moment/KNm": 0.186642, "Max_Bending_Moment/KNm": 0.96361300000000005, "Interstorey_Drift_Ratios": [], "Max_Compresive_Stress/MPa": -0.92582399999999998}