{"Buckling_Load_Factor": 23.651042, "Max_Shear_Stress/MPa": 0.0001, "Max_Shear_Force/KN": 5.5601919999999998, "Utilization": 5.1569260000000003, "Max_Tensile_Stress/MPa": 1.3742460000000001, "Max_Bending_Stress/MPa": 5.5999999999999999e-05, "Avg_Displacement/mm": 3.441424, "Max_Displacement/mm": 8.9122090000000007, "Max_Principal_Stress/MPa": 0.011358999999999999, "Interstorey_Drift_Failure": [], "Avg_Shear_Force/KN": 0.77079600000000004, "Avg_Bending_Moment/KNm": 0.32302700000000001, "Max_Bending_Moment/KNm": 2.1083630000000002, "Interstorey_Drift_Ratios": [], "Max_Compresive_Stress/MPa": -0.31933699999999998}