{"Buckling_Load_Factor": 2.0879560000000001, "Max_Shear_Stress/MPa": 0.0001, "Max_Shear_Force/KN": 1.819448, "Utilization": 7.7255120000000002, "Max_Tensile_Stress/MPa": 2.169152, "Max_Bending_Stress/MPa": 8.5168999999999997e-06, "Avg_Displacement/mm": 10.96603, "Max_Displacement/mm": 31.451702000000001, "Max_Principal_Stress/MPa": 0.022752999999999999, "Interstorey_Drift_Failure": [], "Avg_Shear_Force/KN": 0.216, "Avg_Bending_Moment/KNm": 0.050452999999999998, "Max_Bending_Moment/KNm": 0.319382, "Interstorey_Drift_Ratios": [], "Max_Compresive_Stress/MPa": -0.77153899999999997}