{"Buckling_Load_Factor": 15.300136, "Max_Shear_Stress/MPa": 0.0001, "Max_Shear_Force/KN": 5.7036040000000003, "Utilization": 6.1342179999999997, "Max_Tensile_Stress/MPa": 1.642444, "Max_Bending_Stress/MPa": 6.4999999999999994e-05, "Avg_Displacement/mm": 5.2834099999999999, "Max_Displacement/mm": 11.859586999999999, "Max_Principal_Stress/MPa": 0.010704999999999999, "Interstorey_Drift_Failure": [], "Avg_Shear_Force/KN": 0.842055, "Avg_Bending_Moment/KNm": 0.37895499999999999, "Max_Bending_Moment/KNm": 2.4273669999999998, "Interstorey_Drift_Ratios": [], "Max_Compresive_Stress/MPa": -0.28844500000000001}