{"Buckling_Load_Factor": 43.881571000000001, "Max_Shear_Stress/MPa": 0.00014999999999999999, "Max_Shear_Force/KN": 4.9121569999999997, "Utilization": 3.25928, "Max_Tensile_Stress/MPa": 0.87973400000000002, "Max_Bending_Stress/MPa": 7.2999999999999999e-05, "Avg_Displacement/mm": 2.1538740000000001, "Max_Displacement/mm": 4.3122249999999998, "Max_Principal_Stress/MPa": 0.011585, "Interstorey_Drift_Failure": ["False"], "Avg_Shear_Force/KN": 0.55932199999999999, "Avg_Bending_Moment/KNm": 0.19694800000000001, "Max_Bending_Moment/KNm": 1.222764, "Interstorey_Drift_Ratios": ["0.00033046h"], "Max_Compresive_Stress/MPa": -0.196796}