{"Buckling_Load_Factor": 4.4446450000000004, "Max_Shear_Stress/MPa": 0.0001, "Max_Shear_Force/KN": 4.6427459999999998, "Utilization": 11.349724, "Max_Tensile_Stress/MPa": 3.0410020000000002, "Max_Bending_Stress/MPa": 3.8999999999999999e-05, "Avg_Displacement/mm": 13.043975, "Max_Displacement/mm": 38.790660000000003, "Max_Principal_Stress/MPa": 0.013337, "Interstorey_Drift_Failure": [], "Avg_Shear_Force/KN": 0.63519599999999998, "Avg_Bending_Moment/KNm": 0.22554399999999999, "Max_Bending_Moment/KNm": 1.464404, "Interstorey_Drift_Ratios": [], "Max_Compresive_Stress/MPa": -0.71677900000000005}