{"Buckling_Load_Factor": 6.0012280000000002, "Max_Shear_Stress/MPa": 0.00014999999999999999, "Max_Shear_Force/KN": 4.3221999999999996, "Utilization": 8.6207320000000003, "Max_Tensile_Stress/MPa": 2.297612, "Max_Bending_Stress/MPa": 7.3999999999999996e-05, "Avg_Displacement/mm": 9.056317, "Max_Displacement/mm": 22.996628000000001, "Max_Principal_Stress/MPa": 0.016799000000000001, "Interstorey_Drift_Failure": ["False"], "Avg_Shear_Force/KN": 0.57469899999999996, "Avg_Bending_Moment/KNm": 0.21115600000000001, "Max_Bending_Moment/KNm": 1.241571, "Interstorey_Drift_Ratios": ["0.00261251h"], "Max_Compresive_Stress/MPa": -0.53887700000000005}