{"Buckling_Load_Factor": 9.8561700000000005, "Max_Shear_Stress/MPa": 0.00014999999999999999, "Max_Shear_Force/KN": 1.433101, "Utilization": 4.3273830000000002, "Max_Tensile_Stress/MPa": 1.0657840000000001, "Max_Bending_Stress/MPa": 1.0000000000000001e-05, "Avg_Displacement/mm": 4.2796029999999998, "Max_Displacement/mm": 6.5835739999999996, "Max_Principal_Stress/MPa": 0.01206, "Interstorey_Drift_Failure": ["False"], "Avg_Shear_Force/KN": 0.113009, "Avg_Bending_Moment/KNm": 0.030547999999999999, "Max_Bending_Moment/KNm": 0.17482900000000001, "Interstorey_Drift_Ratios": ["0.00070534h"], "Max_Compresive_Stress/MPa": -0.34364600000000001}