{"Buckling_Load_Factor": 16.251791999999998, "Max_Shear_Stress/MPa": 0.00014999999999999999, "Max_Shear_Force/KN": 6.5644739999999997, "Utilization": 6.6677439999999999, "Max_Tensile_Stress/MPa": 1.4679040000000001, "Max_Bending_Stress/MPa": 0.00017699999999999999, "Avg_Displacement/mm": 6.5408989999999996, "Max_Displacement/mm": 24.187481999999999, "Max_Principal_Stress/MPa": 0.013971000000000001, "Interstorey_Drift_Failure": ["False"], "Avg_Shear_Force/KN": 1.244713, "Avg_Bending_Moment/KNm": 0.56744499999999998, "Max_Bending_Moment/KNm": 2.948051, "Interstorey_Drift_Ratios": ["0.00276064h"], "Max_Compresive_Stress/MPa": -0.492064}