{"Buckling_Load_Factor": 4.7032790000000002, "Max_Shear_Stress/MPa": 0.0001, "Max_Shear_Force/KN": 5.7587570000000001, "Utilization": 16.363592000000001, "Max_Tensile_Stress/MPa": 4.2918570000000003, "Max_Bending_Stress/MPa": 7.2000000000000002e-05, "Avg_Displacement/mm": 22.772238000000002, "Max_Displacement/mm": 83.112835000000004, "Max_Principal_Stress/MPa": 0.036296000000000002, "Interstorey_Drift_Failure": ["False"], "Avg_Shear_Force/KN": 0.80305099999999996, "Avg_Bending_Moment/KNm": 0.31135499999999999, "Max_Bending_Moment/KNm": 2.704421, "Interstorey_Drift_Ratios": ["0.00894939h"], "Max_Compresive_Stress/MPa": -1.670836}