{"Buckling_Load_Factor": 7.0053669999999997, "Max_Shear_Stress/MPa": 0.0001, "Max_Shear_Force/KN": 5.8637259999999998, "Utilization": 11.150706, "Max_Tensile_Stress/MPa": 2.855575, "Max_Bending_Stress/MPa": 3.8000000000000002e-05, "Avg_Displacement/mm": 13.636267, "Max_Displacement/mm": 41.590490000000003, "Max_Principal_Stress/MPa": 0.025992999999999999, "Interstorey_Drift_Failure": [], "Avg_Shear_Force/KN": 0.61077000000000004, "Avg_Bending_Moment/KNm": 0.21529799999999999, "Max_Bending_Moment/KNm": 1.4278299999999999, "Interstorey_Drift_Ratios": [], "Max_Compresive_Stress/MPa": -0.78984600000000005}