{"Buckling_Load_Factor": 26.37349, "Max_Shear_Stress/MPa": 0.0001, "Max_Shear_Force/KN": 6.3948539999999996, "Utilization": 3.6576490000000002, "Max_Tensile_Stress/MPa": 1.062249, "Max_Bending_Stress/MPa": 3.8000000000000002e-05, "Avg_Displacement/mm": 3.6173419999999998, "Max_Displacement/mm": 9.8324309999999997, "Max_Principal_Stress/MPa": 0.013136, "Interstorey_Drift_Failure": [], "Avg_Shear_Force/KN": 0.67607899999999999, "Avg_Bending_Moment/KNm": 0.25163999999999997, "Max_Bending_Moment/KNm": 1.439603, "Interstorey_Drift_Ratios": [], "Max_Compresive_Stress/MPa": -0.33605400000000002}