{"Buckling_Load_Factor": 1.7283679999999999, "Max_Shear_Stress/MPa": 0.00014999999999999999, "Max_Shear_Force/KN": 2.4384039999999998, "Utilization": 9.4596649999999993, "Max_Tensile_Stress/MPa": 2.8587030000000002, "Max_Bending_Stress/MPa": 3.3000000000000003e-05, "Avg_Displacement/mm": 17.482731000000001, "Max_Displacement/mm": 51.367848000000002, "Max_Principal_Stress/MPa": 0.031469999999999998, "Interstorey_Drift_Failure": ["False"], "Avg_Shear_Force/KN": 0.273426, "Avg_Bending_Moment/KNm": 0.084952, "Max_Bending_Moment/KNm": 0.54169599999999996, "Interstorey_Drift_Ratios": ["0.00575122h"], "Max_Compresive_Stress/MPa": -0.99725600000000003}