{"Buckling_Load_Factor": 8.0458499999999997, "Max_Shear_Stress/MPa": 0.0001, "Max_Shear_Force/KN": 4.1917549999999997, "Utilization": 9.4537040000000001, "Max_Tensile_Stress/MPa": 2.5324260000000001, "Max_Bending_Stress/MPa": 4.1999999999999998e-05, "Avg_Displacement/mm": 8.6636000000000006, "Max_Displacement/mm": 36.780790000000003, "Max_Principal_Stress/MPa": 0.021368999999999999, "Interstorey_Drift_Failure": [], "Avg_Shear_Force/KN": 0.61134200000000005, "Avg_Bending_Moment/KNm": 0.18815100000000001, "Max_Bending_Moment/KNm": 1.564376, "Interstorey_Drift_Ratios": [], "Max_Compresive_Stress/MPa": -0.94361200000000001}