{"Buckling_Load_Factor": 24.610844, "Max_Shear_Stress/MPa": 0.00014999999999999999, "Max_Shear_Force/KN": 12.306642999999999, "Utilization": 6.2120790000000001, "Max_Tensile_Stress/MPa": 1.6555150000000001, "Max_Bending_Stress/MPa": 0.00012300000000000001, "Avg_Displacement/mm": 4.7804549999999999, "Max_Displacement/mm": 12.065909, "Max_Principal_Stress/MPa": 0.010699999999999999, "Interstorey_Drift_Failure": ["False"], "Avg_Shear_Force/KN": 1.127929, "Avg_Bending_Moment/KNm": 0.35820200000000002, "Max_Bending_Moment/KNm": 2.054392, "Interstorey_Drift_Ratios": ["0.00106618h"], "Max_Compresive_Stress/MPa": -0.35319299999999998}