{"Buckling_Load_Factor": 5.0355449999999999, "Max_Shear_Stress/MPa": 0.00014999999999999999, "Max_Shear_Force/KN": 1.2181999999999999, "Utilization": 4.4227889999999999, "Max_Tensile_Stress/MPa": 1.1065590000000001, "Max_Bending_Stress/MPa": 1.1e-05, "Avg_Displacement/mm": 4.2648739999999998, "Max_Displacement/mm": 11.920156, "Max_Principal_Stress/MPa": 0.012430999999999999, "Interstorey_Drift_Failure": ["False"], "Avg_Shear_Force/KN": 0.172904, "Avg_Bending_Moment/KNm": 0.036579, "Max_Bending_Moment/KNm": 0.17643, "Interstorey_Drift_Ratios": ["0.00104215h"], "Max_Compresive_Stress/MPa": -0.43601699999999999}