{"Buckling_Load_Factor": 25.735258000000002, "Max_Shear_Stress/MPa": 0.00014999999999999999, "Max_Shear_Force/KN": 20.572399999999998, "Utilization": 10.954833000000001, "Max_Tensile_Stress/MPa": 2.8933689999999999, "Max_Bending_Stress/MPa": 0.00025399999999999999, "Avg_Displacement/mm": 6.4148290000000001, "Max_Displacement/mm": 18.726427000000001, "Max_Principal_Stress/MPa": 0.015958, "Interstorey_Drift_Failure": ["False"], "Avg_Shear_Force/KN": 1.321037, "Avg_Bending_Moment/KNm": 0.49330200000000002, "Max_Bending_Moment/KNm": 4.2301270000000004, "Interstorey_Drift_Ratios": ["0.00214973h"], "Max_Compresive_Stress/MPa": -0.72584700000000002}