{"Buckling_Load_Factor": 10.1563, "Max_Shear_Stress/MPa": 0.0001, "Max_Shear_Force/KN": 3.6812969999999998, "Utilization": 6.3055279999999998, "Max_Tensile_Stress/MPa": 2.4591880000000002, "Max_Bending_Stress/MPa": 2.5999999999999998e-05, "Avg_Displacement/mm": 8.2981409999999993, "Max_Displacement/mm": 27.041599999999999, "Max_Principal_Stress/MPa": 0.027133000000000001, "Interstorey_Drift_Failure": [], "Avg_Shear_Force/KN": 0.56877999999999995, "Avg_Bending_Moment/KNm": 0.16784099999999999, "Max_Bending_Moment/KNm": 0.969835, "Interstorey_Drift_Ratios": [], "Max_Compresive_Stress/MPa": -0.51247399999999999}