{"Buckling_Load_Factor": 31.029512, "Max_Shear_Stress/MPa": 0.00014999999999999999, "Max_Shear_Force/KN": 5.7801609999999997, "Utilization": 2.91561, "Max_Tensile_Stress/MPa": 1.0031060000000001, "Max_Bending_Stress/MPa": 4.3999999999999999e-05, "Avg_Displacement/mm": 2.3982929999999998, "Max_Displacement/mm": 6.1554640000000003, "Max_Principal_Stress/MPa": 0.012364, "Interstorey_Drift_Failure": ["False"], "Avg_Shear_Force/KN": 0.52342100000000003, "Avg_Bending_Moment/KNm": 0.16799900000000001, "Max_Bending_Moment/KNm": 0.74114800000000003, "Interstorey_Drift_Ratios": ["0.00055767h"], "Max_Compresive_Stress/MPa": -0.166017}