{"Buckling_Load_Factor": 4.2079089999999999, "Max_Shear_Stress/MPa": 0.00014999999999999999, "Max_Shear_Force/KN": 4.760148, "Utilization": 10.590206, "Max_Tensile_Stress/MPa": 2.8506680000000002, "Max_Bending_Stress/MPa": 9.8999999999999994e-05, "Avg_Displacement/mm": 15.563537, "Max_Displacement/mm": 48.327604000000001, "Max_Principal_Stress/MPa": 0.023715, "Interstorey_Drift_Failure": ["False"], "Avg_Shear_Force/KN": 0.79278300000000002, "Avg_Bending_Moment/KNm": 0.32275900000000002, "Max_Bending_Moment/KNm": 1.644649, "Interstorey_Drift_Ratios": ["0.0051563h"], "Max_Compresive_Stress/MPa": -0.93800700000000004}