{"Buckling_Load_Factor": 1.499417, "Max_Shear_Stress/MPa": 0.00014999999999999999, "Max_Shear_Force/KN": 3.0074740000000002, "Utilization": 13.938445, "Max_Tensile_Stress/MPa": 3.7025160000000001, "Max_Bending_Stress/MPa": 5.3000000000000001e-05, "Avg_Displacement/mm": 18.366392000000001, "Max_Displacement/mm": 60.913117999999997, "Max_Principal_Stress/MPa": 0.034390999999999998, "Interstorey_Drift_Failure": ["False"], "Avg_Shear_Force/KN": 0.32985799999999998, "Avg_Bending_Moment/KNm": 0.104356, "Max_Bending_Moment/KNm": 0.889378, "Interstorey_Drift_Ratios": ["0.00653003h"], "Max_Compresive_Stress/MPa": -1.1299159999999999}