{"Buckling_Load_Factor": 4.4845509999999997, "Max_Shear_Stress/MPa": 0.00014999999999999999, "Max_Shear_Force/KN": 2.137524, "Utilization": 8.1191209999999998, "Max_Tensile_Stress/MPa": 2.0275759999999998, "Max_Bending_Stress/MPa": 2.4000000000000001e-05, "Avg_Displacement/mm": 10.075861, "Max_Displacement/mm": 25.259989999999998, "Max_Principal_Stress/MPa": 0.019828999999999999, "Interstorey_Drift_Failure": ["False"], "Avg_Shear_Force/KN": 0.25287599999999999, "Avg_Bending_Moment/KNm": 0.056738999999999998, "Max_Bending_Moment/KNm": 0.39235300000000001, "Interstorey_Drift_Ratios": ["0.00223205h"], "Max_Compresive_Stress/MPa": -0.74876100000000001}