{"Buckling_Load_Factor": 10.959209, "Max_Shear_Stress/MPa": 0.0001, "Max_Shear_Force/KN": 2.8324240000000001, "Utilization": 5.8754609999999996, "Max_Tensile_Stress/MPa": 1.508688, "Max_Bending_Stress/MPa": 1.8e-05, "Avg_Displacement/mm": 3.1462819999999998, "Max_Displacement/mm": 6.2703800000000003, "Max_Principal_Stress/MPa": 0.012326, "Interstorey_Drift_Failure": ["False"], "Avg_Shear_Force/KN": 0.45675399999999999, "Avg_Bending_Moment/KNm": 0.11296, "Max_Bending_Moment/KNm": 0.66025699999999998, "Interstorey_Drift_Ratios": ["0.000585h"], "Max_Compresive_Stress/MPa": -0.38940799999999998}