{"Buckling_Load_Factor": 0.26478000000000002, "Max_Shear_Stress/MPa": 0.0001, "Max_Shear_Force/KN": 3.8468059999999999, "Utilization": 17.240615999999999, "Max_Tensile_Stress/MPa": 4.869173, "Max_Bending_Stress/MPa": 1.8e-05, "Avg_Displacement/mm": 38.012636999999998, "Max_Displacement/mm": 117.267743, "Max_Principal_Stress/MPa": 0.050077999999999998, "Interstorey_Drift_Failure": [], "Avg_Shear_Force/KN": 0.47658499999999998, "Avg_Bending_Moment/KNm": 0.105723, "Max_Bending_Moment/KNm": 0.68286999999999998, "Interstorey_Drift_Ratios": [], "Max_Compresive_Stress/MPa": -1.503385}