{"Buckling_Load_Factor": 3.063771, "Max_Shear_Stress/MPa": 0.00014999999999999999, "Max_Shear_Force/KN": 1.84457, "Utilization": 5.9769930000000002, "Max_Tensile_Stress/MPa": 1.5812870000000001, "Max_Bending_Stress/MPa": 1.8e-05, "Avg_Displacement/mm": 7.9531869999999998, "Max_Displacement/mm": 26.158321000000001, "Max_Principal_Stress/MPa": 0.017125000000000001, "Interstorey_Drift_Failure": ["False"], "Avg_Shear_Force/KN": 0.19850400000000001, "Avg_Bending_Moment/KNm": 0.041939999999999998, "Max_Bending_Moment/KNm": 0.305033, "Interstorey_Drift_Ratios": ["0.00267248h"], "Max_Compresive_Stress/MPa": -0.55376499999999995}