{"Buckling_Load_Factor": 11.006003, "Max_Shear_Stress/MPa": 0.00014999999999999999, "Max_Shear_Force/KN": 3.783531, "Utilization": 6.4774180000000001, "Max_Tensile_Stress/MPa": 1.698555, "Max_Bending_Stress/MPa": 5.8e-05, "Avg_Displacement/mm": 7.5732419999999996, "Max_Displacement/mm": 19.762207, "Max_Principal_Stress/MPa": 0.017802999999999999, "Interstorey_Drift_Failure": ["False"], "Avg_Shear_Force/KN": 0.58282900000000004, "Avg_Bending_Moment/KNm": 0.17836199999999999, "Max_Bending_Moment/KNm": 0.96131900000000003, "Interstorey_Drift_Ratios": ["0.00206055h"], "Max_Compresive_Stress/MPa": -0.47289500000000001}