{"Buckling_Load_Factor": 10.219298, "Max_Shear_Stress/MPa": 0.00014999999999999999, "Max_Shear_Force/KN": 4.3348709999999997, "Utilization": 6.8453119999999998, "Max_Tensile_Stress/MPa": 1.7253229999999999, "Max_Bending_Stress/MPa": 5.5999999999999999e-05, "Avg_Displacement/mm": 5.1122339999999999, "Max_Displacement/mm": 13.475213999999999, "Max_Principal_Stress/MPa": 0.014128999999999999, "Interstorey_Drift_Failure": ["False"], "Avg_Shear_Force/KN": 0.38776699999999997, "Avg_Bending_Moment/KNm": 0.14036599999999999, "Max_Bending_Moment/KNm": 0.93963600000000003, "Interstorey_Drift_Ratios": ["0.00126058h"], "Max_Compresive_Stress/MPa": -0.40827000000000002}