{"Buckling_Load_Factor": 35.153450999999997, "Max_Shear_Stress/MPa": 0.00014999999999999999, "Max_Shear_Force/KN": 10.855010999999999, "Utilization": 5.897977, "Max_Tensile_Stress/MPa": 1.517109, "Max_Bending_Stress/MPa": 0.00012999999999999999, "Avg_Displacement/mm": 4.744383, "Max_Displacement/mm": 13.685273, "Max_Principal_Stress/MPa": 0.015798, "Interstorey_Drift_Failure": ["False"], "Avg_Shear_Force/KN": 1.0119290000000001, "Avg_Bending_Moment/KNm": 0.33907599999999999, "Max_Bending_Moment/KNm": 2.1641720000000002, "Interstorey_Drift_Ratios": ["0.00137634h"], "Max_Compresive_Stress/MPa": -0.51789799999999997}