{"Buckling_Load_Factor": 3.0008059999999999, "Max_Shear_Stress/MPa": 0.0001, "Max_Shear_Force/KN": 1.920655, "Utilization": 8.2689450000000004, "Max_Tensile_Stress/MPa": 1.9919100000000001, "Max_Bending_Stress/MPa": 1.0000000000000001e-05, "Avg_Displacement/mm": 9.2576339999999995, "Max_Displacement/mm": 19.696182, "Max_Principal_Stress/MPa": 0.018974000000000001, "Interstorey_Drift_Failure": [], "Avg_Shear_Force/KN": 0.21104600000000001, "Avg_Bending_Moment/KNm": 0.057917999999999997, "Max_Bending_Moment/KNm": 0.38831399999999999, "Interstorey_Drift_Ratios": [], "Max_Compresive_Stress/MPa": -0.56470200000000004}