{"Buckling_Load_Factor": 6.4622489999999999, "Max_Shear_Stress/MPa": 0.00014999999999999999, "Max_Shear_Force/KN": 4.7008640000000002, "Utilization": 7.1928349999999996, "Max_Tensile_Stress/MPa": 1.578783, "Max_Bending_Stress/MPa": 5.3999999999999998e-05, "Avg_Displacement/mm": 6.7209519999999996, "Max_Displacement/mm": 19.156096999999999, "Max_Principal_Stress/MPa": 0.017131, "Interstorey_Drift_Failure": ["False"], "Avg_Shear_Force/KN": 0.454897, "Avg_Bending_Moment/KNm": 0.17217399999999999, "Max_Bending_Moment/KNm": 0.90074600000000005, "Interstorey_Drift_Ratios": ["0.00197406h"], "Max_Compresive_Stress/MPa": -0.60960199999999998}