{"Buckling_Load_Factor": 10.786811999999999, "Max_Shear_Stress/MPa": 0.0001, "Max_Shear_Force/KN": 10.747545000000001, "Utilization": 7.9544800000000002, "Max_Tensile_Stress/MPa": 2.1313689999999998, "Max_Bending_Stress/MPa": 7.1000000000000005e-05, "Avg_Displacement/mm": 9.3668990000000001, "Max_Displacement/mm": 26.098879, "Max_Principal_Stress/MPa": 0.015597, "Interstorey_Drift_Failure": [], "Avg_Shear_Force/KN": 1.4190259999999999, "Avg_Bending_Moment/KNm": 0.55072299999999996, "Max_Bending_Moment/KNm": 2.6496499999999998, "Interstorey_Drift_Ratios": [], "Max_Compresive_Stress/MPa": -0.36183700000000002}