{"Buckling_Load_Factor": 26.498470000000001, "Max_Shear_Stress/MPa": 0.0001, "Max_Shear_Force/KN": 6.4659789999999999, "Utilization": 6.0131800000000002, "Max_Tensile_Stress/MPa": 1.5475920000000001, "Max_Bending_Stress/MPa": 5.8999999999999998e-05, "Avg_Displacement/mm": 5.235188, "Max_Displacement/mm": 16.176551, "Max_Principal_Stress/MPa": 0.017909000000000001, "Interstorey_Drift_Failure": [], "Avg_Shear_Force/KN": 1.0866169999999999, "Avg_Bending_Moment/KNm": 0.35453200000000001, "Max_Bending_Moment/KNm": 2.2166610000000002, "Interstorey_Drift_Ratios": [], "Max_Compresive_Stress/MPa": -0.39714100000000002}