{"Buckling_Load_Factor": 2.796818, "Max_Shear_Stress/MPa": 0.00014999999999999999, "Max_Shear_Force/KN": 1.585823, "Utilization": 4.9855520000000002, "Max_Tensile_Stress/MPa": 1.3954530000000001, "Max_Bending_Stress/MPa": 1.2e-05, "Avg_Displacement/mm": 5.0717800000000004, "Max_Displacement/mm": 17.827013000000001, "Max_Principal_Stress/MPa": 0.015997999999999998, "Interstorey_Drift_Failure": ["False"], "Avg_Shear_Force/KN": 0.150284, "Avg_Bending_Moment/KNm": 0.036657000000000002, "Max_Bending_Moment/KNm": 0.20750199999999999, "Interstorey_Drift_Ratios": ["0.00189769h"], "Max_Compresive_Stress/MPa": -0.47467599999999999}