{"Buckling_Load_Factor": 5.41751, "Max_Shear_Stress/MPa": 0.00014999999999999999, "Max_Shear_Force/KN": 8.5404420000000005, "Utilization": 14.700424, "Max_Tensile_Stress/MPa": 3.8752080000000002, "Max_Bending_Stress/MPa": 0.000136, "Avg_Displacement/mm": 18.633603999999998, "Max_Displacement/mm": 53.824415000000002, "Max_Principal_Stress/MPa": 0.023293000000000001, "Interstorey_Drift_Failure": ["False"], "Avg_Shear_Force/KN": 1.2252700000000001, "Avg_Bending_Moment/KNm": 0.37262000000000001, "Max_Bending_Moment/KNm": 2.266124, "Interstorey_Drift_Ratios": ["0.00647777h"], "Max_Compresive_Stress/MPa": -1.275331}