{"Buckling_Load_Factor": 12.371589, "Max_Shear_Stress/MPa": 0.00014999999999999999, "Max_Shear_Force/KN": 6.157063, "Utilization": 7.1852530000000003, "Max_Tensile_Stress/MPa": 1.6729020000000001, "Max_Bending_Stress/MPa": 6.4999999999999994e-05, "Avg_Displacement/mm": 7.8124700000000002, "Max_Displacement/mm": 24.569890999999998, "Max_Principal_Stress/MPa": 0.018241, "Interstorey_Drift_Failure": ["False"], "Avg_Shear_Force/KN": 0.68007099999999998, "Avg_Bending_Moment/KNm": 0.20019300000000001, "Max_Bending_Moment/KNm": 1.0786249999999999, "Interstorey_Drift_Ratios": ["0.00200324h"], "Max_Compresive_Stress/MPa": -0.67396400000000001}