{"Buckling_Load_Factor": 0.45450200000000002, "Max_Shear_Stress/MPa": 0.00014999999999999999, "Max_Shear_Force/KN": 3.550751, "Utilization": 17.30837, "Max_Tensile_Stress/MPa": 4.5780050000000001, "Max_Bending_Stress/MPa": 5.8999999999999998e-05, "Avg_Displacement/mm": 22.044978, "Max_Displacement/mm": 74.227458999999996, "Max_Principal_Stress/MPa": 0.029817, "Interstorey_Drift_Failure": ["False"], "Avg_Shear_Force/KN": 0.582847, "Avg_Bending_Moment/KNm": 0.142849, "Max_Bending_Moment/KNm": 0.99018099999999998, "Interstorey_Drift_Ratios": ["0.00742351h"], "Max_Compresive_Stress/MPa": -1.6679550000000001}