{"Buckling_Load_Factor": 13.597375, "Max_Shear_Stress/MPa": 0.0001, "Max_Shear_Force/KN": 5.333361, "Utilization": 6.8491489999999997, "Max_Tensile_Stress/MPa": 1.8387070000000001, "Max_Bending_Stress/MPa": 3.0000000000000001e-05, "Avg_Displacement/mm": 5.0908470000000001, "Max_Displacement/mm": 19.270202000000001, "Max_Principal_Stress/MPa": 0.014858, "Interstorey_Drift_Failure": [], "Avg_Shear_Force/KN": 0.49798100000000001, "Avg_Bending_Moment/KNm": 0.15590200000000001, "Max_Bending_Moment/KNm": 1.1356329999999999, "Interstorey_Drift_Ratios": [], "Max_Compresive_Stress/MPa": -0.53778999999999999}