{"Buckling_Load_Factor": 17.869520999999999, "Max_Shear_Stress/MPa": 0.00014999999999999999, "Max_Shear_Force/KN": 14.444291, "Utilization": 10.049462999999999, "Max_Tensile_Stress/MPa": 2.688542, "Max_Bending_Stress/MPa": 0.000234, "Avg_Displacement/mm": 7.8686730000000003, "Max_Displacement/mm": 25.106636000000002, "Max_Principal_Stress/MPa": 0.018578999999999998, "Interstorey_Drift_Failure": ["False"], "Avg_Shear_Force/KN": 1.1313040000000001, "Avg_Bending_Moment/KNm": 0.50392099999999995, "Max_Bending_Moment/KNm": 3.9022830000000002, "Interstorey_Drift_Ratios": ["0.00267253h"], "Max_Compresive_Stress/MPa": -0.89269500000000002}