{"Buckling_Load_Factor": 29.740767999999999, "Max_Shear_Stress/MPa": 0.00014999999999999999, "Max_Shear_Force/KN": 14.235721, "Utilization": 10.568902, "Max_Tensile_Stress/MPa": 2.8224649999999998, "Max_Bending_Stress/MPa": 0.00019100000000000001, "Avg_Displacement/mm": 8.8714239999999993, "Max_Displacement/mm": 24.857648999999999, "Max_Principal_Stress/MPa": 0.021663000000000002, "Interstorey_Drift_Failure": ["False"], "Avg_Shear_Force/KN": 1.496327, "Avg_Bending_Moment/KNm": 0.52825500000000003, "Max_Bending_Moment/KNm": 3.1894870000000002, "Interstorey_Drift_Ratios": ["0.002533h"], "Max_Compresive_Stress/MPa": -0.91182700000000005}