{"Buckling_Load_Factor": 28.161383000000001, "Max_Shear_Stress/MPa": 0.00014999999999999999, "Max_Shear_Force/KN": 6.1044700000000001, "Utilization": 4.0971609999999998, "Max_Tensile_Stress/MPa": 1.425451, "Max_Bending_Stress/MPa": 0.000103, "Avg_Displacement/mm": 4.4907069999999996, "Max_Displacement/mm": 15.124203, "Max_Principal_Stress/MPa": 0.016891, "Interstorey_Drift_Failure": ["False"], "Avg_Shear_Force/KN": 0.95724399999999998, "Avg_Bending_Moment/KNm": 0.32222299999999998, "Max_Bending_Moment/KNm": 1.710758, "Interstorey_Drift_Ratios": ["0.00149609h"], "Max_Compresive_Stress/MPa": -0.36012100000000002}