{"Buckling_Load_Factor": 1.3656839999999999, "Max_Shear_Stress/MPa": 0.0001, "Max_Shear_Force/KN": 9.2805129999999991, "Utilization": 27.808561999999998, "Max_Tensile_Stress/MPa": 6.7388300000000001, "Max_Bending_Stress/MPa": 4.3000000000000002e-05, "Avg_Displacement/mm": 79.408867000000001, "Max_Displacement/mm": 208.81238200000001, "Max_Principal_Stress/MPa": 0.052415999999999997, "Interstorey_Drift_Failure": [], "Avg_Shear_Force/KN": 0.77871800000000002, "Avg_Bending_Moment/KNm": 0.221135, "Max_Bending_Moment/KNm": 1.626493, "Interstorey_Drift_Ratios": [], "Max_Compresive_Stress/MPa": -2.6050170000000001}