{"Buckling_Load_Factor": 0.12923399999999999, "Max_Shear_Stress/MPa": 0.00014999999999999999, "Max_Shear_Force/KN": 5.039542, "Utilization": 19.482695, "Max_Tensile_Stress/MPa": 5.0695899999999998, "Max_Bending_Stress/MPa": 6.3e-05, "Avg_Displacement/mm": 36.483083000000001, "Max_Displacement/mm": 120.191061, "Max_Principal_Stress/MPa": 0.03918, "Interstorey_Drift_Failure": ["True"], "Avg_Shear_Force/KN": 0.58019600000000005, "Avg_Bending_Moment/KNm": 0.16631899999999999, "Max_Bending_Moment/KNm": 1.047941, "Interstorey_Drift_Ratios": ["0.0124525h"], "Max_Compresive_Stress/MPa": -1.7260530000000001}