{"Buckling_Load_Factor": 7.9727180000000004, "Max_Shear_Stress/MPa": 0.00014999999999999999, "Max_Shear_Force/KN": 6.1573399999999996, "Utilization": 12.652575000000001, "Max_Tensile_Stress/MPa": 3.1675140000000002, "Max_Bending_Stress/MPa": 0.00011, "Avg_Displacement/mm": 12.964081999999999, "Max_Displacement/mm": 41.329023999999997, "Max_Principal_Stress/MPa": 0.027969999999999998, "Interstorey_Drift_Failure": ["False"], "Avg_Shear_Force/KN": 0.57437199999999999, "Avg_Bending_Moment/KNm": 0.24979399999999999, "Max_Bending_Moment/KNm": 1.8267990000000001, "Interstorey_Drift_Ratios": ["0.00400816h"], "Max_Compresive_Stress/MPa": -1.0387820000000001}