{"Buckling_Load_Factor": 5.0604769999999997, "Max_Shear_Stress/MPa": 0.00014999999999999999, "Max_Shear_Force/KN": 6.0220000000000002, "Utilization": 13.059212, "Max_Tensile_Stress/MPa": 3.498192, "Max_Bending_Stress/MPa": 0.000121, "Avg_Displacement/mm": 15.448881999999999, "Max_Displacement/mm": 57.818657999999999, "Max_Principal_Stress/MPa": 0.028223999999999999, "Interstorey_Drift_Failure": ["False"], "Avg_Shear_Force/KN": 0.95125800000000005, "Avg_Bending_Moment/KNm": 0.32704899999999998, "Max_Bending_Moment/KNm": 2.0100280000000001, "Interstorey_Drift_Ratios": ["0.00561194h"], "Max_Compresive_Stress/MPa": -1.1395230000000001}