{"Buckling_Load_Factor": 27.667596, "Max_Shear_Stress/MPa": 0.00014999999999999999, "Max_Shear_Force/KN": 14.116121, "Utilization": 6.7229359999999998, "Max_Tensile_Stress/MPa": 1.775703, "Max_Bending_Stress/MPa": 0.00015200000000000001, "Avg_Displacement/mm": 5.9229099999999999, "Max_Displacement/mm": 19.642621999999999, "Max_Principal_Stress/MPa": 0.020761999999999999, "Interstorey_Drift_Failure": ["False"], "Avg_Shear_Force/KN": 1.087029, "Avg_Bending_Moment/KNm": 0.37973400000000002, "Max_Bending_Moment/KNm": 2.5325980000000001, "Interstorey_Drift_Ratios": ["0.00173036h"], "Max_Compresive_Stress/MPa": -0.58667199999999997}