{"Buckling_Load_Factor": 5.8138759999999996, "Max_Shear_Stress/MPa": 0.0001, "Max_Shear_Force/KN": 2.1001829999999999, "Utilization": 10.527372, "Max_Tensile_Stress/MPa": 2.376277, "Max_Bending_Stress/MPa": 9.3093000000000008e-06, "Avg_Displacement/mm": 10.166541, "Max_Displacement/mm": 27.016152999999999, "Max_Principal_Stress/MPa": 0.0229, "Interstorey_Drift_Failure": [], "Avg_Shear_Force/KN": 0.26195099999999999, "Avg_Bending_Moment/KNm": 0.052458999999999999, "Max_Bending_Moment/KNm": 0.34910000000000002, "Interstorey_Drift_Ratios": [], "Max_Compresive_Stress/MPa": -0.98036299999999998}