{"Buckling_Load_Factor": 6.7416980000000004, "Max_Shear_Stress/MPa": 0.0001, "Max_Shear_Force/KN": 0.98456399999999999, "Utilization": 3.6754899999999999, "Max_Tensile_Stress/MPa": 1.5131140000000001, "Max_Bending_Stress/MPa": 3.9524999999999999e-06, "Avg_Displacement/mm": 4.3040669999999999, "Max_Displacement/mm": 10.421666, "Max_Principal_Stress/MPa": 0.017284999999999998, "Interstorey_Drift_Failure": [], "Avg_Shear_Force/KN": 0.134682, "Avg_Bending_Moment/KNm": 0.026587, "Max_Bending_Moment/KNm": 0.14821699999999999, "Interstorey_Drift_Ratios": [], "Max_Compresive_Stress/MPa": -0.47889500000000002}