{"Buckling_Load_Factor": 0.090728000000000003, "Max_Shear_Stress/MPa": 0.0001, "Max_Shear_Force/KN": 2.3811270000000002, "Utilization": 10.036277, "Max_Tensile_Stress/MPa": 3.982253, "Max_Bending_Stress/MPa": 1.5e-05, "Avg_Displacement/mm": 23.780933000000001, "Max_Displacement/mm": 103.866395, "Max_Principal_Stress/MPa": 0.041328999999999998, "Interstorey_Drift_Failure": [], "Avg_Shear_Force/KN": 0.348437, "Avg_Bending_Moment/KNm": 0.090049000000000004, "Max_Bending_Moment/KNm": 0.57780100000000001, "Interstorey_Drift_Ratios": [], "Max_Compresive_Stress/MPa": -1.1099429999999999}