{"Buckling_Load_Factor": 4.9503079999999997, "Max_Shear_Stress/MPa": 0.00014999999999999999, "Max_Shear_Force/KN": 1.586206, "Utilization": 5.0341800000000001, "Max_Tensile_Stress/MPa": 1.5724130000000001, "Max_Bending_Stress/MPa": 1.2999999999999999e-05, "Avg_Displacement/mm": 6.2858770000000002, "Max_Displacement/mm": 15.966424, "Max_Principal_Stress/MPa": 0.017856, "Interstorey_Drift_Failure": ["False"], "Avg_Shear_Force/KN": 0.185921, "Avg_Bending_Moment/KNm": 0.037520999999999999, "Max_Bending_Moment/KNm": 0.216253, "Interstorey_Drift_Ratios": ["0.00136005h"], "Max_Compresive_Stress/MPa": -0.51211600000000002}