{"Buckling_Load_Factor": 2.035749, "Max_Shear_Stress/MPa": 0.00014999999999999999, "Max_Shear_Force/KN": 3.6982499999999998, "Utilization": 9.4290559999999992, "Max_Tensile_Stress/MPa": 2.485268, "Max_Bending_Stress/MPa": 3.1999999999999999e-05, "Avg_Displacement/mm": 14.21123, "Max_Displacement/mm": 51.872222999999998, "Max_Principal_Stress/MPa": 0.022273000000000001, "Interstorey_Drift_Failure": ["False"], "Avg_Shear_Force/KN": 0.38888600000000001, "Avg_Bending_Moment/KNm": 0.091429999999999997, "Max_Bending_Moment/KNm": 0.53257699999999997, "Interstorey_Drift_Ratios": ["0.00564335h"], "Max_Compresive_Stress/MPa": -0.94284900000000005}