{"Buckling_Load_Factor": 38.988785, "Max_Shear_Stress/MPa": 0.0001, "Max_Shear_Force/KN": 5.689832, "Utilization": 7.053687, "Max_Tensile_Stress/MPa": 1.7022090000000001, "Max_Bending_Stress/MPa": 4.1e-05, "Avg_Displacement/mm": 4.7591539999999997, "Max_Displacement/mm": 14.733603, "Max_Principal_Stress/MPa": 0.013023, "Interstorey_Drift_Failure": [], "Avg_Shear_Force/KN": 0.85128899999999996, "Avg_Bending_Moment/KNm": 0.26151999999999997, "Max_Bending_Moment/KNm": 1.5335890000000001, "Interstorey_Drift_Ratios": [], "Max_Compresive_Stress/MPa": -0.55079}