{"Buckling_Load_Factor": 1.6773089999999999, "Max_Shear_Stress/MPa": 0.00014999999999999999, "Max_Shear_Force/KN": 2.7640539999999998, "Utilization": 11.149469, "Max_Tensile_Stress/MPa": 3.0385740000000001, "Max_Bending_Stress/MPa": 3.4e-05, "Avg_Displacement/mm": 17.547658999999999, "Max_Displacement/mm": 48.550441999999997, "Max_Principal_Stress/MPa": 0.022402999999999999, "Interstorey_Drift_Failure": ["False"], "Avg_Shear_Force/KN": 0.37614700000000001, "Avg_Bending_Moment/KNm": 0.098263000000000003, "Max_Bending_Moment/KNm": 0.56215599999999999, "Interstorey_Drift_Ratios": ["0.00491187h"], "Max_Compresive_Stress/MPa": -1.3743529999999999}