{"Buckling_Load_Factor": 26.268013, "Max_Shear_Stress/MPa": 0.00014999999999999999, "Max_Shear_Force/KN": 6.0861559999999999, "Utilization": 5.6697939999999996, "Max_Tensile_Stress/MPa": 1.617205, "Max_Bending_Stress/MPa": 0.000127, "Avg_Displacement/mm": 5.0837000000000003, "Max_Displacement/mm": 15.479661, "Max_Principal_Stress/MPa": 0.018832000000000002, "Interstorey_Drift_Failure": ["False"], "Avg_Shear_Force/KN": 0.88437399999999999, "Avg_Bending_Moment/KNm": 0.36185099999999998, "Max_Bending_Moment/KNm": 2.1230039999999999, "Interstorey_Drift_Ratios": ["0.00152861h"], "Max_Compresive_Stress/MPa": -0.43292000000000003}