{"Buckling_Load_Factor": 2.1836799999999998, "Max_Shear_Stress/MPa": 0.0001, "Max_Shear_Force/KN": 3.9756659999999999, "Utilization": 14.5082, "Max_Tensile_Stress/MPa": 2.582462, "Max_Bending_Stress/MPa": 1.2e-05, "Avg_Displacement/mm": 19.872233999999999, "Max_Displacement/mm": 61.297141000000003, "Max_Principal_Stress/MPa": 0.027734999999999999, "Interstorey_Drift_Failure": [], "Avg_Shear_Force/KN": 0.42833500000000002, "Avg_Bending_Moment/KNm": 0.104628, "Max_Bending_Moment/KNm": 0.43798999999999999, "Interstorey_Drift_Ratios": [], "Max_Compresive_Stress/MPa": -0.95229600000000003}