{"Buckling_Load_Factor": 6.0017740000000002, "Max_Shear_Stress/MPa": 0.0001, "Max_Shear_Force/KN": 5.5050379999999999, "Utilization": 10.327363, "Max_Tensile_Stress/MPa": 2.7205469999999998, "Max_Bending_Stress/MPa": 2.8e-05, "Avg_Displacement/mm": 12.508944, "Max_Displacement/mm": 44.427103000000002, "Max_Principal_Stress/MPa": 0.029378000000000001, "Interstorey_Drift_Failure": [], "Avg_Shear_Force/KN": 0.732464, "Avg_Bending_Moment/KNm": 0.22556000000000001, "Max_Bending_Moment/KNm": 1.055858, "Interstorey_Drift_Ratios": [], "Max_Compresive_Stress/MPa": -0.71566600000000002}