{"Buckling_Load_Factor": 7.975333, "Max_Shear_Stress/MPa": 0.0001, "Max_Shear_Force/KN": 5.8693970000000002, "Utilization": 6.8250529999999996, "Max_Tensile_Stress/MPa": 1.953889, "Max_Bending_Stress/MPa": 2.6999999999999999e-05, "Avg_Displacement/mm": 11.115684999999999, "Max_Displacement/mm": 31.749210000000001, "Max_Principal_Stress/MPa": 0.021531999999999999, "Interstorey_Drift_Failure": [], "Avg_Shear_Force/KN": 0.74577700000000002, "Avg_Bending_Moment/KNm": 0.17342399999999999, "Max_Bending_Moment/KNm": 1.014931, "Interstorey_Drift_Ratios": [], "Max_Compresive_Stress/MPa": -0.90454100000000004}