{"Buckling_Load_Factor": 10.46795, "Max_Shear_Stress/MPa": 0.0001, "Max_Shear_Force/KN": 3.6623830000000002, "Utilization": 6.0721119999999997, "Max_Tensile_Stress/MPa": 1.949352, "Max_Bending_Stress/MPa": 2.0999999999999999e-05, "Avg_Displacement/mm": 7.2439619999999998, "Max_Displacement/mm": 22.441752999999999, "Max_Principal_Stress/MPa": 0.021760000000000002, "Interstorey_Drift_Failure": [], "Avg_Shear_Force/KN": 0.55481599999999998, "Avg_Bending_Moment/KNm": 0.165321, "Max_Bending_Moment/KNm": 0.78284900000000002, "Interstorey_Drift_Ratios": [], "Max_Compresive_Stress/MPa": -0.65727199999999997}