{"Buckling_Load_Factor": 10.246948, "Max_Shear_Stress/MPa": 0.00014999999999999999, "Max_Shear_Force/KN": 4.9895699999999996, "Utilization": 9.9458389999999994, "Max_Tensile_Stress/MPa": 2.6773660000000001, "Max_Bending_Stress/MPa": 8.5000000000000006e-05, "Avg_Displacement/mm": 7.1450180000000003, "Max_Displacement/mm": 26.776910000000001, "Max_Principal_Stress/MPa": 0.02019, "Interstorey_Drift_Failure": ["False"], "Avg_Shear_Force/KN": 0.47597899999999999, "Avg_Bending_Moment/KNm": 0.15359400000000001, "Max_Bending_Moment/KNm": 1.408957, "Interstorey_Drift_Ratios": ["0.00295228h"], "Max_Compresive_Stress/MPa": -0.70722300000000005}