{"Buckling_Load_Factor": 13.745316000000001, "Max_Shear_Stress/MPa": 0.00014999999999999999, "Max_Shear_Force/KN": 8.9084420000000009, "Utilization": 13.311194, "Max_Tensile_Stress/MPa": 3.529963, "Max_Bending_Stress/MPa": 0.00032200000000000002, "Avg_Displacement/mm": 10.495649, "Max_Displacement/mm": 41.052455999999999, "Max_Principal_Stress/MPa": 0.023404999999999999, "Interstorey_Drift_Failure": ["False"], "Avg_Shear_Force/KN": 1.5589489999999999, "Avg_Bending_Moment/KNm": 0.77980799999999995, "Max_Bending_Moment/KNm": 5.3644020000000001, "Interstorey_Drift_Ratios": ["0.00467407h"], "Max_Compresive_Stress/MPa": -1.05098}