{"Buckling_Load_Factor": 2.1386970000000001, "Max_Shear_Stress/MPa": 0.00014999999999999999, "Max_Shear_Force/KN": 2.4235980000000001, "Utilization": 7.8858560000000004, "Max_Tensile_Stress/MPa": 2.025245, "Max_Bending_Stress/MPa": 2.5000000000000001e-05, "Avg_Displacement/mm": 11.740456, "Max_Displacement/mm": 31.829643000000001, "Max_Principal_Stress/MPa": 0.020903999999999999, "Interstorey_Drift_Failure": ["False"], "Avg_Shear_Force/KN": 0.27337899999999998, "Avg_Bending_Moment/KNm": 0.078065999999999997, "Max_Bending_Moment/KNm": 0.41882200000000003, "Interstorey_Drift_Ratios": ["0.00382222h"], "Max_Compresive_Stress/MPa": -0.75043899999999997}