{"Buckling_Load_Factor": 8.6146890000000003, "Max_Shear_Stress/MPa": 0.0001, "Max_Shear_Force/KN": 4.483765, "Utilization": 6.894177, "Max_Tensile_Stress/MPa": 2.2938170000000002, "Max_Bending_Stress/MPa": 2.5000000000000001e-05, "Avg_Displacement/mm": 9.2907600000000006, "Max_Displacement/mm": 25.722021000000002, "Max_Principal_Stress/MPa": 0.024936, "Interstorey_Drift_Failure": ["False"], "Avg_Shear_Force/KN": 0.69182699999999997, "Avg_Bending_Moment/KNm": 0.179259, "Max_Bending_Moment/KNm": 0.94670900000000002, "Interstorey_Drift_Ratios": ["0.00267744h"], "Max_Compresive_Stress/MPa": -0.55878300000000003}