{"Buckling_Load_Factor": 4.1406840000000003, "Max_Shear_Stress/MPa": 0.00014999999999999999, "Max_Shear_Force/KN": 12.123900000000001, "Utilization": 18.338443000000002, "Max_Tensile_Stress/MPa": 4.7274630000000002, "Max_Bending_Stress/MPa": 0.00018900000000000001, "Avg_Displacement/mm": 29.828631999999999, "Max_Displacement/mm": 91.127202999999994, "Max_Principal_Stress/MPa": 0.036597999999999999, "Interstorey_Drift_Failure": ["True"], "Avg_Shear_Force/KN": 0.98227699999999996, "Avg_Bending_Moment/KNm": 0.473769, "Max_Bending_Moment/KNm": 3.14194, "Interstorey_Drift_Ratios": ["0.01055588h"], "Max_Compresive_Stress/MPa": -1.5256240000000001}