{"Buckling_Load_Factor": 16.316469999999999, "Max_Shear_Stress/MPa": 0.0001, "Max_Shear_Force/KN": 8.0771300000000004, "Utilization": 5.4738550000000004, "Max_Tensile_Stress/MPa": 1.482299, "Max_Bending_Stress/MPa": 5.5000000000000002e-05, "Avg_Displacement/mm": 7.0416869999999996, "Max_Displacement/mm": 16.584788, "Max_Principal_Stress/MPa": 0.015585, "Interstorey_Drift_Failure": [], "Avg_Shear_Force/KN": 1.343431, "Avg_Bending_Moment/KNm": 0.49676599999999999, "Max_Bending_Moment/KNm": 2.074211, "Interstorey_Drift_Ratios": [], "Max_Compresive_Stress/MPa": -0.40373799999999999}