{"Buckling_Load_Factor": 15.325519, "Max_Shear_Stress/MPa": 0.0001, "Max_Shear_Force/KN": 8.8580179999999995, "Utilization": 9.1078790000000005, "Max_Tensile_Stress/MPa": 2.4427379999999999, "Max_Bending_Stress/MPa": 7.6000000000000004e-05, "Avg_Displacement/mm": 8.0222470000000001, "Max_Displacement/mm": 29.725300000000001, "Max_Principal_Stress/MPa": 0.023154999999999999, "Interstorey_Drift_Failure": [], "Avg_Shear_Force/KN": 1.0999829999999999, "Avg_Bending_Moment/KNm": 0.40426099999999998, "Max_Bending_Moment/KNm": 2.8666109999999998, "Interstorey_Drift_Ratios": [], "Max_Compresive_Stress/MPa": -0.66216600000000003}