{"Buckling_Load_Factor": 12.300318000000001, "Max_Shear_Stress/MPa": 0.0001, "Max_Shear_Force/KN": 10.0219, "Utilization": 9.2297700000000003, "Max_Tensile_Stress/MPa": 2.4183270000000001, "Max_Bending_Stress/MPa": 0.000102, "Avg_Displacement/mm": 8.8800019999999993, "Max_Displacement/mm": 29.271735, "Max_Principal_Stress/MPa": 0.018478000000000001, "Interstorey_Drift_Failure": [], "Avg_Shear_Force/KN": 1.2499979999999999, "Avg_Bending_Moment/KNm": 0.51022800000000001, "Max_Bending_Moment/KNm": 3.837933, "Interstorey_Drift_Ratios": [], "Max_Compresive_Stress/MPa": -0.56349899999999997}