{"Buckling_Load_Factor": 26.654226000000001, "Max_Shear_Stress/MPa": 0.0001, "Max_Shear_Force/KN": 5.4072430000000002, "Utilization": 5.314819, "Max_Tensile_Stress/MPa": 1.41465, "Max_Bending_Stress/MPa": 5.3999999999999998e-05, "Avg_Displacement/mm": 3.6018129999999999, "Max_Displacement/mm": 7.3662979999999996, "Max_Principal_Stress/MPa": 0.01108, "Interstorey_Drift_Failure": ["False"], "Avg_Shear_Force/KN": 0.84369099999999997, "Avg_Bending_Moment/KNm": 0.32860800000000001, "Max_Bending_Moment/KNm": 2.0376349999999999, "Interstorey_Drift_Ratios": ["0.00073779h"], "Max_Compresive_Stress/MPa": -0.30222500000000002}