{"Buckling_Load_Factor": 2.811388, "Max_Shear_Stress/MPa": 0.00014999999999999999, "Max_Shear_Force/KN": 2.5808909999999998, "Utilization": 12.193004999999999, "Max_Tensile_Stress/MPa": 3.125553, "Max_Bending_Stress/MPa": 3.8000000000000002e-05, "Avg_Displacement/mm": 11.933187, "Max_Displacement/mm": 37.585996000000002, "Max_Principal_Stress/MPa": 0.025673000000000001, "Interstorey_Drift_Failure": ["False"], "Avg_Shear_Force/KN": 0.21925500000000001, "Avg_Bending_Moment/KNm": 0.066142000000000006, "Max_Bending_Moment/KNm": 0.63365199999999999, "Interstorey_Drift_Ratios": ["0.00401151h"], "Max_Compresive_Stress/MPa": -0.85877499999999996}