{"Buckling_Load_Factor": 6.1908690000000002, "Max_Shear_Stress/MPa": 0.0001, "Max_Shear_Force/KN": 4.2077159999999996, "Utilization": 13.579046999999999, "Max_Tensile_Stress/MPa": 3.2427380000000001, "Max_Bending_Stress/MPa": 2.6999999999999999e-05, "Avg_Displacement/mm": 12.929887000000001, "Max_Displacement/mm": 42.191836000000002, "Max_Principal_Stress/MPa": 0.023695999999999998, "Interstorey_Drift_Failure": [], "Avg_Shear_Force/KN": 0.69486599999999998, "Avg_Bending_Moment/KNm": 0.20913899999999999, "Max_Bending_Moment/KNm": 1.002143, "Interstorey_Drift_Ratios": [], "Max_Compresive_Stress/MPa": -1.169672}