{"Buckling_Load_Factor": 8.6096540000000008, "Max_Shear_Stress/MPa": 0.00014999999999999999, "Max_Shear_Force/KN": 13.776230999999999, "Utilization": 12.08893, "Max_Tensile_Stress/MPa": 3.2578239999999998, "Max_Bending_Stress/MPa": 0.00029, "Avg_Displacement/mm": 11.784777, "Max_Displacement/mm": 39.288364000000001, "Max_Principal_Stress/MPa": 0.016548, "Interstorey_Drift_Failure": ["False"], "Avg_Shear_Force/KN": 1.7684850000000001, "Avg_Bending_Moment/KNm": 0.82649799999999995, "Max_Bending_Moment/KNm": 4.8350340000000003, "Interstorey_Drift_Ratios": ["0.00471182h"], "Max_Compresive_Stress/MPa": -1.191581}