{"Buckling_Load_Factor": 14.182090000000001, "Max_Shear_Stress/MPa": 0.0001, "Max_Shear_Force/KN": 3.4149470000000002, "Utilization": 5.1050209999999998, "Max_Tensile_Stress/MPa": 1.3142990000000001, "Max_Bending_Stress/MPa": 2.0000000000000002e-05, "Avg_Displacement/mm": 4.0320980000000004, "Max_Displacement/mm": 8.6945619999999995, "Max_Principal_Stress/MPa": 0.012237, "Interstorey_Drift_Failure": [], "Avg_Shear_Force/KN": 0.34058699999999997, "Avg_Bending_Moment/KNm": 0.098295999999999994, "Max_Bending_Moment/KNm": 0.74590800000000002, "Interstorey_Drift_Ratios": [], "Max_Compresive_Stress/MPa": -0.35392299999999999}