{"Buckling_Load_Factor": 4.0274489999999998, "Max_Shear_Stress/MPa": 0.0001, "Max_Shear_Force/KN": 1.565626, "Utilization": 4.4000760000000003, "Max_Tensile_Stress/MPa": 1.5002819999999999, "Max_Bending_Stress/MPa": 6.3829000000000003e-06, "Avg_Displacement/mm": 6.551571, "Max_Displacement/mm": 23.058651999999999, "Max_Principal_Stress/MPa": 0.016468, "Interstorey_Drift_Failure": [], "Avg_Shear_Force/KN": 0.19684299999999999, "Avg_Bending_Moment/KNm": 0.037544000000000001, "Max_Bending_Moment/KNm": 0.23935899999999999, "Interstorey_Drift_Ratios": [], "Max_Compresive_Stress/MPa": -0.49826599999999999}