{"Buckling_Load_Factor": 20.586919999999999, "Max_Shear_Stress/MPa": 0.00014999999999999999, "Max_Shear_Force/KN": 9.1681290000000004, "Utilization": 5.8535029999999999, "Max_Tensile_Stress/MPa": 1.5641989999999999, "Max_Bending_Stress/MPa": 0.000145, "Avg_Displacement/mm": 6.2794119999999998, "Max_Displacement/mm": 18.625471999999998, "Max_Principal_Stress/MPa": 0.015966000000000001, "Interstorey_Drift_Failure": ["False"], "Avg_Shear_Force/KN": 1.1469259999999999, "Avg_Bending_Moment/KNm": 0.45240599999999997, "Max_Bending_Moment/KNm": 2.4160590000000002, "Interstorey_Drift_Ratios": ["0.00210706h"], "Max_Compresive_Stress/MPa": -0.43246299999999999}