{"Buckling_Load_Factor": 6.6685270000000001, "Max_Shear_Stress/MPa": 0.0001, "Max_Shear_Force/KN": 1.0477920000000001, "Utilization": 4.2280620000000004, "Max_Tensile_Stress/MPa": 1.3107070000000001, "Max_Bending_Stress/MPa": 4.1308999999999997e-06, "Avg_Displacement/mm": 3.2699090000000002, "Max_Displacement/mm": 8.2100249999999999, "Max_Principal_Stress/MPa": 0.015004999999999999, "Interstorey_Drift_Failure": [], "Avg_Shear_Force/KN": 0.12826499999999999, "Avg_Bending_Moment/KNm": 0.024362999999999999, "Max_Bending_Moment/KNm": 0.15490899999999999, "Interstorey_Drift_Ratios": [], "Max_Compresive_Stress/MPa": -0.36266599999999999}