{"Buckling_Load_Factor": 3.7791709999999998, "Max_Shear_Stress/MPa": 0.0001, "Max_Shear_Force/KN": 5.8716460000000001, "Utilization": 14.673328, "Max_Tensile_Stress/MPa": 3.8330289999999998, "Max_Bending_Stress/MPa": 6.3e-05, "Avg_Displacement/mm": 17.323250999999999, "Max_Displacement/mm": 70.748294999999999, "Max_Principal_Stress/MPa": 0.025831, "Interstorey_Drift_Failure": [], "Avg_Shear_Force/KN": 0.86513600000000002, "Avg_Bending_Moment/KNm": 0.28596899999999997, "Max_Bending_Moment/KNm": 2.3484919999999998, "Interstorey_Drift_Ratios": [], "Max_Compresive_Stress/MPa": -1.2252639999999999}