{"Buckling_Load_Factor": 0.24224100000000001, "Max_Shear_Stress/MPa": 0.0001, "Max_Shear_Force/KN": 2.8320340000000002, "Utilization": 11.793122, "Max_Tensile_Stress/MPa": 3.049417, "Max_Bending_Stress/MPa": 1.5999999999999999e-05, "Avg_Displacement/mm": 21.892717999999999, "Max_Displacement/mm": 64.644942999999998, "Max_Principal_Stress/MPa": 0.023705, "Interstorey_Drift_Failure": [], "Avg_Shear_Force/KN": 0.38061200000000001, "Avg_Bending_Moment/KNm": 0.094542000000000001, "Max_Bending_Moment/KNm": 0.61369899999999999, "Interstorey_Drift_Ratios": [], "Max_Compresive_Stress/MPa": -1.4736800000000001}