{"Buckling_Load_Factor": 43.039299999999997, "Max_Shear_Stress/MPa": 0.0001, "Max_Shear_Force/KN": 5.8363360000000002, "Utilization": 5.304773, "Max_Tensile_Stress/MPa": 1.703713, "Max_Bending_Stress/MPa": 3.8999999999999999e-05, "Avg_Displacement/mm": 4.3728980000000002, "Max_Displacement/mm": 12.259383, "Max_Principal_Stress/MPa": 0.021203, "Interstorey_Drift_Failure": [], "Avg_Shear_Force/KN": 0.73509999999999998, "Avg_Bending_Moment/KNm": 0.24865699999999999, "Max_Bending_Moment/KNm": 1.473201, "Interstorey_Drift_Ratios": [], "Max_Compresive_Stress/MPa": -0.54532800000000003}