{"Buckling_Load_Factor": 5.7432970000000001, "Max_Shear_Stress/MPa": 0.00014999999999999999, "Max_Shear_Force/KN": 2.2108439999999998, "Utilization": 8.0559170000000009, "Max_Tensile_Stress/MPa": 1.586524, "Max_Bending_Stress/MPa": 1.8e-05, "Avg_Displacement/mm": 8.3859619999999993, "Max_Displacement/mm": 13.157121, "Max_Principal_Stress/MPa": 0.015349, "Interstorey_Drift_Failure": ["False"], "Avg_Shear_Force/KN": 0.17117399999999999, "Avg_Bending_Moment/KNm": 0.060308, "Max_Bending_Moment/KNm": 0.29831299999999999, "Interstorey_Drift_Ratios": ["0.0016176h"], "Max_Compresive_Stress/MPa": -0.46587800000000001}