{"Buckling_Load_Factor": 12.656008999999999, "Max_Shear_Stress/MPa": 0.00014999999999999999, "Max_Shear_Force/KN": 11.845723, "Utilization": 12.201411999999999, "Max_Tensile_Stress/MPa": 3.3057400000000001, "Max_Bending_Stress/MPa": 0.00030600000000000001, "Avg_Displacement/mm": 10.63644, "Max_Displacement/mm": 34.135444, "Max_Principal_Stress/MPa": 0.017396999999999999, "Interstorey_Drift_Failure": ["False"], "Avg_Shear_Force/KN": 1.544008, "Avg_Bending_Moment/KNm": 0.778443, "Max_Bending_Moment/KNm": 5.100155, "Interstorey_Drift_Ratios": ["0.00429747h"], "Max_Compresive_Stress/MPa": -0.72037300000000004}