{"Buckling_Load_Factor": 1.802257, "Max_Shear_Stress/MPa": 0.00014999999999999999, "Max_Shear_Force/KN": 3.3419590000000001, "Utilization": 12.505827, "Max_Tensile_Stress/MPa": 3.2200199999999999, "Max_Bending_Stress/MPa": 2.6999999999999999e-05, "Avg_Displacement/mm": 19.606528000000001, "Max_Displacement/mm": 64.344142000000005, "Max_Principal_Stress/MPa": 0.035694999999999998, "Interstorey_Drift_Failure": ["False"], "Avg_Shear_Force/KN": 0.37976500000000002, "Avg_Bending_Moment/KNm": 0.094519000000000006, "Max_Bending_Moment/KNm": 0.45592500000000002, "Interstorey_Drift_Ratios": ["0.00662931h"], "Max_Compresive_Stress/MPa": -2.0227909999999998}