{"Buckling_Load_Factor": 0.098796999999999996, "Max_Shear_Stress/MPa": 0.0001, "Max_Shear_Force/KN": 2.878209, "Utilization": 20.080345000000001, "Max_Tensile_Stress/MPa": 5.3254549999999998, "Max_Bending_Stress/MPa": 2.8e-05, "Avg_Displacement/mm": 22.050412000000001, "Max_Displacement/mm": 72.508998000000005, "Max_Principal_Stress/MPa": 0.026155000000000001, "Interstorey_Drift_Failure": [], "Avg_Shear_Force/KN": 0.39358599999999999, "Avg_Bending_Moment/KNm": 0.11396000000000001, "Max_Bending_Moment/KNm": 1.051193, "Interstorey_Drift_Ratios": [], "Max_Compresive_Stress/MPa": -1.372072}