{"Buckling_Load_Factor": 15.082506, "Max_Shear_Stress/MPa": 0.00014999999999999999, "Max_Shear_Force/KN": 18.001338000000001, "Utilization": 10.246975000000001, "Max_Tensile_Stress/MPa": 2.7272430000000001, "Max_Bending_Stress/MPa": 0.00026800000000000001, "Avg_Displacement/mm": 7.7693690000000002, "Max_Displacement/mm": 26.397394999999999, "Max_Principal_Stress/MPa": 0.020465000000000001, "Interstorey_Drift_Failure": ["False"], "Avg_Shear_Force/KN": 1.557404, "Avg_Bending_Moment/KNm": 0.60220099999999999, "Max_Bending_Moment/KNm": 4.4597889999999998, "Interstorey_Drift_Ratios": ["0.00282798h"], "Max_Compresive_Stress/MPa": -0.91265200000000002}