{"Buckling_Load_Factor": 0.326762, "Max_Shear_Stress/MPa": 0.00014999999999999999, "Max_Shear_Force/KN": 4.4859349999999996, "Utilization": 17.730432, "Max_Tensile_Stress/MPa": 3.9225590000000001, "Max_Bending_Stress/MPa": 6.3999999999999997e-05, "Avg_Displacement/mm": 33.344760000000001, "Max_Displacement/mm": 112.483339, "Max_Principal_Stress/MPa": 0.034827999999999998, "Interstorey_Drift_Failure": ["True"], "Avg_Shear_Force/KN": 0.51456900000000005, "Avg_Bending_Moment/KNm": 0.151419, "Max_Bending_Moment/KNm": 1.059483, "Interstorey_Drift_Ratios": ["0.01244187h"], "Max_Compresive_Stress/MPa": -2.211201}