{"Buckling_Load_Factor": 4.2412200000000002, "Max_Shear_Stress/MPa": 0.0001, "Max_Shear_Force/KN": 1.747312, "Utilization": 5.4376249999999997, "Max_Tensile_Stress/MPa": 1.326187, "Max_Bending_Stress/MPa": 5.7640999999999996e-06, "Avg_Displacement/mm": 5.6009950000000002, "Max_Displacement/mm": 18.942183, "Max_Principal_Stress/MPa": 0.014692999999999999, "Interstorey_Drift_Failure": [], "Avg_Shear_Force/KN": 0.150311, "Avg_Bending_Moment/KNm": 0.033193, "Max_Bending_Moment/KNm": 0.21615200000000001, "Interstorey_Drift_Ratios": [], "Max_Compresive_Stress/MPa": -0.42635499999999998}