{"Buckling_Load_Factor": 0.0045820000000000001, "Max_Shear_Stress/MPa": 0.00014999999999999999, "Max_Shear_Force/KN": 15.857505, "Utilization": 21.183803999999999, "Max_Tensile_Stress/MPa": 5.7077030000000004, "Max_Bending_Stress/MPa": 0.00021100000000000001, "Avg_Displacement/mm": 32.856115000000003, "Max_Displacement/mm": 96.16977, "Max_Principal_Stress/MPa": 0.032076, "Interstorey_Drift_Failure": ["True"], "Avg_Shear_Force/KN": 1.1814439999999999, "Avg_Bending_Moment/KNm": 0.64204499999999998, "Max_Bending_Moment/KNm": 3.508778, "Interstorey_Drift_Ratios": ["0.01240846h"], "Max_Compresive_Stress/MPa": -1.3269569999999999}