{"Buckling_Load_Factor": 6.0714439999999996, "Max_Shear_Stress/MPa": 0.00014999999999999999, "Max_Shear_Force/KN": 12.218893, "Utilization": 10.339055, "Max_Tensile_Stress/MPa": 2.628987, "Max_Bending_Stress/MPa": 8.3999999999999995e-05, "Avg_Displacement/mm": 9.0101720000000007, "Max_Displacement/mm": 38.325707000000001, "Max_Principal_Stress/MPa": 0.022183999999999999, "Interstorey_Drift_Failure": ["False"], "Avg_Shear_Force/KN": 0.52257100000000001, "Avg_Bending_Moment/KNm": 0.181397, "Max_Bending_Moment/KNm": 1.3994599999999999, "Interstorey_Drift_Ratios": ["0.00431281h"], "Max_Compresive_Stress/MPa": -0.95305399999999996}