{"Buckling_Load_Factor": 7.2285019999999998, "Max_Shear_Stress/MPa": 0.0001, "Max_Shear_Force/KN": 4.3780640000000002, "Utilization": 6.593191, "Max_Tensile_Stress/MPa": 1.734507, "Max_Bending_Stress/MPa": 2.6999999999999999e-05, "Avg_Displacement/mm": 7.8519439999999996, "Max_Displacement/mm": 22.373163999999999, "Max_Principal_Stress/MPa": 0.018029, "Interstorey_Drift_Failure": [], "Avg_Shear_Force/KN": 0.56324200000000002, "Avg_Bending_Moment/KNm": 0.16365199999999999, "Max_Bending_Moment/KNm": 1.005072, "Interstorey_Drift_Ratios": [], "Max_Compresive_Stress/MPa": -0.50533099999999997}