{"Buckling_Load_Factor": 0.73158500000000004, "Max_Shear_Stress/MPa": 0.0001, "Max_Shear_Force/KN": 2.9238580000000001, "Utilization": 14.429871, "Max_Tensile_Stress/MPa": 3.581026, "Max_Bending_Stress/MPa": 2.0999999999999999e-05, "Avg_Displacement/mm": 38.932743000000002, "Max_Displacement/mm": 124.419833, "Max_Principal_Stress/MPa": 0.033746999999999999, "Interstorey_Drift_Failure": ["True"], "Avg_Shear_Force/KN": 0.49776100000000001, "Avg_Bending_Moment/KNm": 0.12923799999999999, "Max_Bending_Moment/KNm": 0.79653799999999997, "Interstorey_Drift_Ratios": ["0.0142769h"], "Max_Compresive_Stress/MPa": -1.6215360000000001}