{"Buckling_Load_Factor": 1.532675, "Max_Shear_Stress/MPa": 0.0001, "Max_Shear_Force/KN": 2.41594, "Utilization": 11.225458, "Max_Tensile_Stress/MPa": 2.9898739999999999, "Max_Bending_Stress/MPa": 1.5999999999999999e-05, "Avg_Displacement/mm": 12.970048999999999, "Max_Displacement/mm": 45.239618999999998, "Max_Principal_Stress/MPa": 0.023012999999999999, "Interstorey_Drift_Failure": [], "Avg_Shear_Force/KN": 0.277887, "Avg_Bending_Moment/KNm": 0.073660000000000003, "Max_Bending_Moment/KNm": 0.60532600000000003, "Interstorey_Drift_Ratios": [], "Max_Compresive_Stress/MPa": -1.116752}