{"Buckling_Load_Factor": 17.733823000000001, "Max_Shear_Stress/MPa": 0.00014999999999999999, "Max_Shear_Force/KN": 6.0682619999999998, "Utilization": 4.8241009999999998, "Max_Tensile_Stress/MPa": 1.2594369999999999, "Max_Bending_Stress/MPa": 0.00010900000000000001, "Avg_Displacement/mm": 4.7332429999999999, "Max_Displacement/mm": 15.33778, "Max_Principal_Stress/MPa": 0.014518, "Interstorey_Drift_Failure": ["False"], "Avg_Shear_Force/KN": 0.78987099999999999, "Avg_Bending_Moment/KNm": 0.37937199999999999, "Max_Bending_Moment/KNm": 1.815337, "Interstorey_Drift_Ratios": ["0.00166338h"], "Max_Compresive_Stress/MPa": -0.25745200000000001}