{"Buckling_Load_Factor": 0.68926699999999996, "Max_Shear_Stress/MPa": 0.0001, "Max_Shear_Force/KN": 3.6760250000000001, "Utilization": 14.922568999999999, "Max_Tensile_Stress/MPa": 3.8556759999999999, "Max_Bending_Stress/MPa": 1.5e-05, "Avg_Displacement/mm": 24.323905, "Max_Displacement/mm": 84.868521999999999, "Max_Principal_Stress/MPa": 0.042109000000000001, "Interstorey_Drift_Failure": [], "Avg_Shear_Force/KN": 0.30419299999999999, "Avg_Bending_Moment/KNm": 0.063495999999999997, "Max_Bending_Moment/KNm": 0.55398599999999998, "Interstorey_Drift_Ratios": [], "Max_Compresive_Stress/MPa": -1.198731}