{"Buckling_Load_Factor": 34.632325999999999, "Max_Shear_Stress/MPa": 0.00014999999999999999, "Max_Shear_Force/KN": 5.7664309999999999, "Utilization": 3.768068, "Max_Tensile_Stress/MPa": 0.91031399999999996, "Max_Bending_Stress/MPa": 7.8999999999999996e-05, "Avg_Displacement/mm": 2.7298689999999999, "Max_Displacement/mm": 5.1063799999999997, "Max_Principal_Stress/MPa": 0.011253000000000001, "Interstorey_Drift_Failure": ["False"], "Avg_Shear_Force/KN": 0.612375, "Avg_Bending_Moment/KNm": 0.23451900000000001, "Max_Bending_Moment/KNm": 1.3120099999999999, "Interstorey_Drift_Ratios": ["0.0004712h"], "Max_Compresive_Stress/MPa": -0.25256699999999999}