{"Buckling_Load_Factor": 6.1952550000000004, "Max_Shear_Stress/MPa": 0.0001, "Max_Shear_Force/KN": 5.6432919999999998, "Utilization": 10.722814, "Max_Tensile_Stress/MPa": 2.7645819999999999, "Max_Bending_Stress/MPa": 4.1999999999999998e-05, "Avg_Displacement/mm": 9.4473369999999992, "Max_Displacement/mm": 26.496966, "Max_Principal_Stress/MPa": 0.016716000000000002, "Interstorey_Drift_Failure": ["False"], "Avg_Shear_Force/KN": 0.62524900000000005, "Avg_Bending_Moment/KNm": 0.23711199999999999, "Max_Bending_Moment/KNm": 1.563847, "Interstorey_Drift_Ratios": ["0.00318456h"], "Max_Compresive_Stress/MPa": -0.80535500000000004}