{"Buckling_Load_Factor": 8.3415389999999991, "Max_Shear_Stress/MPa": 0.0001, "Max_Shear_Force/KN": 6.2223670000000002, "Utilization": 9.2282440000000001, "Max_Tensile_Stress/MPa": 2.4133879999999999, "Max_Bending_Stress/MPa": 2.5000000000000001e-05, "Avg_Displacement/mm": 11.977278, "Max_Displacement/mm": 40.538003000000003, "Max_Principal_Stress/MPa": 0.025590000000000002, "Interstorey_Drift_Failure": [], "Avg_Shear_Force/KN": 0.64898, "Avg_Bending_Moment/KNm": 0.17732300000000001, "Max_Bending_Moment/KNm": 0.92374000000000001, "Interstorey_Drift_Ratios": [], "Max_Compresive_Stress/MPa": -0.82283499999999998}