{"Buckling_Load_Factor": 3.3595660000000001, "Max_Shear_Stress/MPa": 0.0001, "Max_Shear_Force/KN": 4.1071070000000001, "Utilization": 7.2841399999999998, "Max_Tensile_Stress/MPa": 1.8267469999999999, "Max_Bending_Stress/MPa": 2.5000000000000001e-05, "Avg_Displacement/mm": 11.516728000000001, "Max_Displacement/mm": 31.423127000000001, "Max_Principal_Stress/MPa": 0.016256, "Interstorey_Drift_Failure": [], "Avg_Shear_Force/KN": 0.57423500000000005, "Avg_Bending_Moment/KNm": 0.194774, "Max_Bending_Moment/KNm": 0.94247400000000003, "Interstorey_Drift_Ratios": [], "Max_Compresive_Stress/MPa": -0.46978500000000001}