{"Buckling_Load_Factor": 5.4260780000000004, "Max_Shear_Stress/MPa": 0.0001, "Max_Shear_Force/KN": 5.0792950000000001, "Utilization": 10.43793, "Max_Tensile_Stress/MPa": 2.624241, "Max_Bending_Stress/MPa": 3.6000000000000001e-05, "Avg_Displacement/mm": 13.592261000000001, "Max_Displacement/mm": 36.905301000000001, "Max_Principal_Stress/MPa": 0.021617999999999998, "Interstorey_Drift_Failure": [], "Avg_Shear_Force/KN": 0.76088800000000001, "Avg_Bending_Moment/KNm": 0.26307399999999997, "Max_Bending_Moment/KNm": 1.3551610000000001, "Interstorey_Drift_Ratios": [], "Max_Compresive_Stress/MPa": -0.87129400000000001}