{"Buckling_Load_Factor": 3.7579720000000001, "Max_Shear_Stress/MPa": 0.00014999999999999999, "Max_Shear_Force/KN": 1.590104, "Utilization": 6.0243950000000002, "Max_Tensile_Stress/MPa": 1.548001, "Max_Bending_Stress/MPa": 1.8e-05, "Avg_Displacement/mm": 5.6972769999999997, "Max_Displacement/mm": 15.818099999999999, "Max_Principal_Stress/MPa": 0.014428, "Interstorey_Drift_Failure": ["False"], "Avg_Shear_Force/KN": 0.18983800000000001, "Avg_Bending_Moment/KNm": 0.044999999999999998, "Max_Bending_Moment/KNm": 0.29250500000000001, "Interstorey_Drift_Ratios": ["0.0016139h"], "Max_Compresive_Stress/MPa": -0.51028499999999999}