{"Buckling_Load_Factor": 11.247541999999999, "Max_Shear_Stress/MPa": 0.00014999999999999999, "Max_Shear_Force/KN": 7.4506420000000002, "Utilization": 9.2197449999999996, "Max_Tensile_Stress/MPa": 2.4863040000000001, "Max_Bending_Stress/MPa": 0.00018000000000000001, "Avg_Displacement/mm": 7.9807639999999997, "Max_Displacement/mm": 21.392948000000001, "Max_Principal_Stress/MPa": 0.014041, "Interstorey_Drift_Failure": ["False"], "Avg_Shear_Force/KN": 1.288619, "Avg_Bending_Moment/KNm": 0.54539599999999999, "Max_Bending_Moment/KNm": 2.9993120000000002, "Interstorey_Drift_Ratios": ["0.00260544h"], "Max_Compresive_Stress/MPa": -0.55271899999999996}