{"Buckling_Load_Factor": 11.150297, "Max_Shear_Stress/MPa": 0.0001, "Max_Shear_Force/KN": 5.5596310000000004, "Utilization": 8.1602160000000001, "Max_Tensile_Stress/MPa": 1.9568019999999999, "Max_Bending_Stress/MPa": 2.9e-05, "Avg_Displacement/mm": 7.1763349999999999, "Max_Displacement/mm": 26.308368000000002, "Max_Principal_Stress/MPa": 0.019168000000000001, "Interstorey_Drift_Failure": ["False"], "Avg_Shear_Force/KN": 0.621479, "Avg_Bending_Moment/KNm": 0.172011, "Max_Bending_Moment/KNm": 1.0989070000000001, "Interstorey_Drift_Ratios": ["0.00262361h"], "Max_Compresive_Stress/MPa": -0.68839099999999998}