{"Buckling_Load_Factor": 8.08873, "Max_Shear_Stress/MPa": 0.0001, "Max_Shear_Force/KN": 29.917718000000001, "Utilization": 10.785765, "Max_Tensile_Stress/MPa": 2.7225570000000001, "Max_Bending_Stress/MPa": 0.00011, "Avg_Displacement/mm": 17.001162999999998, "Max_Displacement/mm": 52.694586999999999, "Max_Principal_Stress/MPa": 0.023175000000000001, "Interstorey_Drift_Failure": [], "Avg_Shear_Force/KN": 1.6013980000000001, "Avg_Bending_Moment/KNm": 0.73490299999999997, "Max_Bending_Moment/KNm": 4.115634, "Interstorey_Drift_Ratios": [], "Max_Compresive_Stress/MPa": -0.75192599999999998}