{"Buckling_Load_Factor": 21.620380999999998, "Max_Shear_Stress/MPa": 0.00014999999999999999, "Max_Shear_Force/KN": 9.9323099999999993, "Utilization": 9.9954459999999994, "Max_Tensile_Stress/MPa": 2.5730849999999998, "Max_Bending_Stress/MPa": 0.00022900000000000001, "Avg_Displacement/mm": 8.2777390000000004, "Max_Displacement/mm": 25.184853, "Max_Principal_Stress/MPa": 0.015901999999999999, "Interstorey_Drift_Failure": ["False"], "Avg_Shear_Force/KN": 1.7753840000000001, "Avg_Bending_Moment/KNm": 0.65020599999999995, "Max_Bending_Moment/KNm": 3.8089170000000001, "Interstorey_Drift_Ratios": ["0.00276917h"], "Max_Compresive_Stress/MPa": -0.78595300000000001}