{"Buckling_Load_Factor": 1.2929379999999999, "Max_Shear_Stress/MPa": 0.0001, "Max_Shear_Force/KN": 2.3911519999999999, "Utilization": 10.317140999999999, "Max_Tensile_Stress/MPa": 2.5332050000000002, "Max_Bending_Stress/MPa": 1.4e-05, "Avg_Displacement/mm": 11.196759999999999, "Max_Displacement/mm": 33.026845000000002, "Max_Principal_Stress/MPa": 0.021122999999999999, "Interstorey_Drift_Failure": [], "Avg_Shear_Force/KN": 0.260015, "Avg_Bending_Moment/KNm": 0.074843000000000007, "Max_Bending_Moment/KNm": 0.53200099999999995, "Interstorey_Drift_Ratios": [], "Max_Compresive_Stress/MPa": -0.66523100000000002}