{"Buckling_Load_Factor": 2.0804260000000001, "Max_Shear_Stress/MPa": 0.0001, "Max_Shear_Force/KN": 2.1622789999999998, "Utilization": 12.752772999999999, "Max_Tensile_Stress/MPa": 3.240078, "Max_Bending_Stress/MPa": 1.5e-05, "Avg_Displacement/mm": 12.801085, "Max_Displacement/mm": 34.264653000000003, "Max_Principal_Stress/MPa": 0.02707, "Interstorey_Drift_Failure": [], "Avg_Shear_Force/KN": 0.28128999999999998, "Avg_Bending_Moment/KNm": 0.071738999999999997, "Max_Bending_Moment/KNm": 0.558832, "Interstorey_Drift_Ratios": [], "Max_Compresive_Stress/MPa": -1.067517}