{"Buckling_Load_Factor": 15.047193, "Max_Shear_Stress/MPa": 0.00014999999999999999, "Max_Shear_Force/KN": 15.239288999999999, "Utilization": 10.035702000000001, "Max_Tensile_Stress/MPa": 2.721123, "Max_Bending_Stress/MPa": 0.00020900000000000001, "Avg_Displacement/mm": 9.64602, "Max_Displacement/mm": 29.693166000000002, "Max_Principal_Stress/MPa": 0.013818, "Interstorey_Drift_Failure": ["False"], "Avg_Shear_Force/KN": 1.477101, "Avg_Bending_Moment/KNm": 0.746749, "Max_Bending_Moment/KNm": 3.4894699999999998, "Interstorey_Drift_Ratios": ["0.00309679h"], "Max_Compresive_Stress/MPa": -0.558612}