{"Buckling_Load_Factor": 3.9364819999999998, "Max_Shear_Stress/MPa": 0.00014999999999999999, "Max_Shear_Force/KN": 2.1444570000000001, "Utilization": 8.0408790000000003, "Max_Tensile_Stress/MPa": 1.8978809999999999, "Max_Bending_Stress/MPa": 1.8e-05, "Avg_Displacement/mm": 7.9721549999999999, "Max_Displacement/mm": 35.238861, "Max_Principal_Stress/MPa": 0.019460999999999999, "Interstorey_Drift_Failure": ["False"], "Avg_Shear_Force/KN": 0.17936099999999999, "Avg_Bending_Moment/KNm": 0.041151, "Max_Bending_Moment/KNm": 0.29273100000000002, "Interstorey_Drift_Ratios": ["0.0038782h"], "Max_Compresive_Stress/MPa": -0.58649899999999999}