{"Buckling_Load_Factor": 8.1317330000000005, "Max_Shear_Stress/MPa": 0.0001, "Max_Shear_Force/KN": 7.7150129999999999, "Utilization": 13.037139, "Max_Tensile_Stress/MPa": 3.5124650000000002, "Max_Bending_Stress/MPa": 0.000107, "Avg_Displacement/mm": 14.641972000000001, "Max_Displacement/mm": 45.95635, "Max_Principal_Stress/MPa": 0.021555999999999999, "Interstorey_Drift_Failure": ["False"], "Avg_Shear_Force/KN": 1.4583470000000001, "Avg_Bending_Moment/KNm": 0.62913399999999997, "Max_Bending_Moment/KNm": 4.022748, "Interstorey_Drift_Ratios": ["0.00576295h"], "Max_Compresive_Stress/MPa": -0.94228800000000001}