{"Buckling_Load_Factor": 12.393195, "Max_Shear_Stress/MPa": 0.0001, "Max_Shear_Force/KN": 3.2229619999999999, "Utilization": 5.8254859999999997, "Max_Tensile_Stress/MPa": 1.4915849999999999, "Max_Bending_Stress/MPa": 2.1999999999999999e-05, "Avg_Displacement/mm": 4.3673209999999996, "Max_Displacement/mm": 10.372094000000001, "Max_Principal_Stress/MPa": 0.012586999999999999, "Interstorey_Drift_Failure": [], "Avg_Shear_Force/KN": 0.43254500000000001, "Avg_Bending_Moment/KNm": 0.12066300000000001, "Max_Bending_Moment/KNm": 0.84217799999999998, "Interstorey_Drift_Ratios": [], "Max_Compresive_Stress/MPa": -0.366315}