{"Buckling_Load_Factor": 1.922652, "Max_Shear_Stress/MPa": 0.0001, "Max_Shear_Force/KN": 2.090001, "Utilization": 9.7114259999999994, "Max_Tensile_Stress/MPa": 2.9105310000000002, "Max_Bending_Stress/MPa": 1.2e-05, "Avg_Displacement/mm": 16.130112, "Max_Displacement/mm": 57.119081000000001, "Max_Principal_Stress/MPa": 0.030460999999999998, "Interstorey_Drift_Failure": [], "Avg_Shear_Force/KN": 0.33314899999999997, "Avg_Bending_Moment/KNm": 0.083703, "Max_Bending_Moment/KNm": 0.43688900000000003, "Interstorey_Drift_Ratios": [], "Max_Compresive_Stress/MPa": -0.91522700000000001}