{"Buckling_Load_Factor": 12.649417, "Max_Shear_Stress/MPa": 0.0001, "Max_Shear_Force/KN": 5.6388220000000002, "Utilization": 5.722429, "Max_Tensile_Stress/MPa": 1.516432, "Max_Bending_Stress/MPa": 5.7000000000000003e-05, "Avg_Displacement/mm": 7.495177, "Max_Displacement/mm": 21.154823, "Max_Principal_Stress/MPa": 0.013415, "Interstorey_Drift_Failure": ["False"], "Avg_Shear_Force/KN": 1.2905709999999999, "Avg_Bending_Moment/KNm": 0.53313600000000005, "Max_Bending_Moment/KNm": 2.1275300000000001, "Interstorey_Drift_Ratios": ["0.00265991h"], "Max_Compresive_Stress/MPa": -0.31738899999999998}