{"Buckling_Load_Factor": 36.868653999999999, "Max_Shear_Stress/MPa": 0.00014999999999999999, "Max_Shear_Force/KN": 5.6835279999999999, "Utilization": 3.4768500000000002, "Max_Tensile_Stress/MPa": 0.76177399999999995, "Max_Bending_Stress/MPa": 5.8e-05, "Avg_Displacement/mm": 1.7959039999999999, "Max_Displacement/mm": 3.4606789999999998, "Max_Principal_Stress/MPa": 0.010316000000000001, "Interstorey_Drift_Failure": ["False"], "Avg_Shear_Force/KN": 0.40343899999999999, "Avg_Bending_Moment/KNm": 0.13731399999999999, "Max_Bending_Moment/KNm": 0.95837000000000006, "Interstorey_Drift_Ratios": ["0.00024206h"], "Max_Compresive_Stress/MPa": -0.16717599999999999}