{"Buckling_Load_Factor": 26.08474, "Max_Shear_Stress/MPa": 0.0001, "Max_Shear_Force/KN": 7.4459249999999999, "Utilization": 4.3277039999999998, "Max_Tensile_Stress/MPa": 1.113683, "Max_Bending_Stress/MPa": 3.6999999999999998e-05, "Avg_Displacement/mm": 4.0104829999999998, "Max_Displacement/mm": 8.9683600000000006, "Max_Principal_Stress/MPa": 0.011289, "Interstorey_Drift_Failure": ["False"], "Avg_Shear_Force/KN": 0.97075999999999996, "Avg_Bending_Moment/KNm": 0.29747499999999999, "Max_Bending_Moment/KNm": 1.3942110000000001, "Interstorey_Drift_Ratios": ["0.00099326h"], "Max_Compresive_Stress/MPa": -0.27613199999999999}