{"Buckling_Load_Factor": 7.1886010000000002, "Max_Shear_Stress/MPa": 0.0001, "Max_Shear_Force/KN": 3.6885560000000002, "Utilization": 6.2994149999999998, "Max_Tensile_Stress/MPa": 1.6891499999999999, "Max_Bending_Stress/MPa": 2.6999999999999999e-05, "Avg_Displacement/mm": 7.5346719999999996, "Max_Displacement/mm": 16.526461999999999, "Max_Principal_Stress/MPa": 0.014145, "Interstorey_Drift_Failure": [], "Avg_Shear_Force/KN": 0.58085699999999996, "Avg_Bending_Moment/KNm": 0.163665, "Max_Bending_Moment/KNm": 0.99723899999999999, "Interstorey_Drift_Ratios": [], "Max_Compresive_Stress/MPa": -0.41298699999999999}