{"Buckling_Load_Factor": 5.2706350000000004, "Max_Shear_Stress/MPa": 0.0001, "Max_Shear_Force/KN": 5.0869070000000001, "Utilization": 7.4476950000000004, "Max_Tensile_Stress/MPa": 2.0476679999999998, "Max_Bending_Stress/MPa": 2.3e-05, "Avg_Displacement/mm": 12.664223, "Max_Displacement/mm": 35.205432000000002, "Max_Principal_Stress/MPa": 0.021292999999999999, "Interstorey_Drift_Failure": [], "Avg_Shear_Force/KN": 0.75442100000000001, "Avg_Bending_Moment/KNm": 0.19195899999999999, "Max_Bending_Moment/KNm": 0.87718600000000002, "Interstorey_Drift_Ratios": [], "Max_Compresive_Stress/MPa": -0.78201200000000004}