{"Buckling_Load_Factor": 5.9570600000000002, "Max_Shear_Stress/MPa": 0.0001, "Max_Shear_Force/KN": 1.8968940000000001, "Utilization": 6.6822970000000002, "Max_Tensile_Stress/MPa": 3.208091, "Max_Bending_Stress/MPa": 9.4136999999999993e-06, "Avg_Displacement/mm": 12.523038, "Max_Displacement/mm": 44.328394000000003, "Max_Principal_Stress/MPa": 0.035472999999999998, "Interstorey_Drift_Failure": [], "Avg_Shear_Force/KN": 0.21000199999999999, "Avg_Bending_Moment/KNm": 0.046314000000000001, "Max_Bending_Moment/KNm": 0.35301399999999999, "Interstorey_Drift_Ratios": [], "Max_Compresive_Stress/MPa": -0.84014999999999995}