{"Buckling_Load_Factor": 0.18071300000000001, "Max_Shear_Stress/MPa": 0.0001, "Max_Shear_Force/KN": 2.3477049999999999, "Utilization": 15.229013999999999, "Max_Tensile_Stress/MPa": 3.7779349999999998, "Max_Bending_Stress/MPa": 1.2999999999999999e-05, "Avg_Displacement/mm": 19.359560999999999, "Max_Displacement/mm": 73.761252999999996, "Max_Principal_Stress/MPa": 0.030336999999999999, "Interstorey_Drift_Failure": [], "Avg_Shear_Force/KN": 0.38375599999999999, "Avg_Bending_Moment/KNm": 0.082461000000000007, "Max_Bending_Moment/KNm": 0.48573, "Interstorey_Drift_Ratios": [], "Max_Compresive_Stress/MPa": -1.3528519999999999}