{"Buckling_Load_Factor": 11.681436, "Max_Shear_Stress/MPa": 0.00014999999999999999, "Max_Shear_Force/KN": 6.3671230000000003, "Utilization": 10.284613999999999, "Max_Tensile_Stress/MPa": 2.5709, "Max_Bending_Stress/MPa": 8.7999999999999998e-05, "Avg_Displacement/mm": 8.3858619999999995, "Max_Displacement/mm": 27.945446, "Max_Principal_Stress/MPa": 0.020358999999999999, "Interstorey_Drift_Failure": ["False"], "Avg_Shear_Force/KN": 0.777254, "Avg_Bending_Moment/KNm": 0.222472, "Max_Bending_Moment/KNm": 1.473212, "Interstorey_Drift_Ratios": ["0.00291807h"], "Max_Compresive_Stress/MPa": -0.88382300000000003}