{"Buckling_Load_Factor": 0.111183, "Max_Shear_Stress/MPa": 0.0001, "Max_Shear_Force/KN": 2.8268840000000002, "Utilization": 17.405134, "Max_Tensile_Stress/MPa": 3.6003430000000001, "Max_Bending_Stress/MPa": 1.8e-05, "Avg_Displacement/mm": 27.828195999999998, "Max_Displacement/mm": 113.955196, "Max_Principal_Stress/MPa": 0.027517, "Interstorey_Drift_Failure": [], "Avg_Shear_Force/KN": 0.381853, "Avg_Bending_Moment/KNm": 0.093358999999999998, "Max_Bending_Moment/KNm": 0.66044800000000004, "Interstorey_Drift_Ratios": [], "Max_Compresive_Stress/MPa": -1.3834500000000001}