{"Buckling_Load_Factor": 4.1625139999999998, "Max_Shear_Stress/MPa": 0.00014999999999999999, "Max_Shear_Force/KN": 2.4088859999999999, "Utilization": 6.7805580000000001, "Max_Tensile_Stress/MPa": 1.958159, "Max_Bending_Stress/MPa": 1.9000000000000001e-05, "Avg_Displacement/mm": 11.462947, "Max_Displacement/mm": 29.924600999999999, "Max_Principal_Stress/MPa": 0.021232000000000001, "Interstorey_Drift_Failure": ["False"], "Avg_Shear_Force/KN": 0.27507700000000002, "Avg_Bending_Moment/KNm": 0.058520999999999997, "Max_Bending_Moment/KNm": 0.323237, "Interstorey_Drift_Ratios": ["0.00296811h"], "Max_Compresive_Stress/MPa": -0.70765999999999996}