{"Buckling_Load_Factor": 18.683790999999999, "Max_Shear_Stress/MPa": 0.0001, "Max_Shear_Force/KN": 8.4536280000000001, "Utilization": 4.8896439999999997, "Max_Tensile_Stress/MPa": 1.28546, "Max_Bending_Stress/MPa": 5.0000000000000002e-05, "Avg_Displacement/mm": 5.3359079999999999, "Max_Displacement/mm": 13.429565999999999, "Max_Principal_Stress/MPa": 0.012274, "Interstorey_Drift_Failure": [], "Avg_Shear_Force/KN": 1.055858, "Avg_Bending_Moment/KNm": 0.40981699999999999, "Max_Bending_Moment/KNm": 1.861391, "Interstorey_Drift_Ratios": [], "Max_Compresive_Stress/MPa": -0.38808500000000001}