{"Buckling_Load_Factor": 5.4517480000000003, "Max_Shear_Stress/MPa": 0.0001, "Max_Shear_Force/KN": 1.891823, "Utilization": 12.856870000000001, "Max_Tensile_Stress/MPa": 2.8512909999999998, "Max_Bending_Stress/MPa": 6.9685000000000003e-06, "Avg_Displacement/mm": 10.536338000000001, "Max_Displacement/mm": 29.541139000000001, "Max_Principal_Stress/MPa": 0.021614000000000001, "Interstorey_Drift_Failure": [], "Avg_Shear_Force/KN": 0.23777599999999999, "Avg_Bending_Moment/KNm": 0.040937000000000001, "Max_Bending_Moment/KNm": 0.26131799999999999, "Interstorey_Drift_Ratios": [], "Max_Compresive_Stress/MPa": -0.93593499999999996}