{"Buckling_Load_Factor": 12.559651000000001, "Max_Shear_Stress/MPa": 0.00014999999999999999, "Max_Shear_Force/KN": 6.0177659999999999, "Utilization": 6.7120730000000002, "Max_Tensile_Stress/MPa": 1.7942149999999999, "Max_Bending_Stress/MPa": 0.00016100000000000001, "Avg_Displacement/mm": 6.5954230000000003, "Max_Displacement/mm": 18.753143000000001, "Max_Principal_Stress/MPa": 0.014038999999999999, "Interstorey_Drift_Failure": ["False"], "Avg_Shear_Force/KN": 1.137138, "Avg_Bending_Moment/KNm": 0.48902000000000001, "Max_Bending_Moment/KNm": 2.6882190000000001, "Interstorey_Drift_Ratios": ["0.00206552h"], "Max_Compresive_Stress/MPa": -0.465443}