{"Buckling_Load_Factor": 12.882522, "Max_Shear_Stress/MPa": 0.0001, "Max_Shear_Force/KN": 6.9849709999999998, "Utilization": 5.1025159999999996, "Max_Tensile_Stress/MPa": 1.3932059999999999, "Max_Bending_Stress/MPa": 5.3000000000000001e-05, "Avg_Displacement/mm": 6.3421120000000002, "Max_Displacement/mm": 17.898018, "Max_Principal_Stress/MPa": 0.013155999999999999, "Interstorey_Drift_Failure": [], "Avg_Shear_Force/KN": 1.194204, "Avg_Bending_Moment/KNm": 0.37786799999999998, "Max_Bending_Moment/KNm": 1.970218, "Interstorey_Drift_Ratios": [], "Max_Compresive_Stress/MPa": -0.36759399999999998}