{"Buckling_Load_Factor": 6.5198219999999996, "Max_Shear_Stress/MPa": 0.0001, "Max_Shear_Force/KN": 3.6917759999999999, "Utilization": 13.58948, "Max_Tensile_Stress/MPa": 3.5416970000000001, "Max_Bending_Stress/MPa": 4.6999999999999997e-05, "Avg_Displacement/mm": 12.529655, "Max_Displacement/mm": 43.561084000000001, "Max_Principal_Stress/MPa": 0.027369999999999998, "Interstorey_Drift_Failure": [], "Avg_Shear_Force/KN": 0.66946300000000003, "Avg_Bending_Moment/KNm": 0.287692, "Max_Bending_Moment/KNm": 1.772445, "Interstorey_Drift_Ratios": [], "Max_Compresive_Stress/MPa": -1.0465310000000001}