{"Buckling_Load_Factor": 13.875137, "Max_Shear_Stress/MPa": 0.00014999999999999999, "Max_Shear_Force/KN": 7.5570459999999997, "Utilization": 5.905951, "Max_Tensile_Stress/MPa": 1.63592, "Max_Bending_Stress/MPa": 0.000144, "Avg_Displacement/mm": 7.9454929999999999, "Max_Displacement/mm": 21.606892999999999, "Max_Principal_Stress/MPa": 0.016338999999999999, "Interstorey_Drift_Failure": ["False"], "Avg_Shear_Force/KN": 1.3439430000000001, "Avg_Bending_Moment/KNm": 0.56407700000000005, "Max_Bending_Moment/KNm": 2.399724, "Interstorey_Drift_Ratios": ["0.00234461h"], "Max_Compresive_Stress/MPa": -0.47612300000000002}