{"Buckling_Load_Factor": 0.32300400000000001, "Max_Shear_Stress/MPa": 0.0001, "Max_Shear_Force/KN": 3.5436730000000001, "Utilization": 20.974043999999999, "Max_Tensile_Stress/MPa": 5.5732109999999997, "Max_Bending_Stress/MPa": 2.3e-05, "Avg_Displacement/mm": 42.519146999999997, "Max_Displacement/mm": 164.42344800000001, "Max_Principal_Stress/MPa": 0.033186, "Interstorey_Drift_Failure": [], "Avg_Shear_Force/KN": 0.53573400000000004, "Avg_Bending_Moment/KNm": 0.13253000000000001, "Max_Bending_Moment/KNm": 0.85864200000000002, "Interstorey_Drift_Ratios": [], "Max_Compresive_Stress/MPa": -2.0093999999999999}