{"Buckling_Load_Factor": 0.58602100000000001, "Max_Shear_Stress/MPa": 0.0001, "Max_Shear_Force/KN": 2.5099140000000002, "Utilization": 18.912156, "Max_Tensile_Stress/MPa": 4.9362570000000003, "Max_Bending_Stress/MPa": 2.0000000000000002e-05, "Avg_Displacement/mm": 30.868845, "Max_Displacement/mm": 87.449563999999995, "Max_Principal_Stress/MPa": 0.036727000000000003, "Interstorey_Drift_Failure": [], "Avg_Shear_Force/KN": 0.43629200000000001, "Avg_Bending_Moment/KNm": 0.120335, "Max_Bending_Moment/KNm": 0.74435899999999999, "Interstorey_Drift_Ratios": [], "Max_Compresive_Stress/MPa": -1.630271}