{"Buckling_Load_Factor": 31.518867, "Max_Shear_Stress/MPa": 0.0001, "Max_Shear_Force/KN": 4.7521589999999998, "Utilization": 4.8944850000000004, "Max_Tensile_Stress/MPa": 1.4803329999999999, "Max_Bending_Stress/MPa": 4.5000000000000003e-05, "Avg_Displacement/mm": 4.6197100000000004, "Max_Displacement/mm": 10.886917, "Max_Principal_Stress/MPa": 0.017683999999999998, "Interstorey_Drift_Failure": [], "Avg_Shear_Force/KN": 0.87529999999999997, "Avg_Bending_Moment/KNm": 0.33280300000000002, "Max_Bending_Moment/KNm": 1.6879459999999999, "Interstorey_Drift_Ratios": [], "Max_Compresive_Stress/MPa": -0.46522999999999998}