{"Buckling_Load_Factor": 9.1227669999999996, "Max_Shear_Stress/MPa": 0.0001, "Max_Shear_Force/KN": 4.6397959999999996, "Utilization": 7.9177270000000002, "Max_Tensile_Stress/MPa": 2.359337, "Max_Bending_Stress/MPa": 3.1000000000000001e-05, "Avg_Displacement/mm": 11.161652, "Max_Displacement/mm": 35.528900999999998, "Max_Principal_Stress/MPa": 0.026193999999999999, "Interstorey_Drift_Failure": [], "Avg_Shear_Force/KN": 0.658528, "Avg_Bending_Moment/KNm": 0.16884399999999999, "Max_Bending_Moment/KNm": 1.156903, "Interstorey_Drift_Ratios": [], "Max_Compresive_Stress/MPa": -0.85983200000000004}