{"Buckling_Load_Factor": 13.70903, "Max_Shear_Stress/MPa": 0.0001, "Max_Shear_Force/KN": 6.1793050000000003, "Utilization": 5.4915159999999998, "Max_Tensile_Stress/MPa": 1.5224930000000001, "Max_Bending_Stress/MPa": 5.1999999999999997e-05, "Avg_Displacement/mm": 6.9449180000000004, "Max_Displacement/mm": 24.803177000000002, "Max_Principal_Stress/MPa": 0.017170000000000001, "Interstorey_Drift_Failure": [], "Avg_Shear_Force/KN": 0.97889199999999998, "Avg_Bending_Moment/KNm": 0.40390999999999999, "Max_Bending_Moment/KNm": 1.9397580000000001, "Interstorey_Drift_Ratios": [], "Max_Compresive_Stress/MPa": -0.43789299999999998}