{"Buckling_Load_Factor": 5.3665120000000002, "Max_Shear_Stress/MPa": 0.00014999999999999999, "Max_Shear_Force/KN": 33.264881000000003, "Utilization": 14.348295999999999, "Max_Tensile_Stress/MPa": 3.854927, "Max_Bending_Stress/MPa": 0.00036699999999999998, "Avg_Displacement/mm": 20.492376, "Max_Displacement/mm": 66.453399000000005, "Max_Principal_Stress/MPa": 0.018287999999999999, "Interstorey_Drift_Failure": ["False"], "Avg_Shear_Force/KN": 2.2428870000000001, "Avg_Bending_Moment/KNm": 1.3041670000000001, "Max_Bending_Moment/KNm": 6.1125600000000002, "Interstorey_Drift_Ratios": ["0.00891153h"], "Max_Compresive_Stress/MPa": -1.10111}