{"Buckling_Load_Factor": 5.2447860000000004, "Max_Shear_Stress/MPa": 0.0001, "Max_Shear_Force/KN": 6.3819340000000002, "Utilization": 9.7843750000000007, "Max_Tensile_Stress/MPa": 2.6423709999999998, "Max_Bending_Stress/MPa": 3.8999999999999999e-05, "Avg_Displacement/mm": 14.654508, "Max_Displacement/mm": 37.396186999999998, "Max_Principal_Stress/MPa": 0.021455999999999999, "Interstorey_Drift_Failure": [], "Avg_Shear_Force/KN": 0.983406, "Avg_Bending_Moment/KNm": 0.25289, "Max_Bending_Moment/KNm": 1.4454499999999999, "Interstorey_Drift_Ratios": [], "Max_Compresive_Stress/MPa": -0.770702}