{"Buckling_Load_Factor": 5.6766639999999997, "Max_Shear_Stress/MPa": 0.00014999999999999999, "Max_Shear_Force/KN": 3.746283, "Utilization": 5.2484919999999997, "Max_Tensile_Stress/MPa": 1.224081, "Max_Bending_Stress/MPa": 3.6000000000000001e-05, "Avg_Displacement/mm": 4.1348710000000004, "Max_Displacement/mm": 12.206644000000001, "Max_Principal_Stress/MPa": 0.011299999999999999, "Interstorey_Drift_Failure": ["False"], "Avg_Shear_Force/KN": 0.37937399999999999, "Avg_Bending_Moment/KNm": 0.12730900000000001, "Max_Bending_Moment/KNm": 0.60061299999999995, "Interstorey_Drift_Ratios": ["0.00118948h"], "Max_Compresive_Stress/MPa": -0.32355699999999998}