{"Buckling_Load_Factor": 16.883165000000002, "Max_Shear_Stress/MPa": 0.00014999999999999999, "Max_Shear_Force/KN": 5.8025710000000004, "Utilization": 4.7344929999999996, "Max_Tensile_Stress/MPa": 1.264788, "Max_Bending_Stress/MPa": 0.000106, "Avg_Displacement/mm": 3.7862529999999999, "Max_Displacement/mm": 9.8391470000000005, "Max_Principal_Stress/MPa": 0.011247, "Interstorey_Drift_Failure": ["False"], "Avg_Shear_Force/KN": 0.74328700000000003, "Avg_Bending_Moment/KNm": 0.31418400000000002, "Max_Bending_Moment/KNm": 1.760715, "Interstorey_Drift_Ratios": ["0.00096887h"], "Max_Compresive_Stress/MPa": -0.284105}