{"Buckling_Load_Factor": 0.102614, "Max_Shear_Stress/MPa": 0.00014999999999999999, "Max_Shear_Force/KN": 9.1662680000000005, "Utilization": 24.851374, "Max_Tensile_Stress/MPa": 6.6084379999999996, "Max_Bending_Stress/MPa": 4.5000000000000003e-05, "Avg_Displacement/mm": 23.218633000000001, "Max_Displacement/mm": 110.059522, "Max_Principal_Stress/MPa": 0.030699000000000001, "Interstorey_Drift_Failure": ["True"], "Avg_Shear_Force/KN": 0.33927200000000002, "Avg_Bending_Moment/KNm": 0.096467999999999998, "Max_Bending_Moment/KNm": 0.749583, "Interstorey_Drift_Ratios": ["0.01345928h"], "Max_Compresive_Stress/MPa": -1.581596}