{"Buckling_Load_Factor": 4.9892409999999998, "Max_Shear_Stress/MPa": 0.00014999999999999999, "Max_Shear_Force/KN": 1.7240390000000001, "Utilization": 6.5116579999999997, "Max_Tensile_Stress/MPa": 1.491976, "Max_Bending_Stress/MPa": 1.5999999999999999e-05, "Avg_Displacement/mm": 5.4534190000000002, "Max_Displacement/mm": 17.826542, "Max_Principal_Stress/MPa": 0.015206000000000001, "Interstorey_Drift_Failure": ["False"], "Avg_Shear_Force/KN": 0.15707199999999999, "Avg_Bending_Moment/KNm": 0.039530000000000003, "Max_Bending_Moment/KNm": 0.274565, "Interstorey_Drift_Ratios": ["0.00155772h"], "Max_Compresive_Stress/MPa": -0.77786299999999997}