{"Buckling_Load_Factor": 39.844422000000002, "Max_Shear_Stress/MPa": 0.00014999999999999999, "Max_Shear_Force/KN": 5.547015, "Utilization": 3.4425970000000001, "Max_Tensile_Stress/MPa": 0.81390200000000001, "Max_Bending_Stress/MPa": 7.7000000000000001e-05, "Avg_Displacement/mm": 2.5204469999999999, "Max_Displacement/mm": 4.674067, "Max_Principal_Stress/MPa": 0.0099839999999999998, "Interstorey_Drift_Failure": ["False"], "Avg_Shear_Force/KN": 0.63825699999999996, "Avg_Bending_Moment/KNm": 0.24574099999999999, "Max_Bending_Moment/KNm": 1.2753680000000001, "Interstorey_Drift_Ratios": ["0.00046172h"], "Max_Compresive_Stress/MPa": -0.26367000000000002}