{"Buckling_Load_Factor": 10.231491999999999, "Max_Shear_Stress/MPa": 0.00014999999999999999, "Max_Shear_Force/KN": 11.058183, "Utilization": 9.5990190000000002, "Max_Tensile_Stress/MPa": 2.3221259999999999, "Max_Bending_Stress/MPa": 0.00023499999999999999, "Avg_Displacement/mm": 12.388025000000001, "Max_Displacement/mm": 36.810642999999999, "Max_Principal_Stress/MPa": 0.017833000000000002, "Interstorey_Drift_Failure": ["False"], "Avg_Shear_Force/KN": 1.6890510000000001, "Avg_Bending_Moment/KNm": 0.82461700000000004, "Max_Bending_Moment/KNm": 3.9130349999999998, "Interstorey_Drift_Ratios": ["0.00367837h"], "Max_Compresive_Stress/MPa": -0.65546199999999999}