{"Buckling_Load_Factor": 27.126581999999999, "Max_Shear_Stress/MPa": 0.00014999999999999999, "Max_Shear_Force/KN": 5.4318099999999996, "Utilization": 4.0180199999999999, "Max_Tensile_Stress/MPa": 1.041884, "Max_Bending_Stress/MPa": 7.3999999999999996e-05, "Avg_Displacement/mm": 1.8226290000000001, "Max_Displacement/mm": 4.652736, "Max_Principal_Stress/MPa": 0.010562, "Interstorey_Drift_Failure": ["False"], "Avg_Shear_Force/KN": 0.46471299999999999, "Avg_Bending_Moment/KNm": 0.15587000000000001, "Max_Bending_Moment/KNm": 1.2255389999999999, "Interstorey_Drift_Ratios": ["0.00034981h"], "Max_Compresive_Stress/MPa": -0.22580900000000001}