{"Buckling_Load_Factor": 22.392683000000002, "Max_Shear_Stress/MPa": 0.0001, "Max_Shear_Force/KN": 5.9028910000000003, "Utilization": 4.3914580000000001, "Max_Tensile_Stress/MPa": 1.1418330000000001, "Max_Bending_Stress/MPa": 4.3000000000000002e-05, "Avg_Displacement/mm": 3.952366, "Max_Displacement/mm": 8.6988090000000007, "Max_Principal_Stress/MPa": 0.010678, "Interstorey_Drift_Failure": ["False"], "Avg_Shear_Force/KN": 0.78707199999999999, "Avg_Bending_Moment/KNm": 0.26690000000000003, "Max_Bending_Moment/KNm": 1.609219, "Interstorey_Drift_Ratios": ["0.00096447h"], "Max_Compresive_Stress/MPa": -0.35258800000000001}