{"Buckling_Load_Factor": 4.6243930000000004, "Max_Shear_Stress/MPa": 0.00014999999999999999, "Max_Shear_Force/KN": 1.4119900000000001, "Utilization": 4.8559520000000003, "Max_Tensile_Stress/MPa": 1.6274839999999999, "Max_Bending_Stress/MPa": 1.2999999999999999e-05, "Avg_Displacement/mm": 6.2395100000000001, "Max_Displacement/mm": 16.229434999999999, "Max_Principal_Stress/MPa": 0.017892999999999999, "Interstorey_Drift_Failure": ["False"], "Avg_Shear_Force/KN": 0.16875999999999999, "Avg_Bending_Moment/KNm": 0.031484999999999999, "Max_Bending_Moment/KNm": 0.22217100000000001, "Interstorey_Drift_Ratios": ["0.0015979h"], "Max_Compresive_Stress/MPa": -0.58762800000000004}