{"Buckling_Load_Factor": 20.340633, "Max_Shear_Stress/MPa": 0.00014999999999999999, "Max_Shear_Force/KN": 11.777354000000001, "Utilization": 8.3907100000000003, "Max_Tensile_Stress/MPa": 2.2301160000000002, "Max_Bending_Stress/MPa": 0.00019699999999999999, "Avg_Displacement/mm": 8.9477139999999995, "Max_Displacement/mm": 26.469608999999998, "Max_Principal_Stress/MPa": 0.020542000000000001, "Interstorey_Drift_Failure": ["False"], "Avg_Shear_Force/KN": 1.4199649999999999, "Avg_Bending_Moment/KNm": 0.56783099999999997, "Max_Bending_Moment/KNm": 3.2788900000000001, "Interstorey_Drift_Ratios": ["0.00309287h"], "Max_Compresive_Stress/MPa": -0.84645999999999999}