{"Buckling_Load_Factor": 12.507217000000001, "Max_Shear_Stress/MPa": 0.00014999999999999999, "Max_Shear_Force/KN": 8.3149850000000001, "Utilization": 6.3385360000000004, "Max_Tensile_Stress/MPa": 1.7105840000000001, "Max_Bending_Stress/MPa": 0.00015799999999999999, "Avg_Displacement/mm": 7.9894619999999996, "Max_Displacement/mm": 21.786051, "Max_Principal_Stress/MPa": 0.011464, "Interstorey_Drift_Failure": ["False"], "Avg_Shear_Force/KN": 1.508732, "Avg_Bending_Moment/KNm": 0.76143499999999997, "Max_Bending_Moment/KNm": 2.629203, "Interstorey_Drift_Ratios": ["0.00249897h"], "Max_Compresive_Stress/MPa": -0.55867599999999995}