{"Buckling_Load_Factor": 24.554300999999999, "Max_Shear_Stress/MPa": 0.00014999999999999999, "Max_Shear_Force/KN": 11.948453000000001, "Utilization": 6.7834789999999998, "Max_Tensile_Stress/MPa": 1.7575890000000001, "Max_Bending_Stress/MPa": 0.00016100000000000001, "Avg_Displacement/mm": 5.7947860000000002, "Max_Displacement/mm": 19.0032, "Max_Principal_Stress/MPa": 0.017877000000000001, "Interstorey_Drift_Failure": ["False"], "Avg_Shear_Force/KN": 1.2091860000000001, "Avg_Bending_Moment/KNm": 0.43194100000000002, "Max_Bending_Moment/KNm": 2.6864599999999998, "Interstorey_Drift_Ratios": ["0.00202565h"], "Max_Compresive_Stress/MPa": -0.36553200000000002}