{"Buckling_Load_Factor": 33.277892999999999, "Max_Shear_Stress/MPa": 0.00014999999999999999, "Max_Shear_Force/KN": 16.57555, "Utilization": 8.6137130000000006, "Max_Tensile_Stress/MPa": 2.2947440000000001, "Max_Bending_Stress/MPa": 0.00020599999999999999, "Avg_Displacement/mm": 5.8944359999999998, "Max_Displacement/mm": 17.262426000000001, "Max_Principal_Stress/MPa": 0.01515, "Interstorey_Drift_Failure": ["False"], "Avg_Shear_Force/KN": 1.13672, "Avg_Bending_Moment/KNm": 0.41489399999999999, "Max_Bending_Moment/KNm": 3.4403959999999998, "Interstorey_Drift_Ratios": ["0.00173492h"], "Max_Compresive_Stress/MPa": -0.62112599999999996}