{"Buckling_Load_Factor": 11.102831999999999, "Max_Shear_Stress/MPa": 0.0001, "Max_Shear_Force/KN": 6.266203, "Utilization": 7.6302130000000004, "Max_Tensile_Stress/MPa": 1.9947520000000001, "Max_Bending_Stress/MPa": 3.1000000000000001e-05, "Avg_Displacement/mm": 7.3523240000000003, "Max_Displacement/mm": 15.354457, "Max_Principal_Stress/MPa": 0.015486, "Interstorey_Drift_Failure": [], "Avg_Shear_Force/KN": 0.58967899999999995, "Avg_Bending_Moment/KNm": 0.16906199999999999, "Max_Bending_Moment/KNm": 1.1475930000000001, "Interstorey_Drift_Ratios": [], "Max_Compresive_Stress/MPa": -0.54584100000000002}