{"Buckling_Load_Factor": 0.38875599999999999, "Max_Shear_Stress/MPa": 0.00014999999999999999, "Max_Shear_Force/KN": 3.5149889999999999, "Utilization": 14.228567, "Max_Tensile_Stress/MPa": 3.5730900000000001, "Max_Bending_Stress/MPa": 4.1999999999999998e-05, "Avg_Displacement/mm": 19.84787, "Max_Displacement/mm": 81.758326999999994, "Max_Principal_Stress/MPa": 0.032092000000000002, "Interstorey_Drift_Failure": ["False"], "Avg_Shear_Force/KN": 0.35883300000000001, "Avg_Bending_Moment/KNm": 0.089450000000000002, "Max_Bending_Moment/KNm": 0.70791199999999999, "Interstorey_Drift_Ratios": ["0.00867198h"], "Max_Compresive_Stress/MPa": -1.3209820000000001}