{"Buckling_Load_Factor": 25.862959, "Max_Shear_Stress/MPa": 0.0001, "Max_Shear_Force/KN": 5.9936540000000003, "Utilization": 5.0702360000000004, "Max_Tensile_Stress/MPa": 1.330848, "Max_Bending_Stress/MPa": 4.5000000000000003e-05, "Avg_Displacement/mm": 4.0796229999999998, "Max_Displacement/mm": 8.5797450000000008, "Max_Principal_Stress/MPa": 0.014925000000000001, "Interstorey_Drift_Failure": [], "Avg_Shear_Force/KN": 0.91237800000000002, "Avg_Bending_Moment/KNm": 0.29644999999999999, "Max_Bending_Moment/KNm": 1.677373, "Interstorey_Drift_Ratios": [], "Max_Compresive_Stress/MPa": -0.34166299999999999}