{"Buckling_Load_Factor": 10.553281999999999, "Max_Shear_Stress/MPa": 0.00014999999999999999, "Max_Shear_Force/KN": 3.5506169999999999, "Utilization": 6.1926560000000004, "Max_Tensile_Stress/MPa": 1.5830029999999999, "Max_Bending_Stress/MPa": 5.3000000000000001e-05, "Avg_Displacement/mm": 4.0723669999999998, "Max_Displacement/mm": 10.287056, "Max_Principal_Stress/MPa": 0.012578000000000001, "Interstorey_Drift_Failure": ["False"], "Avg_Shear_Force/KN": 0.42183500000000002, "Avg_Bending_Moment/KNm": 0.14646600000000001, "Max_Bending_Moment/KNm": 0.88528200000000001, "Interstorey_Drift_Ratios": ["0.00093594h"], "Max_Compresive_Stress/MPa": -0.384797}