{"Buckling_Load_Factor": 4.8852419999999999, "Max_Shear_Stress/MPa": 0.00014999999999999999, "Max_Shear_Force/KN": 2.2010540000000001, "Utilization": 8.4170350000000003, "Max_Tensile_Stress/MPa": 1.9601230000000001, "Max_Bending_Stress/MPa": 1.7e-05, "Avg_Displacement/mm": 8.5475510000000003, "Max_Displacement/mm": 28.710234, "Max_Principal_Stress/MPa": 0.022020999999999999, "Interstorey_Drift_Failure": ["False"], "Avg_Shear_Force/KN": 0.19556000000000001, "Avg_Bending_Moment/KNm": 0.042847000000000003, "Max_Bending_Moment/KNm": 0.289516, "Interstorey_Drift_Ratios": ["0.00296459h"], "Max_Compresive_Stress/MPa": -0.69174000000000002}