{"Buckling_Load_Factor": 15.674880999999999, "Max_Shear_Stress/MPa": 0.00014999999999999999, "Max_Shear_Force/KN": 9.6868890000000007, "Utilization": 12.565904, "Max_Tensile_Stress/MPa": 3.26939, "Max_Bending_Stress/MPa": 0.00029999999999999997, "Avg_Displacement/mm": 9.6448450000000001, "Max_Displacement/mm": 33.975442999999999, "Max_Principal_Stress/MPa": 0.016864000000000001, "Interstorey_Drift_Failure": ["False"], "Avg_Shear_Force/KN": 1.4821869999999999, "Avg_Bending_Moment/KNm": 0.66154599999999997, "Max_Bending_Moment/KNm": 4.992248, "Interstorey_Drift_Ratios": ["0.00368574h"], "Max_Compresive_Stress/MPa": -0.92590300000000003}