{"Buckling_Load_Factor": 21.051662, "Max_Shear_Stress/MPa": 0.00014999999999999999, "Max_Shear_Force/KN": 5.6586069999999999, "Utilization": 5.0074079999999999, "Max_Tensile_Stress/MPa": 1.321682, "Max_Bending_Stress/MPa": 0.000118, "Avg_Displacement/mm": 4.027139, "Max_Displacement/mm": 8.8918710000000001, "Max_Principal_Stress/MPa": 0.011934999999999999, "Interstorey_Drift_Failure": ["False"], "Avg_Shear_Force/KN": 0.83116599999999996, "Avg_Bending_Moment/KNm": 0.33233800000000002, "Max_Bending_Moment/KNm": 1.974828, "Interstorey_Drift_Ratios": ["0.00088538h"], "Max_Compresive_Stress/MPa": -0.27907700000000002}