{"Buckling_Load_Factor": 0.14504900000000001, "Max_Shear_Stress/MPa": 0.0001, "Max_Shear_Force/KN": 9.8885079999999999, "Utilization": 29.789553999999999, "Max_Tensile_Stress/MPa": 7.9532559999999997, "Max_Bending_Stress/MPa": 2.1999999999999999e-05, "Avg_Displacement/mm": 59.729266000000003, "Max_Displacement/mm": 197.838356, "Max_Principal_Stress/MPa": 0.064309000000000005, "Interstorey_Drift_Failure": [], "Avg_Shear_Force/KN": 0.57619100000000001, "Avg_Bending_Moment/KNm": 0.144507, "Max_Bending_Moment/KNm": 0.81835199999999997, "Interstorey_Drift_Ratios": [], "Max_Compresive_Stress/MPa": -2.7303060000000001}