{"Buckling_Load_Factor": 0.167717, "Max_Shear_Stress/MPa": 0.0001, "Max_Shear_Force/KN": 4.6315689999999998, "Utilization": 16.197848, "Max_Tensile_Stress/MPa": 4.361917, "Max_Bending_Stress/MPa": 1.7e-05, "Avg_Displacement/mm": 23.779406999999999, "Max_Displacement/mm": 68.284797999999995, "Max_Principal_Stress/MPa": 0.020750000000000001, "Interstorey_Drift_Failure": [], "Avg_Shear_Force/KN": 0.47494999999999998, "Avg_Bending_Moment/KNm": 0.11959599999999999, "Max_Bending_Moment/KNm": 0.64615299999999998, "Interstorey_Drift_Ratios": [], "Max_Compresive_Stress/MPa": -2.0005389999999998}