{"Buckling_Load_Factor": 6.0225759999999999, "Max_Shear_Stress/MPa": 0.0001, "Max_Shear_Force/KN": 4.053515, "Utilization": 13.907413, "Max_Tensile_Stress/MPa": 3.4423900000000001, "Max_Bending_Stress/MPa": 3.6999999999999998e-05, "Avg_Displacement/mm": 15.323078000000001, "Max_Displacement/mm": 54.387728000000003, "Max_Principal_Stress/MPa": 0.032663999999999999, "Interstorey_Drift_Failure": [], "Avg_Shear_Force/KN": 0.58320399999999994, "Avg_Bending_Moment/KNm": 0.20676900000000001, "Max_Bending_Moment/KNm": 1.388026, "Interstorey_Drift_Ratios": [], "Max_Compresive_Stress/MPa": -1.473382}