{"Buckling_Load_Factor": 10.419782, "Max_Shear_Stress/MPa": 0.00014999999999999999, "Max_Shear_Force/KN": 7.0482399999999998, "Utilization": 7.2949140000000003, "Max_Tensile_Stress/MPa": 1.5557540000000001, "Max_Bending_Stress/MPa": 0.00017799999999999999, "Avg_Displacement/mm": 8.2952879999999993, "Max_Displacement/mm": 26.706071000000001, "Max_Principal_Stress/MPa": 0.011398, "Interstorey_Drift_Failure": ["False"], "Avg_Shear_Force/KN": 1.4860329999999999, "Avg_Bending_Moment/KNm": 0.63619199999999998, "Max_Bending_Moment/KNm": 2.9591910000000001, "Interstorey_Drift_Ratios": ["0.00336838h"], "Max_Compresive_Stress/MPa": -0.39912599999999998}