{"Buckling_Load_Factor": 9.6643329999999992, "Max_Shear_Stress/MPa": 0.0001, "Max_Shear_Force/KN": 3.5089589999999999, "Utilization": 13.012983, "Max_Tensile_Stress/MPa": 3.0234969999999999, "Max_Bending_Stress/MPa": 2.0000000000000002e-05, "Avg_Displacement/mm": 11.700384, "Max_Displacement/mm": 31.977243999999999, "Max_Principal_Stress/MPa": 0.022100000000000002, "Interstorey_Drift_Failure": [], "Avg_Shear_Force/KN": 0.70473600000000003, "Avg_Bending_Moment/KNm": 0.204619, "Max_Bending_Moment/KNm": 0.73997400000000002, "Interstorey_Drift_Ratios": [], "Max_Compresive_Stress/MPa": -0.90615599999999996}