{"Buckling_Load_Factor": 2.3622390000000002, "Max_Shear_Stress/MPa": 0.0001, "Max_Shear_Force/KN": 2.4293849999999999, "Utilization": 9.9106280000000009, "Max_Tensile_Stress/MPa": 2.656263, "Max_Bending_Stress/MPa": 8.4186999999999995e-06, "Avg_Displacement/mm": 13.778146, "Max_Displacement/mm": 49.755685999999997, "Max_Principal_Stress/MPa": 0.02877, "Interstorey_Drift_Failure": [], "Avg_Shear_Force/KN": 0.28010000000000002, "Avg_Bending_Moment/KNm": 0.063989000000000004, "Max_Bending_Moment/KNm": 0.31570199999999998, "Interstorey_Drift_Ratios": [], "Max_Compresive_Stress/MPa": -1.179794}