{"Buckling_Load_Factor": 0.22414200000000001, "Max_Shear_Stress/MPa": 0.0001, "Max_Shear_Force/KN": 2.408922, "Utilization": 15.589897000000001, "Max_Tensile_Stress/MPa": 4.0519160000000003, "Max_Bending_Stress/MPa": 2.0999999999999999e-05, "Avg_Displacement/mm": 25.418469999999999, "Max_Displacement/mm": 83.609556999999995, "Max_Principal_Stress/MPa": 0.038622999999999998, "Interstorey_Drift_Failure": [], "Avg_Shear_Force/KN": 0.38446999999999998, "Avg_Bending_Moment/KNm": 0.10238800000000001, "Max_Bending_Moment/KNm": 0.79528500000000002, "Interstorey_Drift_Ratios": [], "Max_Compresive_Stress/MPa": -1.5498730000000001}