{"Buckling_Load_Factor": 2.3800560000000002, "Max_Shear_Stress/MPa": 0.0001, "Max_Shear_Force/KN": 5.7609789999999998, "Utilization": 16.724050999999999, "Max_Tensile_Stress/MPa": 4.4387020000000001, "Max_Bending_Stress/MPa": 2.1999999999999999e-05, "Avg_Displacement/mm": 21.493814, "Max_Displacement/mm": 70.262923999999998, "Max_Principal_Stress/MPa": 0.027095000000000001, "Interstorey_Drift_Failure": [], "Avg_Shear_Force/KN": 0.35723700000000003, "Avg_Bending_Moment/KNm": 0.10778799999999999, "Max_Bending_Moment/KNm": 0.83299299999999998, "Interstorey_Drift_Ratios": [], "Max_Compresive_Stress/MPa": -1.45421}