{"Buckling_Load_Factor": 18.783366999999998, "Max_Shear_Stress/MPa": 0.0001, "Max_Shear_Force/KN": 2.9993599999999998, "Utilization": 4.7215059999999998, "Max_Tensile_Stress/MPa": 1.1174360000000001, "Max_Bending_Stress/MPa": 1.5e-05, "Avg_Displacement/mm": 3.3159329999999998, "Max_Displacement/mm": 9.9391309999999997, "Max_Principal_Stress/MPa": 0.012481000000000001, "Interstorey_Drift_Failure": [], "Avg_Shear_Force/KN": 0.34459099999999998, "Avg_Bending_Moment/KNm": 0.083137000000000003, "Max_Bending_Moment/KNm": 0.57462599999999997, "Interstorey_Drift_Ratios": [], "Max_Compresive_Stress/MPa": -0.36685099999999998}