{"Buckling_Load_Factor": 31.535326999999999, "Max_Shear_Stress/MPa": 0.00014999999999999999, "Max_Shear_Force/KN": 5.7861190000000002, "Utilization": 3.5496729999999999, "Max_Tensile_Stress/MPa": 0.88999700000000004, "Max_Bending_Stress/MPa": 7.7000000000000001e-05, "Avg_Displacement/mm": 2.6899500000000001, "Max_Displacement/mm": 5.5371329999999999, "Max_Principal_Stress/MPa": 0.010036, "Interstorey_Drift_Failure": ["False"], "Avg_Shear_Force/KN": 0.69014299999999995, "Avg_Bending_Moment/KNm": 0.24436099999999999, "Max_Bending_Moment/KNm": 1.290737, "Interstorey_Drift_Ratios": ["0.00054744h"], "Max_Compresive_Stress/MPa": -0.19251599999999999}