{"Buckling_Load_Factor": 28.909203999999999, "Max_Shear_Stress/MPa": 0.0001, "Max_Shear_Force/KN": 9.5011550000000007, "Utilization": 4.5643089999999997, "Max_Tensile_Stress/MPa": 1.178898, "Max_Bending_Stress/MPa": 4.5000000000000003e-05, "Avg_Displacement/mm": 3.9167489999999998, "Max_Displacement/mm": 10.084913999999999, "Max_Principal_Stress/MPa": 0.012115000000000001, "Interstorey_Drift_Failure": [], "Avg_Shear_Force/KN": 1.0995330000000001, "Avg_Bending_Moment/KNm": 0.33241700000000002, "Max_Bending_Moment/KNm": 1.674396, "Interstorey_Drift_Ratios": [], "Max_Compresive_Stress/MPa": -0.27829399999999999}