{"Buckling_Load_Factor": 3.2470859999999999, "Max_Shear_Stress/MPa": 0.0001, "Max_Shear_Force/KN": 2.665781, "Utilization": 10.856616000000001, "Max_Tensile_Stress/MPa": 2.7953320000000001, "Max_Bending_Stress/MPa": 1.4e-05, "Avg_Displacement/mm": 15.310563999999999, "Max_Displacement/mm": 39.906554999999997, "Max_Principal_Stress/MPa": 0.021007999999999999, "Interstorey_Drift_Failure": [], "Avg_Shear_Force/KN": 0.39251399999999997, "Avg_Bending_Moment/KNm": 0.096560000000000007, "Max_Bending_Moment/KNm": 0.53245200000000004, "Interstorey_Drift_Ratios": [], "Max_Compresive_Stress/MPa": -1.0820289999999999}