{"Buckling_Load_Factor": 0.67355600000000004, "Max_Shear_Stress/MPa": 0.0001, "Max_Shear_Force/KN": 6.2761870000000002, "Utilization": 13.411068, "Max_Tensile_Stress/MPa": 3.588498, "Max_Bending_Stress/MPa": 4.6999999999999997e-05, "Avg_Displacement/mm": 22.501994, "Max_Displacement/mm": 72.128679000000005, "Max_Principal_Stress/MPa": 0.027959000000000001, "Interstorey_Drift_Failure": [], "Avg_Shear_Force/KN": 0.91831700000000005, "Avg_Bending_Moment/KNm": 0.30202899999999999, "Max_Bending_Moment/KNm": 1.746373, "Interstorey_Drift_Ratios": [], "Max_Compresive_Stress/MPa": -1.171224}