{"Buckling_Load_Factor": 2.8314370000000002, "Max_Shear_Stress/MPa": 0.00014999999999999999, "Max_Shear_Force/KN": 4.0414960000000004, "Utilization": 9.1655759999999997, "Max_Tensile_Stress/MPa": 2.8185479999999998, "Max_Bending_Stress/MPa": 2.8e-05, "Avg_Displacement/mm": 15.435365000000001, "Max_Displacement/mm": 40.518143999999999, "Max_Principal_Stress/MPa": 0.030307000000000001, "Interstorey_Drift_Failure": ["False"], "Avg_Shear_Force/KN": 0.31354500000000002, "Avg_Bending_Moment/KNm": 0.074354000000000003, "Max_Bending_Moment/KNm": 0.47343499999999999, "Interstorey_Drift_Ratios": ["0.00429727h"], "Max_Compresive_Stress/MPa": -1.150326}