{"Buckling_Load_Factor": 21.768894, "Max_Shear_Stress/MPa": 0.00014999999999999999, "Max_Shear_Force/KN": 5.6079189999999999, "Utilization": 5.3275009999999998, "Max_Tensile_Stress/MPa": 1.4308080000000001, "Max_Bending_Stress/MPa": 0.00012899999999999999, "Avg_Displacement/mm": 5.0465530000000003, "Max_Displacement/mm": 16.319443, "Max_Principal_Stress/MPa": 0.016805, "Interstorey_Drift_Failure": ["False"], "Avg_Shear_Force/KN": 0.81320099999999995, "Avg_Bending_Moment/KNm": 0.35336299999999998, "Max_Bending_Moment/KNm": 2.1436799999999998, "Interstorey_Drift_Ratios": ["0.00155234h"], "Max_Compresive_Stress/MPa": -0.42172999999999999}