{"Buckling_Load_Factor": 7.1565399999999997, "Max_Shear_Stress/MPa": 0.0001, "Max_Shear_Force/KN": 3.585445, "Utilization": 6.9099789999999999, "Max_Tensile_Stress/MPa": 1.81395, "Max_Bending_Stress/MPa": 3.1000000000000001e-05, "Avg_Displacement/mm": 7.9951869999999996, "Max_Displacement/mm": 15.895071, "Max_Principal_Stress/MPa": 0.014076, "Interstorey_Drift_Failure": [], "Avg_Shear_Force/KN": 0.58992500000000003, "Avg_Bending_Moment/KNm": 0.17854700000000001, "Max_Bending_Moment/KNm": 1.145249, "Interstorey_Drift_Ratios": [], "Max_Compresive_Stress/MPa": -0.51363800000000004}