{"Buckling_Load_Factor": 2.4465759999999999, "Max_Shear_Stress/MPa": 0.00014999999999999999, "Max_Shear_Force/KN": 2.1051799999999998, "Utilization": 8.0793040000000005, "Max_Tensile_Stress/MPa": 1.885397, "Max_Bending_Stress/MPa": 2.0000000000000002e-05, "Avg_Displacement/mm": 11.700265999999999, "Max_Displacement/mm": 37.302052000000003, "Max_Principal_Stress/MPa": 0.021743999999999999, "Interstorey_Drift_Failure": ["False"], "Avg_Shear_Force/KN": 0.35706100000000002, "Avg_Bending_Moment/KNm": 0.076817999999999997, "Max_Bending_Moment/KNm": 0.334455, "Interstorey_Drift_Ratios": ["0.00402204h"], "Max_Compresive_Stress/MPa": -0.94515199999999999}