{"Buckling_Load_Factor": 3.4951530000000002, "Max_Shear_Stress/MPa": 0.00014999999999999999, "Max_Shear_Force/KN": 7.3226430000000002, "Utilization": 7.638528, "Max_Tensile_Stress/MPa": 1.9708490000000001, "Max_Bending_Stress/MPa": 6.6000000000000005e-05, "Avg_Displacement/mm": 11.867604999999999, "Max_Displacement/mm": 37.070891000000003, "Max_Principal_Stress/MPa": 0.020437, "Interstorey_Drift_Failure": ["False"], "Avg_Shear_Force/KN": 0.59090500000000001, "Avg_Bending_Moment/KNm": 0.24557599999999999, "Max_Bending_Moment/KNm": 1.0965560000000001, "Interstorey_Drift_Ratios": ["0.00438483h"], "Max_Compresive_Stress/MPa": -0.59836900000000004}