{"Buckling_Load_Factor": 2.9698549999999999, "Max_Shear_Stress/MPa": 0.00014999999999999999, "Max_Shear_Force/KN": 2.2582770000000001, "Utilization": 9.1399659999999994, "Max_Tensile_Stress/MPa": 2.7824200000000001, "Max_Bending_Stress/MPa": 2.5999999999999998e-05, "Avg_Displacement/mm": 13.211812, "Max_Displacement/mm": 46.685839000000001, "Max_Principal_Stress/MPa": 0.029617000000000001, "Interstorey_Drift_Failure": ["False"], "Avg_Shear_Force/KN": 0.24724299999999999, "Avg_Bending_Moment/KNm": 0.066513000000000003, "Max_Bending_Moment/KNm": 0.44089099999999998, "Interstorey_Drift_Ratios": ["0.00496398h"], "Max_Compresive_Stress/MPa": -1.312327}