{"Buckling_Load_Factor": 14.129937, "Max_Shear_Stress/MPa": 0.0001, "Max_Shear_Force/KN": 3.7145969999999999, "Utilization": 10.007232999999999, "Max_Tensile_Stress/MPa": 2.6071559999999998, "Max_Bending_Stress/MPa": 2.3e-05, "Avg_Displacement/mm": 8.1903310000000005, "Max_Displacement/mm": 23.301746999999999, "Max_Principal_Stress/MPa": 0.022733, "Interstorey_Drift_Failure": [], "Avg_Shear_Force/KN": 0.58946100000000001, "Avg_Bending_Moment/KNm": 0.16453499999999999, "Max_Bending_Moment/KNm": 0.86368699999999998, "Interstorey_Drift_Ratios": [], "Max_Compresive_Stress/MPa": -0.95507699999999995}