{"Buckling_Load_Factor": 8.0079799999999999, "Max_Shear_Stress/MPa": 0.00014999999999999999, "Max_Shear_Force/KN": 0.75531700000000002, "Utilization": 2.3379650000000001, "Max_Tensile_Stress/MPa": 0.74252200000000002, "Max_Bending_Stress/MPa": 6.9999999999999999e-06, "Avg_Displacement/mm": 2.2631600000000001, "Max_Displacement/mm": 7.1552870000000004, "Max_Principal_Stress/MPa": 0.0091850000000000005, "Interstorey_Drift_Failure": ["False"], "Avg_Shear_Force/KN": 0.10713300000000001, "Avg_Bending_Moment/KNm": 0.016929, "Max_Bending_Moment/KNm": 0.11666700000000001, "Interstorey_Drift_Ratios": ["0.00053229h"], "Max_Compresive_Stress/MPa": -0.31590600000000002}