{"Buckling_Load_Factor": 15.177194999999999, "Max_Shear_Stress/MPa": 0.0001, "Max_Shear_Force/KN": 11.935115, "Utilization": 9.4324359999999992, "Max_Tensile_Stress/MPa": 2.5763259999999999, "Max_Bending_Stress/MPa": 7.7000000000000001e-05, "Avg_Displacement/mm": 9.9694409999999998, "Max_Displacement/mm": 32.448569999999997, "Max_Principal_Stress/MPa": 0.022943999999999999, "Interstorey_Drift_Failure": [], "Avg_Shear_Force/KN": 1.392118, "Avg_Bending_Moment/KNm": 0.47675499999999998, "Max_Bending_Moment/KNm": 2.8781330000000001, "Interstorey_Drift_Ratios": [], "Max_Compresive_Stress/MPa": -0.68625999999999998}