{"Buckling_Load_Factor": 1.58518, "Max_Shear_Stress/MPa": 0.0001, "Max_Shear_Force/KN": 5.0890300000000002, "Utilization": 17.355277000000001, "Max_Tensile_Stress/MPa": 4.0064200000000003, "Max_Bending_Stress/MPa": 2.8e-05, "Avg_Displacement/mm": 42.025033999999998, "Max_Displacement/mm": 139.52615399999999, "Max_Principal_Stress/MPa": 0.042042999999999997, "Interstorey_Drift_Failure": [], "Avg_Shear_Force/KN": 0.49302000000000001, "Avg_Bending_Moment/KNm": 0.104434, "Max_Bending_Moment/KNm": 1.052967, "Interstorey_Drift_Ratios": [], "Max_Compresive_Stress/MPa": -1.850058}