{"Buckling_Load_Factor": 3.4952220000000001, "Max_Shear_Stress/MPa": 0.0001, "Max_Shear_Force/KN": 1.6967080000000001, "Utilization": 15.022967, "Max_Tensile_Stress/MPa": 3.898568, "Max_Bending_Stress/MPa": 1.2e-05, "Avg_Displacement/mm": 15.587498999999999, "Max_Displacement/mm": 49.092764000000003, "Max_Principal_Stress/MPa": 0.031739999999999997, "Interstorey_Drift_Failure": [], "Avg_Shear_Force/KN": 0.30990099999999998, "Avg_Bending_Moment/KNm": 0.078850000000000003, "Max_Bending_Moment/KNm": 0.43685200000000002, "Interstorey_Drift_Ratios": [], "Max_Compresive_Stress/MPa": -1.5564370000000001}