{"Buckling_Load_Factor": 9.9888530000000006, "Max_Shear_Stress/MPa": 0.00014999999999999999, "Max_Shear_Force/KN": 7.2545019999999996, "Utilization": 11.254845, "Max_Tensile_Stress/MPa": 2.947203, "Max_Bending_Stress/MPa": 0.0001, "Avg_Displacement/mm": 7.9818439999999997, "Max_Displacement/mm": 28.359135999999999, "Max_Principal_Stress/MPa": 0.021111000000000001, "Interstorey_Drift_Failure": ["False"], "Avg_Shear_Force/KN": 0.69992500000000002, "Avg_Bending_Moment/KNm": 0.20887800000000001, "Max_Bending_Moment/KNm": 1.6615260000000001, "Interstorey_Drift_Ratios": ["0.0028605h"], "Max_Compresive_Stress/MPa": -0.78739199999999998}