{"Buckling_Load_Factor": 15.443714999999999, "Max_Shear_Stress/MPa": 0.0001, "Max_Shear_Force/KN": 7.4613889999999996, "Utilization": 6.3077249999999996, "Max_Tensile_Stress/MPa": 1.6764570000000001, "Max_Bending_Stress/MPa": 6.0999999999999999e-05, "Avg_Displacement/mm": 6.41038, "Max_Displacement/mm": 16.597784999999998, "Max_Principal_Stress/MPa": 0.015618, "Interstorey_Drift_Failure": [], "Avg_Shear_Force/KN": 1.3012649999999999, "Avg_Bending_Moment/KNm": 0.499616, "Max_Bending_Moment/KNm": 2.2703350000000002, "Interstorey_Drift_Ratios": [], "Max_Compresive_Stress/MPa": -0.49005199999999999}