{"Buckling_Load_Factor": 4.1863599999999996, "Max_Shear_Stress/MPa": 0.00014999999999999999, "Max_Shear_Force/KN": 1.971209, "Utilization": 7.3475859999999997, "Max_Tensile_Stress/MPa": 1.81488, "Max_Bending_Stress/MPa": 1.5999999999999999e-05, "Avg_Displacement/mm": 6.0274989999999997, "Max_Displacement/mm": 21.321446999999999, "Max_Principal_Stress/MPa": 0.015247, "Interstorey_Drift_Failure": ["False"], "Avg_Shear_Force/KN": 0.21626400000000001, "Avg_Bending_Moment/KNm": 0.049965000000000002, "Max_Bending_Moment/KNm": 0.27320499999999998, "Interstorey_Drift_Ratios": ["0.00177616h"], "Max_Compresive_Stress/MPa": -0.90546099999999996}