{"Buckling_Load_Factor": 25.851061999999999, "Max_Shear_Stress/MPa": 0.00014999999999999999, "Max_Shear_Force/KN": 6.1138909999999997, "Utilization": 3.7131980000000002, "Max_Tensile_Stress/MPa": 0.96573500000000001, "Max_Bending_Stress/MPa": 7.2000000000000002e-05, "Avg_Displacement/mm": 2.7621519999999999, "Max_Displacement/mm": 5.5008359999999996, "Max_Principal_Stress/MPa": 0.0098469999999999999, "Interstorey_Drift_Failure": ["False"], "Avg_Shear_Force/KN": 0.63903699999999997, "Avg_Bending_Moment/KNm": 0.26572200000000001, "Max_Bending_Moment/KNm": 1.2065429999999999, "Interstorey_Drift_Ratios": ["0.00057016h"], "Max_Compresive_Stress/MPa": -0.19980500000000001}