{"Buckling_Load_Factor": 11.955226, "Max_Shear_Stress/MPa": 0.00014999999999999999, "Max_Shear_Force/KN": 7.8032849999999998, "Utilization": 11.511051, "Max_Tensile_Stress/MPa": 2.943848, "Max_Bending_Stress/MPa": 9.6000000000000002e-05, "Avg_Displacement/mm": 7.7794999999999996, "Max_Displacement/mm": 24.091360000000002, "Max_Principal_Stress/MPa": 0.019838999999999999, "Interstorey_Drift_Failure": ["False"], "Avg_Shear_Force/KN": 0.81830099999999995, "Avg_Bending_Moment/KNm": 0.216673, "Max_Bending_Moment/KNm": 1.603143, "Interstorey_Drift_Ratios": ["0.00225293h"], "Max_Compresive_Stress/MPa": -0.87984899999999999}