{"Buckling_Load_Factor": 2.1246550000000002, "Max_Shear_Stress/MPa": 0.00014999999999999999, "Max_Shear_Force/KN": 2.2226910000000002, "Utilization": 9.3000389999999999, "Max_Tensile_Stress/MPa": 3.283976, "Max_Bending_Stress/MPa": 2.5000000000000001e-05, "Avg_Displacement/mm": 19.395907000000001, "Max_Displacement/mm": 56.355125000000001, "Max_Principal_Stress/MPa": 0.033862000000000003, "Interstorey_Drift_Failure": ["False"], "Avg_Shear_Force/KN": 0.35607299999999997, "Avg_Bending_Moment/KNm": 0.086659, "Max_Bending_Moment/KNm": 0.408858, "Interstorey_Drift_Ratios": ["0.00613613h"], "Max_Compresive_Stress/MPa": -1.1779200000000001}