{"Buckling_Load_Factor": 9.6713609999999992, "Max_Shear_Stress/MPa": 0.0001, "Max_Shear_Force/KN": 8.5784760000000002, "Utilization": 8.3202309999999997, "Max_Tensile_Stress/MPa": 2.244097, "Max_Bending_Stress/MPa": 6.7999999999999999e-05, "Avg_Displacement/mm": 9.1951269999999994, "Max_Displacement/mm": 27.270036999999999, "Max_Principal_Stress/MPa": 0.017982999999999999, "Interstorey_Drift_Failure": [], "Avg_Shear_Force/KN": 1.2074659999999999, "Avg_Bending_Moment/KNm": 0.46869899999999998, "Max_Bending_Moment/KNm": 2.5315110000000001, "Interstorey_Drift_Ratios": [], "Max_Compresive_Stress/MPa": -0.48925099999999999}