{"Buckling_Load_Factor": 3.4637259999999999, "Max_Shear_Stress/MPa": 0.00014999999999999999, "Max_Shear_Force/KN": 1.725228, "Utilization": 6.9079649999999999, "Max_Tensile_Stress/MPa": 2.093823, "Max_Bending_Stress/MPa": 1.9000000000000001e-05, "Avg_Displacement/mm": 8.7401160000000004, "Max_Displacement/mm": 33.254502000000002, "Max_Principal_Stress/MPa": 0.022502000000000001, "Interstorey_Drift_Failure": ["False"], "Avg_Shear_Force/KN": 0.203988, "Avg_Bending_Moment/KNm": 0.048876000000000003, "Max_Bending_Moment/KNm": 0.319656, "Interstorey_Drift_Ratios": ["0.00395023h"], "Max_Compresive_Stress/MPa": -0.75912100000000005}