{"Buckling_Load_Factor": 14.877976, "Max_Shear_Stress/MPa": 0.0001, "Max_Shear_Force/KN": 3.8517060000000001, "Utilization": 6.569394, "Max_Tensile_Stress/MPa": 1.6832199999999999, "Max_Bending_Stress/MPa": 2.4000000000000001e-05, "Avg_Displacement/mm": 5.3834770000000001, "Max_Displacement/mm": 16.995652, "Max_Principal_Stress/MPa": 0.014822999999999999, "Interstorey_Drift_Failure": [], "Avg_Shear_Force/KN": 0.44985000000000003, "Avg_Bending_Moment/KNm": 0.118002, "Max_Bending_Moment/KNm": 0.890818, "Interstorey_Drift_Ratios": [], "Max_Compresive_Stress/MPa": -0.51239999999999997}