{"Buckling_Load_Factor": 6.192672, "Max_Shear_Stress/MPa": 0.0001, "Max_Shear_Force/KN": 1.035579, "Utilization": 4.1117400000000002, "Max_Tensile_Stress/MPa": 1.909484, "Max_Bending_Stress/MPa": 5.8002e-06, "Avg_Displacement/mm": 6.5883820000000002, "Max_Displacement/mm": 18.359362000000001, "Max_Principal_Stress/MPa": 0.020856, "Interstorey_Drift_Failure": [], "Avg_Shear_Force/KN": 0.14499799999999999, "Avg_Bending_Moment/KNm": 0.036760000000000001, "Max_Bending_Moment/KNm": 0.21750800000000001, "Interstorey_Drift_Ratios": [], "Max_Compresive_Stress/MPa": -0.45934599999999998}