{"Buckling_Load_Factor": 58.279812999999997, "Max_Shear_Stress/MPa": 0.0001, "Max_Shear_Force/KN": 5.6503290000000002, "Utilization": 3.4525380000000001, "Max_Tensile_Stress/MPa": 1.6929099999999999, "Max_Bending_Stress/MPa": 3.8000000000000002e-05, "Avg_Displacement/mm": 3.178563, "Max_Displacement/mm": 11.102503, "Max_Principal_Stress/MPa": 0.020861000000000001, "Interstorey_Drift_Failure": [], "Avg_Shear_Force/KN": 0.58145800000000003, "Avg_Bending_Moment/KNm": 0.225908, "Max_Bending_Moment/KNm": 1.4221379999999999, "Interstorey_Drift_Ratios": [], "Max_Compresive_Stress/MPa": -0.40406999999999998}