{"Buckling_Load_Factor": 4.4848509999999999, "Max_Shear_Stress/MPa": 0.00014999999999999999, "Max_Shear_Force/KN": 2.9267470000000002, "Utilization": 9.9187820000000002, "Max_Tensile_Stress/MPa": 2.6644239999999999, "Max_Bending_Stress/MPa": 2.5000000000000001e-05, "Avg_Displacement/mm": 7.9242220000000003, "Max_Displacement/mm": 43.706997999999999, "Max_Principal_Stress/MPa": 0.020351000000000001, "Interstorey_Drift_Failure": ["False"], "Avg_Shear_Force/KN": 0.17422599999999999, "Avg_Bending_Moment/KNm": 0.044450000000000003, "Max_Bending_Moment/KNm": 0.41795199999999999, "Interstorey_Drift_Ratios": ["0.00405286h"], "Max_Compresive_Stress/MPa": -1.081548}