{"Buckling_Load_Factor": 0.032888000000000001, "Max_Shear_Stress/MPa": 0.00014999999999999999, "Max_Shear_Force/KN": 5.6640420000000002, "Utilization": 27.709102999999999, "Max_Tensile_Stress/MPa": 7.3401930000000002, "Max_Bending_Stress/MPa": 8.2999999999999998e-05, "Avg_Displacement/mm": 48.994230000000002, "Max_Displacement/mm": 195.57262499999999, "Max_Principal_Stress/MPa": 0.056551999999999998, "Interstorey_Drift_Failure": ["True"], "Avg_Shear_Force/KN": 0.55615099999999995, "Avg_Bending_Moment/KNm": 0.20766100000000001, "Max_Bending_Moment/KNm": 1.3769450000000001, "Interstorey_Drift_Ratios": ["0.02537101h"], "Max_Compresive_Stress/MPa": -2.0746950000000002}