{"Buckling_Load_Factor": 2.1652490000000002, "Max_Shear_Stress/MPa": 0.00014999999999999999, "Max_Shear_Force/KN": 2.5810170000000001, "Utilization": 11.808926, "Max_Tensile_Stress/MPa": 2.6532399999999998, "Max_Bending_Stress/MPa": 3.4e-05, "Avg_Displacement/mm": 18.406417999999999, "Max_Displacement/mm": 60.884242, "Max_Principal_Stress/MPa": 0.024226999999999999, "Interstorey_Drift_Failure": ["False"], "Avg_Shear_Force/KN": 0.43512099999999998, "Avg_Bending_Moment/KNm": 0.104861, "Max_Bending_Moment/KNm": 0.56942599999999999, "Interstorey_Drift_Ratios": ["0.00664648h"], "Max_Compresive_Stress/MPa": -1.1611769999999999}