{"Buckling_Load_Factor": 2.4044810000000001, "Max_Shear_Stress/MPa": 0.0001, "Max_Shear_Force/KN": 2.3060360000000002, "Utilization": 11.301995, "Max_Tensile_Stress/MPa": 3.7095600000000002, "Max_Bending_Stress/MPa": 1.2999999999999999e-05, "Avg_Displacement/mm": 25.282951000000001, "Max_Displacement/mm": 78.037242000000006, "Max_Principal_Stress/MPa": 0.038175000000000001, "Interstorey_Drift_Failure": [], "Avg_Shear_Force/KN": 0.388152, "Avg_Bending_Moment/KNm": 0.091273000000000007, "Max_Bending_Moment/KNm": 0.47076299999999999, "Interstorey_Drift_Ratios": [], "Max_Compresive_Stress/MPa": -1.1689670000000001}