{"Buckling_Load_Factor": 27.591714, "Max_Shear_Stress/MPa": 0.00014999999999999999, "Max_Shear_Force/KN": 11.37002, "Utilization": 8.0684009999999997, "Max_Tensile_Stress/MPa": 2.0892599999999999, "Max_Bending_Stress/MPa": 0.000202, "Avg_Displacement/mm": 6.1482080000000003, "Max_Displacement/mm": 20.030436999999999, "Max_Principal_Stress/MPa": 0.019987999999999999, "Interstorey_Drift_Failure": ["False"], "Avg_Shear_Force/KN": 1.203719, "Avg_Bending_Moment/KNm": 0.43806400000000001, "Max_Bending_Moment/KNm": 3.3690289999999998, "Interstorey_Drift_Ratios": ["0.00189543h"], "Max_Compresive_Stress/MPa": -0.84565999999999997}