{"Buckling_Load_Factor": 13.757865000000001, "Max_Shear_Stress/MPa": 0.00014999999999999999, "Max_Shear_Force/KN": 4.0057609999999997, "Utilization": 5.3325620000000002, "Max_Tensile_Stress/MPa": 1.7365440000000001, "Max_Bending_Stress/MPa": 3.8999999999999999e-05, "Avg_Displacement/mm": 5.7715709999999998, "Max_Displacement/mm": 16.274913000000002, "Max_Principal_Stress/MPa": 0.019214999999999999, "Interstorey_Drift_Failure": ["False"], "Avg_Shear_Force/KN": 0.402258, "Avg_Bending_Moment/KNm": 0.116882, "Max_Bending_Moment/KNm": 0.65798299999999998, "Interstorey_Drift_Ratios": ["0.00147823h"], "Max_Compresive_Stress/MPa": -0.48358499999999999}