{"Buckling_Load_Factor": 13.236395, "Max_Shear_Stress/MPa": 0.0001, "Max_Shear_Force/KN": 3.1975950000000002, "Utilization": 5.6675550000000001, "Max_Tensile_Stress/MPa": 1.493657, "Max_Bending_Stress/MPa": 2.4000000000000001e-05, "Avg_Displacement/mm": 4.701581, "Max_Displacement/mm": 11.913148, "Max_Principal_Stress/MPa": 0.015710999999999999, "Interstorey_Drift_Failure": [], "Avg_Shear_Force/KN": 0.443301, "Avg_Bending_Moment/KNm": 0.14241300000000001, "Max_Bending_Moment/KNm": 0.89550600000000002, "Interstorey_Drift_Ratios": [], "Max_Compresive_Stress/MPa": -0.37285600000000002}