{"Buckling_Load_Factor": 8.1663029999999992, "Max_Shear_Stress/MPa": 0.0001, "Max_Shear_Force/KN": 4.2424840000000001, "Utilization": 6.7206510000000002, "Max_Tensile_Stress/MPa": 1.7846329999999999, "Max_Bending_Stress/MPa": 2.6999999999999999e-05, "Avg_Displacement/mm": 6.2835599999999996, "Max_Displacement/mm": 16.316897000000001, "Max_Principal_Stress/MPa": 0.017062000000000001, "Interstorey_Drift_Failure": [], "Avg_Shear_Force/KN": 0.50061599999999995, "Avg_Bending_Moment/KNm": 0.150917, "Max_Bending_Moment/KNm": 1.0092159999999999, "Interstorey_Drift_Ratios": [], "Max_Compresive_Stress/MPa": -0.539605}