{"Buckling_Load_Factor": 40.327041000000001, "Max_Shear_Stress/MPa": 0.00014999999999999999, "Max_Shear_Force/KN": 9.9046950000000002, "Utilization": 6.3511090000000001, "Max_Tensile_Stress/MPa": 1.69845, "Max_Bending_Stress/MPa": 0.000156, "Avg_Displacement/mm": 5.3342099999999997, "Max_Displacement/mm": 13.831365, "Max_Principal_Stress/MPa": 0.020079, "Interstorey_Drift_Failure": ["False"], "Avg_Shear_Force/KN": 0.91632999999999998, "Avg_Bending_Moment/KNm": 0.34041500000000002, "Max_Bending_Moment/KNm": 2.6075210000000002, "Interstorey_Drift_Ratios": ["0.00138006h"], "Max_Compresive_Stress/MPa": -0.49829000000000001}