{"Buckling_Load_Factor": 20.635162999999999, "Max_Shear_Stress/MPa": 0.00014999999999999999, "Max_Shear_Force/KN": 5.3581269999999996, "Utilization": 5.1318539999999997, "Max_Tensile_Stress/MPa": 1.8292470000000001, "Max_Bending_Stress/MPa": 0.000125, "Avg_Displacement/mm": 6.3953170000000004, "Max_Displacement/mm": 19.118587999999999, "Max_Principal_Stress/MPa": 0.020683, "Interstorey_Drift_Failure": ["False"], "Avg_Shear_Force/KN": 0.917578, "Avg_Bending_Moment/KNm": 0.436533, "Max_Bending_Moment/KNm": 2.0754250000000001, "Interstorey_Drift_Ratios": ["0.00205788h"], "Max_Compresive_Stress/MPa": -0.47140700000000002}