{"Buckling_Load_Factor": 6.2760379999999998, "Max_Shear_Stress/MPa": 0.00014999999999999999, "Max_Shear_Force/KN": 7.8922860000000004, "Utilization": 9.2051149999999993, "Max_Tensile_Stress/MPa": 2.4299529999999998, "Max_Bending_Stress/MPa": 8.3999999999999995e-05, "Avg_Displacement/mm": 14.083152, "Max_Displacement/mm": 40.453375999999999, "Max_Principal_Stress/MPa": 0.022262000000000001, "Interstorey_Drift_Failure": ["False"], "Avg_Shear_Force/KN": 0.98557499999999998, "Avg_Bending_Moment/KNm": 0.28059400000000001, "Max_Bending_Moment/KNm": 1.405346, "Interstorey_Drift_Ratios": ["0.00419056h"], "Max_Compresive_Stress/MPa": -0.94088300000000002}