{"Buckling_Load_Factor": 3.4255960000000001, "Max_Shear_Stress/MPa": 0.00014999999999999999, "Max_Shear_Force/KN": 4.3748420000000001, "Utilization": 10.143012000000001, "Max_Tensile_Stress/MPa": 2.6521080000000001, "Max_Bending_Stress/MPa": 9.1000000000000003e-05, "Avg_Displacement/mm": 12.215328, "Max_Displacement/mm": 28.097383000000001, "Max_Principal_Stress/MPa": 0.017375000000000002, "Interstorey_Drift_Failure": ["False"], "Avg_Shear_Force/KN": 0.67864000000000002, "Avg_Bending_Moment/KNm": 0.304336, "Max_Bending_Moment/KNm": 1.511868, "Interstorey_Drift_Ratios": ["0.00352852h"], "Max_Compresive_Stress/MPa": -0.48303099999999999}