{"Buckling_Load_Factor": 12.505879999999999, "Max_Shear_Stress/MPa": 0.0001, "Max_Shear_Force/KN": 4.77332, "Utilization": 5.7662449999999996, "Max_Tensile_Stress/MPa": 1.700029, "Max_Bending_Stress/MPa": 2.0000000000000002e-05, "Avg_Displacement/mm": 5.7098389999999997, "Max_Displacement/mm": 18.620059000000001, "Max_Principal_Stress/MPa": 0.019196999999999999, "Interstorey_Drift_Failure": [], "Avg_Shear_Force/KN": 0.44181300000000001, "Avg_Bending_Moment/KNm": 0.124357, "Max_Bending_Moment/KNm": 0.73523300000000003, "Interstorey_Drift_Ratios": [], "Max_Compresive_Stress/MPa": -0.57656399999999997}