{"Buckling_Load_Factor": 29.698646, "Max_Shear_Stress/MPa": 0.0001, "Max_Shear_Force/KN": 5.8279139999999998, "Utilization": 4.2079680000000002, "Max_Tensile_Stress/MPa": 1.0964069999999999, "Max_Bending_Stress/MPa": 3.8000000000000002e-05, "Avg_Displacement/mm": 2.8823699999999999, "Max_Displacement/mm": 6.7701919999999998, "Max_Principal_Stress/MPa": 0.011117999999999999, "Interstorey_Drift_Failure": [], "Avg_Shear_Force/KN": 0.87666100000000002, "Avg_Bending_Moment/KNm": 0.238651, "Max_Bending_Moment/KNm": 1.4352309999999999, "Interstorey_Drift_Ratios": [], "Max_Compresive_Stress/MPa": -0.284105}