{"Buckling_Load_Factor": 7.9026490000000003, "Max_Shear_Stress/MPa": 0.00014999999999999999, "Max_Shear_Force/KN": 4.6643150000000002, "Utilization": 6.6488519999999998, "Max_Tensile_Stress/MPa": 1.726799, "Max_Bending_Stress/MPa": 5.8999999999999998e-05, "Avg_Displacement/mm": 6.7491209999999997, "Max_Displacement/mm": 20.055419000000001, "Max_Principal_Stress/MPa": 0.014388, "Interstorey_Drift_Failure": ["False"], "Avg_Shear_Force/KN": 0.53623500000000002, "Avg_Bending_Moment/KNm": 0.171516, "Max_Bending_Moment/KNm": 0.97595600000000005, "Interstorey_Drift_Ratios": ["0.0021321h"], "Max_Compresive_Stress/MPa": -0.68691400000000002}