{"Buckling_Load_Factor": 13.455249999999999, "Max_Shear_Stress/MPa": 0.0001, "Max_Shear_Force/KN": 3.5896699999999999, "Utilization": 5.1871340000000004, "Max_Tensile_Stress/MPa": 1.3277300000000001, "Max_Bending_Stress/MPa": 2.0999999999999999e-05, "Avg_Displacement/mm": 3.9894759999999998, "Max_Displacement/mm": 14.19101, "Max_Principal_Stress/MPa": 0.013755, "Interstorey_Drift_Failure": [], "Avg_Shear_Force/KN": 0.40754499999999999, "Avg_Bending_Moment/KNm": 0.13443099999999999, "Max_Bending_Moment/KNm": 0.80513100000000004, "Interstorey_Drift_Ratios": [], "Max_Compresive_Stress/MPa": -0.42669000000000001}