{"Buckling_Load_Factor": 11.761956, "Max_Shear_Stress/MPa": 0.0001, "Max_Shear_Force/KN": 4.1801909999999998, "Utilization": 10.366910000000001, "Max_Tensile_Stress/MPa": 2.5532460000000001, "Max_Bending_Stress/MPa": 3.4e-05, "Avg_Displacement/mm": 7.5229270000000001, "Max_Displacement/mm": 20.106611000000001, "Max_Principal_Stress/MPa": 0.020216999999999999, "Interstorey_Drift_Failure": [], "Avg_Shear_Force/KN": 0.55885200000000002, "Avg_Bending_Moment/KNm": 0.17658299999999999, "Max_Bending_Moment/KNm": 1.2863469999999999, "Interstorey_Drift_Ratios": [], "Max_Compresive_Stress/MPa": -0.79631600000000002}