{"Buckling_Load_Factor": 8.4879829999999998, "Max_Shear_Stress/MPa": 0.0001, "Max_Shear_Force/KN": 1.2168479999999999, "Utilization": 4.7585189999999997, "Max_Tensile_Stress/MPa": 1.201862, "Max_Bending_Stress/MPa": 6.5614000000000004e-06, "Avg_Displacement/mm": 4.0219430000000003, "Max_Displacement/mm": 9.9694870000000009, "Max_Principal_Stress/MPa": 0.014829999999999999, "Interstorey_Drift_Failure": [], "Avg_Shear_Force/KN": 0.183224, "Avg_Bending_Moment/KNm": 0.037283999999999998, "Max_Bending_Moment/KNm": 0.24605099999999999, "Interstorey_Drift_Ratios": [], "Max_Compresive_Stress/MPa": -0.47287499999999999}