{"Buckling_Load_Factor": 13.354061, "Max_Shear_Stress/MPa": 0.0001, "Max_Shear_Force/KN": 5.6269799999999996, "Utilization": 8.4769100000000002, "Max_Tensile_Stress/MPa": 2.2587440000000001, "Max_Bending_Stress/MPa": 2.1999999999999999e-05, "Avg_Displacement/mm": 8.8339490000000005, "Max_Displacement/mm": 29.280543000000002, "Max_Principal_Stress/MPa": 0.024979000000000001, "Interstorey_Drift_Failure": [], "Avg_Shear_Force/KN": 0.53744400000000003, "Avg_Bending_Moment/KNm": 0.14697199999999999, "Max_Bending_Moment/KNm": 0.82864099999999996, "Interstorey_Drift_Ratios": [], "Max_Compresive_Stress/MPa": -0.75639500000000004}