{"Buckling_Load_Factor": 8.2991080000000004, "Max_Shear_Stress/MPa": 0.00014999999999999999, "Max_Shear_Force/KN": 5.6658689999999998, "Utilization": 8.7920560000000005, "Max_Tensile_Stress/MPa": 2.3611650000000002, "Max_Bending_Stress/MPa": 0.000205, "Avg_Displacement/mm": 9.685219, "Max_Displacement/mm": 26.547315000000001, "Max_Principal_Stress/MPa": 0.013854, "Interstorey_Drift_Failure": ["False"], "Avg_Shear_Force/KN": 1.2834840000000001, "Avg_Bending_Moment/KNm": 0.69733800000000001, "Max_Bending_Moment/KNm": 3.4169489999999998, "Interstorey_Drift_Ratios": ["0.00307537h"], "Max_Compresive_Stress/MPa": -0.41823199999999999}