{"Buckling_Load_Factor": 9.9948560000000004, "Max_Shear_Stress/MPa": 0.0001, "Max_Shear_Force/KN": 3.9586899999999998, "Utilization": 6.0120199999999997, "Max_Tensile_Stress/MPa": 1.4349000000000001, "Max_Bending_Stress/MPa": 2.1999999999999999e-05, "Avg_Displacement/mm": 5.144844, "Max_Displacement/mm": 10.378163000000001, "Max_Principal_Stress/MPa": 0.012907, "Interstorey_Drift_Failure": [], "Avg_Shear_Force/KN": 0.41994500000000001, "Avg_Bending_Moment/KNm": 0.13961999999999999, "Max_Bending_Moment/KNm": 0.81738299999999997, "Interstorey_Drift_Ratios": [], "Max_Compresive_Stress/MPa": -0.41107199999999999}