{"Buckling_Load_Factor": 1.756224, "Max_Shear_Stress/MPa": 0.0001, "Max_Shear_Force/KN": 2.6737160000000002, "Utilization": 10.712166, "Max_Tensile_Stress/MPa": 3.343791, "Max_Bending_Stress/MPa": 1.4e-05, "Avg_Displacement/mm": 23.355357000000001, "Max_Displacement/mm": 86.023251000000002, "Max_Principal_Stress/MPa": 0.035307999999999999, "Interstorey_Drift_Failure": [], "Avg_Shear_Force/KN": 0.33263799999999999, "Avg_Bending_Moment/KNm": 0.074040999999999996, "Max_Bending_Moment/KNm": 0.50952500000000001, "Interstorey_Drift_Ratios": [], "Max_Compresive_Stress/MPa": -0.885405}