{"Buckling_Load_Factor": 28.591184999999999, "Max_Shear_Stress/MPa": 0.0001, "Max_Shear_Force/KN": 5.6403590000000001, "Utilization": 9.3131609999999991, "Max_Tensile_Stress/MPa": 2.3345039999999999, "Max_Bending_Stress/MPa": 7.7999999999999999e-05, "Avg_Displacement/mm": 5.7371590000000001, "Max_Displacement/mm": 21.406217000000002, "Max_Principal_Stress/MPa": 0.01737, "Interstorey_Drift_Failure": [], "Avg_Shear_Force/KN": 0.91318100000000002, "Avg_Bending_Moment/KNm": 0.43905499999999997, "Max_Bending_Moment/KNm": 2.939403, "Interstorey_Drift_Ratios": [], "Max_Compresive_Stress/MPa": -0.58524799999999999}