{"Buckling_Load_Factor": 6.0492619999999997, "Max_Shear_Stress/MPa": 0.0001, "Max_Shear_Force/KN": 1.458099, "Utilization": 5.7517620000000003, "Max_Tensile_Stress/MPa": 1.4500519999999999, "Max_Bending_Stress/MPa": 7.1335999999999998e-06, "Avg_Displacement/mm": 4.8589700000000002, "Max_Displacement/mm": 12.659886, "Max_Principal_Stress/MPa": 0.015133000000000001, "Interstorey_Drift_Failure": [], "Avg_Shear_Force/KN": 0.18600800000000001, "Avg_Bending_Moment/KNm": 0.039479, "Max_Bending_Moment/KNm": 0.26751000000000003, "Interstorey_Drift_Ratios": [], "Max_Compresive_Stress/MPa": -0.47625800000000001}