{"Buckling_Load_Factor": 5.6703609999999998, "Max_Shear_Stress/MPa": 0.0001, "Max_Shear_Force/KN": 1.389427, "Utilization": 4.8432190000000004, "Max_Tensile_Stress/MPa": 1.224108, "Max_Bending_Stress/MPa": 5.2702e-06, "Avg_Displacement/mm": 3.7405849999999998, "Max_Displacement/mm": 9.8011959999999991, "Max_Principal_Stress/MPa": 0.014211, "Interstorey_Drift_Failure": [], "Avg_Shear_Force/KN": 0.13758799999999999, "Avg_Bending_Moment/KNm": 0.025350000000000001, "Max_Bending_Moment/KNm": 0.197631, "Interstorey_Drift_Ratios": [], "Max_Compresive_Stress/MPa": -0.46316099999999999}