{"Buckling_Load_Factor": 2.854654, "Max_Shear_Stress/MPa": 0.00014999999999999999, "Max_Shear_Force/KN": 2.3041779999999998, "Utilization": 8.8516469999999998, "Max_Tensile_Stress/MPa": 2.2857379999999998, "Max_Bending_Stress/MPa": 2.5000000000000001e-05, "Avg_Displacement/mm": 9.0709400000000002, "Max_Displacement/mm": 41.506459999999997, "Max_Principal_Stress/MPa": 0.023063, "Interstorey_Drift_Failure": ["False"], "Avg_Shear_Force/KN": 0.23808299999999999, "Avg_Bending_Moment/KNm": 0.058381000000000002, "Max_Bending_Moment/KNm": 0.413441, "Interstorey_Drift_Ratios": ["0.00427014h"], "Max_Compresive_Stress/MPa": -0.86635200000000001}