{"Buckling_Load_Factor": 11.652723, "Max_Shear_Stress/MPa": 0.00014999999999999999, "Max_Shear_Force/KN": 7.758642, "Utilization": 9.8405240000000003, "Max_Tensile_Stress/MPa": 2.0284070000000001, "Max_Bending_Stress/MPa": 8.2999999999999998e-05, "Avg_Displacement/mm": 8.8785919999999994, "Max_Displacement/mm": 26.337312000000001, "Max_Principal_Stress/MPa": 0.020294, "Interstorey_Drift_Failure": ["False"], "Avg_Shear_Force/KN": 0.82699199999999995, "Avg_Bending_Moment/KNm": 0.21098900000000001, "Max_Bending_Moment/KNm": 1.3901460000000001, "Interstorey_Drift_Ratios": ["0.00304853h"], "Max_Compresive_Stress/MPa": -0.67727400000000004}