{"Buckling_Load_Factor": 2.572765, "Max_Shear_Stress/MPa": 0.00014999999999999999, "Max_Shear_Force/KN": 14.694448, "Utilization": 21.764108, "Max_Tensile_Stress/MPa": 5.6136699999999999, "Max_Bending_Stress/MPa": 0.000205, "Avg_Displacement/mm": 27.968800000000002, "Max_Displacement/mm": 97.872963999999996, "Max_Principal_Stress/MPa": 0.034206, "Interstorey_Drift_Failure": ["True"], "Avg_Shear_Force/KN": 1.361561, "Avg_Bending_Moment/KNm": 0.50255399999999995, "Max_Bending_Moment/KNm": 3.4091909999999999, "Interstorey_Drift_Ratios": ["0.01147627h"], "Max_Compresive_Stress/MPa": -2.3224200000000002}