{"Buckling_Load_Factor": 32.087910000000001, "Max_Shear_Stress/MPa": 0.0001, "Max_Shear_Force/KN": 4.9866869999999999, "Utilization": 5.2438269999999996, "Max_Tensile_Stress/MPa": 1.3684259999999999, "Max_Bending_Stress/MPa": 4.8000000000000001e-05, "Avg_Displacement/mm": 5.0740790000000002, "Max_Displacement/mm": 12.224943, "Max_Principal_Stress/MPa": 0.015977000000000002, "Interstorey_Drift_Failure": [], "Avg_Shear_Force/KN": 1.061202, "Avg_Bending_Moment/KNm": 0.39225199999999999, "Max_Bending_Moment/KNm": 1.8151280000000001, "Interstorey_Drift_Ratios": [], "Max_Compresive_Stress/MPa": -0.32825300000000002}