{"Buckling_Load_Factor": 27.514514999999999, "Max_Shear_Stress/MPa": 0.00014999999999999999, "Max_Shear_Force/KN": 5.70716, "Utilization": 4.3992149999999999, "Max_Tensile_Stress/MPa": 1.159554, "Max_Bending_Stress/MPa": 9.6000000000000002e-05, "Avg_Displacement/mm": 2.670417, "Max_Displacement/mm": 6.8953540000000002, "Max_Principal_Stress/MPa": 0.0098490000000000001, "Interstorey_Drift_Failure": ["False"], "Avg_Shear_Force/KN": 0.62309499999999995, "Avg_Bending_Moment/KNm": 0.23788000000000001, "Max_Bending_Moment/KNm": 1.600463, "Interstorey_Drift_Ratios": ["0.00066625h"], "Max_Compresive_Stress/MPa": -0.28221200000000002}