{"Buckling_Load_Factor": 4.4713849999999997, "Max_Shear_Stress/MPa": 0.0001, "Max_Shear_Force/KN": 1.880846, "Utilization": 6.4268280000000004, "Max_Tensile_Stress/MPa": 1.4281680000000001, "Max_Bending_Stress/MPa": 7.4352999999999998e-06, "Avg_Displacement/mm": 6.340357, "Max_Displacement/mm": 15.481147999999999, "Max_Principal_Stress/MPa": 0.015744999999999999, "Interstorey_Drift_Failure": [], "Avg_Shear_Force/KN": 0.18884799999999999, "Avg_Bending_Moment/KNm": 0.040924000000000002, "Max_Bending_Moment/KNm": 0.27882400000000002, "Interstorey_Drift_Ratios": [], "Max_Compresive_Stress/MPa": -0.54034199999999999}