{"Buckling_Load_Factor": 3.6295280000000001, "Max_Shear_Stress/MPa": 0.00014999999999999999, "Max_Shear_Force/KN": 3.4153030000000002, "Utilization": 16.430174000000001, "Max_Tensile_Stress/MPa": 4.191694, "Max_Bending_Stress/MPa": 6.0999999999999999e-05, "Avg_Displacement/mm": 20.158141000000001, "Max_Displacement/mm": 63.188417000000001, "Max_Principal_Stress/MPa": 0.036775000000000002, "Interstorey_Drift_Failure": ["False"], "Avg_Shear_Force/KN": 0.45746100000000001, "Avg_Bending_Moment/KNm": 0.12135600000000001, "Max_Bending_Moment/KNm": 1.0240119999999999, "Interstorey_Drift_Ratios": ["0.00596417h"], "Max_Compresive_Stress/MPa": -2.035669}