{"Buckling_Load_Factor": 4.1190910000000001, "Max_Shear_Stress/MPa": 0.00014999999999999999, "Max_Shear_Force/KN": 4.4729109999999999, "Utilization": 10.459709, "Max_Tensile_Stress/MPa": 2.8177270000000001, "Max_Bending_Stress/MPa": 9.7999999999999997e-05, "Avg_Displacement/mm": 12.676019, "Max_Displacement/mm": 38.689489000000002, "Max_Principal_Stress/MPa": 0.025936000000000001, "Interstorey_Drift_Failure": ["False"], "Avg_Shear_Force/KN": 0.61318499999999998, "Avg_Bending_Moment/KNm": 0.26560400000000001, "Max_Bending_Moment/KNm": 1.641535, "Interstorey_Drift_Ratios": ["0.0035847h"], "Max_Compresive_Stress/MPa": -0.73302299999999998}