{"Buckling_Load_Factor": 2.9666139999999999, "Max_Shear_Stress/MPa": 0.0001, "Max_Shear_Force/KN": 2.4473820000000002, "Utilization": 8.3643400000000003, "Max_Tensile_Stress/MPa": 2.1926299999999999, "Max_Bending_Stress/MPa": 7.593e-06, "Avg_Displacement/mm": 9.3462099999999992, "Max_Displacement/mm": 27.137568000000002, "Max_Principal_Stress/MPa": 0.023782999999999999, "Interstorey_Drift_Failure": [], "Avg_Shear_Force/KN": 0.17984700000000001, "Avg_Bending_Moment/KNm": 0.048112000000000002, "Max_Bending_Moment/KNm": 0.28473900000000002, "Interstorey_Drift_Ratios": [], "Max_Compresive_Stress/MPa": -0.69661300000000004}