{"Buckling_Load_Factor": 3.9027210000000001, "Max_Shear_Stress/MPa": 0.0001, "Max_Shear_Force/KN": 2.261565, "Utilization": 8.0335599999999996, "Max_Tensile_Stress/MPa": 2.2091020000000001, "Max_Bending_Stress/MPa": 8.3735000000000004e-06, "Avg_Displacement/mm": 11.948687, "Max_Displacement/mm": 37.873516000000002, "Max_Principal_Stress/MPa": 0.024684999999999999, "Interstorey_Drift_Failure": [], "Avg_Shear_Force/KN": 0.24249599999999999, "Avg_Bending_Moment/KNm": 0.051341999999999999, "Max_Bending_Moment/KNm": 0.31400499999999998, "Interstorey_Drift_Ratios": [], "Max_Compresive_Stress/MPa": -0.74659600000000004}