{"Buckling_Load_Factor": 16.592006999999999, "Max_Shear_Stress/MPa": 0.00014999999999999999, "Max_Shear_Force/KN": 7.7305520000000003, "Utilization": 5.5817059999999996, "Max_Tensile_Stress/MPa": 1.5061739999999999, "Max_Bending_Stress/MPa": 0.000106, "Avg_Displacement/mm": 5.2259190000000002, "Max_Displacement/mm": 11.828862000000001, "Max_Principal_Stress/MPa": 0.010534, "Interstorey_Drift_Failure": ["False"], "Avg_Shear_Force/KN": 1.0749839999999999, "Avg_Bending_Moment/KNm": 0.378243, "Max_Bending_Moment/KNm": 1.7666360000000001, "Interstorey_Drift_Ratios": ["0.00116959h"], "Max_Compresive_Stress/MPa": -0.49085400000000001}