{"Buckling_Load_Factor": 26.187781999999999, "Max_Shear_Stress/MPa": 0.0001, "Max_Shear_Force/KN": 6.0689580000000003, "Utilization": 5.5151459999999997, "Max_Tensile_Stress/MPa": 1.4761759999999999, "Max_Bending_Stress/MPa": 5.3999999999999998e-05, "Avg_Displacement/mm": 3.9777670000000001, "Max_Displacement/mm": 9.9021240000000006, "Max_Principal_Stress/MPa": 0.0090959999999999999, "Interstorey_Drift_Failure": [], "Avg_Shear_Force/KN": 0.75014199999999998, "Avg_Bending_Moment/KNm": 0.27277899999999999, "Max_Bending_Moment/KNm": 2.0109699999999999, "Interstorey_Drift_Ratios": [], "Max_Compresive_Stress/MPa": -0.35702800000000001}