{"Buckling_Load_Factor": 2.158067, "Max_Shear_Stress/MPa": 0.00014999999999999999, "Max_Shear_Force/KN": 2.2043059999999999, "Utilization": 8.8870649999999998, "Max_Tensile_Stress/MPa": 2.312322, "Max_Bending_Stress/MPa": 2.5999999999999998e-05, "Avg_Displacement/mm": 9.6328209999999999, "Max_Displacement/mm": 32.861651999999999, "Max_Principal_Stress/MPa": 0.022263000000000002, "Interstorey_Drift_Failure": ["False"], "Avg_Shear_Force/KN": 0.20263400000000001, "Avg_Bending_Moment/KNm": 0.051499000000000003, "Max_Bending_Moment/KNm": 0.42579099999999998, "Interstorey_Drift_Ratios": ["0.00363841h"], "Max_Compresive_Stress/MPa": -0.77149500000000004}