{"Buckling_Load_Factor": 6.285946, "Max_Shear_Stress/MPa": 0.00014999999999999999, "Max_Shear_Force/KN": 4.8073810000000003, "Utilization": 6.3955089999999997, "Max_Tensile_Stress/MPa": 1.7408669999999999, "Max_Bending_Stress/MPa": 7.1000000000000005e-05, "Avg_Displacement/mm": 9.2882909999999992, "Max_Displacement/mm": 23.742111999999999, "Max_Principal_Stress/MPa": 0.018907, "Interstorey_Drift_Failure": ["False"], "Avg_Shear_Force/KN": 0.65957299999999996, "Avg_Bending_Moment/KNm": 0.22982, "Max_Bending_Moment/KNm": 1.1828860000000001, "Interstorey_Drift_Ratios": ["0.00261781h"], "Max_Compresive_Stress/MPa": -0.65904399999999996}