{"Buckling_Load_Factor": 16.177969000000001, "Max_Shear_Stress/MPa": 0.0001, "Max_Shear_Force/KN": 6.4072969999999998, "Utilization": 4.3612349999999998, "Max_Tensile_Stress/MPa": 1.1667110000000001, "Max_Bending_Stress/MPa": 4.3999999999999999e-05, "Avg_Displacement/mm": 3.6376210000000002, "Max_Displacement/mm": 9.8349810000000009, "Max_Principal_Stress/MPa": 0.010031999999999999, "Interstorey_Drift_Failure": ["False"], "Avg_Shear_Force/KN": 0.55865900000000002, "Avg_Bending_Moment/KNm": 0.21352699999999999, "Max_Bending_Moment/KNm": 1.6583699999999999, "Interstorey_Drift_Ratios": ["0.00096447h"], "Max_Compresive_Stress/MPa": -0.26600000000000001}