{"Buckling_Load_Factor": 18.740860999999999, "Max_Shear_Stress/MPa": 0.00014999999999999999, "Max_Shear_Force/KN": 6.1068100000000003, "Utilization": 5.8822890000000001, "Max_Tensile_Stress/MPa": 1.5538529999999999, "Max_Bending_Stress/MPa": 0.00013100000000000001, "Avg_Displacement/mm": 5.6967860000000003, "Max_Displacement/mm": 12.186774, "Max_Principal_Stress/MPa": 0.01108, "Interstorey_Drift_Failure": ["False"], "Avg_Shear_Force/KN": 1.0678350000000001, "Avg_Bending_Moment/KNm": 0.48205100000000001, "Max_Bending_Moment/KNm": 2.1866910000000002, "Interstorey_Drift_Ratios": ["0.00123031h"], "Max_Compresive_Stress/MPa": -0.43090499999999998}