{"Buckling_Load_Factor": 13.272986, "Max_Shear_Stress/MPa": 0.00014999999999999999, "Max_Shear_Force/KN": 22.115061000000001, "Utilization": 11.225091000000001, "Max_Tensile_Stress/MPa": 3.0069140000000001, "Max_Bending_Stress/MPa": 0.000263, "Avg_Displacement/mm": 11.205068000000001, "Max_Displacement/mm": 33.161512000000002, "Max_Principal_Stress/MPa": 0.015066, "Interstorey_Drift_Failure": ["False"], "Avg_Shear_Force/KN": 2.1075900000000001, "Avg_Bending_Moment/KNm": 0.89176699999999998, "Max_Bending_Moment/KNm": 4.3830150000000003, "Interstorey_Drift_Ratios": ["0.00376961h"], "Max_Compresive_Stress/MPa": -0.67644199999999999}