{"Buckling_Load_Factor": 4.0581379999999996, "Max_Shear_Stress/MPa": 0.0001, "Max_Shear_Force/KN": 2.1877200000000001, "Utilization": 7.8487850000000003, "Max_Tensile_Stress/MPa": 2.003625, "Max_Bending_Stress/MPa": 8.7732999999999995e-06, "Avg_Displacement/mm": 7.6781680000000003, "Max_Displacement/mm": 13.822037, "Max_Principal_Stress/MPa": 0.016685999999999999, "Interstorey_Drift_Failure": [], "Avg_Shear_Force/KN": 0.22082399999999999, "Avg_Bending_Moment/KNm": 0.048346, "Max_Bending_Moment/KNm": 0.32900000000000001, "Interstorey_Drift_Ratios": [], "Max_Compresive_Stress/MPa": -0.63200599999999996}