{"Buckling_Load_Factor": 12.494965000000001, "Max_Shear_Stress/MPa": 0.0001, "Max_Shear_Force/KN": 3.313164, "Utilization": 4.2958780000000001, "Max_Tensile_Stress/MPa": 1.075871, "Max_Bending_Stress/MPa": 1.5999999999999999e-05, "Avg_Displacement/mm": 3.8300999999999998, "Max_Displacement/mm": 9.2158549999999995, "Max_Principal_Stress/MPa": 0.011762999999999999, "Interstorey_Drift_Failure": [], "Avg_Shear_Force/KN": 0.37945299999999998, "Avg_Bending_Moment/KNm": 0.097464999999999996, "Max_Bending_Moment/KNm": 0.59926999999999997, "Interstorey_Drift_Ratios": [], "Max_Compresive_Stress/MPa": -0.34626000000000001}