{"Buckling_Load_Factor": 13.654623000000001, "Max_Shear_Stress/MPa": 0.0001, "Max_Shear_Force/KN": 10.733404999999999, "Utilization": 10.659789999999999, "Max_Tensile_Stress/MPa": 2.8659409999999998, "Max_Bending_Stress/MPa": 7.6000000000000004e-05, "Avg_Displacement/mm": 12.521941999999999, "Max_Displacement/mm": 33.041704000000003, "Max_Principal_Stress/MPa": 0.020025999999999999, "Interstorey_Drift_Failure": [], "Avg_Shear_Force/KN": 1.4607019999999999, "Avg_Bending_Moment/KNm": 0.58310099999999998, "Max_Bending_Moment/KNm": 2.862098, "Interstorey_Drift_Ratios": [], "Max_Compresive_Stress/MPa": -1.001676}