{"Buckling_Load_Factor": 2.0747270000000002, "Max_Shear_Stress/MPa": 0.00014999999999999999, "Max_Shear_Force/KN": 3.6596739999999999, "Utilization": 13.947685999999999, "Max_Tensile_Stress/MPa": 3.6759119999999998, "Max_Bending_Stress/MPa": 4.1e-05, "Avg_Displacement/mm": 14.014355, "Max_Displacement/mm": 49.783954999999999, "Max_Principal_Stress/MPa": 0.029760000000000002, "Interstorey_Drift_Failure": ["False"], "Avg_Shear_Force/KN": 0.21227199999999999, "Avg_Bending_Moment/KNm": 0.060761999999999997, "Max_Bending_Moment/KNm": 0.69064000000000003, "Interstorey_Drift_Ratios": ["0.00577346h"], "Max_Compresive_Stress/MPa": -0.92772699999999997}