{"Buckling_Load_Factor": 5.1874060000000002, "Max_Shear_Stress/MPa": 0.00014999999999999999, "Max_Shear_Force/KN": 1.662336, "Utilization": 6.4143549999999996, "Max_Tensile_Stress/MPa": 1.6717, "Max_Bending_Stress/MPa": 1.4e-05, "Avg_Displacement/mm": 5.3425690000000001, "Max_Displacement/mm": 13.94416, "Max_Principal_Stress/MPa": 0.015093000000000001, "Interstorey_Drift_Failure": ["False"], "Avg_Shear_Force/KN": 0.15542500000000001, "Avg_Bending_Moment/KNm": 0.034241000000000001, "Max_Bending_Moment/KNm": 0.23278799999999999, "Interstorey_Drift_Ratios": ["0.00132795h"], "Max_Compresive_Stress/MPa": -0.51611099999999999}