{"Buckling_Load_Factor": 0.044373999999999997, "Max_Shear_Stress/MPa": 0.0001, "Max_Shear_Force/KN": 2.3927520000000002, "Utilization": 10.757042, "Max_Tensile_Stress/MPa": 2.7162739999999999, "Max_Bending_Stress/MPa": 1.4e-05, "Avg_Displacement/mm": 23.626598000000001, "Max_Displacement/mm": 55.323236999999999, "Max_Principal_Stress/MPa": 0.028725000000000001, "Interstorey_Drift_Failure": [], "Avg_Shear_Force/KN": 0.39507599999999998, "Avg_Bending_Moment/KNm": 0.090393000000000001, "Max_Bending_Moment/KNm": 0.52437800000000001, "Interstorey_Drift_Ratios": [], "Max_Compresive_Stress/MPa": -1.06433}