{"Buckling_Load_Factor": 3.1386859999999999, "Max_Shear_Stress/MPa": 0.00014999999999999999, "Max_Shear_Force/KN": 1.8312729999999999, "Utilization": 7.3960619999999997, "Max_Tensile_Stress/MPa": 1.7741210000000001, "Max_Bending_Stress/MPa": 2.0000000000000002e-05, "Avg_Displacement/mm": 6.0357760000000003, "Max_Displacement/mm": 17.289705999999999, "Max_Principal_Stress/MPa": 0.016532000000000002, "Interstorey_Drift_Failure": ["False"], "Avg_Shear_Force/KN": 0.16545000000000001, "Avg_Bending_Moment/KNm": 0.046836999999999997, "Max_Bending_Moment/KNm": 0.33831299999999997, "Interstorey_Drift_Ratios": ["0.00167082h"], "Max_Compresive_Stress/MPa": -0.49667600000000001}