{"Buckling_Load_Factor": 20.482849999999999, "Max_Shear_Stress/MPa": 0.0001, "Max_Shear_Force/KN": 4.0616669999999999, "Utilization": 7.6086919999999996, "Max_Tensile_Stress/MPa": 1.92706, "Max_Bending_Stress/MPa": 3.0000000000000001e-05, "Avg_Displacement/mm": 6.1118769999999998, "Max_Displacement/mm": 18.419193, "Max_Principal_Stress/MPa": 0.021055999999999998, "Interstorey_Drift_Failure": ["False"], "Avg_Shear_Force/KN": 0.48258299999999998, "Avg_Bending_Moment/KNm": 0.15359400000000001, "Max_Bending_Moment/KNm": 1.117672, "Interstorey_Drift_Ratios": ["0.00142943h"], "Max_Compresive_Stress/MPa": -0.59403700000000004}