{"Buckling_Load_Factor": 1.7529410000000001, "Max_Shear_Stress/MPa": 0.0001, "Max_Shear_Force/KN": 3.2965719999999998, "Utilization": 12.014177, "Max_Tensile_Stress/MPa": 3.293704, "Max_Bending_Stress/MPa": 1.1e-05, "Avg_Displacement/mm": 20.376722000000001, "Max_Displacement/mm": 56.502657999999997, "Max_Principal_Stress/MPa": 0.034294999999999999, "Interstorey_Drift_Failure": ["False"], "Avg_Shear_Force/KN": 0.330764, "Avg_Bending_Moment/KNm": 0.080260999999999999, "Max_Bending_Moment/KNm": 0.40546199999999999, "Interstorey_Drift_Ratios": ["0.00678834h"], "Max_Compresive_Stress/MPa": -1.1842859999999999}