{"Buckling_Load_Factor": 23.260636999999999, "Max_Shear_Stress/MPa": 0.00014999999999999999, "Max_Shear_Force/KN": 6.2695990000000004, "Utilization": 4.1826379999999999, "Max_Tensile_Stress/MPa": 1.0943989999999999, "Max_Bending_Stress/MPa": 8.7000000000000001e-05, "Avg_Displacement/mm": 3.6014569999999999, "Max_Displacement/mm": 8.7708999999999993, "Max_Principal_Stress/MPa": 0.0091739999999999999, "Interstorey_Drift_Failure": ["False"], "Avg_Shear_Force/KN": 0.95695200000000002, "Avg_Bending_Moment/KNm": 0.36605300000000002, "Max_Bending_Moment/KNm": 1.4492620000000001, "Interstorey_Drift_Ratios": ["0.00090838h"], "Max_Compresive_Stress/MPa": -0.37252299999999999}