{"Buckling_Load_Factor": 4.5450660000000003, "Max_Shear_Stress/MPa": 0.00014999999999999999, "Max_Shear_Force/KN": 2.3271639999999998, "Utilization": 8.7182560000000002, "Max_Tensile_Stress/MPa": 1.7420979999999999, "Max_Bending_Stress/MPa": 1.9000000000000001e-05, "Avg_Displacement/mm": 9.3725179999999995, "Max_Displacement/mm": 14.546744, "Max_Principal_Stress/MPa": 0.015944, "Interstorey_Drift_Failure": ["False"], "Avg_Shear_Force/KN": 0.184611, "Avg_Bending_Moment/KNm": 0.067632999999999999, "Max_Bending_Moment/KNm": 0.322544, "Interstorey_Drift_Ratios": ["0.00182389h"], "Max_Compresive_Stress/MPa": -0.48195700000000002}