{"Buckling_Load_Factor": 0.55663499999999999, "Max_Shear_Stress/MPa": 0.0001, "Max_Shear_Force/KN": 1.8855759999999999, "Utilization": 14.331675000000001, "Max_Tensile_Stress/MPa": 3.8490899999999999, "Max_Bending_Stress/MPa": 2.0999999999999999e-05, "Avg_Displacement/mm": 12.390109000000001, "Max_Displacement/mm": 54.330894999999998, "Max_Principal_Stress/MPa": 0.021978000000000001, "Interstorey_Drift_Failure": [], "Avg_Shear_Force/KN": 0.30118299999999998, "Avg_Bending_Moment/KNm": 0.081549999999999997, "Max_Bending_Moment/KNm": 0.789524, "Interstorey_Drift_Ratios": [], "Max_Compresive_Stress/MPa": -1.157362}