{"Buckling_Load_Factor": 33.505392999999998, "Max_Shear_Stress/MPa": 0.0001, "Max_Shear_Force/KN": 5.750661, "Utilization": 3.970116, "Max_Tensile_Stress/MPa": 1.0246120000000001, "Max_Bending_Stress/MPa": 4.0000000000000003e-05, "Avg_Displacement/mm": 3.0188299999999999, "Max_Displacement/mm": 5.7241429999999998, "Max_Principal_Stress/MPa": 0.010241, "Interstorey_Drift_Failure": [], "Avg_Shear_Force/KN": 0.73561299999999996, "Avg_Bending_Moment/KNm": 0.28892000000000001, "Max_Bending_Moment/KNm": 1.4833099999999999, "Interstorey_Drift_Ratios": [], "Max_Compresive_Stress/MPa": -0.220975}