{"Buckling_Load_Factor": 0.15457000000000001, "Max_Shear_Stress/MPa": 0.0001, "Max_Shear_Force/KN": 2.4604689999999998, "Utilization": 15.223898999999999, "Max_Tensile_Stress/MPa": 4.0162709999999997, "Max_Bending_Stress/MPa": 1.1e-05, "Avg_Displacement/mm": 29.252039, "Max_Displacement/mm": 96.110106999999999, "Max_Principal_Stress/MPa": 0.041342999999999998, "Interstorey_Drift_Failure": [], "Avg_Shear_Force/KN": 0.447575, "Avg_Bending_Moment/KNm": 0.09146, "Max_Bending_Moment/KNm": 0.40578999999999998, "Interstorey_Drift_Ratios": [], "Max_Compresive_Stress/MPa": -1.245277}