{"Buckling_Load_Factor": 18.185209, "Max_Shear_Stress/MPa": 0.00014999999999999999, "Max_Shear_Force/KN": 6.5749440000000003, "Utilization": 7.3139240000000001, "Max_Tensile_Stress/MPa": 1.9617439999999999, "Max_Bending_Stress/MPa": 0.00017899999999999999, "Avg_Displacement/mm": 6.8166779999999996, "Max_Displacement/mm": 20.430917999999998, "Max_Principal_Stress/MPa": 0.018033, "Interstorey_Drift_Failure": ["False"], "Avg_Shear_Force/KN": 1.0585249999999999, "Avg_Bending_Moment/KNm": 0.48637599999999998, "Max_Bending_Moment/KNm": 2.9852310000000002, "Interstorey_Drift_Ratios": ["0.00225095h"], "Max_Compresive_Stress/MPa": -0.45676899999999998}