{"Buckling_Load_Factor": 2.061455, "Max_Shear_Stress/MPa": 0.00014999999999999999, "Max_Shear_Force/KN": 2.4158300000000001, "Utilization": 10.779652, "Max_Tensile_Stress/MPa": 2.6828349999999999, "Max_Bending_Stress/MPa": 3.4e-05, "Avg_Displacement/mm": 12.636151999999999, "Max_Displacement/mm": 36.286738, "Max_Principal_Stress/MPa": 0.017909999999999999, "Interstorey_Drift_Failure": ["False"], "Avg_Shear_Force/KN": 0.40262700000000001, "Avg_Bending_Moment/KNm": 0.084168999999999994, "Max_Bending_Moment/KNm": 0.56247999999999998, "Interstorey_Drift_Ratios": ["0.00390322h"], "Max_Compresive_Stress/MPa": -0.93564899999999995}