{"Buckling_Load_Factor": 5.8320800000000004, "Max_Shear_Stress/MPa": 0.0001, "Max_Shear_Force/KN": 1.3693820000000001, "Utilization": 3.4359540000000002, "Max_Tensile_Stress/MPa": 1.176491, "Max_Bending_Stress/MPa": 3.7065e-06, "Avg_Displacement/mm": 3.736675, "Max_Displacement/mm": 10.417881, "Max_Principal_Stress/MPa": 0.013658999999999999, "Interstorey_Drift_Failure": [], "Avg_Shear_Force/KN": 0.124806, "Avg_Bending_Moment/KNm": 0.020556999999999999, "Max_Bending_Moment/KNm": 0.13899400000000001, "Interstorey_Drift_Ratios": [], "Max_Compresive_Stress/MPa": -0.38922200000000001}