{"Buckling_Load_Factor": 3.9087960000000002, "Max_Shear_Stress/MPa": 0.00014999999999999999, "Max_Shear_Force/KN": 3.2825920000000002, "Utilization": 12.801952999999999, "Max_Tensile_Stress/MPa": 3.2881010000000002, "Max_Bending_Stress/MPa": 3.6000000000000001e-05, "Avg_Displacement/mm": 8.7339839999999995, "Max_Displacement/mm": 24.154451000000002, "Max_Principal_Stress/MPa": 0.022962, "Interstorey_Drift_Failure": ["False"], "Avg_Shear_Force/KN": 0.25535999999999998, "Avg_Bending_Moment/KNm": 0.057386, "Max_Bending_Moment/KNm": 0.60256799999999999, "Interstorey_Drift_Ratios": ["0.00219391h"], "Max_Compresive_Stress/MPa": -1.135969}