{"Buckling_Load_Factor": 3.4862320000000002, "Max_Shear_Stress/MPa": 0.00014999999999999999, "Max_Shear_Force/KN": 5.1907319999999997, "Utilization": 12.936572999999999, "Max_Tensile_Stress/MPa": 3.3944009999999998, "Max_Bending_Stress/MPa": 0.00012, "Avg_Displacement/mm": 23.788087000000001, "Max_Displacement/mm": 74.181149000000005, "Max_Principal_Stress/MPa": 0.027512000000000002, "Interstorey_Drift_Failure": ["False"], "Avg_Shear_Force/KN": 1.0763450000000001, "Avg_Bending_Moment/KNm": 0.46269900000000003, "Max_Bending_Moment/KNm": 1.995601, "Interstorey_Drift_Ratios": ["0.0084743h"], "Max_Compresive_Stress/MPa": -1.460985}