{"Buckling_Load_Factor": 6.4694310000000002, "Max_Shear_Stress/MPa": 0.00014999999999999999, "Max_Shear_Force/KN": 7.7286580000000002, "Utilization": 10.381582, "Max_Tensile_Stress/MPa": 2.6747040000000002, "Max_Bending_Stress/MPa": 9.2999999999999997e-05, "Avg_Displacement/mm": 9.8011739999999996, "Max_Displacement/mm": 30.786819000000001, "Max_Principal_Stress/MPa": 0.018995000000000001, "Interstorey_Drift_Failure": ["False"], "Avg_Shear_Force/KN": 0.71051699999999995, "Avg_Bending_Moment/KNm": 0.21229300000000001, "Max_Bending_Moment/KNm": 1.542753, "Interstorey_Drift_Ratios": ["0.00345247h"], "Max_Compresive_Stress/MPa": -0.80577299999999996}