{"Buckling_Load_Factor": 10.993122, "Max_Shear_Stress/MPa": 0.0001, "Max_Shear_Force/KN": 3.8227479999999998, "Utilization": 6.020416, "Max_Tensile_Stress/MPa": 1.5487580000000001, "Max_Bending_Stress/MPa": 2.4000000000000001e-05, "Avg_Displacement/mm": 4.6442639999999997, "Max_Displacement/mm": 9.125705, "Max_Principal_Stress/MPa": 0.012567, "Interstorey_Drift_Failure": [], "Avg_Shear_Force/KN": 0.41516999999999998, "Avg_Bending_Moment/KNm": 0.12436999999999999, "Max_Bending_Moment/KNm": 0.90295999999999998, "Interstorey_Drift_Ratios": [], "Max_Compresive_Stress/MPa": -0.350661}