{"Buckling_Load_Factor": 70.970191, "Max_Shear_Stress/MPa": 0.0001, "Max_Shear_Force/KN": 5.6287330000000004, "Utilization": 2.9381879999999998, "Max_Tensile_Stress/MPa": 0.62038400000000005, "Max_Bending_Stress/MPa": 2.1999999999999999e-05, "Avg_Displacement/mm": 1.287787, "Max_Displacement/mm": 2.1170049999999998, "Max_Principal_Stress/MPa": 0.0091940000000000008, "Interstorey_Drift_Failure": ["False"], "Avg_Shear_Force/KN": 0.368313, "Avg_Bending_Moment/KNm": 0.099085999999999994, "Max_Bending_Moment/KNm": 0.81629399999999996, "Interstorey_Drift_Ratios": ["0.00014071h"], "Max_Compresive_Stress/MPa": -0.16126499999999999}