{"Buckling_Load_Factor": 1.9890190000000001, "Max_Shear_Stress/MPa": 0.0001, "Max_Shear_Force/KN": 1.98037, "Utilization": 16.471855999999999, "Max_Tensile_Stress/MPa": 3.360744, "Max_Bending_Stress/MPa": 8.0129000000000008e-06, "Avg_Displacement/mm": 14.478187, "Max_Displacement/mm": 41.344875999999999, "Max_Principal_Stress/MPa": 0.027740999999999998, "Interstorey_Drift_Failure": [], "Avg_Shear_Force/KN": 0.31203599999999998, "Avg_Bending_Moment/KNm": 0.066650000000000001, "Max_Bending_Moment/KNm": 0.30048399999999997, "Interstorey_Drift_Ratios": [], "Max_Compresive_Stress/MPa": -0.94419500000000001}