{"Buckling_Load_Factor": 12.118641999999999, "Max_Shear_Stress/MPa": 0.00014999999999999999, "Max_Shear_Force/KN": 8.7483059999999995, "Utilization": 7.3985580000000004, "Max_Tensile_Stress/MPa": 1.8093710000000001, "Max_Bending_Stress/MPa": 0.00017899999999999999, "Avg_Displacement/mm": 8.4373269999999998, "Max_Displacement/mm": 24.978762, "Max_Principal_Stress/MPa": 0.014215999999999999, "Interstorey_Drift_Failure": ["False"], "Avg_Shear_Force/KN": 1.5022899999999999, "Avg_Bending_Moment/KNm": 0.64787899999999998, "Max_Bending_Moment/KNm": 2.9885760000000001, "Interstorey_Drift_Ratios": ["0.00299477h"], "Max_Compresive_Stress/MPa": -0.45951799999999998}