{"Buckling_Load_Factor": 19.751622999999999, "Max_Shear_Stress/MPa": 0.00014999999999999999, "Max_Shear_Force/KN": 13.545868, "Utilization": 9.6057749999999995, "Max_Tensile_Stress/MPa": 2.43743, "Max_Bending_Stress/MPa": 0.00021599999999999999, "Avg_Displacement/mm": 6.8444209999999996, "Max_Displacement/mm": 17.891974000000001, "Max_Principal_Stress/MPa": 0.015820000000000001, "Interstorey_Drift_Failure": ["False"], "Avg_Shear_Force/KN": 1.5869230000000001, "Avg_Bending_Moment/KNm": 0.495037, "Max_Bending_Moment/KNm": 3.5965729999999998, "Interstorey_Drift_Ratios": ["0.00203967h"], "Max_Compresive_Stress/MPa": -0.62740300000000004}