{"Buckling_Load_Factor": 8.7400160000000007, "Max_Shear_Stress/MPa": 0.0001, "Max_Shear_Force/KN": 4.9300329999999999, "Utilization": 9.3150270000000006, "Max_Tensile_Stress/MPa": 2.3891490000000002, "Max_Bending_Stress/MPa": 3.4e-05, "Avg_Displacement/mm": 9.976286, "Max_Displacement/mm": 35.571261, "Max_Principal_Stress/MPa": 0.022807999999999998, "Interstorey_Drift_Failure": ["False"], "Avg_Shear_Force/KN": 0.644208, "Avg_Bending_Moment/KNm": 0.19656799999999999, "Max_Bending_Moment/KNm": 1.2741800000000001, "Interstorey_Drift_Ratios": ["0.00392276h"], "Max_Compresive_Stress/MPa": -0.65868199999999999}