{"Buckling_Load_Factor": 1.809124, "Max_Shear_Stress/MPa": 0.00014999999999999999, "Max_Shear_Force/KN": 3.452318, "Utilization": 13.546970999999999, "Max_Tensile_Stress/MPa": 3.42096, "Max_Bending_Stress/MPa": 3.8999999999999999e-05, "Avg_Displacement/mm": 20.553426999999999, "Max_Displacement/mm": 52.440849, "Max_Principal_Stress/MPa": 0.026127000000000001, "Interstorey_Drift_Failure": ["False"], "Avg_Shear_Force/KN": 0.41913600000000001, "Avg_Bending_Moment/KNm": 0.099158999999999997, "Max_Bending_Moment/KNm": 0.64428200000000002, "Interstorey_Drift_Ratios": ["0.00593563h"], "Max_Compresive_Stress/MPa": -1.0064789999999999}