{"Buckling_Load_Factor": 6.2921680000000002, "Max_Shear_Stress/MPa": 0.00014999999999999999, "Max_Shear_Force/KN": 0.82325300000000001, "Utilization": 4.649222, "Max_Tensile_Stress/MPa": 1.283946, "Max_Bending_Stress/MPa": 7.5499000000000003e-06, "Avg_Displacement/mm": 3.303776, "Max_Displacement/mm": 8.7072000000000003, "Max_Principal_Stress/MPa": 0.014971999999999999, "Interstorey_Drift_Failure": ["False"], "Avg_Shear_Force/KN": 0.081386, "Avg_Bending_Moment/KNm": 0.017464, "Max_Bending_Moment/KNm": 0.125831, "Interstorey_Drift_Ratios": ["0.00069342h"], "Max_Compresive_Stress/MPa": -0.33629300000000001}