{"Buckling_Load_Factor": 9.2087769999999995, "Max_Shear_Stress/MPa": 0.0001, "Max_Shear_Force/KN": 4.1591750000000003, "Utilization": 8.2168729999999996, "Max_Tensile_Stress/MPa": 2.1869990000000001, "Max_Bending_Stress/MPa": 3.3000000000000003e-05, "Avg_Displacement/mm": 8.1906320000000008, "Max_Displacement/mm": 17.500378999999999, "Max_Principal_Stress/MPa": 0.014142, "Interstorey_Drift_Failure": [], "Avg_Shear_Force/KN": 0.62696600000000002, "Avg_Bending_Moment/KNm": 0.20175399999999999, "Max_Bending_Moment/KNm": 1.242988, "Interstorey_Drift_Ratios": [], "Max_Compresive_Stress/MPa": -0.39830399999999999}