{"Buckling_Load_Factor": 0.39316499999999999, "Max_Shear_Stress/MPa": 0.00014999999999999999, "Max_Shear_Force/KN": 14.509277000000001, "Utilization": 31.068231000000001, "Max_Tensile_Stress/MPa": 8.1782120000000003, "Max_Bending_Stress/MPa": 9.2999999999999997e-05, "Avg_Displacement/mm": 95.728339000000005, "Max_Displacement/mm": 270.87480699999998, "Max_Principal_Stress/MPa": 0.078796000000000005, "Interstorey_Drift_Failure": ["True"], "Avg_Shear_Force/KN": 0.86226499999999995, "Avg_Bending_Moment/KNm": 0.30769200000000002, "Max_Bending_Moment/KNm": 1.544367, "Interstorey_Drift_Ratios": ["0.03403417h"], "Max_Compresive_Stress/MPa": -3.3345600000000002}