{"Buckling_Load_Factor": 14.709349, "Max_Shear_Stress/MPa": 0.0001, "Max_Shear_Force/KN": 3.7265090000000001, "Utilization": 5.646776, "Max_Tensile_Stress/MPa": 1.5126599999999999, "Max_Bending_Stress/MPa": 2.5000000000000001e-05, "Avg_Displacement/mm": 5.8047420000000001, "Max_Displacement/mm": 12.019266999999999, "Max_Principal_Stress/MPa": 0.014376999999999999, "Interstorey_Drift_Failure": [], "Avg_Shear_Force/KN": 0.57377699999999998, "Avg_Bending_Moment/KNm": 0.170957, "Max_Bending_Moment/KNm": 0.93173799999999996, "Interstorey_Drift_Ratios": [], "Max_Compresive_Stress/MPa": -0.44192599999999999}