{"Buckling_Load_Factor": 0.032426000000000003, "Max_Shear_Stress/MPa": 0.0001, "Max_Shear_Force/KN": 3.992121, "Utilization": 16.505421999999999, "Max_Tensile_Stress/MPa": 4.105429, "Max_Bending_Stress/MPa": 2.4000000000000001e-05, "Avg_Displacement/mm": 37.97457, "Max_Displacement/mm": 136.07230000000001, "Max_Principal_Stress/MPa": 0.039530000000000003, "Interstorey_Drift_Failure": [], "Avg_Shear_Force/KN": 0.46907199999999999, "Avg_Bending_Moment/KNm": 0.118876, "Max_Bending_Moment/KNm": 0.90334999999999999, "Interstorey_Drift_Ratios": [], "Max_Compresive_Stress/MPa": -1.593094}