{"Buckling_Load_Factor": 15.110775, "Max_Shear_Stress/MPa": 0.00014999999999999999, "Max_Shear_Force/KN": 8.6092849999999999, "Utilization": 10.280588, "Max_Tensile_Stress/MPa": 2.6827890000000001, "Max_Bending_Stress/MPa": 0.00025300000000000002, "Avg_Displacement/mm": 8.7224260000000005, "Max_Displacement/mm": 29.660095999999999, "Max_Principal_Stress/MPa": 0.019968, "Interstorey_Drift_Failure": ["False"], "Avg_Shear_Force/KN": 1.3468420000000001, "Avg_Bending_Moment/KNm": 0.62586399999999998, "Max_Bending_Moment/KNm": 4.2114659999999997, "Interstorey_Drift_Ratios": ["0.00302334h"], "Max_Compresive_Stress/MPa": -0.62401399999999996}