{"Buckling_Load_Factor": 20.165161000000001, "Max_Shear_Stress/MPa": 0.0001, "Max_Shear_Force/KN": 9.9266330000000007, "Utilization": 7.0652379999999999, "Max_Tensile_Stress/MPa": 1.9238, "Max_Bending_Stress/MPa": 6.0999999999999999e-05, "Avg_Displacement/mm": 6.9902240000000004, "Max_Displacement/mm": 21.548950000000001, "Max_Principal_Stress/MPa": 0.018327, "Interstorey_Drift_Failure": [], "Avg_Shear_Force/KN": 1.1903539999999999, "Avg_Bending_Moment/KNm": 0.497699, "Max_Bending_Moment/KNm": 2.2749190000000001, "Interstorey_Drift_Ratios": [], "Max_Compresive_Stress/MPa": -0.45782299999999998}