{"Buckling_Load_Factor": 2.132361, "Max_Shear_Stress/MPa": 0.00014999999999999999, "Max_Shear_Force/KN": 1.761601, "Utilization": 7.7255120000000002, "Max_Tensile_Stress/MPa": 2.169152, "Max_Bending_Stress/MPa": 2.4000000000000001e-05, "Avg_Displacement/mm": 10.884509, "Max_Displacement/mm": 30.404709, "Max_Principal_Stress/MPa": 0.022752999999999999, "Interstorey_Drift_Failure": ["False"], "Avg_Shear_Force/KN": 0.21346200000000001, "Avg_Bending_Moment/KNm": 0.064074999999999993, "Max_Bending_Moment/KNm": 0.40531, "Interstorey_Drift_Ratios": ["0.0035733h"], "Max_Compresive_Stress/MPa": -0.77153899999999997}