{"Buckling_Load_Factor": 25.26529, "Max_Shear_Stress/MPa": 0.00014999999999999999, "Max_Shear_Force/KN": 17.73113, "Utilization": 8.518167, "Max_Tensile_Stress/MPa": 2.238388, "Max_Bending_Stress/MPa": 0.000192, "Avg_Displacement/mm": 4.459187, "Max_Displacement/mm": 13.206822000000001, "Max_Principal_Stress/MPa": 0.017441000000000002, "Interstorey_Drift_Failure": ["False"], "Avg_Shear_Force/KN": 0.80959800000000004, "Avg_Bending_Moment/KNm": 0.31938100000000003, "Max_Bending_Moment/KNm": 3.1927219999999998, "Interstorey_Drift_Ratios": ["0.00114994h"], "Max_Compresive_Stress/MPa": -0.52018600000000004}