{"Buckling_Load_Factor": 13.428663999999999, "Max_Shear_Stress/MPa": 0.00014999999999999999, "Max_Shear_Force/KN": 6.5115449999999999, "Utilization": 4.6803920000000003, "Max_Tensile_Stress/MPa": 1.2417929999999999, "Max_Bending_Stress/MPa": 0.000106, "Avg_Displacement/mm": 4.7691460000000001, "Max_Displacement/mm": 12.417357000000001, "Max_Principal_Stress/MPa": 0.011681, "Interstorey_Drift_Failure": ["False"], "Avg_Shear_Force/KN": 0.88125699999999996, "Avg_Bending_Moment/KNm": 0.34656500000000001, "Max_Bending_Moment/KNm": 1.763298, "Interstorey_Drift_Ratios": ["0.00129799h"], "Max_Compresive_Stress/MPa": -0.29707699999999998}