{"Buckling_Load_Factor": 17.550070000000002, "Max_Shear_Stress/MPa": 0.00014999999999999999, "Max_Shear_Force/KN": 2.63049, "Utilization": 3.367794, "Max_Tensile_Stress/MPa": 1.533258, "Max_Bending_Stress/MPa": 2.5999999999999998e-05, "Avg_Displacement/mm": 4.6271000000000004, "Max_Displacement/mm": 15.035586, "Max_Principal_Stress/MPa": 0.017236000000000001, "Interstorey_Drift_Failure": ["False"], "Avg_Shear_Force/KN": 0.379193, "Avg_Bending_Moment/KNm": 0.085921999999999998, "Max_Bending_Moment/KNm": 0.43031999999999998, "Interstorey_Drift_Ratios": ["0.00160131h"], "Max_Compresive_Stress/MPa": -0.27517200000000003}