{"Buckling_Load_Factor": 3.4035359999999999, "Max_Shear_Stress/MPa": 0.0001, "Max_Shear_Force/KN": 2.9023500000000002, "Utilization": 7.6934639999999996, "Max_Tensile_Stress/MPa": 2.0625969999999998, "Max_Bending_Stress/MPa": 8.6269000000000004e-06, "Avg_Displacement/mm": 10.406727, "Max_Displacement/mm": 30.126024000000001, "Max_Principal_Stress/MPa": 0.022164, "Interstorey_Drift_Failure": [], "Avg_Shear_Force/KN": 0.297045, "Avg_Bending_Moment/KNm": 0.059437999999999998, "Max_Bending_Moment/KNm": 0.32350800000000002, "Interstorey_Drift_Ratios": [], "Max_Compresive_Stress/MPa": -0.79347199999999996}