{"Buckling_Load_Factor": 3.8021370000000001, "Max_Shear_Stress/MPa": 0.00014999999999999999, "Max_Shear_Force/KN": 1.963784, "Utilization": 7.7796349999999999, "Max_Tensile_Stress/MPa": 1.7648999999999999, "Max_Bending_Stress/MPa": 1.9000000000000001e-05, "Avg_Displacement/mm": 8.5384349999999998, "Max_Displacement/mm": 23.025258000000001, "Max_Principal_Stress/MPa": 0.015866000000000002, "Interstorey_Drift_Failure": ["False"], "Avg_Shear_Force/KN": 0.25191999999999998, "Avg_Bending_Moment/KNm": 0.060406000000000001, "Max_Bending_Moment/KNm": 0.31112000000000001, "Interstorey_Drift_Ratios": ["0.00236261h"], "Max_Compresive_Stress/MPa": -0.78296500000000002}