{"Buckling_Load_Factor": 15.773533, "Max_Shear_Stress/MPa": 0.0001, "Max_Shear_Force/KN": 8.9352719999999994, "Utilization": 9.2540899999999997, "Max_Tensile_Stress/MPa": 2.3548260000000001, "Max_Bending_Stress/MPa": 8.7999999999999998e-05, "Avg_Displacement/mm": 9.2093019999999992, "Max_Displacement/mm": 28.127565000000001, "Max_Principal_Stress/MPa": 0.025019, "Interstorey_Drift_Failure": ["False"], "Avg_Shear_Force/KN": 1.1171930000000001, "Avg_Bending_Moment/KNm": 0.494869, "Max_Bending_Moment/KNm": 3.2929390000000001, "Interstorey_Drift_Ratios": ["0.00305065h"], "Max_Compresive_Stress/MPa": -1.0632550000000001}