{"Buckling_Load_Factor": 8.5659109999999998, "Max_Shear_Stress/MPa": 0.0001, "Max_Shear_Force/KN": 3.1874500000000001, "Utilization": 11.588710000000001, "Max_Tensile_Stress/MPa": 2.920804, "Max_Bending_Stress/MPa": 3.1999999999999999e-05, "Avg_Displacement/mm": 12.956735999999999, "Max_Displacement/mm": 47.959606000000001, "Max_Principal_Stress/MPa": 0.031875000000000001, "Interstorey_Drift_Failure": ["False"], "Avg_Shear_Force/KN": 0.53036499999999998, "Avg_Bending_Moment/KNm": 0.19347700000000001, "Max_Bending_Moment/KNm": 1.1895169999999999, "Interstorey_Drift_Ratios": ["0.00547003h"], "Max_Compresive_Stress/MPa": -1.041415}