{"Buckling_Load_Factor": 8.7293240000000001, "Max_Shear_Stress/MPa": 0.0001, "Max_Shear_Force/KN": 0.82241500000000001, "Utilization": 2.7091769999999999, "Max_Tensile_Stress/MPa": 0.74961599999999995, "Max_Bending_Stress/MPa": 2.6900000000000001e-06, "Avg_Displacement/mm": 2.2787220000000001, "Max_Displacement/mm": 5.1901320000000002, "Max_Principal_Stress/MPa": 0.0096170000000000005, "Interstorey_Drift_Failure": ["False"], "Avg_Shear_Force/KN": 0.090725, "Avg_Bending_Moment/KNm": 0.015751000000000001, "Max_Bending_Moment/KNm": 0.10087400000000001, "Interstorey_Drift_Ratios": ["0.00033675h"], "Max_Compresive_Stress/MPa": -0.25495600000000002}