{"Buckling_Load_Factor": 6.9923029999999997, "Max_Shear_Stress/MPa": 0.00014999999999999999, "Max_Shear_Force/KN": 4.1207039999999999, "Utilization": 6.261444, "Max_Tensile_Stress/MPa": 2.2607390000000001, "Max_Bending_Stress/MPa": 6.4999999999999994e-05, "Avg_Displacement/mm": 10.717476, "Max_Displacement/mm": 29.686696000000001, "Max_Principal_Stress/MPa": 0.024114, "Interstorey_Drift_Failure": ["False"], "Avg_Shear_Force/KN": 0.60376099999999999, "Avg_Bending_Moment/KNm": 0.20204800000000001, "Max_Bending_Moment/KNm": 1.0829329999999999, "Interstorey_Drift_Ratios": ["0.00352093h"], "Max_Compresive_Stress/MPa": -0.549516}