{"Buckling_Load_Factor": 3.729692, "Max_Shear_Stress/MPa": 0.00014999999999999999, "Max_Shear_Force/KN": 1.6063719999999999, "Utilization": 7.6022749999999997, "Max_Tensile_Stress/MPa": 1.823893, "Max_Bending_Stress/MPa": 1.7e-05, "Avg_Displacement/mm": 8.3263700000000007, "Max_Displacement/mm": 29.577698999999999, "Max_Principal_Stress/MPa": 0.019909, "Interstorey_Drift_Failure": ["False"], "Avg_Shear_Force/KN": 0.227385, "Avg_Bending_Moment/KNm": 0.058976000000000001, "Max_Bending_Moment/KNm": 0.28593000000000002, "Interstorey_Drift_Ratios": ["0.00267406h"], "Max_Compresive_Stress/MPa": -0.91697300000000004}