{"Buckling_Load_Factor": 0.103049, "Max_Shear_Stress/MPa": 0.0001, "Max_Shear_Force/KN": 3.7359270000000002, "Utilization": 15.637155, "Max_Tensile_Stress/MPa": 4.0864779999999996, "Max_Bending_Stress/MPa": 1.8e-05, "Avg_Displacement/mm": 26.599053999999999, "Max_Displacement/mm": 74.079497000000003, "Max_Principal_Stress/MPa": 0.027992, "Interstorey_Drift_Failure": [], "Avg_Shear_Force/KN": 0.41456199999999999, "Avg_Bending_Moment/KNm": 0.096892000000000006, "Max_Bending_Moment/KNm": 0.66403900000000005, "Interstorey_Drift_Ratios": [], "Max_Compresive_Stress/MPa": -1.778996}