{"Buckling_Load_Factor": 4.9370010000000004, "Max_Shear_Stress/MPa": 0.0001, "Max_Shear_Force/KN": 1.862231, "Utilization": 7.0600180000000003, "Max_Tensile_Stress/MPa": 1.766294, "Max_Bending_Stress/MPa": 8.1439000000000001e-06, "Avg_Displacement/mm": 5.7911729999999997, "Max_Displacement/mm": 16.340133999999999, "Max_Principal_Stress/MPa": 0.017954999999999999, "Interstorey_Drift_Failure": ["False"], "Avg_Shear_Force/KN": 0.178649, "Avg_Bending_Moment/KNm": 0.038311999999999999, "Max_Bending_Moment/KNm": 0.30539699999999997, "Interstorey_Drift_Ratios": ["0.00150788h"], "Max_Compresive_Stress/MPa": -0.50771200000000005}