{"Buckling_Load_Factor": 2.9993500000000002, "Max_Shear_Stress/MPa": 0.0001, "Max_Shear_Force/KN": 2.0608970000000002, "Utilization": 9.3190059999999999, "Max_Tensile_Stress/MPa": 2.3584209999999999, "Max_Bending_Stress/MPa": 1.0000000000000001e-05, "Avg_Displacement/mm": 10.120996, "Max_Displacement/mm": 41.031669000000001, "Max_Principal_Stress/MPa": 0.017061, "Interstorey_Drift_Failure": [], "Avg_Shear_Force/KN": 0.21112700000000001, "Avg_Bending_Moment/KNm": 0.042464000000000002, "Max_Bending_Moment/KNm": 0.38072099999999998, "Interstorey_Drift_Ratios": [], "Max_Compresive_Stress/MPa": -0.80557800000000002}