{"Buckling_Load_Factor": 10.048171, "Max_Shear_Stress/MPa": 0.00014999999999999999, "Max_Shear_Force/KN": 5.1631140000000002, "Utilization": 11.483534000000001, "Max_Tensile_Stress/MPa": 2.7643629999999999, "Max_Bending_Stress/MPa": 9.3999999999999994e-05, "Avg_Displacement/mm": 10.848110999999999, "Max_Displacement/mm": 42.047581999999998, "Max_Principal_Stress/MPa": 0.029104000000000001, "Interstorey_Drift_Failure": ["False"], "Avg_Shear_Force/KN": 0.52102000000000004, "Avg_Bending_Moment/KNm": 0.191131, "Max_Bending_Moment/KNm": 1.561655, "Interstorey_Drift_Ratios": ["0.00483448h"], "Max_Compresive_Stress/MPa": -1.1053569999999999}