{"Buckling_Load_Factor": 14.554224, "Max_Shear_Stress/MPa": 0.0001, "Max_Shear_Force/KN": 3.6278039999999998, "Utilization": 5.2726639999999998, "Max_Tensile_Stress/MPa": 1.7326870000000001, "Max_Bending_Stress/MPa": 1.2e-05, "Avg_Displacement/mm": 4.709759, "Max_Displacement/mm": 15.959115000000001, "Max_Principal_Stress/MPa": 0.019892, "Interstorey_Drift_Failure": [], "Avg_Shear_Force/KN": 0.39633600000000002, "Avg_Bending_Moment/KNm": 0.073449, "Max_Bending_Moment/KNm": 0.46315899999999999, "Interstorey_Drift_Ratios": [], "Max_Compresive_Stress/MPa": -0.74255199999999999}