{"Buckling_Load_Factor": 1.69848, "Max_Shear_Stress/MPa": 0.00014999999999999999, "Max_Shear_Force/KN": 3.0111729999999999, "Utilization": 10.627216000000001, "Max_Tensile_Stress/MPa": 2.6882649999999999, "Max_Bending_Stress/MPa": 3.3000000000000003e-05, "Avg_Displacement/mm": 14.419772999999999, "Max_Displacement/mm": 38.142156999999997, "Max_Principal_Stress/MPa": 0.026461999999999999, "Interstorey_Drift_Failure": ["False"], "Avg_Shear_Force/KN": 0.29898000000000002, "Avg_Bending_Moment/KNm": 0.086209999999999995, "Max_Bending_Moment/KNm": 0.54770600000000003, "Interstorey_Drift_Ratios": ["0.00437524h"], "Max_Compresive_Stress/MPa": -0.951986}