{"Buckling_Load_Factor": 16.121048999999999, "Max_Shear_Stress/MPa": 0.00014999999999999999, "Max_Shear_Force/KN": 8.2897619999999996, "Utilization": 8.3350860000000004, "Max_Tensile_Stress/MPa": 2.2151580000000002, "Max_Bending_Stress/MPa": 0.00020900000000000001, "Avg_Displacement/mm": 8.5478140000000007, "Max_Displacement/mm": 29.450606000000001, "Max_Principal_Stress/MPa": 0.022438, "Interstorey_Drift_Failure": ["False"], "Avg_Shear_Force/KN": 1.44333, "Avg_Bending_Moment/KNm": 0.56756499999999999, "Max_Bending_Moment/KNm": 3.4846219999999999, "Interstorey_Drift_Ratios": ["0.00319611h"], "Max_Compresive_Stress/MPa": -0.85729500000000003}