{"Buckling_Load_Factor": 1.5577300000000001, "Max_Shear_Stress/MPa": 0.00014999999999999999, "Max_Shear_Force/KN": 2.3597359999999998, "Utilization": 12.244187999999999, "Max_Tensile_Stress/MPa": 3.241908, "Max_Bending_Stress/MPa": 4.0000000000000003e-05, "Avg_Displacement/mm": 17.329872000000002, "Max_Displacement/mm": 50.568880999999998, "Max_Principal_Stress/MPa": 0.029479000000000002, "Interstorey_Drift_Failure": ["False"], "Avg_Shear_Force/KN": 0.317241, "Avg_Bending_Moment/KNm": 0.10448399999999999, "Max_Bending_Moment/KNm": 0.66008199999999995, "Interstorey_Drift_Ratios": ["0.00536056h"], "Max_Compresive_Stress/MPa": -0.86993900000000002}