{"Buckling_Load_Factor": 4.5442239999999998, "Max_Shear_Stress/MPa": 0.00014999999999999999, "Max_Shear_Force/KN": 6.1338480000000004, "Utilization": 9.6441820000000007, "Max_Tensile_Stress/MPa": 2.4599259999999998, "Max_Bending_Stress/MPa": 9.6000000000000002e-05, "Avg_Displacement/mm": 12.869078999999999, "Max_Displacement/mm": 38.996279000000001, "Max_Principal_Stress/MPa": 0.018623000000000001, "Interstorey_Drift_Failure": ["False"], "Avg_Shear_Force/KN": 0.85318300000000002, "Avg_Bending_Moment/KNm": 0.295178, "Max_Bending_Moment/KNm": 1.600193, "Interstorey_Drift_Ratios": ["0.00484872h"], "Max_Compresive_Stress/MPa": -0.759301}