{"Buckling_Load_Factor": 11.334033, "Max_Shear_Stress/MPa": 0.00014999999999999999, "Max_Shear_Force/KN": 13.561847, "Utilization": 7.7088210000000004, "Max_Tensile_Stress/MPa": 2.0625689999999999, "Max_Bending_Stress/MPa": 0.000192, "Avg_Displacement/mm": 8.2636319999999994, "Max_Displacement/mm": 27.013466999999999, "Max_Principal_Stress/MPa": 0.016441999999999998, "Interstorey_Drift_Failure": ["False"], "Avg_Shear_Force/KN": 1.3235319999999999, "Avg_Bending_Moment/KNm": 0.53656000000000004, "Max_Bending_Moment/KNm": 3.1941929999999998, "Interstorey_Drift_Ratios": ["0.00314134h"], "Max_Compresive_Stress/MPa": -0.51829499999999995}