{"Buckling_Load_Factor": 5.9018930000000003, "Max_Shear_Stress/MPa": 0.00014999999999999999, "Max_Shear_Force/KN": 10.976108999999999, "Utilization": 10.970329, "Max_Tensile_Stress/MPa": 2.7011579999999999, "Max_Bending_Stress/MPa": 0.000115, "Avg_Displacement/mm": 19.721736, "Max_Displacement/mm": 64.945559000000003, "Max_Principal_Stress/MPa": 0.029255, "Interstorey_Drift_Failure": ["False"], "Avg_Shear_Force/KN": 1.1747639999999999, "Avg_Bending_Moment/KNm": 0.37513999999999997, "Max_Bending_Moment/KNm": 1.9142399999999999, "Interstorey_Drift_Ratios": ["0.00736159h"], "Max_Compresive_Stress/MPa": -0.88382099999999997}