{"Buckling_Load_Factor": 3.9392200000000002, "Max_Shear_Stress/MPa": 0.00014999999999999999, "Max_Shear_Force/KN": 19.557646999999999, "Utilization": 16.471906000000001, "Max_Tensile_Stress/MPa": 4.3135640000000004, "Max_Bending_Stress/MPa": 0.00014899999999999999, "Avg_Displacement/mm": 16.588301999999999, "Max_Displacement/mm": 67.043747999999994, "Max_Principal_Stress/MPa": 0.028898, "Interstorey_Drift_Failure": ["False"], "Avg_Shear_Force/KN": 0.65737999999999996, "Avg_Bending_Moment/KNm": 0.30291699999999999, "Max_Bending_Moment/KNm": 2.4878999999999998, "Interstorey_Drift_Ratios": ["0.00804393h"], "Max_Compresive_Stress/MPa": -1.2445619999999999}