{"Buckling_Load_Factor": 32.404226000000001, "Max_Shear_Stress/MPa": 0.0001, "Max_Shear_Force/KN": 6.565188, "Utilization": 7.9014329999999999, "Max_Tensile_Stress/MPa": 2.0608610000000001, "Max_Bending_Stress/MPa": 3.0000000000000001e-05, "Avg_Displacement/mm": 6.5413259999999998, "Max_Displacement/mm": 17.977674, "Max_Principal_Stress/MPa": 0.019171000000000001, "Interstorey_Drift_Failure": [], "Avg_Shear_Force/KN": 0.95354899999999998, "Avg_Bending_Moment/KNm": 0.300846, "Max_Bending_Moment/KNm": 1.1263570000000001, "Interstorey_Drift_Ratios": [], "Max_Compresive_Stress/MPa": -0.75477300000000003}