{"Buckling_Load_Factor": 4.6305240000000003, "Max_Shear_Stress/MPa": 0.0001, "Max_Shear_Force/KN": 1.328983, "Utilization": 9.2034950000000002, "Max_Tensile_Stress/MPa": 2.5327540000000002, "Max_Bending_Stress/MPa": 6.8012000000000002e-06, "Avg_Displacement/mm": 11.826420000000001, "Max_Displacement/mm": 29.296810000000001, "Max_Principal_Stress/MPa": 0.027612999999999999, "Interstorey_Drift_Failure": [], "Avg_Shear_Force/KN": 0.207062, "Avg_Bending_Moment/KNm": 0.050285000000000003, "Max_Bending_Moment/KNm": 0.25504599999999999, "Interstorey_Drift_Ratios": [], "Max_Compresive_Stress/MPa": -0.77376199999999995}