{"Buckling_Load_Factor": 3.2841830000000001, "Max_Shear_Stress/MPa": 0.0001, "Max_Shear_Force/KN": 6.3471640000000003, "Utilization": 16.761023999999999, "Max_Tensile_Stress/MPa": 4.4514680000000002, "Max_Bending_Stress/MPa": 6.2000000000000003e-05, "Avg_Displacement/mm": 22.826519999999999, "Max_Displacement/mm": 80.953447999999995, "Max_Principal_Stress/MPa": 0.023453999999999999, "Interstorey_Drift_Failure": [], "Avg_Shear_Force/KN": 1.0408280000000001, "Avg_Bending_Moment/KNm": 0.29286499999999999, "Max_Bending_Moment/KNm": 2.3154849999999998, "Interstorey_Drift_Ratios": [], "Max_Compresive_Stress/MPa": -1.1413359999999999}