{"Buckling_Load_Factor": 38.389682999999998, "Max_Shear_Stress/MPa": 0.00014999999999999999, "Max_Shear_Force/KN": 7.4117550000000003, "Utilization": 5.6841369999999998, "Max_Tensile_Stress/MPa": 1.466129, "Max_Bending_Stress/MPa": 0.000122, "Avg_Displacement/mm": 3.4649580000000002, "Max_Displacement/mm": 12.61797, "Max_Principal_Stress/MPa": 0.016781000000000001, "Interstorey_Drift_Failure": ["False"], "Avg_Shear_Force/KN": 0.67885099999999998, "Avg_Bending_Moment/KNm": 0.22791600000000001, "Max_Bending_Moment/KNm": 2.0274730000000001, "Interstorey_Drift_Ratios": ["0.00105028h"], "Max_Compresive_Stress/MPa": -0.38796999999999998}