{"Buckling_Load_Factor": 2.8271109999999999, "Max_Shear_Stress/MPa": 0.00014999999999999999, "Max_Shear_Force/KN": 3.2011340000000001, "Utilization": 12.695905, "Max_Tensile_Stress/MPa": 3.4038710000000001, "Max_Bending_Stress/MPa": 2.8e-05, "Avg_Displacement/mm": 14.026156, "Max_Displacement/mm": 44.871341000000001, "Max_Principal_Stress/MPa": 0.025808999999999999, "Interstorey_Drift_Failure": ["False"], "Avg_Shear_Force/KN": 0.35059699999999999, "Avg_Bending_Moment/KNm": 0.071989999999999998, "Max_Bending_Moment/KNm": 0.46560200000000002, "Interstorey_Drift_Ratios": ["0.00467111h"], "Max_Compresive_Stress/MPa": -1.108096}