{"Buckling_Load_Factor": 0.228321, "Max_Shear_Stress/MPa": 0.00014999999999999999, "Max_Shear_Force/KN": 5.3419160000000003, "Utilization": 18.110571, "Max_Tensile_Stress/MPa": 4.2674409999999998, "Max_Bending_Stress/MPa": 6.0000000000000002e-05, "Avg_Displacement/mm": 38.868299999999998, "Max_Displacement/mm": 117.983507, "Max_Principal_Stress/MPa": 0.031862000000000001, "Interstorey_Drift_Failure": ["True"], "Avg_Shear_Force/KN": 0.63934599999999997, "Avg_Bending_Moment/KNm": 0.18957099999999999, "Max_Bending_Moment/KNm": 0.99664299999999995, "Interstorey_Drift_Ratios": ["0.01210467h"], "Max_Compresive_Stress/MPa": -1.45397}