{"Buckling_Load_Factor": 5.2280369999999996, "Max_Shear_Stress/MPa": 0.00014999999999999999, "Max_Shear_Force/KN": 3.5266510000000002, "Utilization": 9.9336369999999992, "Max_Tensile_Stress/MPa": 2.0559219999999998, "Max_Bending_Stress/MPa": 1.9000000000000001e-05, "Avg_Displacement/mm": 10.503639, "Max_Displacement/mm": 27.988676000000002, "Max_Principal_Stress/MPa": 0.021648000000000001, "Interstorey_Drift_Failure": ["False"], "Avg_Shear_Force/KN": 0.22531899999999999, "Avg_Bending_Moment/KNm": 0.050405999999999999, "Max_Bending_Moment/KNm": 0.31377500000000003, "Interstorey_Drift_Ratios": ["0.00301567h"], "Max_Compresive_Stress/MPa": -0.66870399999999997}