{"Buckling_Load_Factor": 22.422136999999999, "Max_Shear_Stress/MPa": 0.00014999999999999999, "Max_Shear_Force/KN": 2.7949449999999998, "Utilization": 3.3678210000000002, "Max_Tensile_Stress/MPa": 1.047955, "Max_Bending_Stress/MPa": 2.3e-05, "Avg_Displacement/mm": 2.4056220000000001, "Max_Displacement/mm": 5.4639410000000002, "Max_Principal_Stress/MPa": 0.012714, "Interstorey_Drift_Failure": ["False"], "Avg_Shear_Force/KN": 0.22268099999999999, "Avg_Bending_Moment/KNm": 0.050809, "Max_Bending_Moment/KNm": 0.37641999999999998, "Interstorey_Drift_Ratios": ["0.00043322h"], "Max_Compresive_Stress/MPa": -0.259353}