{"Buckling_Load_Factor": 11.09951, "Max_Shear_Stress/MPa": 0.00014999999999999999, "Max_Shear_Force/KN": 4.2020289999999996, "Utilization": 8.3763280000000009, "Max_Tensile_Stress/MPa": 2.217285, "Max_Bending_Stress/MPa": 7.4999999999999993e-05, "Avg_Displacement/mm": 5.9313190000000002, "Max_Displacement/mm": 13.330621000000001, "Max_Principal_Stress/MPa": 0.016525000000000001, "Interstorey_Drift_Failure": ["False"], "Avg_Shear_Force/KN": 0.59346900000000002, "Avg_Bending_Moment/KNm": 0.18295400000000001, "Max_Bending_Moment/KNm": 1.2434350000000001, "Interstorey_Drift_Ratios": ["0.00116929h"], "Max_Compresive_Stress/MPa": -0.49878499999999998}