{"Buckling_Load_Factor": 0.27318100000000001, "Max_Shear_Stress/MPa": 0.0001, "Max_Shear_Force/KN": 2.6313219999999999, "Utilization": 11.566344000000001, "Max_Tensile_Stress/MPa": 2.9667460000000001, "Max_Bending_Stress/MPa": 1.5999999999999999e-05, "Avg_Displacement/mm": 18.666857, "Max_Displacement/mm": 64.532629999999997, "Max_Principal_Stress/MPa": 0.025699, "Interstorey_Drift_Failure": [], "Avg_Shear_Force/KN": 0.34525, "Avg_Bending_Moment/KNm": 0.084473999999999994, "Max_Bending_Moment/KNm": 0.58300200000000002, "Interstorey_Drift_Ratios": [], "Max_Compresive_Stress/MPa": -1.060392}