{"Buckling_Load_Factor": 8.5679090000000002, "Max_Shear_Stress/MPa": 0.0001, "Max_Shear_Force/KN": 12.794438, "Utilization": 7.2737049999999996, "Max_Tensile_Stress/MPa": 1.9798309999999999, "Max_Bending_Stress/MPa": 7.7000000000000001e-05, "Avg_Displacement/mm": 10.13594, "Max_Displacement/mm": 32.948258000000003, "Max_Principal_Stress/MPa": 0.015207, "Interstorey_Drift_Failure": [], "Avg_Shear_Force/KN": 1.4096660000000001, "Avg_Bending_Moment/KNm": 0.57243100000000002, "Max_Bending_Moment/KNm": 2.875381, "Interstorey_Drift_Ratios": [], "Max_Compresive_Stress/MPa": -0.49219800000000002}