{"Buckling_Load_Factor": 0.52378800000000003, "Max_Shear_Stress/MPa": 0.0001, "Max_Shear_Force/KN": 2.9972259999999999, "Utilization": 19.021725, "Max_Tensile_Stress/MPa": 4.9313609999999999, "Max_Bending_Stress/MPa": 1.9000000000000001e-05, "Avg_Displacement/mm": 33.373854000000001, "Max_Displacement/mm": 107.163374, "Max_Principal_Stress/MPa": 0.042372, "Interstorey_Drift_Failure": [], "Avg_Shear_Force/KN": 0.42741600000000002, "Avg_Bending_Moment/KNm": 0.098975999999999995, "Max_Bending_Moment/KNm": 0.70485500000000001, "Interstorey_Drift_Ratios": [], "Max_Compresive_Stress/MPa": -1.7505230000000001}