{"Buckling_Load_Factor": 30.229537000000001, "Max_Shear_Stress/MPa": 0.0001, "Max_Shear_Force/KN": 6.6538209999999998, "Utilization": 6.0804939999999998, "Max_Tensile_Stress/MPa": 1.5844210000000001, "Max_Bending_Stress/MPa": 6.6000000000000005e-05, "Avg_Displacement/mm": 5.6889479999999999, "Max_Displacement/mm": 16.803592999999999, "Max_Principal_Stress/MPa": 0.016081000000000002, "Interstorey_Drift_Failure": ["False"], "Avg_Shear_Force/KN": 1.171214, "Avg_Bending_Moment/KNm": 0.49938900000000003, "Max_Bending_Moment/KNm": 2.466024, "Interstorey_Drift_Ratios": ["0.00168106h"], "Max_Compresive_Stress/MPa": -0.40486800000000001}