{"Buckling_Load_Factor": 2.1810200000000002, "Max_Shear_Stress/MPa": 0.0001, "Max_Shear_Force/KN": 1.9800679999999999, "Utilization": 9.5925969999999996, "Max_Tensile_Stress/MPa": 2.4937870000000002, "Max_Bending_Stress/MPa": 1.2e-05, "Avg_Displacement/mm": 10.894307, "Max_Displacement/mm": 31.937366000000001, "Max_Principal_Stress/MPa": 0.020560999999999999, "Interstorey_Drift_Failure": [], "Avg_Shear_Force/KN": 0.23675099999999999, "Avg_Bending_Moment/KNm": 0.059681999999999999, "Max_Bending_Moment/KNm": 0.44452599999999998, "Interstorey_Drift_Ratios": [], "Max_Compresive_Stress/MPa": -0.66592300000000004}