{"Buckling_Load_Factor": 14.016843, "Max_Shear_Stress/MPa": 0.00014999999999999999, "Max_Shear_Force/KN": 6.9629750000000001, "Utilization": 6.3467919999999998, "Max_Tensile_Stress/MPa": 1.697111, "Max_Bending_Stress/MPa": 0.00014899999999999999, "Avg_Displacement/mm": 6.7965710000000001, "Max_Displacement/mm": 16.546153, "Max_Principal_Stress/MPa": 0.012089000000000001, "Interstorey_Drift_Failure": ["False"], "Avg_Shear_Force/KN": 1.4005810000000001, "Avg_Bending_Moment/KNm": 0.51386399999999999, "Max_Bending_Moment/KNm": 2.475222, "Interstorey_Drift_Ratios": ["0.00185217h"], "Max_Compresive_Stress/MPa": -0.40563100000000002}