{"Buckling_Load_Factor": 3.0934919999999999, "Max_Shear_Stress/MPa": 0.00014999999999999999, "Max_Shear_Force/KN": 2.9652270000000001, "Utilization": 9.7392979999999998, "Max_Tensile_Stress/MPa": 3.167548, "Max_Bending_Stress/MPa": 3.8999999999999999e-05, "Avg_Displacement/mm": 14.285404, "Max_Displacement/mm": 49.204763, "Max_Principal_Stress/MPa": 0.033480999999999997, "Interstorey_Drift_Failure": ["False"], "Avg_Shear_Force/KN": 0.35648299999999999, "Avg_Bending_Moment/KNm": 0.092657000000000003, "Max_Bending_Moment/KNm": 0.656084, "Interstorey_Drift_Ratios": ["0.00484595h"], "Max_Compresive_Stress/MPa": -1.0134069999999999}