{"Buckling_Load_Factor": 5.7824980000000004, "Max_Shear_Stress/MPa": 0.00014999999999999999, "Max_Shear_Force/KN": 1.196313, "Utilization": 5.0735049999999999, "Max_Tensile_Stress/MPa": 1.6088210000000001, "Max_Bending_Stress/MPa": 1.1e-05, "Avg_Displacement/mm": 5.9820580000000003, "Max_Displacement/mm": 18.702245999999999, "Max_Principal_Stress/MPa": 0.017998, "Interstorey_Drift_Failure": ["False"], "Avg_Shear_Force/KN": 0.18975500000000001, "Avg_Bending_Moment/KNm": 0.037953000000000001, "Max_Bending_Moment/KNm": 0.18087400000000001, "Interstorey_Drift_Ratios": ["0.00186353h"], "Max_Compresive_Stress/MPa": -0.47941}