{"Buckling_Load_Factor": 9.3411439999999999, "Max_Shear_Stress/MPa": 0.0001, "Max_Shear_Force/KN": 3.8966799999999999, "Utilization": 6.14466, "Max_Tensile_Stress/MPa": 1.4463630000000001, "Max_Bending_Stress/MPa": 2.1999999999999999e-05, "Avg_Displacement/mm": 5.1614699999999996, "Max_Displacement/mm": 12.265864000000001, "Max_Principal_Stress/MPa": 0.012576, "Interstorey_Drift_Failure": [], "Avg_Shear_Force/KN": 0.37931700000000002, "Avg_Bending_Moment/KNm": 0.12632499999999999, "Max_Bending_Moment/KNm": 0.81603700000000001, "Interstorey_Drift_Ratios": [], "Max_Compresive_Stress/MPa": -0.33524700000000002}