{"Buckling_Load_Factor": 3.1254900000000001, "Max_Shear_Stress/MPa": 0.00014999999999999999, "Max_Shear_Force/KN": 3.0578249999999998, "Utilization": 10.706782, "Max_Tensile_Stress/MPa": 2.545105, "Max_Bending_Stress/MPa": 3.3000000000000003e-05, "Avg_Displacement/mm": 15.313891999999999, "Max_Displacement/mm": 65.440995000000001, "Max_Principal_Stress/MPa": 0.029207, "Interstorey_Drift_Failure": ["False"], "Avg_Shear_Force/KN": 0.42882300000000001, "Avg_Bending_Moment/KNm": 0.093507000000000007, "Max_Bending_Moment/KNm": 0.55468700000000004, "Interstorey_Drift_Ratios": ["0.00628895h"], "Max_Compresive_Stress/MPa": -1.3957219999999999}