{"Buckling_Load_Factor": 0.087659000000000001, "Max_Shear_Stress/MPa": 0.0001, "Max_Shear_Force/KN": 3.4389099999999999, "Utilization": 10.575124000000001, "Max_Tensile_Stress/MPa": 3.0801150000000002, "Max_Bending_Stress/MPa": 1.8e-05, "Avg_Displacement/mm": 23.827770000000001, "Max_Displacement/mm": 72.328362999999996, "Max_Principal_Stress/MPa": 0.032029000000000002, "Interstorey_Drift_Failure": [], "Avg_Shear_Force/KN": 0.392538, "Avg_Bending_Moment/KNm": 0.093944, "Max_Bending_Moment/KNm": 0.68052999999999997, "Interstorey_Drift_Ratios": [], "Max_Compresive_Stress/MPa": -1.211622}