{"Buckling_Load_Factor": 1.9054979999999999, "Max_Shear_Stress/MPa": 0.00014999999999999999, "Max_Shear_Force/KN": 3.7155339999999999, "Utilization": 13.447901, "Max_Tensile_Stress/MPa": 3.4893640000000001, "Max_Bending_Stress/MPa": 3.8999999999999999e-05, "Avg_Displacement/mm": 16.614321, "Max_Displacement/mm": 50.745603000000003, "Max_Principal_Stress/MPa": 0.023245999999999999, "Interstorey_Drift_Failure": ["False"], "Avg_Shear_Force/KN": 0.351547, "Avg_Bending_Moment/KNm": 0.096329999999999999, "Max_Bending_Moment/KNm": 0.64795199999999997, "Interstorey_Drift_Ratios": ["0.00539623h"], "Max_Compresive_Stress/MPa": -1.1946779999999999}