{"Buckling_Load_Factor": 15.507853000000001, "Max_Shear_Stress/MPa": 0.00014999999999999999, "Max_Shear_Force/KN": 3.585493, "Utilization": 6.8382690000000004, "Max_Tensile_Stress/MPa": 2.2025960000000002, "Max_Bending_Stress/MPa": 6.6000000000000005e-05, "Avg_Displacement/mm": 7.7034739999999999, "Max_Displacement/mm": 24.458463999999999, "Max_Principal_Stress/MPa": 0.025014999999999999, "Interstorey_Drift_Failure": ["False"], "Avg_Shear_Force/KN": 0.56409799999999999, "Avg_Bending_Moment/KNm": 0.17816799999999999, "Max_Bending_Moment/KNm": 1.1080540000000001, "Interstorey_Drift_Ratios": ["0.00217155h"], "Max_Compresive_Stress/MPa": -0.75270700000000001}