{"Buckling_Load_Factor": 1.8377250000000001, "Max_Shear_Stress/MPa": 0.00014999999999999999, "Max_Shear_Force/KN": 2.220672, "Utilization": 9.9396679999999993, "Max_Tensile_Stress/MPa": 2.5624319999999998, "Max_Bending_Stress/MPa": 3.1999999999999999e-05, "Avg_Displacement/mm": 11.072008, "Max_Displacement/mm": 39.458255999999999, "Max_Principal_Stress/MPa": 0.021772, "Interstorey_Drift_Failure": ["False"], "Avg_Shear_Force/KN": 0.219557, "Avg_Bending_Moment/KNm": 0.067510000000000001, "Max_Bending_Moment/KNm": 0.53202199999999999, "Interstorey_Drift_Ratios": ["0.00456874h"], "Max_Compresive_Stress/MPa": -0.88622299999999998}