{"Buckling_Load_Factor": 5.1217569999999997, "Max_Shear_Stress/MPa": 0.0001, "Max_Shear_Force/KN": 4.9231870000000004, "Utilization": 8.5273610000000009, "Max_Tensile_Stress/MPa": 2.2315309999999999, "Max_Bending_Stress/MPa": 3.4e-05, "Avg_Displacement/mm": 10.475289999999999, "Max_Displacement/mm": 25.226593999999999, "Max_Principal_Stress/MPa": 0.016132000000000001, "Interstorey_Drift_Failure": [], "Avg_Shear_Force/KN": 0.74188100000000001, "Avg_Bending_Moment/KNm": 0.208152, "Max_Bending_Moment/KNm": 1.261479, "Interstorey_Drift_Ratios": [], "Max_Compresive_Stress/MPa": -0.54211299999999996}