{"Buckling_Load_Factor": 4.0220659999999997, "Max_Shear_Stress/MPa": 0.00014999999999999999, "Max_Shear_Force/KN": 1.689689, "Utilization": 7.3917570000000001, "Max_Tensile_Stress/MPa": 1.9381919999999999, "Max_Bending_Stress/MPa": 2.3e-05, "Avg_Displacement/mm": 9.3821279999999998, "Max_Displacement/mm": 19.600816999999999, "Max_Principal_Stress/MPa": 0.020237999999999999, "Interstorey_Drift_Failure": ["False"], "Avg_Shear_Force/KN": 0.24224899999999999, "Avg_Bending_Moment/KNm": 0.060677000000000002, "Max_Bending_Moment/KNm": 0.377776, "Interstorey_Drift_Ratios": ["0.0019835h"], "Max_Compresive_Stress/MPa": -0.61394700000000002}