{"Buckling_Load_Factor": 26.00609, "Max_Shear_Stress/MPa": 0.00014999999999999999, "Max_Shear_Force/KN": 10.381394999999999, "Utilization": 8.6115460000000006, "Max_Tensile_Stress/MPa": 2.1035409999999999, "Max_Bending_Stress/MPa": 0.00018200000000000001, "Avg_Displacement/mm": 4.8917849999999996, "Max_Displacement/mm": 14.26929, "Max_Principal_Stress/MPa": 0.013519, "Interstorey_Drift_Failure": ["False"], "Avg_Shear_Force/KN": 1.3781509999999999, "Avg_Bending_Moment/KNm": 0.42895699999999998, "Max_Bending_Moment/KNm": 3.040692, "Interstorey_Drift_Ratios": ["0.00148292h"], "Max_Compresive_Stress/MPa": -0.80153200000000002}