{"Buckling_Load_Factor": 27.147476999999999, "Max_Shear_Stress/MPa": 0.00014999999999999999, "Max_Shear_Force/KN": 5.1372960000000001, "Utilization": 4.130401, "Max_Tensile_Stress/MPa": 1.079772, "Max_Bending_Stress/MPa": 9.7e-05, "Avg_Displacement/mm": 3.5315940000000001, "Max_Displacement/mm": 7.4181400000000002, "Max_Principal_Stress/MPa": 0.01099, "Interstorey_Drift_Failure": ["False"], "Avg_Shear_Force/KN": 0.72719400000000001, "Avg_Bending_Moment/KNm": 0.28988000000000003, "Max_Bending_Moment/KNm": 1.620641, "Interstorey_Drift_Ratios": ["0.00076685h"], "Max_Compresive_Stress/MPa": -0.24811900000000001}