{"Buckling_Load_Factor": 13.207451000000001, "Max_Shear_Stress/MPa": 0.00014999999999999999, "Max_Shear_Force/KN": 6.2165059999999999, "Utilization": 6.5103239999999998, "Max_Tensile_Stress/MPa": 1.7427090000000001, "Max_Bending_Stress/MPa": 0.000136, "Avg_Displacement/mm": 5.5607439999999997, "Max_Displacement/mm": 13.447085, "Max_Principal_Stress/MPa": 0.011558000000000001, "Interstorey_Drift_Failure": ["False"], "Avg_Shear_Force/KN": 1.010076, "Avg_Bending_Moment/KNm": 0.41821799999999998, "Max_Bending_Moment/KNm": 2.2718240000000001, "Interstorey_Drift_Ratios": ["0.00158722h"], "Max_Compresive_Stress/MPa": -0.277198}