{"Buckling_Load_Factor": 23.223123000000001, "Max_Shear_Stress/MPa": 0.0001, "Max_Shear_Force/KN": 10.678539000000001, "Utilization": 8.3963169999999998, "Max_Tensile_Stress/MPa": 2.2561599999999999, "Max_Bending_Stress/MPa": 7.6000000000000004e-05, "Avg_Displacement/mm": 7.4534380000000002, "Max_Displacement/mm": 25.248954000000001, "Max_Principal_Stress/MPa": 0.020351000000000001, "Interstorey_Drift_Failure": [], "Avg_Shear_Force/KN": 1.229592, "Avg_Bending_Moment/KNm": 0.46776499999999999, "Max_Bending_Moment/KNm": 2.8482660000000002, "Interstorey_Drift_Ratios": [], "Max_Compresive_Stress/MPa": -0.64539500000000005}