{"Buckling_Load_Factor": 9.3496769999999998, "Max_Shear_Stress/MPa": 0.00014999999999999999, "Max_Shear_Force/KN": 5.1557899999999997, "Utilization": 11.161992, "Max_Tensile_Stress/MPa": 2.9336340000000001, "Max_Bending_Stress/MPa": 0.00010900000000000001, "Avg_Displacement/mm": 12.151481, "Max_Displacement/mm": 44.650181000000003, "Max_Principal_Stress/MPa": 0.029401, "Interstorey_Drift_Failure": ["False"], "Avg_Shear_Force/KN": 0.58141900000000002, "Avg_Bending_Moment/KNm": 0.220392, "Max_Bending_Moment/KNm": 1.8241430000000001, "Interstorey_Drift_Ratios": ["0.00518164h"], "Max_Compresive_Stress/MPa": -0.85727500000000001}