{"Buckling_Load_Factor": 0.124932, "Max_Shear_Stress/MPa": 0.0001, "Max_Shear_Force/KN": 2.927292, "Utilization": 15.501616, "Max_Tensile_Stress/MPa": 3.8685879999999999, "Max_Bending_Stress/MPa": 1.7e-05, "Avg_Displacement/mm": 27.605288000000002, "Max_Displacement/mm": 90.429896999999997, "Max_Principal_Stress/MPa": 0.025777999999999999, "Interstorey_Drift_Failure": [], "Avg_Shear_Force/KN": 0.446494, "Avg_Bending_Moment/KNm": 0.093363000000000002, "Max_Bending_Moment/KNm": 0.651528, "Interstorey_Drift_Ratios": [], "Max_Compresive_Stress/MPa": -1.924998}