{"Buckling_Load_Factor": 6.0751660000000003, "Max_Shear_Stress/MPa": 0.00014999999999999999, "Max_Shear_Force/KN": 19.749822000000002, "Utilization": 13.44266, "Max_Tensile_Stress/MPa": 3.2622939999999998, "Max_Bending_Stress/MPa": 0.000117, "Avg_Displacement/mm": 13.778581000000001, "Max_Displacement/mm": 47.088430000000002, "Max_Principal_Stress/MPa": 0.028667000000000002, "Interstorey_Drift_Failure": ["False"], "Avg_Shear_Force/KN": 0.64385499999999996, "Avg_Bending_Moment/KNm": 0.29313400000000001, "Max_Bending_Moment/KNm": 1.9579439999999999, "Interstorey_Drift_Ratios": ["0.00620313h"], "Max_Compresive_Stress/MPa": -0.92548399999999997}