{"Buckling_Load_Factor": 2.4551880000000001, "Max_Shear_Stress/MPa": 0.0001, "Max_Shear_Force/KN": 2.2489089999999998, "Utilization": 8.9653939999999999, "Max_Tensile_Stress/MPa": 2.8848370000000001, "Max_Bending_Stress/MPa": 9.4110000000000002e-06, "Avg_Displacement/mm": 12.726955, "Max_Displacement/mm": 47.884033000000002, "Max_Principal_Stress/MPa": 0.030613999999999999, "Interstorey_Drift_Failure": [], "Avg_Shear_Force/KN": 0.23266700000000001, "Avg_Bending_Moment/KNm": 0.061062999999999999, "Max_Bending_Moment/KNm": 0.35291400000000001, "Interstorey_Drift_Ratios": [], "Max_Compresive_Stress/MPa": -0.91101399999999999}