{"Buckling_Load_Factor": 14.311064999999999, "Max_Shear_Stress/MPa": 0.0001, "Max_Shear_Force/KN": 2.966771, "Utilization": 3.7969620000000002, "Max_Tensile_Stress/MPa": 1.174523, "Max_Bending_Stress/MPa": 1.1e-05, "Avg_Displacement/mm": 3.9617680000000002, "Max_Displacement/mm": 10.208849000000001, "Max_Principal_Stress/MPa": 0.013627, "Interstorey_Drift_Failure": [], "Avg_Shear_Force/KN": 0.398173, "Avg_Bending_Moment/KNm": 0.084529999999999994, "Max_Bending_Moment/KNm": 0.398702, "Interstorey_Drift_Ratios": [], "Max_Compresive_Stress/MPa": -0.33417799999999998}