{"Buckling_Load_Factor": 3.6515430000000002, "Max_Shear_Stress/MPa": 0.00014999999999999999, "Max_Shear_Force/KN": 1.867381, "Utilization": 7.9064259999999997, "Max_Tensile_Stress/MPa": 1.918299, "Max_Bending_Stress/MPa": 2.1999999999999999e-05, "Avg_Displacement/mm": 7.5208199999999996, "Max_Displacement/mm": 22.968430999999999, "Max_Principal_Stress/MPa": 0.019248999999999999, "Interstorey_Drift_Failure": ["False"], "Avg_Shear_Force/KN": 0.20057, "Avg_Bending_Moment/KNm": 0.050048000000000002, "Max_Bending_Moment/KNm": 0.37335000000000002, "Interstorey_Drift_Ratios": ["0.00207222h"], "Max_Compresive_Stress/MPa": -0.57265299999999997}