{"Buckling_Load_Factor": 31.098074, "Max_Shear_Stress/MPa": 0.0001, "Max_Shear_Force/KN": 5.4820159999999998, "Utilization": 4.3303039999999999, "Max_Tensile_Stress/MPa": 1.149373, "Max_Bending_Stress/MPa": 4.1e-05, "Avg_Displacement/mm": 3.4707810000000001, "Max_Displacement/mm": 10.282997, "Max_Principal_Stress/MPa": 0.013388000000000001, "Interstorey_Drift_Failure": [], "Avg_Shear_Force/KN": 0.81328900000000004, "Avg_Bending_Moment/KNm": 0.30298999999999998, "Max_Bending_Moment/KNm": 1.5246960000000001, "Interstorey_Drift_Ratios": [], "Max_Compresive_Stress/MPa": -0.298927}