{"Buckling_Load_Factor": 8.5921570000000003, "Max_Shear_Stress/MPa": 0.0001, "Max_Shear_Force/KN": 9.1398460000000004, "Utilization": 19.134370000000001, "Max_Tensile_Stress/MPa": 5.1396470000000001, "Max_Bending_Stress/MPa": 3.4e-05, "Avg_Displacement/mm": 17.32253, "Max_Displacement/mm": 49.754573999999998, "Max_Principal_Stress/MPa": 0.026577, "Interstorey_Drift_Failure": [], "Avg_Shear_Force/KN": 0.607711, "Avg_Bending_Moment/KNm": 0.199294, "Max_Bending_Moment/KNm": 1.276486, "Interstorey_Drift_Ratios": [], "Max_Compresive_Stress/MPa": -1.299863}