{"Buckling_Load_Factor": 5.3122550000000004, "Max_Shear_Stress/MPa": 0.00014999999999999999, "Max_Shear_Force/KN": 11.102917, "Utilization": 13.256940999999999, "Max_Tensile_Stress/MPa": 3.5519419999999999, "Max_Bending_Stress/MPa": 0.000146, "Avg_Displacement/mm": 19.007300000000001, "Max_Displacement/mm": 58.022737999999997, "Max_Principal_Stress/MPa": 0.025507999999999999, "Interstorey_Drift_Failure": ["False"], "Avg_Shear_Force/KN": 1.1456379999999999, "Avg_Bending_Moment/KNm": 0.39945000000000003, "Max_Bending_Moment/KNm": 2.4408430000000001, "Interstorey_Drift_Ratios": ["0.00680749h"], "Max_Compresive_Stress/MPa": -1.2385200000000001}