{"Buckling_Load_Factor": 2.4217650000000002, "Max_Shear_Stress/MPa": 0.0001, "Max_Shear_Force/KN": 1.862881, "Utilization": 7.9713469999999997, "Max_Tensile_Stress/MPa": 1.9264669999999999, "Max_Bending_Stress/MPa": 7.4487999999999997e-06, "Avg_Displacement/mm": 7.9834849999999999, "Max_Displacement/mm": 23.268896999999999, "Max_Principal_Stress/MPa": 0.020900999999999999, "Interstorey_Drift_Failure": [], "Avg_Shear_Force/KN": 0.22745599999999999, "Avg_Bending_Moment/KNm": 0.048558999999999998, "Max_Bending_Moment/KNm": 0.279331, "Interstorey_Drift_Ratios": [], "Max_Compresive_Stress/MPa": -0.751328}