{"Buckling_Load_Factor": 8.3836899999999996, "Max_Shear_Stress/MPa": 0.00014999999999999999, "Max_Shear_Force/KN": 1.1082959999999999, "Utilization": 4.5586270000000004, "Max_Tensile_Stress/MPa": 1.2287870000000001, "Max_Bending_Stress/MPa": 1.2e-05, "Avg_Displacement/mm": 3.333774, "Max_Displacement/mm": 10.543137, "Max_Principal_Stress/MPa": 0.015304, "Interstorey_Drift_Failure": ["False"], "Avg_Shear_Force/KN": 0.128829, "Avg_Bending_Moment/KNm": 0.025946, "Max_Bending_Moment/KNm": 0.20219400000000001, "Interstorey_Drift_Ratios": ["0.00072242h"], "Max_Compresive_Stress/MPa": -0.404088}