{"Buckling_Load_Factor": 21.764068000000002, "Max_Shear_Stress/MPa": 0.0001, "Max_Shear_Force/KN": 7.9313940000000001, "Utilization": 7.6374760000000004, "Max_Tensile_Stress/MPa": 2.0307360000000001, "Max_Bending_Stress/MPa": 8.6000000000000003e-05, "Avg_Displacement/mm": 6.7736190000000001, "Max_Displacement/mm": 21.908673, "Max_Principal_Stress/MPa": 0.022556, "Interstorey_Drift_Failure": [], "Avg_Shear_Force/KN": 1.114223, "Avg_Bending_Moment/KNm": 0.43543799999999999, "Max_Bending_Moment/KNm": 3.2386699999999999, "Interstorey_Drift_Ratios": [], "Max_Compresive_Stress/MPa": -0.59075200000000005}