{"Buckling_Load_Factor": 10.612049000000001, "Max_Shear_Stress/MPa": 0.0001, "Max_Shear_Force/KN": 5.6249250000000002, "Utilization": 9.9349720000000001, "Max_Tensile_Stress/MPa": 2.6892140000000002, "Max_Bending_Stress/MPa": 4.3000000000000002e-05, "Avg_Displacement/mm": 10.735946999999999, "Max_Displacement/mm": 30.953111, "Max_Principal_Stress/MPa": 0.023673, "Interstorey_Drift_Failure": [], "Avg_Shear_Force/KN": 0.62420399999999998, "Avg_Bending_Moment/KNm": 0.17624999999999999, "Max_Bending_Moment/KNm": 1.6302179999999999, "Interstorey_Drift_Ratios": [], "Max_Compresive_Stress/MPa": -0.83582299999999998}