{"Buckling_Load_Factor": 3.1807370000000001, "Max_Shear_Stress/MPa": 0.00014999999999999999, "Max_Shear_Force/KN": 6.401548, "Utilization": 9.4373009999999997, "Max_Tensile_Stress/MPa": 2.8673449999999998, "Max_Bending_Stress/MPa": 8.7000000000000001e-05, "Avg_Displacement/mm": 16.594161, "Max_Displacement/mm": 49.658073000000002, "Max_Principal_Stress/MPa": 0.030870000000000002, "Interstorey_Drift_Failure": ["False"], "Avg_Shear_Force/KN": 0.78718900000000003, "Avg_Bending_Moment/KNm": 0.29633900000000002, "Max_Bending_Moment/KNm": 1.4552860000000001, "Interstorey_Drift_Ratios": ["0.00569497h"], "Max_Compresive_Stress/MPa": -1.100527}