{"Buckling_Load_Factor": 19.671102999999999, "Max_Shear_Stress/MPa": 0.00014999999999999999, "Max_Shear_Force/KN": 12.914217000000001, "Utilization": 9.5985309999999995, "Max_Tensile_Stress/MPa": 2.5448019999999998, "Max_Bending_Stress/MPa": 0.00025700000000000001, "Avg_Displacement/mm": 8.6478750000000009, "Max_Displacement/mm": 30.804575, "Max_Principal_Stress/MPa": 0.023702999999999998, "Interstorey_Drift_Failure": ["False"], "Avg_Shear_Force/KN": 1.289623, "Avg_Bending_Moment/KNm": 0.56453399999999998, "Max_Bending_Moment/KNm": 4.2835859999999997, "Interstorey_Drift_Ratios": ["0.00377286h"], "Max_Compresive_Stress/MPa": -0.83339799999999997}