{"Buckling_Load_Factor": 3.9956990000000001, "Max_Shear_Stress/MPa": 0.0001, "Max_Shear_Force/KN": 11.747059, "Utilization": 18.877925999999999, "Max_Tensile_Stress/MPa": 4.9777480000000001, "Max_Bending_Stress/MPa": 5.3999999999999998e-05, "Avg_Displacement/mm": 24.373926000000001, "Max_Displacement/mm": 74.549694000000002, "Max_Principal_Stress/MPa": 0.035310000000000001, "Interstorey_Drift_Failure": [], "Avg_Shear_Force/KN": 0.86701899999999998, "Avg_Bending_Moment/KNm": 0.29257, "Max_Bending_Moment/KNm": 2.0210919999999999, "Interstorey_Drift_Ratios": [], "Max_Compresive_Stress/MPa": -1.4468399999999999}