{"Buckling_Load_Factor": 3.4998840000000002, "Max_Shear_Stress/MPa": 0.0001, "Max_Shear_Force/KN": 2.4528300000000001, "Utilization": 9.7254579999999997, "Max_Tensile_Stress/MPa": 2.7438389999999999, "Max_Bending_Stress/MPa": 9.0846999999999996e-06, "Avg_Displacement/mm": 16.535195999999999, "Max_Displacement/mm": 47.105559, "Max_Principal_Stress/MPa": 0.029777999999999999, "Interstorey_Drift_Failure": [], "Avg_Shear_Force/KN": 0.30018400000000001, "Avg_Bending_Moment/KNm": 0.063315999999999997, "Max_Bending_Moment/KNm": 0.34067599999999998, "Interstorey_Drift_Ratios": [], "Max_Compresive_Stress/MPa": -1.5756190000000001}