{"Buckling_Load_Factor": 3.624873, "Max_Shear_Stress/MPa": 0.0001, "Max_Shear_Force/KN": 1.620797, "Utilization": 6.9562929999999996, "Max_Tensile_Stress/MPa": 2.887502, "Max_Bending_Stress/MPa": 6.2728999999999997e-06, "Avg_Displacement/mm": 13.388259, "Max_Displacement/mm": 39.183351999999999, "Max_Principal_Stress/MPa": 0.030957999999999999, "Interstorey_Drift_Failure": [], "Avg_Shear_Force/KN": 0.25291000000000002, "Avg_Bending_Moment/KNm": 0.053754000000000003, "Max_Bending_Moment/KNm": 0.235233, "Interstorey_Drift_Ratios": [], "Max_Compresive_Stress/MPa": -0.77374799999999999}