{"Buckling_Load_Factor": 18.674491, "Max_Shear_Stress/MPa": 0.0001, "Max_Shear_Force/KN": 6.8414789999999996, "Utilization": 7.7085819999999998, "Max_Tensile_Stress/MPa": 2.0431940000000002, "Max_Bending_Stress/MPa": 7.7999999999999999e-05, "Avg_Displacement/mm": 7.5306980000000001, "Max_Displacement/mm": 25.457567999999998, "Max_Principal_Stress/MPa": 0.020688000000000002, "Interstorey_Drift_Failure": [], "Avg_Shear_Force/KN": 1.152153, "Avg_Bending_Moment/KNm": 0.41638900000000001, "Max_Bending_Moment/KNm": 2.9349430000000001, "Interstorey_Drift_Ratios": [], "Max_Compresive_Stress/MPa": -0.74888900000000003}