{"Buckling_Load_Factor": 39.081769999999999, "Max_Shear_Stress/MPa": 0.0001, "Max_Shear_Force/KN": 5.9354230000000001, "Utilization": 3.7735240000000001, "Max_Tensile_Stress/MPa": 0.84006000000000003, "Max_Bending_Stress/MPa": 2.9e-05, "Avg_Displacement/mm": 2.3465440000000002, "Max_Displacement/mm": 5.0166589999999998, "Max_Principal_Stress/MPa": 0.009972, "Interstorey_Drift_Failure": [], "Avg_Shear_Force/KN": 0.70299500000000004, "Avg_Bending_Moment/KNm": 0.233984, "Max_Bending_Moment/KNm": 1.084225, "Interstorey_Drift_Ratios": [], "Max_Compresive_Stress/MPa": -0.21866099999999999}