{"Buckling_Load_Factor": 5.0593320000000004, "Max_Shear_Stress/MPa": 0.0001, "Max_Shear_Force/KN": 1.3237209999999999, "Utilization": 3.342587, "Max_Tensile_Stress/MPa": 1.0626910000000001, "Max_Bending_Stress/MPa": 3.6656999999999999e-06, "Avg_Displacement/mm": 4.0423099999999996, "Max_Displacement/mm": 10.072255999999999, "Max_Principal_Stress/MPa": 0.011953999999999999, "Interstorey_Drift_Failure": [], "Avg_Shear_Force/KN": 0.140594, "Avg_Bending_Moment/KNm": 0.024518999999999999, "Max_Bending_Moment/KNm": 0.137463, "Interstorey_Drift_Ratios": [], "Max_Compresive_Stress/MPa": -0.59515700000000005}