{"Buckling_Load_Factor": 27.841747000000002, "Max_Shear_Stress/MPa": 0.0001, "Max_Shear_Force/KN": 7.4858909999999996, "Utilization": 9.5454170000000005, "Max_Tensile_Stress/MPa": 2.5205039999999999, "Max_Bending_Stress/MPa": 4.8999999999999998e-05, "Avg_Displacement/mm": 5.6628769999999999, "Max_Displacement/mm": 17.838954999999999, "Max_Principal_Stress/MPa": 0.022443999999999999, "Interstorey_Drift_Failure": [], "Avg_Shear_Force/KN": 0.81991499999999995, "Avg_Bending_Moment/KNm": 0.32116800000000001, "Max_Bending_Moment/KNm": 1.826471, "Interstorey_Drift_Ratios": [], "Max_Compresive_Stress/MPa": -0.711947}