{"Buckling_Load_Factor": 16.982918000000002, "Max_Shear_Stress/MPa": 0.0001, "Max_Shear_Force/KN": 8.3249910000000007, "Utilization": 8.5525839999999995, "Max_Tensile_Stress/MPa": 2.166426, "Max_Bending_Stress/MPa": 6.8999999999999997e-05, "Avg_Displacement/mm": 10.418991, "Max_Displacement/mm": 31.013724, "Max_Principal_Stress/MPa": 0.02249, "Interstorey_Drift_Failure": ["False"], "Avg_Shear_Force/KN": 1.5681909999999999, "Avg_Bending_Moment/KNm": 0.58867599999999998, "Max_Bending_Moment/KNm": 2.5867249999999999, "Interstorey_Drift_Ratios": ["0.00389379h"], "Max_Compresive_Stress/MPa": -0.73061799999999999}