{"Buckling_Load_Factor": 5.8555479999999998, "Max_Shear_Stress/MPa": 0.0001, "Max_Shear_Force/KN": 1.0668260000000001, "Utilization": 2.8373900000000001, "Max_Tensile_Stress/MPa": 1.0681240000000001, "Max_Bending_Stress/MPa": 2.9836999999999999e-06, "Avg_Displacement/mm": 3.0079570000000002, "Max_Displacement/mm": 9.2823150000000005, "Max_Principal_Stress/MPa": 0.012512000000000001, "Interstorey_Drift_Failure": [], "Avg_Shear_Force/KN": 0.132073, "Avg_Bending_Moment/KNm": 0.019207999999999999, "Max_Bending_Moment/KNm": 0.111887, "Interstorey_Drift_Ratios": [], "Max_Compresive_Stress/MPa": -0.31376300000000001}