{"Buckling_Load_Factor": 13.717161000000001, "Max_Shear_Stress/MPa": 0.0001, "Max_Shear_Force/KN": 10.510471000000001, "Utilization": 9.5973489999999995, "Max_Tensile_Stress/MPa": 2.448563, "Max_Bending_Stress/MPa": 6.7999999999999999e-05, "Avg_Displacement/mm": 9.7264359999999996, "Max_Displacement/mm": 29.485522, "Max_Principal_Stress/MPa": 0.016254000000000001, "Interstorey_Drift_Failure": [], "Avg_Shear_Force/KN": 1.2835019999999999, "Avg_Bending_Moment/KNm": 0.46411799999999998, "Max_Bending_Moment/KNm": 2.5450650000000001, "Interstorey_Drift_Ratios": [], "Max_Compresive_Stress/MPa": -0.79680799999999996}