{"Buckling_Load_Factor": 2.0801080000000001, "Max_Shear_Stress/MPa": 0.00014999999999999999, "Max_Shear_Force/KN": 3.0332330000000001, "Utilization": 13.271000000000001, "Max_Tensile_Stress/MPa": 3.926946, "Max_Bending_Stress/MPa": 3.4999999999999997e-05, "Avg_Displacement/mm": 24.910233999999999, "Max_Displacement/mm": 85.482422999999997, "Max_Principal_Stress/MPa": 0.044144000000000003, "Interstorey_Drift_Failure": ["False"], "Avg_Shear_Force/KN": 0.45553100000000002, "Avg_Bending_Moment/KNm": 0.11043500000000001, "Max_Bending_Moment/KNm": 0.58329299999999995, "Interstorey_Drift_Ratios": ["0.00939733h"], "Max_Compresive_Stress/MPa": -1.906531}