{"Buckling_Load_Factor": 32.014054000000002, "Max_Shear_Stress/MPa": 0.00014999999999999999, "Max_Shear_Force/KN": 5.4046419999999999, "Utilization": 4.7341249999999997, "Max_Tensile_Stress/MPa": 1.409815, "Max_Bending_Stress/MPa": 0.0001, "Avg_Displacement/mm": 4.4881279999999997, "Max_Displacement/mm": 11.174524999999999, "Max_Principal_Stress/MPa": 0.017205999999999999, "Interstorey_Drift_Failure": ["False"], "Avg_Shear_Force/KN": 0.77765099999999998, "Avg_Bending_Moment/KNm": 0.289659, "Max_Bending_Moment/KNm": 1.6710469999999999, "Interstorey_Drift_Ratios": ["0.00091442h"], "Max_Compresive_Stress/MPa": -0.40593299999999999}