{"Buckling_Load_Factor": 14.797324, "Max_Shear_Stress/MPa": 0.00014999999999999999, "Max_Shear_Force/KN": 8.4820320000000002, "Utilization": 7.4274190000000004, "Max_Tensile_Stress/MPa": 1.9777579999999999, "Max_Bending_Stress/MPa": 0.000176, "Avg_Displacement/mm": 7.7637150000000004, "Max_Displacement/mm": 19.846138, "Max_Principal_Stress/MPa": 0.012422000000000001, "Interstorey_Drift_Failure": ["False"], "Avg_Shear_Force/KN": 1.4098139999999999, "Avg_Bending_Moment/KNm": 0.64694399999999996, "Max_Bending_Moment/KNm": 2.937125, "Interstorey_Drift_Ratios": ["0.00227451h"], "Max_Compresive_Stress/MPa": -0.41119600000000001}