{"Buckling_Load_Factor": 2.4726509999999999, "Max_Shear_Stress/MPa": 0.0001, "Max_Shear_Force/KN": 2.583758, "Utilization": 11.558037000000001, "Max_Tensile_Stress/MPa": 2.8988200000000002, "Max_Bending_Stress/MPa": 1.5e-05, "Avg_Displacement/mm": 12.087171, "Max_Displacement/mm": 23.795256999999999, "Max_Principal_Stress/MPa": 0.014496999999999999, "Interstorey_Drift_Failure": [], "Avg_Shear_Force/KN": 0.30823600000000001, "Avg_Bending_Moment/KNm": 0.081828999999999999, "Max_Bending_Moment/KNm": 0.55843900000000002, "Interstorey_Drift_Ratios": [], "Max_Compresive_Stress/MPa": -0.94177}