{"Buckling_Load_Factor": 3.3286190000000002, "Max_Shear_Stress/MPa": 0.00014999999999999999, "Max_Shear_Force/KN": 9.0527689999999996, "Utilization": 19.981966, "Max_Tensile_Stress/MPa": 5.3514200000000001, "Max_Bending_Stress/MPa": 0.00019599999999999999, "Avg_Displacement/mm": 21.131087000000001, "Max_Displacement/mm": 77.557109999999994, "Max_Principal_Stress/MPa": 0.040336999999999998, "Interstorey_Drift_Failure": ["False"], "Avg_Shear_Force/KN": 0.98145300000000002, "Avg_Bending_Moment/KNm": 0.425651, "Max_Bending_Moment/KNm": 3.2739250000000002, "Interstorey_Drift_Ratios": ["0.00990413h"], "Max_Compresive_Stress/MPa": -1.4339170000000001}