{"Buckling_Load_Factor": 3.7488630000000001, "Max_Shear_Stress/MPa": 0.00014999999999999999, "Max_Shear_Force/KN": 5.3074810000000001, "Utilization": 15.096436000000001, "Max_Tensile_Stress/MPa": 4.0797739999999996, "Max_Bending_Stress/MPa": 0.000144, "Avg_Displacement/mm": 20.185856000000001, "Max_Displacement/mm": 61.967267, "Max_Principal_Stress/MPa": 0.02581, "Interstorey_Drift_Failure": ["False"], "Avg_Shear_Force/KN": 0.99368500000000004, "Avg_Bending_Moment/KNm": 0.39859, "Max_Bending_Moment/KNm": 2.3928319999999998, "Interstorey_Drift_Ratios": ["0.00641852h"], "Max_Compresive_Stress/MPa": -1.1663410000000001}