{"Buckling_Load_Factor": 0.84679599999999999, "Max_Shear_Stress/MPa": 0.00014999999999999999, "Max_Shear_Force/KN": 8.5894080000000006, "Utilization": 17.703308, "Max_Tensile_Stress/MPa": 4.611675, "Max_Bending_Stress/MPa": 0.000163, "Avg_Displacement/mm": 27.889706, "Max_Displacement/mm": 104.39684, "Max_Principal_Stress/MPa": 0.032974999999999997, "Interstorey_Drift_Failure": ["True"], "Avg_Shear_Force/KN": 1.127589, "Avg_Bending_Moment/KNm": 0.48647600000000002, "Max_Bending_Moment/KNm": 2.7123729999999999, "Interstorey_Drift_Ratios": ["0.01363274h"], "Max_Compresive_Stress/MPa": -1.749544}