{"Buckling_Load_Factor": 2.8307069999999999, "Max_Shear_Stress/MPa": 0.00014999999999999999, "Max_Shear_Force/KN": 1.6810339999999999, "Utilization": 8.7847159999999995, "Max_Tensile_Stress/MPa": 2.7098680000000002, "Max_Bending_Stress/MPa": 2.8e-05, "Avg_Displacement/mm": 13.243121, "Max_Displacement/mm": 38.816386999999999, "Max_Principal_Stress/MPa": 0.028778999999999999, "Interstorey_Drift_Failure": ["False"], "Avg_Shear_Force/KN": 0.23768800000000001, "Avg_Bending_Moment/KNm": 0.067478999999999997, "Max_Bending_Moment/KNm": 0.470549, "Interstorey_Drift_Ratios": ["0.00430469h"], "Max_Compresive_Stress/MPa": -1.1027960000000001}