{"Buckling_Load_Factor": 13.304205, "Max_Shear_Stress/MPa": 0.0001, "Max_Shear_Force/KN": 9.6202349999999992, "Utilization": 9.9951139999999992, "Max_Tensile_Stress/MPa": 2.6087950000000002, "Max_Bending_Stress/MPa": 9.0000000000000006e-05, "Avg_Displacement/mm": 8.87364, "Max_Displacement/mm": 25.526800000000001, "Max_Principal_Stress/MPa": 0.021514999999999999, "Interstorey_Drift_Failure": ["False"], "Avg_Shear_Force/KN": 1.016165, "Avg_Bending_Moment/KNm": 0.37747700000000001, "Max_Bending_Moment/KNm": 3.3907159999999998, "Interstorey_Drift_Ratios": ["0.00272054h"], "Max_Compresive_Stress/MPa": -0.88244900000000004}