{"Buckling_Load_Factor": 14.994617999999999, "Max_Shear_Stress/MPa": 0.00014999999999999999, "Max_Shear_Force/KN": 8.7365510000000004, "Utilization": 9.8026289999999996, "Max_Tensile_Stress/MPa": 2.6489980000000002, "Max_Bending_Stress/MPa": 0.00019000000000000001, "Avg_Displacement/mm": 6.202108, "Max_Displacement/mm": 26.529150000000001, "Max_Principal_Stress/MPa": 0.016177, "Interstorey_Drift_Failure": ["False"], "Avg_Shear_Force/KN": 1.0237240000000001, "Avg_Bending_Moment/KNm": 0.44673400000000002, "Max_Bending_Moment/KNm": 3.1627360000000002, "Interstorey_Drift_Ratios": ["0.00273245h"], "Max_Compresive_Stress/MPa": -0.60013700000000003}