{"Buckling_Load_Factor": 14.684519999999999, "Max_Shear_Stress/MPa": 0.0001, "Max_Shear_Force/KN": 6.671977, "Utilization": 11.237450000000001, "Max_Tensile_Stress/MPa": 2.9761190000000002, "Max_Bending_Stress/MPa": 8.7999999999999998e-05, "Avg_Displacement/mm": 11.571764, "Max_Displacement/mm": 36.271982000000001, "Max_Principal_Stress/MPa": 0.022013999999999999, "Interstorey_Drift_Failure": [], "Avg_Shear_Force/KN": 0.87938300000000003, "Avg_Bending_Moment/KNm": 0.57358100000000001, "Max_Bending_Moment/KNm": 3.2903669999999998, "Interstorey_Drift_Ratios": [], "Max_Compresive_Stress/MPa": -0.81317300000000003}