{"Buckling_Load_Factor": 24.106954000000002, "Max_Shear_Stress/MPa": 0.0001, "Max_Shear_Force/KN": 7.6359709999999996, "Utilization": 8.1706430000000001, "Max_Tensile_Stress/MPa": 2.1813660000000001, "Max_Bending_Stress/MPa": 5.7000000000000003e-05, "Avg_Displacement/mm": 7.0587099999999996, "Max_Displacement/mm": 23.078887000000002, "Max_Principal_Stress/MPa": 0.021971000000000001, "Interstorey_Drift_Failure": [], "Avg_Shear_Force/KN": 1.1025210000000001, "Avg_Bending_Moment/KNm": 0.40483400000000003, "Max_Bending_Moment/KNm": 2.1390910000000001, "Interstorey_Drift_Ratios": [], "Max_Compresive_Stress/MPa": -0.74596600000000002}