{"Buckling_Load_Factor": 5.2438190000000002, "Max_Shear_Stress/MPa": 0.00014999999999999999, "Max_Shear_Force/KN": 11.436807999999999, "Utilization": 19.282534999999999, "Max_Tensile_Stress/MPa": 5.0747530000000003, "Max_Bending_Stress/MPa": 0.000194, "Avg_Displacement/mm": 25.913919, "Max_Displacement/mm": 79.772064999999998, "Max_Principal_Stress/MPa": 0.033315999999999998, "Interstorey_Drift_Failure": ["True"], "Avg_Shear_Force/KN": 1.524583, "Avg_Bending_Moment/KNm": 0.477572, "Max_Bending_Moment/KNm": 3.2284959999999998, "Interstorey_Drift_Ratios": ["0.01004333h"], "Max_Compresive_Stress/MPa": -2.3160910000000001}