{"Buckling_Load_Factor": 5.4593379999999998, "Max_Shear_Stress/MPa": 0.00014999999999999999, "Max_Shear_Force/KN": 16.543061999999999, "Utilization": 13.788102, "Max_Tensile_Stress/MPa": 2.9334199999999999, "Max_Bending_Stress/MPa": 0.000108, "Avg_Displacement/mm": 16.815456999999999, "Max_Displacement/mm": 52.394303000000001, "Max_Principal_Stress/MPa": 0.02647, "Interstorey_Drift_Failure": ["False"], "Avg_Shear_Force/KN": 1.1304639999999999, "Avg_Bending_Moment/KNm": 0.34311999999999998, "Max_Bending_Moment/KNm": 1.8074650000000001, "Interstorey_Drift_Ratios": ["0.00662463h"], "Max_Compresive_Stress/MPa": -1.167637}