{"Buckling_Load_Factor": 5.4850719999999997, "Max_Shear_Stress/MPa": 0.00014999999999999999, "Max_Shear_Force/KN": 10.754175, "Utilization": 16.534113999999999, "Max_Tensile_Stress/MPa": 4.4544620000000004, "Max_Bending_Stress/MPa": 0.00040200000000000001, "Avg_Displacement/mm": 21.116475000000001, "Max_Displacement/mm": 73.692750000000004, "Max_Principal_Stress/MPa": 0.023791, "Interstorey_Drift_Failure": ["False"], "Avg_Shear_Force/KN": 2.0331610000000002, "Avg_Bending_Moment/KNm": 1.488901, "Max_Bending_Moment/KNm": 6.6983439999999996, "Interstorey_Drift_Ratios": ["0.0099638h"], "Max_Compresive_Stress/MPa": -1.257126}