{"Buckling_Load_Factor": 5.7861339999999997, "Max_Shear_Stress/MPa": 0.00014999999999999999, "Max_Shear_Force/KN": 1.060144, "Utilization": 2.8373900000000001, "Max_Tensile_Stress/MPa": 1.0681240000000001, "Max_Bending_Stress/MPa": 8.4226999999999998e-06, "Avg_Displacement/mm": 3.2357670000000001, "Max_Displacement/mm": 9.0539959999999997, "Max_Principal_Stress/MPa": 0.012512000000000001, "Interstorey_Drift_Failure": ["False"], "Avg_Shear_Force/KN": 0.099455000000000002, "Avg_Bending_Moment/KNm": 0.024423, "Max_Bending_Moment/KNm": 0.140379, "Interstorey_Drift_Ratios": ["0.00086901h"], "Max_Compresive_Stress/MPa": -0.31376300000000001}