{"Buckling_Load_Factor": 25.846005000000002, "Max_Shear_Stress/MPa": 0.00014999999999999999, "Max_Shear_Force/KN": 7.071752, "Utilization": 5.2396440000000002, "Max_Tensile_Stress/MPa": 1.2944519999999999, "Max_Bending_Stress/MPa": 0.00012999999999999999, "Avg_Displacement/mm": 4.9487779999999999, "Max_Displacement/mm": 15.244567, "Max_Principal_Stress/MPa": 0.015349, "Interstorey_Drift_Failure": ["False"], "Avg_Shear_Force/KN": 1.069115, "Avg_Bending_Moment/KNm": 0.393843, "Max_Bending_Moment/KNm": 2.1705459999999999, "Interstorey_Drift_Ratios": ["0.00140379h"], "Max_Compresive_Stress/MPa": -0.436365}