{"Buckling_Load_Factor": 1.0529230000000001, "Max_Shear_Stress/MPa": 0.00014999999999999999, "Max_Shear_Force/KN": 4.8381689999999997, "Utilization": 19.611301000000001, "Max_Tensile_Stress/MPa": 5.2600610000000003, "Max_Bending_Stress/MPa": 7.2000000000000002e-05, "Avg_Displacement/mm": 38.446773999999998, "Max_Displacement/mm": 124.650361, "Max_Principal_Stress/MPa": 0.031999, "Interstorey_Drift_Failure": ["True"], "Avg_Shear_Force/KN": 0.70300399999999996, "Avg_Bending_Moment/KNm": 0.18707499999999999, "Max_Bending_Moment/KNm": 1.196261, "Interstorey_Drift_Ratios": ["0.01371351h"], "Max_Compresive_Stress/MPa": -1.9831490000000001}