{"Buckling_Load_Factor": 8.2352030000000003, "Max_Shear_Stress/MPa": 0.0001, "Max_Shear_Force/KN": 8.4047579999999993, "Utilization": 9.6595169999999992, "Max_Tensile_Stress/MPa": 2.5997680000000001, "Max_Bending_Stress/MPa": 8.7000000000000001e-05, "Avg_Displacement/mm": 9.7769729999999999, "Max_Displacement/mm": 31.883230999999999, "Max_Principal_Stress/MPa": 0.018422999999999998, "Interstorey_Drift_Failure": [], "Avg_Shear_Force/KN": 1.0925640000000001, "Avg_Bending_Moment/KNm": 0.47284999999999999, "Max_Bending_Moment/KNm": 3.2564320000000002, "Interstorey_Drift_Ratios": [], "Max_Compresive_Stress/MPa": -0.53197399999999995}