{"Buckling_Load_Factor": 1.987762, "Max_Shear_Stress/MPa": 0.00014999999999999999, "Max_Shear_Force/KN": 2.2283979999999999, "Utilization": 11.609733, "Max_Tensile_Stress/MPa": 2.9767480000000002, "Max_Bending_Stress/MPa": 3.4e-05, "Avg_Displacement/mm": 11.105335, "Max_Displacement/mm": 32.663186000000003, "Max_Principal_Stress/MPa": 0.020938999999999999, "Interstorey_Drift_Failure": ["False"], "Avg_Shear_Force/KN": 0.24024300000000001, "Avg_Bending_Moment/KNm": 0.075721999999999998, "Max_Bending_Moment/KNm": 0.571326, "Interstorey_Drift_Ratios": ["0.00376879h"], "Max_Compresive_Stress/MPa": -0.75202800000000003}