{"Buckling_Load_Factor": 20.561458999999999, "Max_Shear_Stress/MPa": 0.00014999999999999999, "Max_Shear_Force/KN": 9.4074489999999997, "Utilization": 8.7023729999999997, "Max_Tensile_Stress/MPa": 2.252586, "Max_Bending_Stress/MPa": 0.000205, "Avg_Displacement/mm": 5.6996339999999996, "Max_Displacement/mm": 18.781824, "Max_Principal_Stress/MPa": 0.017214, "Interstorey_Drift_Failure": ["False"], "Avg_Shear_Force/KN": 0.89043899999999998, "Avg_Bending_Moment/KNm": 0.39046900000000001, "Max_Bending_Moment/KNm": 3.4084819999999998, "Interstorey_Drift_Ratios": ["0.00194816h"], "Max_Compresive_Stress/MPa": -0.46797899999999998}