{"Buckling_Load_Factor": 6.7654800000000002, "Max_Shear_Stress/MPa": 0.0001, "Max_Shear_Force/KN": 6.6776960000000001, "Utilization": 9.3038399999999992, "Max_Tensile_Stress/MPa": 2.4362249999999999, "Max_Bending_Stress/MPa": 3.8000000000000002e-05, "Avg_Displacement/mm": 12.457499, "Max_Displacement/mm": 46.718569000000002, "Max_Principal_Stress/MPa": 0.028593, "Interstorey_Drift_Failure": [], "Avg_Shear_Force/KN": 0.58548199999999995, "Avg_Bending_Moment/KNm": 0.16770099999999999, "Max_Bending_Moment/KNm": 1.42232, "Interstorey_Drift_Ratios": [], "Max_Compresive_Stress/MPa": -1.258748}