{"Buckling_Load_Factor": 9.3780129999999993, "Max_Shear_Stress/MPa": 0.0001, "Max_Shear_Force/KN": 7.9538010000000003, "Utilization": 13.255241, "Max_Tensile_Stress/MPa": 2.6716489999999999, "Max_Bending_Stress/MPa": 7.1000000000000005e-05, "Avg_Displacement/mm": 11.517454000000001, "Max_Displacement/mm": 39.746029999999998, "Max_Principal_Stress/MPa": 0.019238999999999999, "Interstorey_Drift_Failure": [], "Avg_Shear_Force/KN": 1.475317, "Avg_Bending_Moment/KNm": 0.545628, "Max_Bending_Moment/KNm": 2.647694, "Interstorey_Drift_Ratios": [], "Max_Compresive_Stress/MPa": -0.57598199999999999}