{"Buckling_Load_Factor": 3.091682, "Max_Shear_Stress/MPa": 0.00014999999999999999, "Max_Shear_Force/KN": 1.51766, "Utilization": 4.6932609999999997, "Max_Tensile_Stress/MPa": 1.731609, "Max_Bending_Stress/MPa": 1.2e-05, "Avg_Displacement/mm": 7.4238220000000004, "Max_Displacement/mm": 20.323964, "Max_Principal_Stress/MPa": 0.018581, "Interstorey_Drift_Failure": ["False"], "Avg_Shear_Force/KN": 0.176262, "Avg_Bending_Moment/KNm": 0.047696000000000002, "Max_Bending_Moment/KNm": 0.20755799999999999, "Interstorey_Drift_Ratios": ["0.00221089h"], "Max_Compresive_Stress/MPa": -0.58298399999999995}