{"Buckling_Load_Factor": 0.41556100000000001, "Max_Shear_Stress/MPa": 0.0001, "Max_Shear_Force/KN": 2.8375300000000001, "Utilization": 10.775081, "Max_Tensile_Stress/MPa": 2.4997229999999999, "Max_Bending_Stress/MPa": 1.1e-05, "Avg_Displacement/mm": 16.478587000000001, "Max_Displacement/mm": 49.407634000000002, "Max_Principal_Stress/MPa": 0.025495, "Interstorey_Drift_Failure": [], "Avg_Shear_Force/KN": 0.38458599999999998, "Avg_Bending_Moment/KNm": 0.076896000000000006, "Max_Bending_Moment/KNm": 0.419178, "Interstorey_Drift_Ratios": [], "Max_Compresive_Stress/MPa": -1.155772}