{"Buckling_Load_Factor": 4.9882520000000001, "Max_Shear_Stress/MPa": 0.0001, "Max_Shear_Force/KN": 1.6066769999999999, "Utilization": 5.3277380000000001, "Max_Tensile_Stress/MPa": 1.846344, "Max_Bending_Stress/MPa": 6.0406000000000002e-06, "Avg_Displacement/mm": 8.0686309999999999, "Max_Displacement/mm": 21.709056, "Max_Principal_Stress/MPa": 0.020077000000000001, "Interstorey_Drift_Failure": [], "Avg_Shear_Force/KN": 0.22522400000000001, "Avg_Bending_Moment/KNm": 0.049063000000000002, "Max_Bending_Moment/KNm": 0.226523, "Interstorey_Drift_Ratios": [], "Max_Compresive_Stress/MPa": -0.84935400000000005}