{"Buckling_Load_Factor": 12.529012, "Max_Shear_Stress/MPa": 0.00014999999999999999, "Max_Shear_Force/KN": 12.543125, "Utilization": 9.8985479999999999, "Max_Tensile_Stress/MPa": 2.696739, "Max_Bending_Stress/MPa": 0.00024699999999999999, "Avg_Displacement/mm": 10.584125, "Max_Displacement/mm": 34.027796000000002, "Max_Principal_Stress/MPa": 0.018841, "Interstorey_Drift_Failure": ["False"], "Avg_Shear_Force/KN": 2.2052239999999999, "Avg_Bending_Moment/KNm": 0.68227300000000002, "Max_Bending_Moment/KNm": 4.118455, "Interstorey_Drift_Ratios": ["0.00414921h"], "Max_Compresive_Stress/MPa": -1.032165}