{"Buckling_Load_Factor": 9.6772399999999994, "Max_Shear_Stress/MPa": 0.0001, "Max_Shear_Force/KN": 6.3426689999999999, "Utilization": 11.812526999999999, "Max_Tensile_Stress/MPa": 3.0677129999999999, "Max_Bending_Stress/MPa": 6.6000000000000005e-05, "Avg_Displacement/mm": 10.498961, "Max_Displacement/mm": 34.680478000000001, "Max_Principal_Stress/MPa": 0.022303, "Interstorey_Drift_Failure": [], "Avg_Shear_Force/KN": 1.149348, "Avg_Bending_Moment/KNm": 0.51522000000000001, "Max_Bending_Moment/KNm": 2.4606110000000001, "Interstorey_Drift_Ratios": [], "Max_Compresive_Stress/MPa": -1.0127969999999999}