{"Buckling_Load_Factor": 0.059334999999999999, "Max_Shear_Stress/MPa": 0.00014999999999999999, "Max_Shear_Force/KN": 4.8106289999999996, "Utilization": 16.763096999999998, "Max_Tensile_Stress/MPa": 4.6979360000000003, "Max_Bending_Stress/MPa": 5.3000000000000001e-05, "Avg_Displacement/mm": 34.083053999999997, "Max_Displacement/mm": 110.784807, "Max_Principal_Stress/MPa": 0.049148999999999998, "Interstorey_Drift_Failure": ["False"], "Avg_Shear_Force/KN": 0.57688899999999999, "Avg_Bending_Moment/KNm": 0.14888999999999999, "Max_Bending_Moment/KNm": 0.89023200000000002, "Interstorey_Drift_Ratios": ["0.00965985h"], "Max_Compresive_Stress/MPa": -1.7947690000000001}