{"Buckling_Load_Factor": 9.4991380000000003, "Max_Shear_Stress/MPa": 0.0001, "Max_Shear_Force/KN": 2.5603600000000002, "Utilization": 7.7649460000000001, "Max_Tensile_Stress/MPa": 2.0903119999999999, "Max_Bending_Stress/MPa": 3.1999999999999999e-05, "Avg_Displacement/mm": 5.4568500000000002, "Max_Displacement/mm": 18.50432, "Max_Principal_Stress/MPa": 0.01477, "Interstorey_Drift_Failure": [], "Avg_Shear_Force/KN": 0.46931099999999998, "Avg_Bending_Moment/KNm": 0.15551100000000001, "Max_Bending_Moment/KNm": 1.1942999999999999, "Interstorey_Drift_Ratios": [], "Max_Compresive_Stress/MPa": -0.65250600000000003}