{"Buckling_Load_Factor": 29.038777, "Max_Shear_Stress/MPa": 0.00014999999999999999, "Max_Shear_Force/KN": 5.4772699999999999, "Utilization": 4.4220499999999996, "Max_Tensile_Stress/MPa": 1.146779, "Max_Bending_Stress/MPa": 0.0001, "Avg_Displacement/mm": 3.535196, "Max_Displacement/mm": 7.072222, "Max_Principal_Stress/MPa": 0.011096, "Interstorey_Drift_Failure": ["False"], "Avg_Shear_Force/KN": 0.84393300000000004, "Avg_Bending_Moment/KNm": 0.32215700000000003, "Max_Bending_Moment/KNm": 1.662196, "Interstorey_Drift_Ratios": ["0.00067709h"], "Max_Compresive_Stress/MPa": -0.31215799999999999}