{"Buckling_Load_Factor": 5.4325190000000001, "Max_Shear_Stress/MPa": 0.0001, "Max_Shear_Force/KN": 9.8460940000000008, "Utilization": 14.081232999999999, "Max_Tensile_Stress/MPa": 3.7087789999999998, "Max_Bending_Stress/MPa": 5.5999999999999999e-05, "Avg_Displacement/mm": 25.743914, "Max_Displacement/mm": 74.374537000000004, "Max_Principal_Stress/MPa": 0.029544000000000001, "Interstorey_Drift_Failure": ["False"], "Avg_Shear_Force/KN": 1.0305070000000001, "Avg_Bending_Moment/KNm": 0.295186, "Max_Bending_Moment/KNm": 2.087885, "Interstorey_Drift_Ratios": ["0.00883162h"], "Max_Compresive_Stress/MPa": -1.514302}