{"Buckling_Load_Factor": 9.7471540000000001, "Max_Shear_Stress/MPa": 0.00014999999999999999, "Max_Shear_Force/KN": 4.0724460000000002, "Utilization": 5.5745440000000004, "Max_Tensile_Stress/MPa": 1.387178, "Max_Bending_Stress/MPa": 4.8999999999999998e-05, "Avg_Displacement/mm": 4.8118910000000001, "Max_Displacement/mm": 16.569419, "Max_Principal_Stress/MPa": 0.013802, "Interstorey_Drift_Failure": ["False"], "Avg_Shear_Force/KN": 0.43070199999999997, "Avg_Bending_Moment/KNm": 0.151445, "Max_Bending_Moment/KNm": 0.81123699999999999, "Interstorey_Drift_Ratios": ["0.00150185h"], "Max_Compresive_Stress/MPa": -0.54959599999999997}