{"Buckling_Load_Factor": 0.069164000000000003, "Max_Shear_Stress/MPa": 0.00014999999999999999, "Max_Shear_Force/KN": 9.1040030000000005, "Utilization": 21.670746000000001, "Max_Tensile_Stress/MPa": 5.4215530000000003, "Max_Bending_Stress/MPa": 6.9999999999999994e-05, "Avg_Displacement/mm": 46.274507, "Max_Displacement/mm": 141.439549, "Max_Principal_Stress/MPa": 0.035281, "Interstorey_Drift_Failure": ["True"], "Avg_Shear_Force/KN": 0.70700399999999997, "Avg_Bending_Moment/KNm": 0.20956900000000001, "Max_Bending_Moment/KNm": 1.1647099999999999, "Interstorey_Drift_Ratios": ["0.01550975h"], "Max_Compresive_Stress/MPa": -2.2825630000000001}