{"Buckling_Load_Factor": 5.015441, "Max_Shear_Stress/MPa": 0.00014999999999999999, "Max_Shear_Force/KN": 5.9158010000000001, "Utilization": 12.274668, "Max_Tensile_Stress/MPa": 3.303598, "Max_Bending_Stress/MPa": 0.00011, "Avg_Displacement/mm": 15.247522, "Max_Displacement/mm": 45.026235, "Max_Principal_Stress/MPa": 0.021826999999999999, "Interstorey_Drift_Failure": ["False"], "Avg_Shear_Force/KN": 0.98753500000000005, "Avg_Bending_Moment/KNm": 0.30487799999999998, "Max_Bending_Moment/KNm": 1.8329569999999999, "Interstorey_Drift_Ratios": ["0.00553444h"], "Max_Compresive_Stress/MPa": -0.80059199999999997}