{"Buckling_Load_Factor": 2.8435869999999999, "Max_Shear_Stress/MPa": 0.00014999999999999999, "Max_Shear_Force/KN": 5.2225460000000004, "Utilization": 10.267561000000001, "Max_Tensile_Stress/MPa": 2.5651480000000002, "Max_Bending_Stress/MPa": 3.1000000000000001e-05, "Avg_Displacement/mm": 9.7088190000000001, "Max_Displacement/mm": 34.872909, "Max_Principal_Stress/MPa": 0.021677999999999999, "Interstorey_Drift_Failure": ["False"], "Avg_Shear_Force/KN": 0.31129200000000001, "Avg_Bending_Moment/KNm": 0.073611999999999997, "Max_Bending_Moment/KNm": 0.522984, "Interstorey_Drift_Ratios": ["0.00311823h"], "Max_Compresive_Stress/MPa": -1.1346430000000001}