{"Buckling_Load_Factor": 1.664838, "Max_Shear_Stress/MPa": 0.00014999999999999999, "Max_Shear_Force/KN": 3.4415680000000002, "Utilization": 22.238481, "Max_Tensile_Stress/MPa": 5.7762010000000004, "Max_Bending_Stress/MPa": 6.4999999999999994e-05, "Avg_Displacement/mm": 20.407706000000001, "Max_Displacement/mm": 60.254520999999997, "Max_Principal_Stress/MPa": 0.031447000000000003, "Interstorey_Drift_Failure": ["False"], "Avg_Shear_Force/KN": 0.43229200000000001, "Avg_Bending_Moment/KNm": 0.124962, "Max_Bending_Moment/KNm": 1.0821050000000001, "Interstorey_Drift_Ratios": ["0.00615539h"], "Max_Compresive_Stress/MPa": -1.5508139999999999}