{"Buckling_Load_Factor": 15.471233, "Max_Shear_Stress/MPa": 0.0001, "Max_Shear_Force/KN": 3.3852009999999999, "Utilization": 4.7429220000000001, "Max_Tensile_Stress/MPa": 1.197837, "Max_Bending_Stress/MPa": 1.5e-05, "Avg_Displacement/mm": 2.954799, "Max_Displacement/mm": 5.9606700000000004, "Max_Principal_Stress/MPa": 0.010513, "Interstorey_Drift_Failure": [], "Avg_Shear_Force/KN": 0.27121299999999998, "Avg_Bending_Moment/KNm": 0.070634000000000002, "Max_Bending_Moment/KNm": 0.56130500000000005, "Interstorey_Drift_Ratios": [], "Max_Compresive_Stress/MPa": -0.28697099999999998}