{"Buckling_Load_Factor": 9.9511199999999995, "Max_Shear_Stress/MPa": 0.0001, "Max_Shear_Force/KN": 7.0869730000000004, "Utilization": 11.792204, "Max_Tensile_Stress/MPa": 3.130954, "Max_Bending_Stress/MPa": 3.4999999999999997e-05, "Avg_Displacement/mm": 9.9777970000000007, "Max_Displacement/mm": 30.894967999999999, "Max_Principal_Stress/MPa": 0.023484000000000001, "Interstorey_Drift_Failure": [], "Avg_Shear_Force/KN": 0.55105999999999999, "Avg_Bending_Moment/KNm": 0.16597999999999999, "Max_Bending_Moment/KNm": 1.2963070000000001, "Interstorey_Drift_Ratios": [], "Max_Compresive_Stress/MPa": -0.78662900000000002}