{"Buckling_Load_Factor": 11.11036, "Max_Shear_Stress/MPa": 0.00014999999999999999, "Max_Shear_Force/KN": 5.7020340000000003, "Utilization": 5.0987879999999999, "Max_Tensile_Stress/MPa": 1.201411, "Max_Bending_Stress/MPa": 4.6999999999999997e-05, "Avg_Displacement/mm": 5.848865, "Max_Displacement/mm": 18.214931, "Max_Principal_Stress/MPa": 0.014272, "Interstorey_Drift_Failure": ["False"], "Avg_Shear_Force/KN": 0.63658999999999999, "Avg_Bending_Moment/KNm": 0.149838, "Max_Bending_Moment/KNm": 0.78411900000000001, "Interstorey_Drift_Ratios": ["0.00178942h"], "Max_Compresive_Stress/MPa": -0.44672400000000001}