{"Buckling_Load_Factor": 9.1120769999999993, "Max_Shear_Stress/MPa": 0.0001, "Max_Shear_Force/KN": 0.69025099999999995, "Utilization": 2.4763899999999999, "Max_Tensile_Stress/MPa": 1.6958690000000001, "Max_Bending_Stress/MPa": 3.0328999999999998e-06, "Avg_Displacement/mm": 4.2024569999999999, "Max_Displacement/mm": 13.583610999999999, "Max_Principal_Stress/MPa": 0.019078000000000001, "Interstorey_Drift_Failure": [], "Avg_Shear_Force/KN": 0.12173100000000001, "Avg_Bending_Moment/KNm": 0.022863000000000001, "Max_Bending_Moment/KNm": 0.113733, "Interstorey_Drift_Ratios": [], "Max_Compresive_Stress/MPa": -0.337308}