{"Buckling_Load_Factor": 10.654450000000001, "Max_Shear_Stress/MPa": 0.0001, "Max_Shear_Force/KN": 4.4305250000000003, "Utilization": 4.4285009999999998, "Max_Tensile_Stress/MPa": 1.7964549999999999, "Max_Bending_Stress/MPa": 2.5999999999999998e-05, "Avg_Displacement/mm": 5.739471, "Max_Displacement/mm": 18.196193999999998, "Max_Principal_Stress/MPa": 0.020338999999999999, "Interstorey_Drift_Failure": [], "Avg_Shear_Force/KN": 0.44484800000000002, "Avg_Bending_Moment/KNm": 0.14352000000000001, "Max_Bending_Moment/KNm": 0.96469899999999997, "Interstorey_Drift_Ratios": [], "Max_Compresive_Stress/MPa": -0.55273799999999995}