{"Buckling_Load_Factor": 26.492208999999999, "Max_Shear_Stress/MPa": 0.00014999999999999999, "Max_Shear_Force/KN": 6.2752920000000003, "Utilization": 4.683872, "Max_Tensile_Stress/MPa": 1.255682, "Max_Bending_Stress/MPa": 0.000106, "Avg_Displacement/mm": 3.6618979999999999, "Max_Displacement/mm": 9.0970809999999993, "Max_Principal_Stress/MPa": 0.0098919999999999998, "Interstorey_Drift_Failure": ["False"], "Avg_Shear_Force/KN": 0.84139900000000001, "Avg_Bending_Moment/KNm": 0.36619099999999999, "Max_Bending_Moment/KNm": 1.763123, "Interstorey_Drift_Ratios": ["0.00085146h"], "Max_Compresive_Stress/MPa": -0.35417799999999999}