{"Buckling_Load_Factor": 39.184891, "Max_Shear_Stress/MPa": 0.0001, "Max_Shear_Force/KN": 5.9660820000000001, "Utilization": 5.0193950000000003, "Max_Tensile_Stress/MPa": 1.4621059999999999, "Max_Bending_Stress/MPa": 5.5000000000000002e-05, "Avg_Displacement/mm": 4.760427, "Max_Displacement/mm": 12.301895999999999, "Max_Principal_Stress/MPa": 0.017225000000000001, "Interstorey_Drift_Failure": [], "Avg_Shear_Force/KN": 0.97267400000000004, "Avg_Bending_Moment/KNm": 0.419489, "Max_Bending_Moment/KNm": 2.057512, "Interstorey_Drift_Ratios": [], "Max_Compresive_Stress/MPa": -0.38358100000000001}