{"Buckling_Load_Factor": 1.2874650000000001, "Max_Shear_Stress/MPa": 0.00014999999999999999, "Max_Shear_Force/KN": 3.785685, "Utilization": 13.802070000000001, "Max_Tensile_Stress/MPa": 3.3444189999999998, "Max_Bending_Stress/MPa": 4.8000000000000001e-05, "Avg_Displacement/mm": 27.136149, "Max_Displacement/mm": 90.916476000000003, "Max_Principal_Stress/MPa": 0.035145999999999997, "Interstorey_Drift_Failure": ["True"], "Avg_Shear_Force/KN": 0.472466, "Avg_Bending_Moment/KNm": 0.118557, "Max_Bending_Moment/KNm": 0.80414099999999999, "Interstorey_Drift_Ratios": ["0.01146338h"], "Max_Compresive_Stress/MPa": -1.248011}