{"Buckling_Load_Factor": 2.1793900000000002, "Max_Shear_Stress/MPa": 0.00014999999999999999, "Max_Shear_Force/KN": 3.5484209999999998, "Utilization": 10.432509, "Max_Tensile_Stress/MPa": 3.7954319999999999, "Max_Bending_Stress/MPa": 4.0000000000000003e-05, "Avg_Displacement/mm": 23.547101999999999, "Max_Displacement/mm": 83.574917999999997, "Max_Principal_Stress/MPa": 0.039805, "Interstorey_Drift_Failure": ["False"], "Avg_Shear_Force/KN": 0.45959499999999998, "Avg_Bending_Moment/KNm": 0.12253500000000001, "Max_Bending_Moment/KNm": 0.67439300000000002, "Interstorey_Drift_Ratios": ["0.00932291h"], "Max_Compresive_Stress/MPa": -1.463792}