{"Buckling_Load_Factor": 7.9102699999999997, "Max_Shear_Stress/MPa": 0.0001, "Max_Shear_Force/KN": 16.157197, "Utilization": 12.113848000000001, "Max_Tensile_Stress/MPa": 3.2657970000000001, "Max_Bending_Stress/MPa": 3.1000000000000001e-05, "Avg_Displacement/mm": 9.0419250000000009, "Max_Displacement/mm": 36.828291999999998, "Max_Principal_Stress/MPa": 0.012605999999999999, "Interstorey_Drift_Failure": ["False"], "Avg_Shear_Force/KN": 0.62456400000000001, "Avg_Bending_Moment/KNm": 0.17724500000000001, "Max_Bending_Moment/KNm": 1.1705639999999999, "Interstorey_Drift_Ratios": ["0.00397375h"], "Max_Compresive_Stress/MPa": -0.84809400000000001}