{"Buckling_Load_Factor": 24.872893999999999, "Max_Shear_Stress/MPa": 0.0001, "Max_Shear_Force/KN": 2.6195840000000001, "Utilization": 6.2319620000000002, "Max_Tensile_Stress/MPa": 1.529706, "Max_Bending_Stress/MPa": 2.4000000000000001e-05, "Avg_Displacement/mm": 4.001042, "Max_Displacement/mm": 15.645213999999999, "Max_Principal_Stress/MPa": 0.017999999999999999, "Interstorey_Drift_Failure": ["False"], "Avg_Shear_Force/KN": 0.337893, "Avg_Bending_Moment/KNm": 0.118737, "Max_Bending_Moment/KNm": 0.89974500000000002, "Interstorey_Drift_Ratios": ["0.0013336h"], "Max_Compresive_Stress/MPa": -0.554705}