{"Buckling_Load_Factor": 10.490800999999999, "Max_Shear_Stress/MPa": 0.0001, "Max_Shear_Force/KN": 3.457986, "Utilization": 13.192235, "Max_Tensile_Stress/MPa": 3.4595720000000001, "Max_Bending_Stress/MPa": 3.1000000000000001e-05, "Avg_Displacement/mm": 14.821973, "Max_Displacement/mm": 38.561579000000002, "Max_Principal_Stress/MPa": 0.022076999999999999, "Interstorey_Drift_Failure": [], "Avg_Shear_Force/KN": 0.81845400000000001, "Avg_Bending_Moment/KNm": 0.29867300000000002, "Max_Bending_Moment/KNm": 1.1736420000000001, "Interstorey_Drift_Ratios": [], "Max_Compresive_Stress/MPa": -1.1680170000000001}