{"Buckling_Load_Factor": 3.8288259999999998, "Max_Shear_Stress/MPa": 0.0001, "Max_Shear_Force/KN": 1.9171100000000001, "Utilization": 6.9534039999999999, "Max_Tensile_Stress/MPa": 2.6854969999999998, "Max_Bending_Stress/MPa": 9.2436999999999993e-06, "Avg_Displacement/mm": 12.815988000000001, "Max_Displacement/mm": 42.336356000000002, "Max_Principal_Stress/MPa": 0.029031000000000001, "Interstorey_Drift_Failure": [], "Avg_Shear_Force/KN": 0.25465500000000002, "Avg_Bending_Moment/KNm": 0.049257000000000002, "Max_Bending_Moment/KNm": 0.34664, "Interstorey_Drift_Ratios": [], "Max_Compresive_Stress/MPa": -0.79991199999999996}