{"Buckling_Load_Factor": 4.8695570000000004, "Max_Shear_Stress/MPa": 0.00014999999999999999, "Max_Shear_Force/KN": 1.790969, "Utilization": 7.7131239999999996, "Max_Tensile_Stress/MPa": 1.965768, "Max_Bending_Stress/MPa": 2.5999999999999998e-05, "Avg_Displacement/mm": 6.3738400000000004, "Max_Displacement/mm": 19.528483999999999, "Max_Principal_Stress/MPa": 0.022055000000000002, "Interstorey_Drift_Failure": ["False"], "Avg_Shear_Force/KN": 0.177145, "Avg_Bending_Moment/KNm": 0.042450000000000002, "Max_Bending_Moment/KNm": 0.42527500000000001, "Interstorey_Drift_Ratios": ["0.00183901h"], "Max_Compresive_Stress/MPa": -0.90236400000000005}