{"Buckling_Load_Factor": 5.2008299999999998, "Max_Shear_Stress/MPa": 0.00014999999999999999, "Max_Shear_Force/KN": 4.12181, "Utilization": 8.0624909999999996, "Max_Tensile_Stress/MPa": 2.1499169999999999, "Max_Bending_Stress/MPa": 7.3999999999999996e-05, "Avg_Displacement/mm": 9.3009170000000001, "Max_Displacement/mm": 22.546606000000001, "Max_Principal_Stress/MPa": 0.017967, "Interstorey_Drift_Failure": ["False"], "Avg_Shear_Force/KN": 0.55318100000000003, "Avg_Bending_Moment/KNm": 0.20054, "Max_Bending_Moment/KNm": 1.235063, "Interstorey_Drift_Ratios": ["0.0027906h"], "Max_Compresive_Stress/MPa": -0.53337400000000001}