{"Buckling_Load_Factor": 9.5893230000000003, "Max_Shear_Stress/MPa": 0.0001, "Max_Shear_Force/KN": 7.8868489999999998, "Utilization": 7.3320629999999998, "Max_Tensile_Stress/MPa": 1.90439, "Max_Bending_Stress/MPa": 7.7000000000000001e-05, "Avg_Displacement/mm": 7.9062159999999997, "Max_Displacement/mm": 21.675511, "Max_Principal_Stress/MPa": 0.013663, "Interstorey_Drift_Failure": [], "Avg_Shear_Force/KN": 1.1635070000000001, "Avg_Bending_Moment/KNm": 0.50033399999999995, "Max_Bending_Moment/KNm": 2.8920880000000002, "Interstorey_Drift_Ratios": [], "Max_Compresive_Stress/MPa": -0.429616}