{"Buckling_Load_Factor": 4.0356319999999997, "Max_Shear_Stress/MPa": 0.00014999999999999999, "Max_Shear_Force/KN": 6.0488850000000003, "Utilization": 10.524267999999999, "Max_Tensile_Stress/MPa": 2.8235169999999998, "Max_Bending_Stress/MPa": 9.7999999999999997e-05, "Avg_Displacement/mm": 16.020685, "Max_Displacement/mm": 42.265802999999998, "Max_Principal_Stress/MPa": 0.023023999999999999, "Interstorey_Drift_Failure": ["False"], "Avg_Shear_Force/KN": 0.93960900000000003, "Avg_Bending_Moment/KNm": 0.333982, "Max_Bending_Moment/KNm": 1.629543, "Interstorey_Drift_Ratios": ["0.00496736h"], "Max_Compresive_Stress/MPa": -1.063388}