{"Buckling_Load_Factor": 7.2437959999999997, "Max_Shear_Stress/MPa": 0.00014999999999999999, "Max_Shear_Force/KN": 5.3221020000000001, "Utilization": 9.3298430000000003, "Max_Tensile_Stress/MPa": 2.5793270000000001, "Max_Bending_Stress/MPa": 9.8999999999999994e-05, "Avg_Displacement/mm": 10.932446000000001, "Max_Displacement/mm": 37.775170000000003, "Max_Principal_Stress/MPa": 0.02733, "Interstorey_Drift_Failure": ["False"], "Avg_Shear_Force/KN": 0.67434899999999998, "Avg_Bending_Moment/KNm": 0.21138999999999999, "Max_Bending_Moment/KNm": 1.650517, "Interstorey_Drift_Ratios": ["0.00368983h"], "Max_Compresive_Stress/MPa": -0.75457799999999997}