{"Buckling_Load_Factor": 7.8839009999999998, "Max_Shear_Stress/MPa": 0.0001, "Max_Shear_Force/KN": 1.3634729999999999, "Utilization": 4.5015070000000001, "Max_Tensile_Stress/MPa": 1.660766, "Max_Bending_Stress/MPa": 5.8575999999999996e-06, "Avg_Displacement/mm": 5.357901, "Max_Displacement/mm": 18.132453999999999, "Max_Principal_Stress/MPa": 0.018839000000000002, "Interstorey_Drift_Failure": ["False"], "Avg_Shear_Force/KN": 0.27654600000000001, "Avg_Bending_Moment/KNm": 0.049281999999999999, "Max_Bending_Moment/KNm": 0.21965899999999999, "Interstorey_Drift_Ratios": ["0.00130163h"], "Max_Compresive_Stress/MPa": -0.56619399999999998}