{"Buckling_Load_Factor": 13.619306999999999, "Max_Shear_Stress/MPa": 0.00014999999999999999, "Max_Shear_Force/KN": 3.9568430000000001, "Utilization": 5.6952999999999996, "Max_Tensile_Stress/MPa": 1.2428129999999999, "Max_Bending_Stress/MPa": 3.8999999999999999e-05, "Avg_Displacement/mm": 4.604114, "Max_Displacement/mm": 12.939005, "Max_Principal_Stress/MPa": 0.013769, "Interstorey_Drift_Failure": ["False"], "Avg_Shear_Force/KN": 0.44611699999999999, "Avg_Bending_Moment/KNm": 0.119418, "Max_Bending_Moment/KNm": 0.65570099999999998, "Interstorey_Drift_Ratios": ["0.00123406h"], "Max_Compresive_Stress/MPa": -0.42583900000000002}