{"Buckling_Load_Factor": 6.8190280000000003, "Max_Shear_Stress/MPa": 0.0001, "Max_Shear_Force/KN": 1.1202319999999999, "Utilization": 4.1545310000000004, "Max_Tensile_Stress/MPa": 2.017042, "Max_Bending_Stress/MPa": 5.3766999999999997e-06, "Avg_Displacement/mm": 6.7511229999999998, "Max_Displacement/mm": 24.045667000000002, "Max_Principal_Stress/MPa": 0.021975999999999999, "Interstorey_Drift_Failure": [], "Avg_Shear_Force/KN": 0.16146099999999999, "Avg_Bending_Moment/KNm": 0.034576000000000003, "Max_Bending_Moment/KNm": 0.201625, "Interstorey_Drift_Ratios": [], "Max_Compresive_Stress/MPa": -0.54338900000000001}