{"Buckling_Load_Factor": 16.6264, "Max_Shear_Stress/MPa": 0.00014999999999999999, "Max_Shear_Force/KN": 12.247111, "Utilization": 9.4290009999999995, "Max_Tensile_Stress/MPa": 2.5150299999999999, "Max_Bending_Stress/MPa": 0.00024499999999999999, "Avg_Displacement/mm": 9.1033249999999999, "Max_Displacement/mm": 24.489273000000001, "Max_Principal_Stress/MPa": 0.021939, "Interstorey_Drift_Failure": ["False"], "Avg_Shear_Force/KN": 1.294243, "Avg_Bending_Moment/KNm": 0.62314000000000003, "Max_Bending_Moment/KNm": 4.0760389999999997, "Interstorey_Drift_Ratios": ["0.00286007h"], "Max_Compresive_Stress/MPa": -0.94874700000000001}