{"Buckling_Load_Factor": 21.661633999999999, "Max_Shear_Stress/MPa": 0.00014999999999999999, "Max_Shear_Force/KN": 12.583572, "Utilization": 10.615304999999999, "Max_Tensile_Stress/MPa": 2.7340339999999999, "Max_Bending_Stress/MPa": 0.000231, "Avg_Displacement/mm": 6.477328, "Max_Displacement/mm": 21.413291999999998, "Max_Principal_Stress/MPa": 0.018498000000000001, "Interstorey_Drift_Failure": ["False"], "Avg_Shear_Force/KN": 1.473784, "Avg_Bending_Moment/KNm": 0.52278400000000003, "Max_Bending_Moment/KNm": 3.8531490000000002, "Interstorey_Drift_Ratios": ["0.00213728h"], "Max_Compresive_Stress/MPa": -0.94672500000000004}