{"Buckling_Load_Factor": 21.266117999999999, "Max_Shear_Stress/MPa": 0.00014999999999999999, "Max_Shear_Force/KN": 2.6036739999999998, "Utilization": 3.5838540000000001, "Max_Tensile_Stress/MPa": 1.9672240000000001, "Max_Bending_Stress/MPa": 3.6000000000000001e-05, "Avg_Displacement/mm": 4.6038449999999997, "Max_Displacement/mm": 14.252249000000001, "Max_Principal_Stress/MPa": 0.022748000000000001, "Interstorey_Drift_Failure": ["False"], "Avg_Shear_Force/KN": 0.33024300000000001, "Avg_Bending_Moment/KNm": 0.084589999999999999, "Max_Bending_Moment/KNm": 0.59193200000000001, "Interstorey_Drift_Ratios": ["0.00116651h"], "Max_Compresive_Stress/MPa": -0.52735100000000001}