{"Buckling_Load_Factor": 13.867561, "Max_Shear_Stress/MPa": 0.00014999999999999999, "Max_Shear_Force/KN": 9.6815440000000006, "Utilization": 8.0952579999999994, "Max_Tensile_Stress/MPa": 2.1814499999999999, "Max_Bending_Stress/MPa": 0.00019599999999999999, "Avg_Displacement/mm": 9.1341169999999998, "Max_Displacement/mm": 24.671558999999998, "Max_Principal_Stress/MPa": 0.022634000000000001, "Interstorey_Drift_Failure": ["False"], "Avg_Shear_Force/KN": 1.2649570000000001, "Avg_Bending_Moment/KNm": 0.61790599999999996, "Max_Bending_Moment/KNm": 3.2670650000000001, "Interstorey_Drift_Ratios": ["0.00205821h"], "Max_Compresive_Stress/MPa": -0.56486099999999995}