{"Buckling_Load_Factor": 13.991344, "Max_Shear_Stress/MPa": 0.0001, "Max_Shear_Force/KN": 9.9146079999999994, "Utilization": 6.3165880000000003, "Max_Tensile_Stress/MPa": 1.6364080000000001, "Max_Bending_Stress/MPa": 5.7000000000000003e-05, "Avg_Displacement/mm": 7.4952940000000003, "Max_Displacement/mm": 20.654112000000001, "Max_Principal_Stress/MPa": 0.017347000000000001, "Interstorey_Drift_Failure": [], "Avg_Shear_Force/KN": 1.106263, "Avg_Bending_Moment/KNm": 0.398893, "Max_Bending_Moment/KNm": 2.1240139999999998, "Interstorey_Drift_Ratios": [], "Max_Compresive_Stress/MPa": -0.51778900000000005}