{"Buckling_Load_Factor": 15.730221999999999, "Max_Shear_Stress/MPa": 0.0001, "Max_Shear_Force/KN": 9.1694899999999997, "Utilization": 4.332948, "Max_Tensile_Stress/MPa": 1.152571, "Max_Bending_Stress/MPa": 4.5000000000000003e-05, "Avg_Displacement/mm": 5.4021249999999998, "Max_Displacement/mm": 16.876403, "Max_Principal_Stress/MPa": 0.013221, "Interstorey_Drift_Failure": [], "Avg_Shear_Force/KN": 1.1078220000000001, "Avg_Bending_Moment/KNm": 0.37408599999999997, "Max_Bending_Moment/KNm": 1.6958800000000001, "Interstorey_Drift_Ratios": [], "Max_Compresive_Stress/MPa": -0.464563}