{"Buckling_Load_Factor": 3.302111, "Max_Shear_Stress/MPa": 0.0001, "Max_Shear_Force/KN": 2.8508849999999999, "Utilization": 14.094829000000001, "Max_Tensile_Stress/MPa": 3.738003, "Max_Bending_Stress/MPa": 1.1e-05, "Avg_Displacement/mm": 23.660256, "Max_Displacement/mm": 73.629275000000007, "Max_Principal_Stress/MPa": 0.038857999999999997, "Interstorey_Drift_Failure": [], "Avg_Shear_Force/KN": 0.43118699999999999, "Avg_Bending_Moment/KNm": 0.091439000000000006, "Max_Bending_Moment/KNm": 0.39409499999999997, "Interstorey_Drift_Ratios": [], "Max_Compresive_Stress/MPa": -1.481943}