{"Buckling_Load_Factor": 8.1065919999999991, "Max_Shear_Stress/MPa": 0.00014999999999999999, "Max_Shear_Force/KN": 8.4666090000000001, "Utilization": 14.202052999999999, "Max_Tensile_Stress/MPa": 3.7011970000000001, "Max_Bending_Stress/MPa": 0.000137, "Avg_Displacement/mm": 12.527231, "Max_Displacement/mm": 39.033956000000003, "Max_Principal_Stress/MPa": 0.021003999999999998, "Interstorey_Drift_Failure": ["False"], "Avg_Shear_Force/KN": 0.98503099999999999, "Avg_Bending_Moment/KNm": 0.26759899999999998, "Max_Bending_Moment/KNm": 2.2821769999999999, "Interstorey_Drift_Ratios": ["0.00437229h"], "Max_Compresive_Stress/MPa": -1.124557}