{"Buckling_Load_Factor": 0.65560700000000005, "Max_Shear_Stress/MPa": 0.00014999999999999999, "Max_Shear_Force/KN": 4.726998, "Utilization": 23.896723999999999, "Max_Tensile_Stress/MPa": 6.2167599999999998, "Max_Bending_Stress/MPa": 7.4999999999999993e-05, "Avg_Displacement/mm": 29.296789, "Max_Displacement/mm": 82.544531000000006, "Max_Principal_Stress/MPa": 0.038342000000000001, "Interstorey_Drift_Failure": ["False"], "Avg_Shear_Force/KN": 0.58185799999999999, "Avg_Bending_Moment/KNm": 0.17390600000000001, "Max_Bending_Moment/KNm": 1.2462279999999999, "Interstorey_Drift_Ratios": ["0.00978722h"], "Max_Compresive_Stress/MPa": -1.5979270000000001}