{"Buckling_Load_Factor": 15.493937000000001, "Max_Shear_Stress/MPa": 0.0001, "Max_Shear_Force/KN": 6.4959350000000002, "Utilization": 5.2470809999999997, "Max_Tensile_Stress/MPa": 1.3906069999999999, "Max_Bending_Stress/MPa": 5.3999999999999998e-05, "Avg_Displacement/mm": 5.8377699999999999, "Max_Displacement/mm": 17.179853999999999, "Max_Principal_Stress/MPa": 0.011688, "Interstorey_Drift_Failure": [], "Avg_Shear_Force/KN": 0.93126100000000001, "Avg_Bending_Moment/KNm": 0.35854200000000003, "Max_Bending_Moment/KNm": 2.0311330000000001, "Interstorey_Drift_Ratios": [], "Max_Compresive_Stress/MPa": -0.45541399999999999}