{"Buckling_Load_Factor": 13.036503, "Max_Shear_Stress/MPa": 0.00014999999999999999, "Max_Shear_Force/KN": 9.35215, "Utilization": 10.792005, "Max_Tensile_Stress/MPa": 2.8794749999999998, "Max_Bending_Stress/MPa": 0.00027599999999999999, "Avg_Displacement/mm": 12.978448, "Max_Displacement/mm": 38.230409000000002, "Max_Principal_Stress/MPa": 0.022210000000000001, "Interstorey_Drift_Failure": ["False"], "Avg_Shear_Force/KN": 1.8547629999999999, "Avg_Bending_Moment/KNm": 0.80496400000000001, "Max_Bending_Moment/KNm": 4.603091, "Interstorey_Drift_Ratios": ["0.00408517h"], "Max_Compresive_Stress/MPa": -0.90380700000000003}