{"Buckling_Load_Factor": 6.2762419999999999, "Max_Shear_Stress/MPa": 0.00014999999999999999, "Max_Shear_Force/KN": 7.6255930000000003, "Utilization": 10.039474999999999, "Max_Tensile_Stress/MPa": 2.4589080000000001, "Max_Bending_Stress/MPa": 0.0001, "Avg_Displacement/mm": 16.133728999999999, "Max_Displacement/mm": 51.208534, "Max_Principal_Stress/MPa": 0.026134000000000001, "Interstorey_Drift_Failure": ["False"], "Avg_Shear_Force/KN": 0.994591, "Avg_Bending_Moment/KNm": 0.27889700000000001, "Max_Bending_Moment/KNm": 1.668706, "Interstorey_Drift_Ratios": ["0.00590899h"], "Max_Compresive_Stress/MPa": -0.90757399999999999}