{"Buckling_Load_Factor": 0.50989300000000004, "Max_Shear_Stress/MPa": 0.0001, "Max_Shear_Force/KN": 2.3916719999999998, "Utilization": 13.768577000000001, "Max_Tensile_Stress/MPa": 3.2994520000000001, "Max_Bending_Stress/MPa": 1.8e-05, "Avg_Displacement/mm": 23.295055000000001, "Max_Displacement/mm": 76.547059000000004, "Max_Principal_Stress/MPa": 0.027805, "Interstorey_Drift_Failure": [], "Avg_Shear_Force/KN": 0.39340399999999998, "Avg_Bending_Moment/KNm": 0.10240100000000001, "Max_Bending_Moment/KNm": 0.68259899999999996, "Interstorey_Drift_Ratios": [], "Max_Compresive_Stress/MPa": -1.3285119999999999}