{"Buckling_Load_Factor": 16.423219, "Max_Shear_Stress/MPa": 0.00014999999999999999, "Max_Shear_Force/KN": 4.8500519999999998, "Utilization": 5.7269649999999999, "Max_Tensile_Stress/MPa": 1.5535680000000001, "Max_Bending_Stress/MPa": 0.000147, "Avg_Displacement/mm": 6.5929180000000001, "Max_Displacement/mm": 21.811636, "Max_Principal_Stress/MPa": 0.017302000000000001, "Interstorey_Drift_Failure": ["False"], "Avg_Shear_Force/KN": 1.148574, "Avg_Bending_Moment/KNm": 0.43264399999999997, "Max_Bending_Moment/KNm": 2.4440149999999998, "Interstorey_Drift_Ratios": ["0.00239596h"], "Max_Compresive_Stress/MPa": -0.37423899999999999}