{"Buckling_Load_Factor": 5.2833220000000001, "Max_Shear_Stress/MPa": 0.0001, "Max_Shear_Force/KN": 1.236165, "Utilization": 3.3893149999999999, "Max_Tensile_Stress/MPa": 1.5085459999999999, "Max_Bending_Stress/MPa": 3.3981000000000001e-06, "Avg_Displacement/mm": 5.3821659999999998, "Max_Displacement/mm": 17.157432, "Max_Principal_Stress/MPa": 0.016670999999999998, "Interstorey_Drift_Failure": [], "Avg_Shear_Force/KN": 0.13914799999999999, "Avg_Bending_Moment/KNm": 0.030478999999999999, "Max_Bending_Moment/KNm": 0.12742800000000001, "Interstorey_Drift_Ratios": [], "Max_Compresive_Stress/MPa": -0.50458899999999995}