{"Buckling_Load_Factor": 10.216955, "Max_Shear_Stress/MPa": 0.00014999999999999999, "Max_Shear_Force/KN": 4.2016960000000001, "Utilization": 5.5256400000000001, "Max_Tensile_Stress/MPa": 1.4356580000000001, "Max_Bending_Stress/MPa": 4.3000000000000002e-05, "Avg_Displacement/mm": 4.4470390000000002, "Max_Displacement/mm": 10.470621, "Max_Principal_Stress/MPa": 0.013483999999999999, "Interstorey_Drift_Failure": ["False"], "Avg_Shear_Force/KN": 0.369863, "Avg_Bending_Moment/KNm": 0.10874200000000001, "Max_Bending_Moment/KNm": 0.71352400000000005, "Interstorey_Drift_Ratios": ["0.00104982h"], "Max_Compresive_Stress/MPa": -0.41909600000000002}