{"Buckling_Load_Factor": 1.721568, "Max_Shear_Stress/MPa": 0.0001, "Max_Shear_Force/KN": 2.1133639999999998, "Utilization": 8.3936220000000006, "Max_Tensile_Stress/MPa": 2.8531780000000002, "Max_Bending_Stress/MPa": 1.0000000000000001e-05, "Avg_Displacement/mm": 16.232776999999999, "Max_Displacement/mm": 58.797586000000003, "Max_Principal_Stress/MPa": 0.029812999999999999, "Interstorey_Drift_Failure": [], "Avg_Shear_Force/KN": 0.29128199999999999, "Avg_Bending_Moment/KNm": 0.071651000000000006, "Max_Bending_Moment/KNm": 0.38637199999999999, "Interstorey_Drift_Ratios": [], "Max_Compresive_Stress/MPa": -0.81845800000000002}