{"Buckling_Load_Factor": 21.687367999999999, "Max_Shear_Stress/MPa": 0.00014999999999999999, "Max_Shear_Force/KN": 5.7666310000000003, "Utilization": 4.6382089999999998, "Max_Tensile_Stress/MPa": 1.2053609999999999, "Max_Bending_Stress/MPa": 0.000108, "Avg_Displacement/mm": 3.4619620000000002, "Max_Displacement/mm": 9.0516850000000009, "Max_Principal_Stress/MPa": 0.013183, "Interstorey_Drift_Failure": ["False"], "Avg_Shear_Force/KN": 0.75446500000000005, "Avg_Bending_Moment/KNm": 0.27730500000000002, "Max_Bending_Moment/KNm": 1.7924880000000001, "Interstorey_Drift_Ratios": ["0.00078635h"], "Max_Compresive_Stress/MPa": -0.269235}