{"Buckling_Load_Factor": 5.8220679999999998, "Max_Shear_Stress/MPa": 0.0001, "Max_Shear_Force/KN": 4.3002929999999999, "Utilization": 6.4366890000000003, "Max_Tensile_Stress/MPa": 2.0999629999999998, "Max_Bending_Stress/MPa": 2.5000000000000001e-05, "Avg_Displacement/mm": 9.6260820000000002, "Max_Displacement/mm": 31.546292000000001, "Max_Principal_Stress/MPa": 0.021906999999999999, "Interstorey_Drift_Failure": [], "Avg_Shear_Force/KN": 0.57930400000000004, "Avg_Bending_Moment/KNm": 0.16284199999999999, "Max_Bending_Moment/KNm": 0.92128500000000002, "Interstorey_Drift_Ratios": [], "Max_Compresive_Stress/MPa": -0.52665700000000004}