{"Buckling_Load_Factor": 2.2213210000000001, "Max_Shear_Stress/MPa": 0.00014999999999999999, "Max_Shear_Force/KN": 4.1119760000000003, "Utilization": 12.131957999999999, "Max_Tensile_Stress/MPa": 2.6723379999999999, "Max_Bending_Stress/MPa": 3.4e-05, "Avg_Displacement/mm": 17.452010000000001, "Max_Displacement/mm": 61.034491000000003, "Max_Principal_Stress/MPa": 0.029229000000000002, "Interstorey_Drift_Failure": ["False"], "Avg_Shear_Force/KN": 0.39891300000000002, "Avg_Bending_Moment/KNm": 0.094714000000000007, "Max_Bending_Moment/KNm": 0.57081499999999996, "Interstorey_Drift_Ratios": ["0.00507747h"], "Max_Compresive_Stress/MPa": -1.2486120000000001}