{"Buckling_Load_Factor": 5.6562200000000002, "Max_Shear_Stress/MPa": 0.00014999999999999999, "Max_Shear_Force/KN": 2.0260539999999998, "Utilization": 8.1347909999999999, "Max_Tensile_Stress/MPa": 2.4265789999999998, "Max_Bending_Stress/MPa": 2.6999999999999999e-05, "Avg_Displacement/mm": 11.23808, "Max_Displacement/mm": 47.311402999999999, "Max_Principal_Stress/MPa": 0.028435999999999999, "Interstorey_Drift_Failure": ["False"], "Avg_Shear_Force/KN": 0.26418700000000001, "Avg_Bending_Moment/KNm": 0.073790999999999995, "Max_Bending_Moment/KNm": 0.44450000000000001, "Interstorey_Drift_Ratios": ["0.00390147h"], "Max_Compresive_Stress/MPa": -0.95555699999999999}