{"Buckling_Load_Factor": 14.627451000000001, "Max_Shear_Stress/MPa": 0.00014999999999999999, "Max_Shear_Force/KN": 7.4153739999999999, "Utilization": 8.7403720000000007, "Max_Tensile_Stress/MPa": 2.3464670000000001, "Max_Bending_Stress/MPa": 0.00022499999999999999, "Avg_Displacement/mm": 10.034314, "Max_Displacement/mm": 28.629047, "Max_Principal_Stress/MPa": 0.020652, "Interstorey_Drift_Failure": ["False"], "Avg_Shear_Force/KN": 1.592638, "Avg_Bending_Moment/KNm": 0.69437899999999997, "Max_Bending_Moment/KNm": 3.7525089999999999, "Interstorey_Drift_Ratios": ["0.00310471h"], "Max_Compresive_Stress/MPa": -0.86218399999999995}