{"Buckling_Load_Factor": 9.4340820000000001, "Max_Shear_Stress/MPa": 0.0001, "Max_Shear_Force/KN": 5.8205010000000001, "Utilization": 12.938423, "Max_Tensile_Stress/MPa": 3.3457210000000002, "Max_Bending_Stress/MPa": 3.1000000000000001e-05, "Avg_Displacement/mm": 11.822357999999999, "Max_Displacement/mm": 28.814097, "Max_Principal_Stress/MPa": 0.021336999999999998, "Interstorey_Drift_Failure": [], "Avg_Shear_Force/KN": 0.71585799999999999, "Avg_Bending_Moment/KNm": 0.23980099999999999, "Max_Bending_Moment/KNm": 1.165535, "Interstorey_Drift_Ratios": [], "Max_Compresive_Stress/MPa": -0.76958700000000002}