{"Buckling_Load_Factor": 45.023488999999998, "Max_Shear_Stress/MPa": 0.00014999999999999999, "Max_Shear_Force/KN": 8.2580030000000004, "Utilization": 5.6636009999999999, "Max_Tensile_Stress/MPa": 1.3853930000000001, "Max_Bending_Stress/MPa": 0.00013300000000000001, "Avg_Displacement/mm": 3.8481000000000001, "Max_Displacement/mm": 8.6523760000000003, "Max_Principal_Stress/MPa": 0.016723999999999999, "Interstorey_Drift_Failure": ["False"], "Avg_Shear_Force/KN": 0.77539100000000005, "Avg_Bending_Moment/KNm": 0.283086, "Max_Bending_Moment/KNm": 2.218426, "Interstorey_Drift_Ratios": ["0.00050856h"], "Max_Compresive_Stress/MPa": -0.41799999999999998}