{"Buckling_Load_Factor": 1.863043, "Max_Shear_Stress/MPa": 0.00014999999999999999, "Max_Shear_Force/KN": 2.3876840000000001, "Utilization": 9.8535229999999991, "Max_Tensile_Stress/MPa": 2.390336, "Max_Bending_Stress/MPa": 2.5000000000000001e-05, "Avg_Displacement/mm": 9.752713, "Max_Displacement/mm": 29.432144999999998, "Max_Principal_Stress/MPa": 0.017316000000000002, "Interstorey_Drift_Failure": ["False"], "Avg_Shear_Force/KN": 0.24363000000000001, "Avg_Bending_Moment/KNm": 0.061710000000000001, "Max_Bending_Moment/KNm": 0.41799799999999998, "Interstorey_Drift_Ratios": ["0.00333362h"], "Max_Compresive_Stress/MPa": -0.79739000000000004}