{"Buckling_Load_Factor": 29.756471999999999, "Max_Shear_Stress/MPa": 0.0001, "Max_Shear_Force/KN": 6.3083710000000002, "Utilization": 3.9645090000000001, "Max_Tensile_Stress/MPa": 1.0184009999999999, "Max_Bending_Stress/MPa": 3.4999999999999997e-05, "Avg_Displacement/mm": 2.5008900000000001, "Max_Displacement/mm": 5.3039240000000003, "Max_Principal_Stress/MPa": 0.010108000000000001, "Interstorey_Drift_Failure": [], "Avg_Shear_Force/KN": 0.53848700000000005, "Avg_Bending_Moment/KNm": 0.205211, "Max_Bending_Moment/KNm": 1.3023709999999999, "Interstorey_Drift_Ratios": [], "Max_Compresive_Stress/MPa": -0.35547600000000001}