{"Buckling_Load_Factor": 10.473948, "Max_Shear_Stress/MPa": 0.0001, "Max_Shear_Force/KN": 10.843209999999999, "Utilization": 12.987550000000001, "Max_Tensile_Stress/MPa": 3.4428139999999998, "Max_Bending_Stress/MPa": 7.6000000000000004e-05, "Avg_Displacement/mm": 11.880300999999999, "Max_Displacement/mm": 38.198571000000001, "Max_Principal_Stress/MPa": 0.020552999999999998, "Interstorey_Drift_Failure": [], "Avg_Shear_Force/KN": 0.97235400000000005, "Avg_Bending_Moment/KNm": 0.51917400000000002, "Max_Bending_Moment/KNm": 2.847979, "Interstorey_Drift_Ratios": [], "Max_Compresive_Stress/MPa": -0.98282499999999995}