{"Buckling_Load_Factor": 4.7242259999999998, "Max_Shear_Stress/MPa": 0.0001, "Max_Shear_Force/KN": 4.293177, "Utilization": 14.796932, "Max_Tensile_Stress/MPa": 3.9519129999999998, "Max_Bending_Stress/MPa": 3.8999999999999999e-05, "Avg_Displacement/mm": 22.156139, "Max_Displacement/mm": 68.153115999999997, "Max_Principal_Stress/MPa": 0.033829999999999999, "Interstorey_Drift_Failure": ["False"], "Avg_Shear_Force/KN": 0.92547800000000002, "Avg_Bending_Moment/KNm": 0.35571799999999998, "Max_Bending_Moment/KNm": 1.468621, "Interstorey_Drift_Ratios": ["0.00805226h"], "Max_Compresive_Stress/MPa": -1.9105529999999999}