{"Buckling_Load_Factor": 3.8062719999999999, "Max_Shear_Stress/MPa": 0.00014999999999999999, "Max_Shear_Force/KN": 5.3656470000000001, "Utilization": 12.253268, "Max_Tensile_Stress/MPa": 2.7816169999999998, "Max_Bending_Stress/MPa": 0.00012, "Avg_Displacement/mm": 19.859303000000001, "Max_Displacement/mm": 63.872712999999997, "Max_Principal_Stress/MPa": 0.022394000000000001, "Interstorey_Drift_Failure": ["False"], "Avg_Shear_Force/KN": 1.1162460000000001, "Avg_Bending_Moment/KNm": 0.38253399999999999, "Max_Bending_Moment/KNm": 1.9972460000000001, "Interstorey_Drift_Ratios": ["0.00782363h"], "Max_Compresive_Stress/MPa": -0.95453200000000005}