{"Buckling_Load_Factor": 26.589770000000001, "Max_Shear_Stress/MPa": 0.00014999999999999999, "Max_Shear_Force/KN": 10.198615999999999, "Utilization": 8.399851, "Max_Tensile_Stress/MPa": 2.2289819999999998, "Max_Bending_Stress/MPa": 0.00019900000000000001, "Avg_Displacement/mm": 6.5638639999999997, "Max_Displacement/mm": 21.932976, "Max_Principal_Stress/MPa": 0.02281, "Interstorey_Drift_Failure": ["False"], "Avg_Shear_Force/KN": 1.3103610000000001, "Avg_Bending_Moment/KNm": 0.43814999999999998, "Max_Bending_Moment/KNm": 3.313831, "Interstorey_Drift_Ratios": ["0.0020734h"], "Max_Compresive_Stress/MPa": -0.65823600000000004}