{"Buckling_Load_Factor": 8.7330889999999997, "Max_Shear_Stress/MPa": 0.00014999999999999999, "Max_Shear_Force/KN": 10.519242, "Utilization": 10.474092000000001, "Max_Tensile_Stress/MPa": 2.8029359999999999, "Max_Bending_Stress/MPa": 0.00025399999999999999, "Avg_Displacement/mm": 14.514255, "Max_Displacement/mm": 42.297874999999998, "Max_Principal_Stress/MPa": 0.015339999999999999, "Interstorey_Drift_Failure": ["False"], "Avg_Shear_Force/KN": 2.1583640000000002, "Avg_Bending_Moment/KNm": 0.92853200000000002, "Max_Bending_Moment/KNm": 4.2297010000000004, "Interstorey_Drift_Ratios": ["0.00527213h"], "Max_Compresive_Stress/MPa": -0.74319299999999999}