{"Buckling_Load_Factor": 0.80663300000000004, "Max_Shear_Stress/MPa": 0.00014999999999999999, "Max_Shear_Force/KN": 2.5657589999999999, "Utilization": 15.449659, "Max_Tensile_Stress/MPa": 4.0633509999999999, "Max_Bending_Stress/MPa": 5.1e-05, "Avg_Displacement/mm": 20.713439000000001, "Max_Displacement/mm": 63.396338, "Max_Principal_Stress/MPa": 0.027265999999999999, "Interstorey_Drift_Failure": ["False"], "Avg_Shear_Force/KN": 0.47526200000000002, "Avg_Bending_Moment/KNm": 0.13317499999999999, "Max_Bending_Moment/KNm": 0.85778299999999996, "Interstorey_Drift_Ratios": ["0.00747112h"], "Max_Compresive_Stress/MPa": -1.495144}