{"Buckling_Load_Factor": 10.601756999999999, "Max_Shear_Stress/MPa": 0.0001, "Max_Shear_Force/KN": 11.121855, "Utilization": 11.349068000000001, "Max_Tensile_Stress/MPa": 3.0219239999999998, "Max_Bending_Stress/MPa": 0.00011400000000000001, "Avg_Displacement/mm": 12.936099, "Max_Displacement/mm": 42.314518, "Max_Principal_Stress/MPa": 0.025642999999999999, "Interstorey_Drift_Failure": [], "Avg_Shear_Force/KN": 1.398755, "Avg_Bending_Moment/KNm": 0.56594999999999995, "Max_Bending_Moment/KNm": 4.2574990000000001, "Interstorey_Drift_Ratios": [], "Max_Compresive_Stress/MPa": -0.97826400000000002}