{"Buckling_Load_Factor": 7.0643409999999998, "Max_Shear_Stress/MPa": 0.00014999999999999999, "Max_Shear_Force/KN": 3.794718, "Utilization": 8.3036840000000005, "Max_Tensile_Stress/MPa": 2.179691, "Max_Bending_Stress/MPa": 7.3999999999999996e-05, "Avg_Displacement/mm": 8.5491550000000007, "Max_Displacement/mm": 26.365734, "Max_Principal_Stress/MPa": 0.021909999999999999, "Interstorey_Drift_Failure": ["False"], "Avg_Shear_Force/KN": 0.48099900000000001, "Avg_Bending_Moment/KNm": 0.187636, "Max_Bending_Moment/KNm": 1.2305280000000001, "Interstorey_Drift_Ratios": ["0.00287796h"], "Max_Compresive_Stress/MPa": -0.56342999999999999}