{"Buckling_Load_Factor": 3.7992460000000001, "Max_Shear_Stress/MPa": 0.0001, "Max_Shear_Force/KN": 1.8144560000000001, "Utilization": 12.612437, "Max_Tensile_Stress/MPa": 3.1791260000000001, "Max_Bending_Stress/MPa": 8.8833000000000001e-06, "Avg_Displacement/mm": 15.651661000000001, "Max_Displacement/mm": 49.660232000000001, "Max_Principal_Stress/MPa": 0.032420999999999998, "Interstorey_Drift_Failure": [], "Avg_Shear_Force/KN": 0.25281900000000002, "Avg_Bending_Moment/KNm": 0.061009000000000001, "Max_Bending_Moment/KNm": 0.33312399999999998, "Interstorey_Drift_Ratios": [], "Max_Compresive_Stress/MPa": -1.125213}