{"Buckling_Load_Factor": 1.6099110000000001, "Max_Shear_Stress/MPa": 0.00014999999999999999, "Max_Shear_Force/KN": 2.8126730000000002, "Utilization": 12.885214, "Max_Tensile_Stress/MPa": 3.3461530000000002, "Max_Bending_Stress/MPa": 4.1999999999999998e-05, "Avg_Displacement/mm": 17.448588000000001, "Max_Displacement/mm": 58.603189999999998, "Max_Principal_Stress/MPa": 0.031023999999999999, "Interstorey_Drift_Failure": ["False"], "Avg_Shear_Force/KN": 0.35619000000000001, "Avg_Bending_Moment/KNm": 0.10721600000000001, "Max_Bending_Moment/KNm": 0.70205200000000001, "Interstorey_Drift_Ratios": ["0.00605763h"], "Max_Compresive_Stress/MPa": -1.2059709999999999}