{"Buckling_Load_Factor": 20.737152999999999, "Max_Shear_Stress/MPa": 0.0001, "Max_Shear_Force/KN": 9.5217100000000006, "Utilization": 5.9227059999999998, "Max_Tensile_Stress/MPa": 1.6358200000000001, "Max_Bending_Stress/MPa": 4.6999999999999997e-05, "Avg_Displacement/mm": 6.3314830000000004, "Max_Displacement/mm": 16.174403999999999, "Max_Principal_Stress/MPa": 0.016681000000000001, "Interstorey_Drift_Failure": [], "Avg_Shear_Force/KN": 1.3401890000000001, "Avg_Bending_Moment/KNm": 0.43454300000000001, "Max_Bending_Moment/KNm": 1.770124, "Interstorey_Drift_Ratios": [], "Max_Compresive_Stress/MPa": -0.399005}