{"Buckling_Load_Factor": 3.543628, "Max_Shear_Stress/MPa": 0.0001, "Max_Shear_Force/KN": 3.5477159999999999, "Utilization": 11.021642, "Max_Tensile_Stress/MPa": 2.8769089999999999, "Max_Bending_Stress/MPa": 1.1e-05, "Avg_Displacement/mm": 9.4284949999999998, "Max_Displacement/mm": 26.427709, "Max_Principal_Stress/MPa": 0.018339999999999999, "Interstorey_Drift_Failure": [], "Avg_Shear_Force/KN": 0.210512, "Avg_Bending_Moment/KNm": 0.059311000000000003, "Max_Bending_Moment/KNm": 0.40121800000000002, "Interstorey_Drift_Ratios": [], "Max_Compresive_Stress/MPa": -0.99661900000000003}