{"Buckling_Load_Factor": 7.9586930000000002, "Max_Shear_Stress/MPa": 0.00014999999999999999, "Max_Shear_Force/KN": 5.117229, "Utilization": 8.0433660000000007, "Max_Tensile_Stress/MPa": 2.4324659999999998, "Max_Bending_Stress/MPa": 9.8999999999999994e-05, "Avg_Displacement/mm": 11.642690999999999, "Max_Displacement/mm": 34.666139000000001, "Max_Principal_Stress/MPa": 0.026530000000000001, "Interstorey_Drift_Failure": ["False"], "Avg_Shear_Force/KN": 0.62291399999999997, "Avg_Bending_Moment/KNm": 0.23477700000000001, "Max_Bending_Moment/KNm": 1.6505259999999999, "Interstorey_Drift_Ratios": ["0.00405174h"], "Max_Compresive_Stress/MPa": -0.71169700000000002}