{"Buckling_Load_Factor": 5.3146050000000002, "Max_Shear_Stress/MPa": 0.0001, "Max_Shear_Force/KN": 4.513566, "Utilization": 8.7999779999999994, "Max_Tensile_Stress/MPa": 2.286578, "Max_Bending_Stress/MPa": 3.0000000000000001e-05, "Avg_Displacement/mm": 8.9690239999999992, "Max_Displacement/mm": 22.050993999999999, "Max_Principal_Stress/MPa": 0.015736, "Interstorey_Drift_Failure": [], "Avg_Shear_Force/KN": 0.65981800000000002, "Avg_Bending_Moment/KNm": 0.19097900000000001, "Max_Bending_Moment/KNm": 1.113165, "Interstorey_Drift_Ratios": [], "Max_Compresive_Stress/MPa": -0.56510000000000005}