{"Buckling_Load_Factor": 6.974316, "Max_Shear_Stress/MPa": 0.0001, "Max_Shear_Force/KN": 4.5933200000000003, "Utilization": 9.7946349999999995, "Max_Tensile_Stress/MPa": 2.7236370000000001, "Max_Bending_Stress/MPa": 2.6999999999999999e-05, "Avg_Displacement/mm": 13.295088, "Max_Displacement/mm": 45.729073, "Max_Principal_Stress/MPa": 0.029201999999999999, "Interstorey_Drift_Failure": [], "Avg_Shear_Force/KN": 0.60768500000000003, "Avg_Bending_Moment/KNm": 0.175175, "Max_Bending_Moment/KNm": 1.0230319999999999, "Interstorey_Drift_Ratios": [], "Max_Compresive_Stress/MPa": -1.067909}