{"Buckling_Load_Factor": 7.2905699999999998, "Max_Shear_Stress/MPa": 0.0001, "Max_Shear_Force/KN": 1.6030089999999999, "Utilization": 6.4021610000000004, "Max_Tensile_Stress/MPa": 1.7628900000000001, "Max_Bending_Stress/MPa": 5.4109000000000002e-06, "Avg_Displacement/mm": 8.6875180000000007, "Max_Displacement/mm": 30.623010000000001, "Max_Principal_Stress/MPa": 0.019573, "Interstorey_Drift_Failure": [], "Avg_Shear_Force/KN": 0.188004, "Avg_Bending_Moment/KNm": 0.031711999999999997, "Max_Bending_Moment/KNm": 0.202907, "Interstorey_Drift_Ratios": [], "Max_Compresive_Stress/MPa": -0.743668}