{"Buckling_Load_Factor": 28.441472999999998, "Max_Shear_Stress/MPa": 0.0001, "Max_Shear_Force/KN": 5.6315239999999998, "Utilization": 8.7237480000000005, "Max_Tensile_Stress/MPa": 2.2837939999999999, "Max_Bending_Stress/MPa": 7.3999999999999996e-05, "Avg_Displacement/mm": 6.0865099999999996, "Max_Displacement/mm": 19.93384, "Max_Principal_Stress/MPa": 0.018484, "Interstorey_Drift_Failure": [], "Avg_Shear_Force/KN": 0.99063100000000004, "Avg_Bending_Moment/KNm": 0.40488800000000003, "Max_Bending_Moment/KNm": 2.7761089999999999, "Interstorey_Drift_Ratios": [], "Max_Compresive_Stress/MPa": -0.66262399999999999}