{"Buckling_Load_Factor": 2.1442329999999998, "Max_Shear_Stress/MPa": 0.00014999999999999999, "Max_Shear_Force/KN": 3.0038529999999999, "Utilization": 7.3281130000000001, "Max_Tensile_Stress/MPa": 2.4873050000000001, "Max_Bending_Stress/MPa": 2.4000000000000001e-05, "Avg_Displacement/mm": 15.630141, "Max_Displacement/mm": 43.622951999999998, "Max_Principal_Stress/MPa": 0.026512999999999998, "Interstorey_Drift_Failure": ["False"], "Avg_Shear_Force/KN": 0.355186, "Avg_Bending_Moment/KNm": 0.093184000000000003, "Max_Bending_Moment/KNm": 0.398256, "Interstorey_Drift_Ratios": ["0.00525847h"], "Max_Compresive_Stress/MPa": -0.89386500000000002}