{"Buckling_Load_Factor": 9.267709, "Max_Shear_Stress/MPa": 0.0001, "Max_Shear_Force/KN": 4.1376679999999997, "Utilization": 6.8936710000000003, "Max_Tensile_Stress/MPa": 1.904549, "Max_Bending_Stress/MPa": 2.9e-05, "Avg_Displacement/mm": 9.7667719999999996, "Max_Displacement/mm": 27.801796, "Max_Principal_Stress/MPa": 0.021351999999999999, "Interstorey_Drift_Failure": ["False"], "Avg_Shear_Force/KN": 0.58345000000000002, "Avg_Bending_Moment/KNm": 0.179869, "Max_Bending_Moment/KNm": 1.0688930000000001, "Interstorey_Drift_Ratios": ["0.00245819h"], "Max_Compresive_Stress/MPa": -0.76053999999999999}