{"Buckling_Load_Factor": 14.505250999999999, "Max_Shear_Stress/MPa": 0.00014999999999999999, "Max_Shear_Force/KN": 3.8615780000000002, "Utilization": 5.1467939999999999, "Max_Tensile_Stress/MPa": 1.931613, "Max_Bending_Stress/MPa": 4.8999999999999998e-05, "Avg_Displacement/mm": 6.6083930000000004, "Max_Displacement/mm": 21.572752999999999, "Max_Principal_Stress/MPa": 0.021246999999999999, "Interstorey_Drift_Failure": ["False"], "Avg_Shear_Force/KN": 0.43384600000000001, "Avg_Bending_Moment/KNm": 0.13037199999999999, "Max_Bending_Moment/KNm": 0.81193800000000005, "Interstorey_Drift_Ratios": ["0.0022357h"], "Max_Compresive_Stress/MPa": -0.45804499999999998}