{"Buckling_Load_Factor": 1.7164539999999999, "Max_Shear_Stress/MPa": 0.00014999999999999999, "Max_Shear_Force/KN": 4.1222130000000003, "Utilization": 11.76929, "Max_Tensile_Stress/MPa": 3.5071530000000002, "Max_Bending_Stress/MPa": 3.6999999999999998e-05, "Avg_Displacement/mm": 24.229436, "Max_Displacement/mm": 89.488887000000005, "Max_Principal_Stress/MPa": 0.037006999999999998, "Interstorey_Drift_Failure": ["True"], "Avg_Shear_Force/KN": 0.40768399999999999, "Avg_Bending_Moment/KNm": 0.101816, "Max_Bending_Moment/KNm": 0.62243199999999999, "Interstorey_Drift_Ratios": ["0.01126144h"], "Max_Compresive_Stress/MPa": -1.2753460000000001}