{"Buckling_Load_Factor": 5.8589419999999999, "Max_Shear_Stress/MPa": 0.0001, "Max_Shear_Force/KN": 1.548495, "Utilization": 6.0633150000000002, "Max_Tensile_Stress/MPa": 1.448135, "Max_Bending_Stress/MPa": 6.1802999999999999e-06, "Avg_Displacement/mm": 5.8333729999999999, "Max_Displacement/mm": 21.235417999999999, "Max_Principal_Stress/MPa": 0.017242, "Interstorey_Drift_Failure": [], "Avg_Shear_Force/KN": 0.17651700000000001, "Avg_Bending_Moment/KNm": 0.034377999999999999, "Max_Bending_Moment/KNm": 0.23176099999999999, "Interstorey_Drift_Ratios": [], "Max_Compresive_Stress/MPa": -0.61383900000000002}