{"Buckling_Load_Factor": 6.3085839999999997, "Max_Shear_Stress/MPa": 0.00014999999999999999, "Max_Shear_Force/KN": 4.8429330000000004, "Utilization": 6.2706010000000001, "Max_Tensile_Stress/MPa": 1.68353, "Max_Bending_Stress/MPa": 5.1999999999999997e-05, "Avg_Displacement/mm": 8.2806669999999993, "Max_Displacement/mm": 24.412839999999999, "Max_Principal_Stress/MPa": 0.018519999999999998, "Interstorey_Drift_Failure": ["False"], "Avg_Shear_Force/KN": 0.55955999999999995, "Avg_Bending_Moment/KNm": 0.16607, "Max_Bending_Moment/KNm": 0.868425, "Interstorey_Drift_Ratios": ["0.00277979h"], "Max_Compresive_Stress/MPa": -0.46429500000000001}