{"Buckling_Load_Factor": 18.250221, "Max_Shear_Stress/MPa": 0.00014999999999999999, "Max_Shear_Force/KN": 8.2528889999999997, "Utilization": 6.608066, "Max_Tensile_Stress/MPa": 1.7570859999999999, "Max_Bending_Stress/MPa": 0.000164, "Avg_Displacement/mm": 6.1657599999999997, "Max_Displacement/mm": 14.592362, "Max_Principal_Stress/MPa": 0.012564000000000001, "Interstorey_Drift_Failure": ["False"], "Avg_Shear_Force/KN": 1.232577, "Avg_Bending_Moment/KNm": 0.54599799999999998, "Max_Bending_Moment/KNm": 2.7378559999999998, "Interstorey_Drift_Ratios": ["0.0015974h"], "Max_Compresive_Stress/MPa": -0.37726100000000001}