{"Buckling_Load_Factor": 0.061780000000000002, "Max_Shear_Stress/MPa": 0.00014999999999999999, "Max_Shear_Force/KN": 5.0979710000000003, "Utilization": 19.472691999999999, "Max_Tensile_Stress/MPa": 5.1025239999999998, "Max_Bending_Stress/MPa": 5.5999999999999999e-05, "Avg_Displacement/mm": 27.817256, "Max_Displacement/mm": 88.937324000000004, "Max_Principal_Stress/MPa": 0.039481000000000002, "Interstorey_Drift_Failure": ["True"], "Avg_Shear_Force/KN": 0.39069100000000001, "Avg_Bending_Moment/KNm": 0.121491, "Max_Bending_Moment/KNm": 0.94028599999999996, "Interstorey_Drift_Ratios": ["0.01130791h"], "Max_Compresive_Stress/MPa": -1.6092280000000001}