{"Buckling_Load_Factor": 10.719682000000001, "Max_Shear_Stress/MPa": 0.0001, "Max_Shear_Force/KN": 3.9355769999999999, "Utilization": 8.1085119999999993, "Max_Tensile_Stress/MPa": 2.1202559999999999, "Max_Bending_Stress/MPa": 3.1999999999999999e-05, "Avg_Displacement/mm": 6.0445789999999997, "Max_Displacement/mm": 14.426631, "Max_Principal_Stress/MPa": 0.015911000000000002, "Interstorey_Drift_Failure": [], "Avg_Shear_Force/KN": 0.44702900000000001, "Avg_Bending_Moment/KNm": 0.152729, "Max_Bending_Moment/KNm": 1.188699, "Interstorey_Drift_Ratios": [], "Max_Compresive_Stress/MPa": -0.49751099999999998}