{"Buckling_Load_Factor": 41.989339000000001, "Max_Shear_Stress/MPa": 0.00014999999999999999, "Max_Shear_Force/KN": 5.2231300000000003, "Utilization": 4.3015819999999998, "Max_Tensile_Stress/MPa": 1.2493110000000001, "Max_Bending_Stress/MPa": 9.3999999999999994e-05, "Avg_Displacement/mm": 3.253949, "Max_Displacement/mm": 9.7541799999999999, "Max_Principal_Stress/MPa": 0.015572000000000001, "Interstorey_Drift_Failure": ["False"], "Avg_Shear_Force/KN": 0.74637900000000001, "Avg_Bending_Moment/KNm": 0.24768499999999999, "Max_Bending_Moment/KNm": 1.570576, "Interstorey_Drift_Ratios": ["0.00077917h"], "Max_Compresive_Stress/MPa": -0.32532299999999997}