{"Buckling_Load_Factor": 1.733349, "Max_Shear_Stress/MPa": 0.0001, "Max_Shear_Force/KN": 2.8974060000000001, "Utilization": 10.468154, "Max_Tensile_Stress/MPa": 3.4926560000000002, "Max_Bending_Stress/MPa": 1.2999999999999999e-05, "Avg_Displacement/mm": 22.100287999999999, "Max_Displacement/mm": 84.709557000000004, "Max_Principal_Stress/MPa": 0.038102999999999998, "Interstorey_Drift_Failure": [], "Avg_Shear_Force/KN": 0.34813699999999997, "Avg_Bending_Moment/KNm": 0.077031000000000002, "Max_Bending_Moment/KNm": 0.49726399999999998, "Interstorey_Drift_Ratios": [], "Max_Compresive_Stress/MPa": -1.0031760000000001}