{"Buckling_Load_Factor": 3.8813200000000001, "Max_Shear_Stress/MPa": 0.00014999999999999999, "Max_Shear_Force/KN": 4.450329, "Utilization": 6.4702349999999997, "Max_Tensile_Stress/MPa": 2.4032390000000001, "Max_Bending_Stress/MPa": 6.7999999999999999e-05, "Avg_Displacement/mm": 11.147911000000001, "Max_Displacement/mm": 37.235962000000001, "Max_Principal_Stress/MPa": 0.025683000000000001, "Interstorey_Drift_Failure": ["False"], "Avg_Shear_Force/KN": 0.59231, "Avg_Bending_Moment/KNm": 0.21867600000000001, "Max_Bending_Moment/KNm": 1.1330499999999999, "Interstorey_Drift_Ratios": ["0.00413616h"], "Max_Compresive_Stress/MPa": -0.72073399999999999}