{"Buckling_Load_Factor": 10.032641, "Max_Shear_Stress/MPa": 0.00014999999999999999, "Max_Shear_Force/KN": 3.4292199999999999, "Utilization": 6.2976859999999997, "Max_Tensile_Stress/MPa": 1.64581, "Max_Bending_Stress/MPa": 5.7000000000000003e-05, "Avg_Displacement/mm": 4.7638350000000003, "Max_Displacement/mm": 11.287753, "Max_Principal_Stress/MPa": 0.01242, "Interstorey_Drift_Failure": ["False"], "Avg_Shear_Force/KN": 0.43621900000000002, "Avg_Bending_Moment/KNm": 0.16731499999999999, "Max_Bending_Moment/KNm": 0.94519200000000003, "Interstorey_Drift_Ratios": ["0.00116494h"], "Max_Compresive_Stress/MPa": -0.38422699999999999}