{"Buckling_Load_Factor": 3.7920790000000002, "Max_Shear_Stress/MPa": 0.00014999999999999999, "Max_Shear_Force/KN": 1.26498, "Utilization": 6.031434, "Max_Tensile_Stress/MPa": 1.9186890000000001, "Max_Bending_Stress/MPa": 1.9000000000000001e-05, "Avg_Displacement/mm": 8.7801910000000003, "Max_Displacement/mm": 29.352647999999999, "Max_Principal_Stress/MPa": 0.020851999999999999, "Interstorey_Drift_Failure": ["False"], "Avg_Shear_Force/KN": 0.27078200000000002, "Avg_Bending_Moment/KNm": 0.061294000000000001, "Max_Bending_Moment/KNm": 0.31742599999999999, "Interstorey_Drift_Ratios": ["0.00304807h"], "Max_Compresive_Stress/MPa": -0.85211099999999995}