{"Buckling_Load_Factor": 9.7060499999999994, "Max_Shear_Stress/MPa": 0.0001, "Max_Shear_Force/KN": 7.5742219999999998, "Utilization": 6.8910239999999998, "Max_Tensile_Stress/MPa": 1.9762169999999999, "Max_Bending_Stress/MPa": 2.5999999999999998e-05, "Avg_Displacement/mm": 9.0961409999999994, "Max_Displacement/mm": 22.270826, "Max_Principal_Stress/MPa": 0.022029, "Interstorey_Drift_Failure": [], "Avg_Shear_Force/KN": 0.73094000000000003, "Avg_Bending_Moment/KNm": 0.18801599999999999, "Max_Bending_Moment/KNm": 0.97167599999999998, "Interstorey_Drift_Ratios": [], "Max_Compresive_Stress/MPa": -0.58611599999999997}