{"Buckling_Load_Factor": 19.665609, "Max_Shear_Stress/MPa": 0.00014999999999999999, "Max_Shear_Force/KN": 6.2293349999999998, "Utilization": 3.9113440000000002, "Max_Tensile_Stress/MPa": 1.0124249999999999, "Max_Bending_Stress/MPa": 8.2000000000000001e-05, "Avg_Displacement/mm": 4.0220510000000003, "Max_Displacement/mm": 9.3636429999999997, "Max_Principal_Stress/MPa": 0.011165, "Interstorey_Drift_Failure": ["False"], "Avg_Shear_Force/KN": 0.78955299999999995, "Avg_Bending_Moment/KNm": 0.32169799999999998, "Max_Bending_Moment/KNm": 1.3665560000000001, "Interstorey_Drift_Ratios": ["0.00100061h"], "Max_Compresive_Stress/MPa": -0.32922899999999999}