{"Buckling_Load_Factor": 0.47472700000000001, "Max_Shear_Stress/MPa": 0.00014999999999999999, "Max_Shear_Force/KN": 3.9538009999999999, "Utilization": 15.353446, "Max_Tensile_Stress/MPa": 4.0850280000000003, "Max_Bending_Stress/MPa": 4.5000000000000003e-05, "Avg_Displacement/mm": 26.700666999999999, "Max_Displacement/mm": 89.651460999999998, "Max_Principal_Stress/MPa": 0.028451000000000001, "Interstorey_Drift_Failure": ["False"], "Avg_Shear_Force/KN": 0.585453, "Avg_Bending_Moment/KNm": 0.14402599999999999, "Max_Bending_Moment/KNm": 0.75480899999999995, "Interstorey_Drift_Ratios": ["0.00932992h"], "Max_Compresive_Stress/MPa": -1.3041910000000001}