{"Buckling_Load_Factor": 12.586038, "Max_Shear_Stress/MPa": 0.00014999999999999999, "Max_Shear_Force/KN": 9.0626800000000003, "Utilization": 9.2478960000000008, "Max_Tensile_Stress/MPa": 2.4289049999999999, "Max_Bending_Stress/MPa": 0.00020699999999999999, "Avg_Displacement/mm": 9.4781580000000005, "Max_Displacement/mm": 28.568532000000001, "Max_Principal_Stress/MPa": 0.020216999999999999, "Interstorey_Drift_Failure": ["False"], "Avg_Shear_Force/KN": 1.5423819999999999, "Avg_Bending_Moment/KNm": 0.63665300000000002, "Max_Bending_Moment/KNm": 3.4526319999999999, "Interstorey_Drift_Ratios": ["0.00321891h"], "Max_Compresive_Stress/MPa": -0.83609599999999995}