{"Buckling_Load_Factor": 4.9198300000000001, "Max_Shear_Stress/MPa": 0.0001, "Max_Shear_Force/KN": 1.294111, "Utilization": 5.999142, "Max_Tensile_Stress/MPa": 1.4825680000000001, "Max_Bending_Stress/MPa": 5.6523000000000001e-06, "Avg_Displacement/mm": 5.0403950000000002, "Max_Displacement/mm": 12.380264, "Max_Principal_Stress/MPa": 0.014092, "Interstorey_Drift_Failure": [], "Avg_Shear_Force/KN": 0.15404699999999999, "Avg_Bending_Moment/KNm": 0.032655000000000003, "Max_Bending_Moment/KNm": 0.21196000000000001, "Interstorey_Drift_Ratios": [], "Max_Compresive_Stress/MPa": -0.37653399999999998}