{"Buckling_Load_Factor": 7.3127269999999998, "Max_Shear_Stress/MPa": 0.0001, "Max_Shear_Force/KN": 3.8954879999999998, "Utilization": 8.3036840000000005, "Max_Tensile_Stress/MPa": 2.179691, "Max_Bending_Stress/MPa": 2.9e-05, "Avg_Displacement/mm": 8.3876410000000003, "Max_Displacement/mm": 27.13372, "Max_Principal_Stress/MPa": 0.021909999999999999, "Interstorey_Drift_Failure": [], "Avg_Shear_Force/KN": 0.57638, "Avg_Bending_Moment/KNm": 0.19300600000000001, "Max_Bending_Moment/KNm": 1.0755699999999999, "Interstorey_Drift_Ratios": [], "Max_Compresive_Stress/MPa": -0.56342999999999999}