{"Buckling_Load_Factor": 32.763306, "Max_Shear_Stress/MPa": 0.00014999999999999999, "Max_Shear_Force/KN": 13.476891, "Utilization": 7.2163490000000001, "Max_Tensile_Stress/MPa": 1.8353489999999999, "Max_Bending_Stress/MPa": 0.00016699999999999999, "Avg_Displacement/mm": 4.5404710000000001, "Max_Displacement/mm": 13.112878, "Max_Principal_Stress/MPa": 0.016948000000000001, "Interstorey_Drift_Failure": ["False"], "Avg_Shear_Force/KN": 1.0612029999999999, "Avg_Bending_Moment/KNm": 0.34831899999999999, "Max_Bending_Moment/KNm": 2.7808649999999999, "Interstorey_Drift_Ratios": ["0.0013431h"], "Max_Compresive_Stress/MPa": -0.478825}