{"Buckling_Load_Factor": 91.083785000000006, "Max_Shear_Stress/MPa": 0.00014999999999999999, "Max_Shear_Force/KN": 5.9270500000000004, "Utilization": 3.6372650000000002, "Max_Tensile_Stress/MPa": 0.74031499999999995, "Max_Bending_Stress/MPa": 6.0000000000000002e-05, "Avg_Displacement/mm": 2.1194299999999999, "Max_Displacement/mm": 2.9291809999999998, "Max_Principal_Stress/MPa": 0.0086499999999999997, "Interstorey_Drift_Failure": ["False"], "Avg_Shear_Force/KN": 0.47552699999999998, "Avg_Bending_Moment/KNm": 0.21743599999999999, "Max_Bending_Moment/KNm": 0.998444, "Interstorey_Drift_Ratios": ["0.00028992h"], "Max_Compresive_Stress/MPa": -0.13314400000000001}