{"Buckling_Load_Factor": 31.934273000000001, "Max_Shear_Stress/MPa": 0.00014999999999999999, "Max_Shear_Force/KN": 11.273255000000001, "Utilization": 7.1837809999999998, "Max_Tensile_Stress/MPa": 1.7562439999999999, "Max_Bending_Stress/MPa": 0.000163, "Avg_Displacement/mm": 4.5312299999999999, "Max_Displacement/mm": 12.926944000000001, "Max_Principal_Stress/MPa": 0.016532999999999999, "Interstorey_Drift_Failure": ["False"], "Avg_Shear_Force/KN": 1.0957969999999999, "Avg_Bending_Moment/KNm": 0.35797899999999999, "Max_Bending_Moment/KNm": 2.7139530000000001, "Interstorey_Drift_Ratios": ["0.00124946h"], "Max_Compresive_Stress/MPa": -0.58494000000000002}