{"Buckling_Load_Factor": 21.653102000000001, "Max_Shear_Stress/MPa": 0.0001, "Max_Shear_Force/KN": 5.223312, "Utilization": 8.6700479999999995, "Max_Tensile_Stress/MPa": 2.2992900000000001, "Max_Bending_Stress/MPa": 3.8999999999999999e-05, "Avg_Displacement/mm": 7.378037, "Max_Displacement/mm": 21.325655000000001, "Max_Principal_Stress/MPa": 0.015632, "Interstorey_Drift_Failure": [], "Avg_Shear_Force/KN": 0.97649399999999997, "Avg_Bending_Moment/KNm": 0.39768100000000001, "Max_Bending_Moment/KNm": 1.451794, "Interstorey_Drift_Ratios": [], "Max_Compresive_Stress/MPa": -0.60066600000000003}