{"Buckling_Load_Factor": 5.8946569999999996, "Max_Shear_Stress/MPa": 0.00014999999999999999, "Max_Shear_Force/KN": 1.3544259999999999, "Utilization": 3.5265270000000002, "Max_Tensile_Stress/MPa": 1.2452890000000001, "Max_Bending_Stress/MPa": 8.5380000000000002e-06, "Avg_Displacement/mm": 3.9404249999999998, "Max_Displacement/mm": 14.106286000000001, "Max_Principal_Stress/MPa": 0.01404, "Interstorey_Drift_Failure": ["False"], "Avg_Shear_Force/KN": 0.111621, "Avg_Bending_Moment/KNm": 0.02121, "Max_Bending_Moment/KNm": 0.14230000000000001, "Interstorey_Drift_Ratios": ["0.00127138h"], "Max_Compresive_Stress/MPa": -0.349161}