{"Buckling_Load_Factor": 2.3479960000000002, "Max_Shear_Stress/MPa": 0.00014999999999999999, "Max_Shear_Force/KN": 2.1035110000000001, "Utilization": 14.140821000000001, "Max_Tensile_Stress/MPa": 3.8062429999999998, "Max_Bending_Stress/MPa": 4.6999999999999997e-05, "Avg_Displacement/mm": 10.499787, "Max_Displacement/mm": 37.354607999999999, "Max_Principal_Stress/MPa": 0.015213000000000001, "Interstorey_Drift_Failure": ["False"], "Avg_Shear_Force/KN": 0.39167800000000003, "Avg_Bending_Moment/KNm": 0.094125, "Max_Bending_Moment/KNm": 0.78530199999999994, "Interstorey_Drift_Ratios": ["0.00356237h"], "Max_Compresive_Stress/MPa": -0.89731899999999998}