{"Buckling_Load_Factor": 38.766221000000002, "Max_Shear_Stress/MPa": 0.0001, "Max_Shear_Force/KN": 3.6522839999999999, "Utilization": 8.2543319999999998, "Max_Tensile_Stress/MPa": 2.119726, "Max_Bending_Stress/MPa": 4.3999999999999999e-05, "Avg_Displacement/mm": 4.8050490000000003, "Max_Displacement/mm": 13.968181, "Max_Principal_Stress/MPa": 0.018721999999999999, "Interstorey_Drift_Failure": [], "Avg_Shear_Force/KN": 0.75821799999999995, "Avg_Bending_Moment/KNm": 0.310251, "Max_Bending_Moment/KNm": 1.6620379999999999, "Interstorey_Drift_Ratios": [], "Max_Compresive_Stress/MPa": -0.633162}