{"Buckling_Load_Factor": 8.0083459999999995, "Max_Shear_Stress/MPa": 0.0001, "Max_Shear_Force/KN": 9.5594180000000009, "Utilization": 15.804517000000001, "Max_Tensile_Stress/MPa": 4.1245859999999999, "Max_Bending_Stress/MPa": 6.7000000000000002e-05, "Avg_Displacement/mm": 14.607035, "Max_Displacement/mm": 48.451065999999997, "Max_Principal_Stress/MPa": 0.032776, "Interstorey_Drift_Failure": [], "Avg_Shear_Force/KN": 0.84397500000000003, "Avg_Bending_Moment/KNm": 0.23249300000000001, "Max_Bending_Moment/KNm": 2.5057209999999999, "Interstorey_Drift_Ratios": [], "Max_Compresive_Stress/MPa": -1.1643380000000001}