{"Buckling_Load_Factor": 6.5627240000000002, "Max_Shear_Stress/MPa": 0.0001, "Max_Shear_Force/KN": 1.557582, "Utilization": 5.672326, "Max_Tensile_Stress/MPa": 1.478621, "Max_Bending_Stress/MPa": 8.2701999999999992e-06, "Avg_Displacement/mm": 3.9603429999999999, "Max_Displacement/mm": 11.874622, "Max_Principal_Stress/MPa": 0.012394000000000001, "Interstorey_Drift_Failure": [], "Avg_Shear_Force/KN": 0.16556999999999999, "Avg_Bending_Moment/KNm": 0.038514, "Max_Bending_Moment/KNm": 0.31013299999999999, "Interstorey_Drift_Ratios": [], "Max_Compresive_Stress/MPa": -0.55254999999999999}