{"Buckling_Load_Factor": 5.2510440000000003, "Max_Shear_Stress/MPa": 0.0001, "Max_Shear_Force/KN": 10.339729999999999, "Utilization": 14.126169000000001, "Max_Tensile_Stress/MPa": 3.754013, "Max_Bending_Stress/MPa": 7.1000000000000005e-05, "Avg_Displacement/mm": 23.992318999999998, "Max_Displacement/mm": 71.485607999999999, "Max_Principal_Stress/MPa": 0.032308999999999997, "Interstorey_Drift_Failure": [], "Avg_Shear_Force/KN": 1.3119890000000001, "Avg_Bending_Moment/KNm": 0.36978, "Max_Bending_Moment/KNm": 2.6719200000000001, "Interstorey_Drift_Ratios": [], "Max_Compresive_Stress/MPa": -1.2494879999999999}