{"Buckling_Load_Factor": 5.8458119999999996, "Max_Shear_Stress/MPa": 0.0001, "Max_Shear_Force/KN": 0.89590000000000003, "Utilization": 3.0296669999999999, "Max_Tensile_Stress/MPa": 1.0282800000000001, "Max_Bending_Stress/MPa": 3.7718e-06, "Avg_Displacement/mm": 3.5345589999999998, "Max_Displacement/mm": 8.528772, "Max_Principal_Stress/MPa": 0.012300999999999999, "Interstorey_Drift_Failure": ["False"], "Avg_Shear_Force/KN": 0.13663900000000001, "Avg_Bending_Moment/KNm": 0.030603000000000002, "Max_Bending_Moment/KNm": 0.14144200000000001, "Interstorey_Drift_Ratios": ["0.00067502h"], "Max_Compresive_Stress/MPa": -0.30967600000000001}