{"Buckling_Load_Factor": 21.551701999999999, "Max_Shear_Stress/MPa": 0.0001, "Max_Shear_Force/KN": 26.53398, "Utilization": 9.7393610000000006, "Max_Tensile_Stress/MPa": 2.6185830000000001, "Max_Bending_Stress/MPa": 8.3999999999999995e-05, "Avg_Displacement/mm": 9.2631399999999999, "Max_Displacement/mm": 30.787942999999999, "Max_Principal_Stress/MPa": 0.016563999999999999, "Interstorey_Drift_Failure": [], "Avg_Shear_Force/KN": 1.38524, "Avg_Bending_Moment/KNm": 0.442498, "Max_Bending_Moment/KNm": 3.160631, "Interstorey_Drift_Ratios": [], "Max_Compresive_Stress/MPa": -0.66250100000000001}