{"Buckling_Load_Factor": 6.1072759999999997, "Max_Shear_Stress/MPa": 0.0001, "Max_Shear_Force/KN": 7.7866299999999997, "Utilization": 9.8841490000000007, "Max_Tensile_Stress/MPa": 2.647777, "Max_Bending_Stress/MPa": 4.1e-05, "Avg_Displacement/mm": 15.027011999999999, "Max_Displacement/mm": 49.740074, "Max_Principal_Stress/MPa": 0.026155000000000001, "Interstorey_Drift_Failure": [], "Avg_Shear_Force/KN": 0.76845799999999997, "Avg_Bending_Moment/KNm": 0.269094, "Max_Bending_Moment/KNm": 1.538521, "Interstorey_Drift_Ratios": [], "Max_Compresive_Stress/MPa": -0.85569200000000001}