{"Buckling_Load_Factor": 24.835440999999999, "Max_Shear_Stress/MPa": 0.0001, "Max_Shear_Force/KN": 3.2107869999999998, "Utilization": 4.376957, "Max_Tensile_Stress/MPa": 1.5601830000000001, "Max_Bending_Stress/MPa": 1.7e-05, "Avg_Displacement/mm": 4.5411599999999996, "Max_Displacement/mm": 14.863804999999999, "Max_Principal_Stress/MPa": 0.018853000000000002, "Interstorey_Drift_Failure": [], "Avg_Shear_Force/KN": 0.487676, "Avg_Bending_Moment/KNm": 0.119964, "Max_Bending_Moment/KNm": 0.65002199999999999, "Interstorey_Drift_Ratios": [], "Max_Compresive_Stress/MPa": -0.51165499999999997}