{"Buckling_Load_Factor": 24.901040999999999, "Max_Shear_Stress/MPa": 0.0001, "Max_Shear_Force/KN": 9.5040169999999993, "Utilization": 8.280697, "Max_Tensile_Stress/MPa": 2.1031110000000002, "Max_Bending_Stress/MPa": 7.1000000000000005e-05, "Avg_Displacement/mm": 8.4040920000000003, "Max_Displacement/mm": 24.976209999999998, "Max_Principal_Stress/MPa": 0.023754000000000001, "Interstorey_Drift_Failure": [], "Avg_Shear_Force/KN": 1.3250630000000001, "Avg_Bending_Moment/KNm": 0.40028200000000003, "Max_Bending_Moment/KNm": 2.6633490000000002, "Interstorey_Drift_Ratios": [], "Max_Compresive_Stress/MPa": -0.83970100000000003}