{"Buckling_Load_Factor": 8.0416530000000002, "Max_Shear_Stress/MPa": 0.00014999999999999999, "Max_Shear_Force/KN": 4.65646, "Utilization": 7.7495050000000001, "Max_Tensile_Stress/MPa": 2.0452219999999999, "Max_Bending_Stress/MPa": 7.1000000000000005e-05, "Avg_Displacement/mm": 7.8228099999999996, "Max_Displacement/mm": 23.034206999999999, "Max_Principal_Stress/MPa": 0.018513000000000002, "Interstorey_Drift_Failure": ["False"], "Avg_Shear_Force/KN": 0.64421399999999995, "Avg_Bending_Moment/KNm": 0.19124099999999999, "Max_Bending_Moment/KNm": 1.184231, "Interstorey_Drift_Ratios": ["0.00250698h"], "Max_Compresive_Stress/MPa": -0.53688599999999997}