{"Buckling_Load_Factor": 5.1836630000000001, "Max_Shear_Stress/MPa": 0.00014999999999999999, "Max_Shear_Force/KN": 2.1064150000000001, "Utilization": 5.4752700000000001, "Max_Tensile_Stress/MPa": 2.104371, "Max_Bending_Stress/MPa": 1.7e-05, "Avg_Displacement/mm": 6.8198210000000001, "Max_Displacement/mm": 23.441814000000001, "Max_Principal_Stress/MPa": 0.024802999999999999, "Interstorey_Drift_Failure": ["False"], "Avg_Shear_Force/KN": 0.186609, "Avg_Bending_Moment/KNm": 0.042294999999999999, "Max_Bending_Moment/KNm": 0.28242699999999998, "Interstorey_Drift_Ratios": ["0.00178507h"], "Max_Compresive_Stress/MPa": -0.65718500000000002}