{"Buckling_Load_Factor": 2.2412610000000002, "Max_Shear_Stress/MPa": 0.00014999999999999999, "Max_Shear_Force/KN": 2.1211289999999998, "Utilization": 8.3519380000000005, "Max_Tensile_Stress/MPa": 2.2074880000000001, "Max_Bending_Stress/MPa": 2.6999999999999999e-05, "Avg_Displacement/mm": 14.900468, "Max_Displacement/mm": 50.577492999999997, "Max_Principal_Stress/MPa": 0.023074000000000001, "Interstorey_Drift_Failure": ["False"], "Avg_Shear_Force/KN": 0.34125100000000003, "Avg_Bending_Moment/KNm": 0.078605999999999995, "Max_Bending_Moment/KNm": 0.45810499999999998, "Interstorey_Drift_Ratios": ["0.00568576h"], "Max_Compresive_Stress/MPa": -0.72341500000000003}