{"Buckling_Load_Factor": 2.656177, "Max_Shear_Stress/MPa": 0.00014999999999999999, "Max_Shear_Force/KN": 1.7439420000000001, "Utilization": 6.1355820000000003, "Max_Tensile_Stress/MPa": 1.3886339999999999, "Max_Bending_Stress/MPa": 1.5e-05, "Avg_Displacement/mm": 5.9194300000000002, "Max_Displacement/mm": 15.331526999999999, "Max_Principal_Stress/MPa": 0.015334, "Interstorey_Drift_Failure": ["False"], "Avg_Shear_Force/KN": 0.15620800000000001, "Avg_Bending_Moment/KNm": 0.035288, "Max_Bending_Moment/KNm": 0.24715400000000001, "Interstorey_Drift_Ratios": ["0.00151308h"], "Max_Compresive_Stress/MPa": -0.46889199999999998}