{"Buckling_Load_Factor": 10.527739, "Max_Shear_Stress/MPa": 0.0001, "Max_Shear_Force/KN": 3.018688, "Utilization": 5.695144, "Max_Tensile_Stress/MPa": 1.5196019999999999, "Max_Bending_Stress/MPa": 2.1999999999999999e-05, "Avg_Displacement/mm": 5.8731710000000001, "Max_Displacement/mm": 14.106858000000001, "Max_Principal_Stress/MPa": 0.016216000000000001, "Interstorey_Drift_Failure": ["False"], "Avg_Shear_Force/KN": 0.56579999999999997, "Avg_Bending_Moment/KNm": 0.15168400000000001, "Max_Bending_Moment/KNm": 0.84210799999999997, "Interstorey_Drift_Ratios": ["0.00133685h"], "Max_Compresive_Stress/MPa": -0.41948299999999999}