{"Buckling_Load_Factor": 13.695961, "Max_Shear_Stress/MPa": 0.0001, "Max_Shear_Force/KN": 5.6009019999999996, "Utilization": 7.2235209999999999, "Max_Tensile_Stress/MPa": 1.800305, "Max_Bending_Stress/MPa": 6.2000000000000003e-05, "Avg_Displacement/mm": 5.2026380000000003, "Max_Displacement/mm": 15.412208, "Max_Principal_Stress/MPa": 0.013708, "Interstorey_Drift_Failure": [], "Avg_Shear_Force/KN": 0.76936400000000005, "Avg_Bending_Moment/KNm": 0.328685, "Max_Bending_Moment/KNm": 2.3365830000000001, "Interstorey_Drift_Ratios": [], "Max_Compresive_Stress/MPa": -0.50246199999999996}