{"Buckling_Load_Factor": 14.013033999999999, "Max_Shear_Stress/MPa": 0.0001, "Max_Shear_Force/KN": 3.7092149999999999, "Utilization": 5.37737, "Max_Tensile_Stress/MPa": 2.0764019999999999, "Max_Bending_Stress/MPa": 1.8e-05, "Avg_Displacement/mm": 6.273091, "Max_Displacement/mm": 21.513742000000001, "Max_Principal_Stress/MPa": 0.022973, "Interstorey_Drift_Failure": [], "Avg_Shear_Force/KN": 0.39710800000000002, "Avg_Bending_Moment/KNm": 0.11568299999999999, "Max_Bending_Moment/KNm": 0.66776400000000002, "Interstorey_Drift_Ratios": [], "Max_Compresive_Stress/MPa": -0.45591100000000001}