{"Buckling_Load_Factor": 6.8761799999999997, "Max_Shear_Stress/MPa": 0.0001, "Max_Shear_Force/KN": 21.230723000000001, "Utilization": 12.925470000000001, "Max_Tensile_Stress/MPa": 3.4657269999999998, "Max_Bending_Stress/MPa": 0.00012300000000000001, "Avg_Displacement/mm": 16.717701999999999, "Max_Displacement/mm": 51.633063, "Max_Principal_Stress/MPa": 0.018811999999999999, "Interstorey_Drift_Failure": [], "Avg_Shear_Force/KN": 1.2721279999999999, "Avg_Bending_Moment/KNm": 0.71389400000000003, "Max_Bending_Moment/KNm": 4.6235179999999998, "Interstorey_Drift_Ratios": [], "Max_Compresive_Stress/MPa": -0.83016100000000004}