{"Buckling_Load_Factor": 7.3976439999999997, "Max_Shear_Stress/MPa": 0.00014999999999999999, "Max_Shear_Force/KN": 6.5548200000000003, "Utilization": 11.914652, "Max_Tensile_Stress/MPa": 3.1546180000000001, "Max_Bending_Stress/MPa": 0.000122, "Avg_Displacement/mm": 11.246451, "Max_Displacement/mm": 36.52966, "Max_Principal_Stress/MPa": 0.031130999999999999, "Interstorey_Drift_Failure": ["False"], "Avg_Shear_Force/KN": 0.657636, "Avg_Bending_Moment/KNm": 0.231711, "Max_Bending_Moment/KNm": 2.0345789999999999, "Interstorey_Drift_Ratios": ["0.00376757h"], "Max_Compresive_Stress/MPa": -1.043641}