{"Buckling_Load_Factor": 13.143371, "Max_Shear_Stress/MPa": 0.0001, "Max_Shear_Force/KN": 3.646163, "Utilization": 4.8140980000000004, "Max_Tensile_Stress/MPa": 1.208286, "Max_Bending_Stress/MPa": 2.0000000000000002e-05, "Avg_Displacement/mm": 4.5432370000000004, "Max_Displacement/mm": 12.704008999999999, "Max_Principal_Stress/MPa": 0.014238000000000001, "Interstorey_Drift_Failure": [], "Avg_Shear_Force/KN": 0.49474400000000002, "Avg_Bending_Moment/KNm": 0.12726399999999999, "Max_Bending_Moment/KNm": 0.76536999999999999, "Interstorey_Drift_Ratios": [], "Max_Compresive_Stress/MPa": -0.33165099999999997}