{"Buckling_Load_Factor": 6.1862300000000001, "Max_Shear_Stress/MPa": 0.00014999999999999999, "Max_Shear_Force/KN": 1.179349, "Utilization": 3.5643760000000002, "Max_Tensile_Stress/MPa": 1.1809210000000001, "Max_Bending_Stress/MPa": 9.0312999999999994e-06, "Avg_Displacement/mm": 3.746826, "Max_Displacement/mm": 8.7065439999999992, "Max_Principal_Stress/MPa": 0.013592999999999999, "Interstorey_Drift_Failure": ["False"], "Avg_Shear_Force/KN": 0.118798, "Avg_Bending_Moment/KNm": 0.023342999999999999, "Max_Bending_Moment/KNm": 0.15052099999999999, "Interstorey_Drift_Ratios": ["0.00081141h"], "Max_Compresive_Stress/MPa": -0.43298399999999998}