{"Buckling_Load_Factor": 0.11894200000000001, "Max_Shear_Stress/MPa": 0.0001, "Max_Shear_Force/KN": 2.6211829999999998, "Utilization": 11.563582, "Max_Tensile_Stress/MPa": 3.0434860000000001, "Max_Bending_Stress/MPa": 1.2999999999999999e-05, "Avg_Displacement/mm": 25.048689, "Max_Displacement/mm": 74.245166999999995, "Max_Principal_Stress/MPa": 0.031396, "Interstorey_Drift_Failure": [], "Avg_Shear_Force/KN": 0.45508500000000002, "Avg_Bending_Moment/KNm": 0.106026, "Max_Bending_Moment/KNm": 0.50613399999999997, "Interstorey_Drift_Ratios": [], "Max_Compresive_Stress/MPa": -0.89702099999999996}