{"Buckling_Load_Factor": 2.3542369999999999, "Max_Shear_Stress/MPa": 0.0001, "Max_Shear_Force/KN": 2.2733409999999998, "Utilization": 10.819788000000001, "Max_Tensile_Stress/MPa": 4.0883960000000004, "Max_Bending_Stress/MPa": 1.4e-05, "Avg_Displacement/mm": 21.863963999999999, "Max_Displacement/mm": 77.552717000000001, "Max_Principal_Stress/MPa": 0.041180000000000001, "Interstorey_Drift_Failure": [], "Avg_Shear_Force/KN": 0.31740099999999999, "Avg_Bending_Moment/KNm": 0.083767999999999995, "Max_Bending_Moment/KNm": 0.52994300000000005, "Interstorey_Drift_Ratios": [], "Max_Compresive_Stress/MPa": -1.4209670000000001}