{"Buckling_Load_Factor": 12.980371999999999, "Max_Shear_Stress/MPa": 0.00014999999999999999, "Max_Shear_Force/KN": 11.903219, "Utilization": 8.8657819999999994, "Max_Tensile_Stress/MPa": 2.401691, "Max_Bending_Stress/MPa": 0.00022699999999999999, "Avg_Displacement/mm": 10.842757000000001, "Max_Displacement/mm": 30.808544000000001, "Max_Principal_Stress/MPa": 0.022144, "Interstorey_Drift_Failure": ["False"], "Avg_Shear_Force/KN": 1.67479, "Avg_Bending_Moment/KNm": 0.69726500000000002, "Max_Bending_Moment/KNm": 3.7799369999999999, "Interstorey_Drift_Ratios": ["0.00347642h"], "Max_Compresive_Stress/MPa": -0.70688300000000004}