{"Buckling_Load_Factor": 28.591352000000001, "Max_Shear_Stress/MPa": 0.0001, "Max_Shear_Force/KN": 9.2192129999999999, "Utilization": 7.8935440000000003, "Max_Tensile_Stress/MPa": 2.0941190000000001, "Max_Bending_Stress/MPa": 6.7000000000000002e-05, "Avg_Displacement/mm": 6.4004200000000004, "Max_Displacement/mm": 17.467092999999998, "Max_Principal_Stress/MPa": 0.016704, "Interstorey_Drift_Failure": [], "Avg_Shear_Force/KN": 1.2974399999999999, "Avg_Bending_Moment/KNm": 0.45695200000000002, "Max_Bending_Moment/KNm": 2.4956879999999999, "Interstorey_Drift_Ratios": [], "Max_Compresive_Stress/MPa": -0.66308299999999998}