{"Buckling_Load_Factor": 5.4090280000000002, "Max_Shear_Stress/MPa": 0.00014999999999999999, "Max_Shear_Force/KN": 3.6584020000000002, "Utilization": 12.856870000000001, "Max_Tensile_Stress/MPa": 2.8512909999999998, "Max_Bending_Stress/MPa": 3.1000000000000001e-05, "Avg_Displacement/mm": 9.4861380000000004, "Max_Displacement/mm": 29.212038, "Max_Principal_Stress/MPa": 0.021614000000000001, "Interstorey_Drift_Failure": ["False"], "Avg_Shear_Force/KN": 0.22430600000000001, "Avg_Bending_Moment/KNm": 0.048181000000000002, "Max_Bending_Moment/KNm": 0.51415500000000003, "Interstorey_Drift_Ratios": ["0.00295282h"], "Max_Compresive_Stress/MPa": -0.93593499999999996}