{"Buckling_Load_Factor": 4.1457119999999996, "Max_Shear_Stress/MPa": 0.00014999999999999999, "Max_Shear_Force/KN": 7.4791350000000003, "Utilization": 14.982656, "Max_Tensile_Stress/MPa": 4.0193139999999996, "Max_Bending_Stress/MPa": 0.00014799999999999999, "Avg_Displacement/mm": 21.310656000000002, "Max_Displacement/mm": 66.381234000000006, "Max_Principal_Stress/MPa": 0.028986999999999999, "Interstorey_Drift_Failure": ["False"], "Avg_Shear_Force/KN": 1.211527, "Avg_Bending_Moment/KNm": 0.427311, "Max_Bending_Moment/KNm": 2.4662839999999999, "Interstorey_Drift_Ratios": ["0.00818525h"], "Max_Compresive_Stress/MPa": -1.1901349999999999}