{"Buckling_Load_Factor": 13.422485999999999, "Max_Shear_Stress/MPa": 0.00014999999999999999, "Max_Shear_Force/KN": 6.292611, "Utilization": 11.069361000000001, "Max_Tensile_Stress/MPa": 2.8519000000000001, "Max_Bending_Stress/MPa": 0.000106, "Avg_Displacement/mm": 9.1504259999999995, "Max_Displacement/mm": 30.3415, "Max_Principal_Stress/MPa": 0.025682, "Interstorey_Drift_Failure": ["False"], "Avg_Shear_Force/KN": 0.67008999999999996, "Avg_Bending_Moment/KNm": 0.21501200000000001, "Max_Bending_Moment/KNm": 1.770759, "Interstorey_Drift_Ratios": ["0.00254849h"], "Max_Compresive_Stress/MPa": -0.84665400000000002}