{"Buckling_Load_Factor": 33.695866000000002, "Max_Shear_Stress/MPa": 0.0001, "Max_Shear_Force/KN": 5.227201, "Utilization": 4.2146030000000003, "Max_Tensile_Stress/MPa": 1.1111599999999999, "Max_Bending_Stress/MPa": 4.1e-05, "Avg_Displacement/mm": 2.8284470000000002, "Max_Displacement/mm": 7.3469509999999998, "Max_Principal_Stress/MPa": 0.012952999999999999, "Interstorey_Drift_Failure": ["False"], "Avg_Shear_Force/KN": 0.81455999999999995, "Avg_Bending_Moment/KNm": 0.26693699999999998, "Max_Bending_Moment/KNm": 1.5274779999999999, "Interstorey_Drift_Ratios": ["0.00059788h"], "Max_Compresive_Stress/MPa": -0.21099599999999999}