{"Buckling_Load_Factor": 6.4853899999999998, "Max_Shear_Stress/MPa": 0.0001, "Max_Shear_Force/KN": 12.337198000000001, "Utilization": 10.996435999999999, "Max_Tensile_Stress/MPa": 2.830085, "Max_Bending_Stress/MPa": 9.5000000000000005e-05, "Avg_Displacement/mm": 14.101084, "Max_Displacement/mm": 47.939331000000003, "Max_Principal_Stress/MPa": 0.018873999999999998, "Interstorey_Drift_Failure": ["False"], "Avg_Shear_Force/KN": 1.5383199999999999, "Avg_Bending_Moment/KNm": 0.654945, "Max_Bending_Moment/KNm": 3.5492699999999999, "Interstorey_Drift_Ratios": ["0.00597433h"], "Max_Compresive_Stress/MPa": -0.87748599999999999}