{"Buckling_Load_Factor": 4.9560570000000004, "Max_Shear_Stress/MPa": 0.0001, "Max_Shear_Force/KN": 3.691211, "Utilization": 17.125406000000002, "Max_Tensile_Stress/MPa": 4.4218409999999997, "Max_Bending_Stress/MPa": 2.5999999999999998e-05, "Avg_Displacement/mm": 17.151033999999999, "Max_Displacement/mm": 53.229171999999998, "Max_Principal_Stress/MPa": 0.027938999999999999, "Interstorey_Drift_Failure": [], "Avg_Shear_Force/KN": 0.72190100000000001, "Avg_Bending_Moment/KNm": 0.21723500000000001, "Max_Bending_Moment/KNm": 0.97476700000000005, "Interstorey_Drift_Ratios": [], "Max_Compresive_Stress/MPa": -1.143751}