{"Buckling_Load_Factor": 3.5910470000000001, "Max_Shear_Stress/MPa": 0.0001, "Max_Shear_Force/KN": 4.4322559999999998, "Utilization": 7.9869810000000001, "Max_Tensile_Stress/MPa": 2.080085, "Max_Bending_Stress/MPa": 3.1000000000000001e-05, "Avg_Displacement/mm": 10.275570999999999, "Max_Displacement/mm": 31.322123999999999, "Max_Principal_Stress/MPa": 0.016626999999999999, "Interstorey_Drift_Failure": [], "Avg_Shear_Force/KN": 0.57116699999999998, "Avg_Bending_Moment/KNm": 0.19964399999999999, "Max_Bending_Moment/KNm": 1.153035, "Interstorey_Drift_Ratios": [], "Max_Compresive_Stress/MPa": -0.67946899999999999}