{"Buckling_Load_Factor": 9.1504969999999997, "Max_Shear_Stress/MPa": 0.00014999999999999999, "Max_Shear_Force/KN": 3.7787540000000002, "Utilization": 7.2208189999999997, "Max_Tensile_Stress/MPa": 1.838605, "Max_Bending_Stress/MPa": 6.3e-05, "Avg_Displacement/mm": 6.2155969999999998, "Max_Displacement/mm": 13.841148, "Max_Principal_Stress/MPa": 0.017930000000000001, "Interstorey_Drift_Failure": ["False"], "Avg_Shear_Force/KN": 0.476134, "Avg_Bending_Moment/KNm": 0.15549099999999999, "Max_Bending_Moment/KNm": 1.04582, "Interstorey_Drift_Ratios": ["0.00117234h"], "Max_Compresive_Stress/MPa": -0.44519900000000001}