{"Buckling_Load_Factor": 2.4332500000000001, "Max_Shear_Stress/MPa": 0.00014999999999999999, "Max_Shear_Force/KN": 7.2178820000000004, "Utilization": 15.216742999999999, "Max_Tensile_Stress/MPa": 4.028594, "Max_Bending_Stress/MPa": 0.00015200000000000001, "Avg_Displacement/mm": 18.314440999999999, "Max_Displacement/mm": 68.094908000000004, "Max_Principal_Stress/MPa": 0.025911, "Interstorey_Drift_Failure": ["False"], "Avg_Shear_Force/KN": 0.76561800000000002, "Avg_Bending_Moment/KNm": 0.35584500000000002, "Max_Bending_Moment/KNm": 2.5308470000000001, "Interstorey_Drift_Ratios": ["0.00744487h"], "Max_Compresive_Stress/MPa": -0.92972399999999999}