{"Buckling_Load_Factor": 0.179539, "Max_Shear_Stress/MPa": 0.00014999999999999999, "Max_Shear_Force/KN": 4.5296240000000001, "Utilization": 18.390528, "Max_Tensile_Stress/MPa": 4.8173510000000004, "Max_Bending_Stress/MPa": 6.8999999999999997e-05, "Avg_Displacement/mm": 45.894193999999999, "Max_Displacement/mm": 177.68267900000001, "Max_Principal_Stress/MPa": 0.045866999999999998, "Interstorey_Drift_Failure": ["True"], "Avg_Shear_Force/KN": 0.64544199999999996, "Avg_Bending_Moment/KNm": 0.19298999999999999, "Max_Bending_Moment/KNm": 1.157942, "Interstorey_Drift_Ratios": ["0.02146753h"], "Max_Compresive_Stress/MPa": -2.0902289999999999}