{"Buckling_Load_Factor": 0.23830899999999999, "Max_Shear_Stress/MPa": 0.0001, "Max_Shear_Force/KN": 3.46373, "Utilization": 13.951936, "Max_Tensile_Stress/MPa": 3.659888, "Max_Bending_Stress/MPa": 1.4e-05, "Avg_Displacement/mm": 17.835090000000001, "Max_Displacement/mm": 45.378565000000002, "Max_Principal_Stress/MPa": 0.019952999999999999, "Interstorey_Drift_Failure": [], "Avg_Shear_Force/KN": 0.30677399999999999, "Avg_Bending_Moment/KNm": 0.079684000000000005, "Max_Bending_Moment/KNm": 0.50842500000000002, "Interstorey_Drift_Ratios": [], "Max_Compresive_Stress/MPa": -1.267598}