{"Buckling_Load_Factor": 47.764502999999998, "Max_Shear_Stress/MPa": 0.00014999999999999999, "Max_Shear_Force/KN": 5.4215660000000003, "Utilization": 4.1914699999999998, "Max_Tensile_Stress/MPa": 1.474531, "Max_Bending_Stress/MPa": 9.8999999999999994e-05, "Avg_Displacement/mm": 3.4569559999999999, "Max_Displacement/mm": 9.3453909999999993, "Max_Principal_Stress/MPa": 0.017805000000000001, "Interstorey_Drift_Failure": ["False"], "Avg_Shear_Force/KN": 0.59753199999999995, "Avg_Bending_Moment/KNm": 0.23227400000000001, "Max_Bending_Moment/KNm": 1.6513739999999999, "Interstorey_Drift_Ratios": ["0.00071153h"], "Max_Compresive_Stress/MPa": -0.328121}