{"Buckling_Load_Factor": 46.664319999999996, "Max_Shear_Stress/MPa": 0.0001, "Max_Shear_Force/KN": 3.792176, "Utilization": 8.1694759999999995, "Max_Tensile_Stress/MPa": 2.1701239999999999, "Max_Bending_Stress/MPa": 3.0000000000000001e-05, "Avg_Displacement/mm": 4.0576939999999997, "Max_Displacement/mm": 11.055211, "Max_Principal_Stress/MPa": 0.017294, "Interstorey_Drift_Failure": [], "Avg_Shear_Force/KN": 0.71014600000000005, "Avg_Bending_Moment/KNm": 0.22218299999999999, "Max_Bending_Moment/KNm": 1.1350849999999999, "Interstorey_Drift_Ratios": [], "Max_Compresive_Stress/MPa": -0.66176000000000001}