{"Buckling_Load_Factor": 6.741187, "Max_Shear_Stress/MPa": 0.0001, "Max_Shear_Force/KN": 4.0501769999999997, "Utilization": 7.1743579999999998, "Max_Tensile_Stress/MPa": 2.0444930000000001, "Max_Bending_Stress/MPa": 2.9e-05, "Avg_Displacement/mm": 9.5967680000000009, "Max_Displacement/mm": 30.568116, "Max_Principal_Stress/MPa": 0.021870000000000001, "Interstorey_Drift_Failure": [], "Avg_Shear_Force/KN": 0.59916999999999998, "Avg_Bending_Moment/KNm": 0.17035400000000001, "Max_Bending_Moment/KNm": 1.0839810000000001, "Interstorey_Drift_Ratios": [], "Max_Compresive_Stress/MPa": -0.72105200000000003}