{"Buckling_Load_Factor": 3.4895770000000002, "Max_Shear_Stress/MPa": 0.0001, "Max_Shear_Force/KN": 1.506634, "Utilization": 7.0274960000000002, "Max_Tensile_Stress/MPa": 1.5761149999999999, "Max_Bending_Stress/MPa": 5.5798999999999997e-06, "Avg_Displacement/mm": 7.545871, "Max_Displacement/mm": 28.618728999999998, "Max_Principal_Stress/MPa": 0.017413000000000001, "Interstorey_Drift_Failure": [], "Avg_Shear_Force/KN": 0.150392, "Avg_Bending_Moment/KNm": 0.029477, "Max_Bending_Moment/KNm": 0.20924799999999999, "Interstorey_Drift_Ratios": [], "Max_Compresive_Stress/MPa": -0.78578999999999999}