{"Buckling_Load_Factor": 27.641324000000001, "Max_Shear_Stress/MPa": 0.00014999999999999999, "Max_Shear_Force/KN": 13.39831, "Utilization": 10.874439000000001, "Max_Tensile_Stress/MPa": 2.8219530000000002, "Max_Bending_Stress/MPa": 0.00025700000000000001, "Avg_Displacement/mm": 6.7068260000000004, "Max_Displacement/mm": 23.255423, "Max_Principal_Stress/MPa": 0.022993, "Interstorey_Drift_Failure": ["False"], "Avg_Shear_Force/KN": 1.18468, "Avg_Bending_Moment/KNm": 0.437052, "Max_Bending_Moment/KNm": 4.2859100000000003, "Interstorey_Drift_Ratios": ["0.0024557h"], "Max_Compresive_Stress/MPa": -1.0480970000000001}