{"Buckling_Load_Factor": 19.939245, "Max_Shear_Stress/MPa": 0.0001, "Max_Shear_Force/KN": 3.6287240000000001, "Utilization": 8.9766080000000006, "Max_Tensile_Stress/MPa": 2.2946179999999998, "Max_Bending_Stress/MPa": 3.0000000000000001e-05, "Avg_Displacement/mm": 6.0487609999999998, "Max_Displacement/mm": 17.247271999999999, "Max_Principal_Stress/MPa": 0.015185000000000001, "Interstorey_Drift_Failure": [], "Avg_Shear_Force/KN": 0.74745700000000004, "Avg_Bending_Moment/KNm": 0.27745599999999998, "Max_Bending_Moment/KNm": 1.127678, "Interstorey_Drift_Ratios": [], "Max_Compresive_Stress/MPa": -0.68666899999999997}