{"Buckling_Load_Factor": 5.2624570000000004, "Max_Shear_Stress/MPa": 0.0001, "Max_Shear_Force/KN": 1.8988700000000001, "Utilization": 7.4744700000000002, "Max_Tensile_Stress/MPa": 1.8727180000000001, "Max_Bending_Stress/MPa": 8.9593000000000008e-06, "Avg_Displacement/mm": 6.4077310000000001, "Max_Displacement/mm": 20.212243999999998, "Max_Principal_Stress/MPa": 0.016145, "Interstorey_Drift_Failure": [], "Avg_Shear_Force/KN": 0.21321499999999999, "Avg_Bending_Moment/KNm": 0.047614999999999998, "Max_Bending_Moment/KNm": 0.33597399999999999, "Interstorey_Drift_Ratios": [], "Max_Compresive_Stress/MPa": -0.451594}