{"Buckling_Load_Factor": 2.9451139999999998, "Max_Shear_Stress/MPa": 0.00014999999999999999, "Max_Shear_Force/KN": 2.0846300000000002, "Utilization": 6.5903489999999998, "Max_Tensile_Stress/MPa": 1.990707, "Max_Bending_Stress/MPa": 2.0000000000000002e-05, "Avg_Displacement/mm": 10.380955999999999, "Max_Displacement/mm": 40.468125000000001, "Max_Principal_Stress/MPa": 0.022179999999999998, "Interstorey_Drift_Failure": ["False"], "Avg_Shear_Force/KN": 0.24287600000000001, "Avg_Bending_Moment/KNm": 0.050601, "Max_Bending_Moment/KNm": 0.33604299999999998, "Interstorey_Drift_Ratios": ["0.00428548h"], "Max_Compresive_Stress/MPa": -0.81713499999999994}