{"Buckling_Load_Factor": 26.762633999999998, "Max_Shear_Stress/MPa": 0.00014999999999999999, "Max_Shear_Force/KN": 5.7537729999999998, "Utilization": 4.0527090000000001, "Max_Tensile_Stress/MPa": 1.0796730000000001, "Max_Bending_Stress/MPa": 0.0001, "Avg_Displacement/mm": 3.3937569999999999, "Max_Displacement/mm": 7.2172039999999997, "Max_Principal_Stress/MPa": 0.0095670000000000009, "Interstorey_Drift_Failure": ["False"], "Avg_Shear_Force/KN": 0.84370800000000001, "Avg_Bending_Moment/KNm": 0.38012000000000001, "Max_Bending_Moment/KNm": 1.6702269999999999, "Interstorey_Drift_Ratios": ["0.00073206h"], "Max_Compresive_Stress/MPa": -0.213204}