{"Buckling_Load_Factor": 3.2429770000000002, "Max_Shear_Stress/MPa": 0.00014999999999999999, "Max_Shear_Force/KN": 2.0330560000000002, "Utilization": 8.4683419999999998, "Max_Tensile_Stress/MPa": 2.068613, "Max_Bending_Stress/MPa": 1.9000000000000001e-05, "Avg_Displacement/mm": 9.0850760000000008, "Max_Displacement/mm": 25.787928999999998, "Max_Principal_Stress/MPa": 0.019338999999999999, "Interstorey_Drift_Failure": ["False"], "Avg_Shear_Force/KN": 0.34567199999999998, "Avg_Bending_Moment/KNm": 0.085693000000000005, "Max_Bending_Moment/KNm": 0.31734099999999998, "Interstorey_Drift_Ratios": ["0.00273347h"], "Max_Compresive_Stress/MPa": -0.96664600000000001}