{"Buckling_Load_Factor": 27.289877000000001, "Max_Shear_Stress/MPa": 0.00014999999999999999, "Max_Shear_Force/KN": 5.447241, "Utilization": 4.9015079999999998, "Max_Tensile_Stress/MPa": 1.297291, "Max_Bending_Stress/MPa": 0.00011400000000000001, "Avg_Displacement/mm": 3.4251, "Max_Displacement/mm": 7.5450429999999997, "Max_Principal_Stress/MPa": 0.010348, "Interstorey_Drift_Failure": ["False"], "Avg_Shear_Force/KN": 0.83728199999999997, "Avg_Bending_Moment/KNm": 0.355655, "Max_Bending_Moment/KNm": 1.907565, "Interstorey_Drift_Ratios": ["0.00075499h"], "Max_Compresive_Stress/MPa": -0.283416}