{"Buckling_Load_Factor": 4.040184, "Max_Shear_Stress/MPa": 0.0001, "Max_Shear_Force/KN": 5.2782629999999999, "Utilization": 11.978138, "Max_Tensile_Stress/MPa": 3.1642399999999999, "Max_Bending_Stress/MPa": 5.3999999999999998e-05, "Avg_Displacement/mm": 20.547720999999999, "Max_Displacement/mm": 53.728776000000003, "Max_Principal_Stress/MPa": 0.023185999999999998, "Interstorey_Drift_Failure": ["False"], "Avg_Shear_Force/KN": 0.82926100000000003, "Avg_Bending_Moment/KNm": 0.32173200000000002, "Max_Bending_Moment/KNm": 2.0203009999999999, "Interstorey_Drift_Ratios": ["0.00630812h"], "Max_Compresive_Stress/MPa": -0.87592599999999998}