{"Buckling_Load_Factor": 4.3498729999999997, "Max_Shear_Stress/MPa": 0.0001, "Max_Shear_Force/KN": 1.6647339999999999, "Utilization": 7.4303049999999997, "Max_Tensile_Stress/MPa": 2.1221199999999998, "Max_Bending_Stress/MPa": 1.1e-05, "Avg_Displacement/mm": 8.6409149999999997, "Max_Displacement/mm": 21.298905000000001, "Max_Principal_Stress/MPa": 0.023349999999999999, "Interstorey_Drift_Failure": [], "Avg_Shear_Force/KN": 0.26891599999999999, "Avg_Bending_Moment/KNm": 0.062841999999999995, "Max_Bending_Moment/KNm": 0.40676899999999999, "Interstorey_Drift_Ratios": [], "Max_Compresive_Stress/MPa": -0.66321600000000003}