{"Buckling_Load_Factor": 4.765892, "Max_Shear_Stress/MPa": 0.0001, "Max_Shear_Force/KN": 3.9055089999999999, "Utilization": 8.3746790000000004, "Max_Tensile_Stress/MPa": 2.2460749999999998, "Max_Bending_Stress/MPa": 2.8e-05, "Avg_Displacement/mm": 9.9290950000000002, "Max_Displacement/mm": 24.430879000000001, "Max_Principal_Stress/MPa": 0.015134999999999999, "Interstorey_Drift_Failure": [], "Avg_Shear_Force/KN": 0.58042099999999996, "Avg_Bending_Moment/KNm": 0.18329599999999999, "Max_Bending_Moment/KNm": 1.037317, "Interstorey_Drift_Ratios": [], "Max_Compresive_Stress/MPa": -0.60850099999999996}