{"Buckling_Load_Factor": 10.551577, "Max_Shear_Stress/MPa": 0.00014999999999999999, "Max_Shear_Force/KN": 3.8144230000000001, "Utilization": 5.1837540000000004, "Max_Tensile_Stress/MPa": 1.3209820000000001, "Max_Bending_Stress/MPa": 4.1999999999999998e-05, "Avg_Displacement/mm": 4.2906339999999998, "Max_Displacement/mm": 10.026922000000001, "Max_Principal_Stress/MPa": 0.014968, "Interstorey_Drift_Failure": ["False"], "Avg_Shear_Force/KN": 0.30563899999999999, "Avg_Bending_Moment/KNm": 0.10181900000000001, "Max_Bending_Moment/KNm": 0.69866600000000001, "Interstorey_Drift_Ratios": ["0.00103243h"], "Max_Compresive_Stress/MPa": -0.27482699999999999}