{"Buckling_Load_Factor": 3.3126690000000001, "Max_Shear_Stress/MPa": 0.00014999999999999999, "Max_Shear_Force/KN": 2.7532869999999998, "Utilization": 8.2521319999999996, "Max_Tensile_Stress/MPa": 2.455098, "Max_Bending_Stress/MPa": 2.9e-05, "Avg_Displacement/mm": 16.027722000000001, "Max_Displacement/mm": 54.882572000000003, "Max_Principal_Stress/MPa": 0.027913, "Interstorey_Drift_Failure": ["False"], "Avg_Shear_Force/KN": 0.38868999999999998, "Avg_Bending_Moment/KNm": 0.086041000000000006, "Max_Bending_Moment/KNm": 0.48081200000000002, "Interstorey_Drift_Ratios": ["0.00523513h"], "Max_Compresive_Stress/MPa": -1.0477959999999999}