{"Buckling_Load_Factor": 4.9245010000000002, "Max_Shear_Stress/MPa": 0.0001, "Max_Shear_Force/KN": 7.8647780000000003, "Utilization": 13.253190999999999, "Max_Tensile_Stress/MPa": 3.485258, "Max_Bending_Stress/MPa": 5.3999999999999998e-05, "Avg_Displacement/mm": 18.10877, "Max_Displacement/mm": 57.744095999999999, "Max_Principal_Stress/MPa": 0.028393000000000002, "Interstorey_Drift_Failure": [], "Avg_Shear_Force/KN": 0.82782900000000004, "Avg_Bending_Moment/KNm": 0.24779799999999999, "Max_Bending_Moment/KNm": 2.0225279999999999, "Interstorey_Drift_Ratios": [], "Max_Compresive_Stress/MPa": -1.3627}