{"Buckling_Load_Factor": 4.899159, "Max_Shear_Stress/MPa": 0.00014999999999999999, "Max_Shear_Force/KN": 1.152876, "Utilization": 4.3169029999999999, "Max_Tensile_Stress/MPa": 1.0317700000000001, "Max_Bending_Stress/MPa": 1.1e-05, "Avg_Displacement/mm": 3.873596, "Max_Displacement/mm": 10.69834, "Max_Principal_Stress/MPa": 0.011771, "Interstorey_Drift_Failure": ["False"], "Avg_Shear_Force/KN": 0.13578599999999999, "Avg_Bending_Moment/KNm": 0.029814, "Max_Bending_Moment/KNm": 0.18351400000000001, "Interstorey_Drift_Ratios": ["0.00103709h"], "Max_Compresive_Stress/MPa": -0.39237}