{"Buckling_Load_Factor": 33.624533999999997, "Max_Shear_Stress/MPa": 0.00014999999999999999, "Max_Shear_Force/KN": 5.3514889999999999, "Utilization": 4.6426939999999997, "Max_Tensile_Stress/MPa": 1.2528159999999999, "Max_Bending_Stress/MPa": 0.000108, "Avg_Displacement/mm": 4.5781879999999999, "Max_Displacement/mm": 9.2493739999999995, "Max_Principal_Stress/MPa": 0.015288, "Interstorey_Drift_Failure": ["False"], "Avg_Shear_Force/KN": 0.75742699999999996, "Avg_Bending_Moment/KNm": 0.33233200000000002, "Max_Bending_Moment/KNm": 1.802001, "Interstorey_Drift_Ratios": ["0.00079138h"], "Max_Compresive_Stress/MPa": -0.28920200000000001}