{"Buckling_Load_Factor": 5.5141739999999997, "Max_Shear_Stress/MPa": 0.0001, "Max_Shear_Force/KN": 1.3991910000000001, "Utilization": 5.4862149999999996, "Max_Tensile_Stress/MPa": 1.7703960000000001, "Max_Bending_Stress/MPa": 5.4447999999999999e-06, "Avg_Displacement/mm": 7.7481010000000001, "Max_Displacement/mm": 27.206551999999999, "Max_Principal_Stress/MPa": 0.019951, "Interstorey_Drift_Failure": [], "Avg_Shear_Force/KN": 0.17269499999999999, "Avg_Bending_Moment/KNm": 0.033692, "Max_Bending_Moment/KNm": 0.204179, "Interstorey_Drift_Ratios": [], "Max_Compresive_Stress/MPa": -0.59381700000000004}