{"Buckling_Load_Factor": 33.390880000000003, "Max_Shear_Stress/MPa": 0.00014999999999999999, "Max_Shear_Force/KN": 13.655529, "Utilization": 6.6002419999999997, "Max_Tensile_Stress/MPa": 1.683241, "Max_Bending_Stress/MPa": 0.00016000000000000001, "Avg_Displacement/mm": 4.1520270000000004, "Max_Displacement/mm": 16.109853999999999, "Max_Principal_Stress/MPa": 0.014969, "Interstorey_Drift_Failure": ["False"], "Avg_Shear_Force/KN": 0.99426400000000004, "Avg_Bending_Moment/KNm": 0.32039099999999998, "Max_Bending_Moment/KNm": 2.6749350000000001, "Interstorey_Drift_Ratios": ["0.00124676h"], "Max_Compresive_Stress/MPa": -0.56659499999999996}