{"Buckling_Load_Factor": 17.036156999999999, "Max_Shear_Stress/MPa": 0.0001, "Max_Shear_Force/KN": 9.1268209999999996, "Utilization": 7.273352, "Max_Tensile_Stress/MPa": 1.990076, "Max_Bending_Stress/MPa": 7.3999999999999996e-05, "Avg_Displacement/mm": 6.7556390000000004, "Max_Displacement/mm": 21.587344000000002, "Max_Principal_Stress/MPa": 0.011127, "Interstorey_Drift_Failure": [], "Avg_Shear_Force/KN": 1.1031580000000001, "Avg_Bending_Moment/KNm": 0.39852799999999999, "Max_Bending_Moment/KNm": 2.7746420000000001, "Interstorey_Drift_Ratios": [], "Max_Compresive_Stress/MPa": -0.480464}