{"Buckling_Load_Factor": 13.531272, "Max_Shear_Stress/MPa": 0.0001, "Max_Shear_Force/KN": 9.293075, "Utilization": 11.186589, "Max_Tensile_Stress/MPa": 2.964636, "Max_Bending_Stress/MPa": 7.2999999999999999e-05, "Avg_Displacement/mm": 9.9838170000000002, "Max_Displacement/mm": 35.915213999999999, "Max_Principal_Stress/MPa": 0.020719999999999999, "Interstorey_Drift_Failure": [], "Avg_Shear_Force/KN": 1.205589, "Avg_Bending_Moment/KNm": 0.47077400000000003, "Max_Bending_Moment/KNm": 2.735392, "Interstorey_Drift_Ratios": [], "Max_Compresive_Stress/MPa": -1.0014749999999999}