{"Buckling_Load_Factor": 4.2125589999999997, "Max_Shear_Stress/MPa": 0.0001, "Max_Shear_Force/KN": 1.339469, "Utilization": 4.4708399999999999, "Max_Tensile_Stress/MPa": 1.380344, "Max_Bending_Stress/MPa": 4.6105000000000002e-06, "Avg_Displacement/mm": 5.2995830000000002, "Max_Displacement/mm": 14.483231999999999, "Max_Principal_Stress/MPa": 0.015381000000000001, "Interstorey_Drift_Failure": [], "Avg_Shear_Force/KN": 0.167633, "Avg_Bending_Moment/KNm": 0.034546, "Max_Bending_Moment/KNm": 0.17289299999999999, "Interstorey_Drift_Ratios": [], "Max_Compresive_Stress/MPa": -0.51267099999999999}