{"Buckling_Load_Factor": 15.037181, "Max_Shear_Stress/MPa": 0.00014999999999999999, "Max_Shear_Force/KN": 3.10514, "Utilization": 3.5895389999999998, "Max_Tensile_Stress/MPa": 0.72763599999999995, "Max_Bending_Stress/MPa": 2.3e-05, "Avg_Displacement/mm": 2.6470150000000001, "Max_Displacement/mm": 6.559933, "Max_Principal_Stress/MPa": 0.0092280000000000001, "Interstorey_Drift_Failure": ["False"], "Avg_Shear_Force/KN": 0.30602699999999999, "Avg_Bending_Moment/KNm": 0.082549999999999998, "Max_Bending_Moment/KNm": 0.38388100000000003, "Interstorey_Drift_Ratios": ["0.00062871h"], "Max_Compresive_Stress/MPa": -0.35014200000000001}