{"Buckling_Load_Factor": 23.518205999999999, "Max_Shear_Stress/MPa": 0.0001, "Max_Shear_Force/KN": 6.2905749999999996, "Utilization": 4.5433120000000002, "Max_Tensile_Stress/MPa": 1.174607, "Max_Bending_Stress/MPa": 4.3000000000000002e-05, "Avg_Displacement/mm": 3.3324050000000001, "Max_Displacement/mm": 9.2880500000000001, "Max_Principal_Stress/MPa": 0.011684999999999999, "Interstorey_Drift_Failure": ["False"], "Avg_Shear_Force/KN": 0.748969, "Avg_Bending_Moment/KNm": 0.26897300000000002, "Max_Bending_Moment/KNm": 1.6204179999999999, "Interstorey_Drift_Ratios": ["0.00090967h"], "Max_Compresive_Stress/MPa": -0.30208800000000002}