{"Buckling_Load_Factor": 0.204043, "Max_Shear_Stress/MPa": 0.0001, "Max_Shear_Force/KN": 3.4145370000000002, "Utilization": 12.981033, "Max_Tensile_Stress/MPa": 3.4962029999999999, "Max_Bending_Stress/MPa": 1.9000000000000001e-05, "Avg_Displacement/mm": 24.919059000000001, "Max_Displacement/mm": 74.007194999999996, "Max_Principal_Stress/MPa": 0.03005, "Interstorey_Drift_Failure": [], "Avg_Shear_Force/KN": 0.462337, "Avg_Bending_Moment/KNm": 0.100581, "Max_Bending_Moment/KNm": 0.70549700000000004, "Interstorey_Drift_Ratios": [], "Max_Compresive_Stress/MPa": -1.0472509999999999}