{"Buckling_Load_Factor": 17.157692000000001, "Max_Shear_Stress/MPa": 0.0001, "Max_Shear_Force/KN": 2.6431529999999999, "Utilization": 7.0219019999999999, "Max_Tensile_Stress/MPa": 2.066522, "Max_Bending_Stress/MPa": 1.8e-05, "Avg_Displacement/mm": 7.0011789999999996, "Max_Displacement/mm": 21.600635, "Max_Principal_Stress/MPa": 0.023307999999999999, "Interstorey_Drift_Failure": [], "Avg_Shear_Force/KN": 0.471854, "Avg_Bending_Moment/KNm": 0.15137500000000001, "Max_Bending_Moment/KNm": 0.68180099999999999, "Interstorey_Drift_Ratios": [], "Max_Compresive_Stress/MPa": -0.664323}