{"Buckling_Load_Factor": 2.465182, "Max_Shear_Stress/MPa": 0.0001, "Max_Shear_Force/KN": 1.952801, "Utilization": 6.834193, "Max_Tensile_Stress/MPa": 1.6701029999999999, "Max_Bending_Stress/MPa": 8.8039000000000005e-06, "Avg_Displacement/mm": 8.1295640000000002, "Max_Displacement/mm": 24.798254, "Max_Principal_Stress/MPa": 0.016275999999999999, "Interstorey_Drift_Failure": [], "Avg_Shear_Force/KN": 0.18721499999999999, "Avg_Bending_Moment/KNm": 0.043640999999999999, "Max_Bending_Moment/KNm": 0.330148, "Interstorey_Drift_Ratios": [], "Max_Compresive_Stress/MPa": -0.59866699999999995}