{"Buckling_Load_Factor": 4.6431709999999997, "Max_Shear_Stress/MPa": 0.00014999999999999999, "Max_Shear_Force/KN": 1.783061, "Utilization": 6.0791120000000003, "Max_Tensile_Stress/MPa": 2.082414, "Max_Bending_Stress/MPa": 1.7e-05, "Avg_Displacement/mm": 6.6072680000000004, "Max_Displacement/mm": 17.861640999999999, "Max_Principal_Stress/MPa": 0.023326, "Interstorey_Drift_Failure": ["False"], "Avg_Shear_Force/KN": 0.20665500000000001, "Avg_Bending_Moment/KNm": 0.045083999999999999, "Max_Bending_Moment/KNm": 0.28733700000000001, "Interstorey_Drift_Ratios": ["0.00124941h"], "Max_Compresive_Stress/MPa": -0.54411100000000001}