{"Buckling_Load_Factor": 26.724337999999999, "Max_Shear_Stress/MPa": 0.00014999999999999999, "Max_Shear_Force/KN": 5.5577480000000001, "Utilization": 4.9028239999999998, "Max_Tensile_Stress/MPa": 1.2844409999999999, "Max_Bending_Stress/MPa": 0.00010399999999999999, "Avg_Displacement/mm": 3.4232680000000002, "Max_Displacement/mm": 6.5346820000000001, "Max_Principal_Stress/MPa": 0.0098370000000000003, "Interstorey_Drift_Failure": ["False"], "Avg_Shear_Force/KN": 0.88815200000000005, "Avg_Bending_Moment/KNm": 0.36534, "Max_Bending_Moment/KNm": 1.7337739999999999, "Interstorey_Drift_Ratios": ["0.0006618h"], "Max_Compresive_Stress/MPa": -0.23511000000000001}