{"Buckling_Load_Factor": 3.5030130000000002, "Max_Shear_Stress/MPa": 0.0001, "Max_Shear_Force/KN": 1.8601589999999999, "Utilization": 8.5602929999999997, "Max_Tensile_Stress/MPa": 2.282016, "Max_Bending_Stress/MPa": 1.1e-05, "Avg_Displacement/mm": 10.600925, "Max_Displacement/mm": 35.237278000000003, "Max_Principal_Stress/MPa": 0.023868, "Interstorey_Drift_Failure": [], "Avg_Shear_Force/KN": 0.23105999999999999, "Avg_Bending_Moment/KNm": 0.050666000000000003, "Max_Bending_Moment/KNm": 0.39552900000000002, "Interstorey_Drift_Ratios": [], "Max_Compresive_Stress/MPa": -0.85465000000000002}