{"Buckling_Load_Factor": 2.2698740000000002, "Max_Shear_Stress/MPa": 0.00014999999999999999, "Max_Shear_Force/KN": 3.9592040000000002, "Utilization": 20.628549, "Max_Tensile_Stress/MPa": 5.4305399999999997, "Max_Bending_Stress/MPa": 7.2000000000000002e-05, "Avg_Displacement/mm": 24.138207000000001, "Max_Displacement/mm": 63.609416000000003, "Max_Principal_Stress/MPa": 0.029520000000000001, "Interstorey_Drift_Failure": ["False"], "Avg_Shear_Force/KN": 0.68784900000000004, "Avg_Bending_Moment/KNm": 0.182033, "Max_Bending_Moment/KNm": 1.20286, "Interstorey_Drift_Ratios": ["0.00567388h"], "Max_Compresive_Stress/MPa": -1.8397520000000001}