{"Buckling_Load_Factor": 2.6595219999999999, "Max_Shear_Stress/MPa": 0.0001, "Max_Shear_Force/KN": 3.0277189999999998, "Utilization": 17.382092, "Max_Tensile_Stress/MPa": 4.6476660000000001, "Max_Bending_Stress/MPa": 1.7e-05, "Avg_Displacement/mm": 19.608744999999999, "Max_Displacement/mm": 72.652159999999995, "Max_Principal_Stress/MPa": 0.040104000000000001, "Interstorey_Drift_Failure": [], "Avg_Shear_Force/KN": 0.37815900000000002, "Avg_Bending_Moment/KNm": 0.088223999999999997, "Max_Bending_Moment/KNm": 0.61978299999999997, "Interstorey_Drift_Ratios": [], "Max_Compresive_Stress/MPa": -1.5731250000000001}