{"Buckling_Load_Factor": 5.265288, "Max_Shear_Stress/MPa": 0.0001, "Max_Shear_Force/KN": 0.98421199999999998, "Utilization": 4.2495050000000001, "Max_Tensile_Stress/MPa": 2.1795629999999999, "Max_Bending_Stress/MPa": 3.9538000000000002e-06, "Avg_Displacement/mm": 6.627516, "Max_Displacement/mm": 21.673836999999999, "Max_Principal_Stress/MPa": 0.023793999999999999, "Interstorey_Drift_Failure": [], "Avg_Shear_Force/KN": 0.161242, "Avg_Bending_Moment/KNm": 0.030321000000000001, "Max_Bending_Moment/KNm": 0.14826700000000001, "Interstorey_Drift_Ratios": [], "Max_Compresive_Stress/MPa": -0.56921200000000005}