{"Buckling_Load_Factor": 0.013313, "Max_Shear_Stress/MPa": 0.00014999999999999999, "Max_Shear_Force/KN": 3.5263179999999998, "Utilization": 15.017191, "Max_Tensile_Stress/MPa": 3.8456990000000002, "Max_Bending_Stress/MPa": 5.0000000000000002e-05, "Avg_Displacement/mm": 27.005796, "Max_Displacement/mm": 96.534893999999994, "Max_Principal_Stress/MPa": 0.036944999999999999, "Interstorey_Drift_Failure": ["True"], "Avg_Shear_Force/KN": 0.49426799999999999, "Avg_Bending_Moment/KNm": 0.14480299999999999, "Max_Bending_Moment/KNm": 0.83538100000000004, "Interstorey_Drift_Ratios": ["0.01070464h"], "Max_Compresive_Stress/MPa": -1.2724040000000001}