{"Buckling_Load_Factor": 15.980513, "Max_Shear_Stress/MPa": 0.00014999999999999999, "Max_Shear_Force/KN": 2.5927349999999998, "Utilization": 3.0148350000000002, "Max_Tensile_Stress/MPa": 0.89853899999999998, "Max_Bending_Stress/MPa": 2.3e-05, "Avg_Displacement/mm": 2.0399929999999999, "Max_Displacement/mm": 5.7650499999999996, "Max_Principal_Stress/MPa": 0.011501000000000001, "Interstorey_Drift_Failure": ["False"], "Avg_Shear_Force/KN": 0.281138, "Avg_Bending_Moment/KNm": 0.088104000000000002, "Max_Bending_Moment/KNm": 0.38176900000000002, "Interstorey_Drift_Ratios": ["0.00040962h"], "Max_Compresive_Stress/MPa": -0.39979799999999999}