{"Buckling_Load_Factor": 36.217163999999997, "Max_Shear_Stress/MPa": 0.00014999999999999999, "Max_Shear_Force/KN": 6.3406479999999998, "Utilization": 4.0412100000000004, "Max_Tensile_Stress/MPa": 1.2032069999999999, "Max_Bending_Stress/MPa": 8.5000000000000006e-05, "Avg_Displacement/mm": 3.7317610000000001, "Max_Displacement/mm": 11.609126, "Max_Principal_Stress/MPa": 0.014493000000000001, "Interstorey_Drift_Failure": ["False"], "Avg_Shear_Force/KN": 0.73907400000000001, "Avg_Bending_Moment/KNm": 0.27806399999999998, "Max_Bending_Moment/KNm": 1.424139, "Interstorey_Drift_Ratios": ["0.00109681h"], "Max_Compresive_Stress/MPa": -0.286993}