{"Buckling_Load_Factor": 2.4264030000000001, "Max_Shear_Stress/MPa": 0.0001, "Max_Shear_Force/KN": 3.5661269999999998, "Utilization": 12.417564, "Max_Tensile_Stress/MPa": 2.5759970000000001, "Max_Bending_Stress/MPa": 1.4e-05, "Avg_Displacement/mm": 23.780047, "Max_Displacement/mm": 78.129039000000006, "Max_Principal_Stress/MPa": 0.029413000000000002, "Interstorey_Drift_Failure": [], "Avg_Shear_Force/KN": 0.43208099999999999, "Avg_Bending_Moment/KNm": 0.084707000000000005, "Max_Bending_Moment/KNm": 0.54293400000000003, "Interstorey_Drift_Ratios": [], "Max_Compresive_Stress/MPa": -1.763415}