{"Buckling_Load_Factor": 16.018736000000001, "Max_Shear_Stress/MPa": 0.00014999999999999999, "Max_Shear_Force/KN": 10.425989, "Utilization": 10.095863, "Max_Tensile_Stress/MPa": 2.7063060000000001, "Max_Bending_Stress/MPa": 0.00024699999999999999, "Avg_Displacement/mm": 8.8096230000000002, "Max_Displacement/mm": 31.333012, "Max_Principal_Stress/MPa": 0.023699000000000001, "Interstorey_Drift_Failure": ["False"], "Avg_Shear_Force/KN": 1.2828919999999999, "Avg_Bending_Moment/KNm": 0.56323100000000004, "Max_Bending_Moment/KNm": 4.1230859999999998, "Interstorey_Drift_Ratios": ["0.0034318h"], "Max_Compresive_Stress/MPa": -0.81874400000000003}