{"Buckling_Load_Factor": 22.367483, "Max_Shear_Stress/MPa": 0.00014999999999999999, "Max_Shear_Force/KN": 8.2024779999999993, "Utilization": 7.405227, "Max_Tensile_Stress/MPa": 2.529776, "Max_Bending_Stress/MPa": 0.00018900000000000001, "Avg_Displacement/mm": 7.8307589999999996, "Max_Displacement/mm": 26.378791, "Max_Principal_Stress/MPa": 0.028124, "Interstorey_Drift_Failure": ["False"], "Avg_Shear_Force/KN": 1.051488, "Avg_Bending_Moment/KNm": 0.45257199999999997, "Max_Bending_Moment/KNm": 3.1513049999999998, "Interstorey_Drift_Ratios": ["0.00290825h"], "Max_Compresive_Stress/MPa": -0.81855299999999998}