{"Buckling_Load_Factor": 7.4351510000000003, "Max_Shear_Stress/MPa": 0.0001, "Max_Shear_Force/KN": 3.5818249999999998, "Utilization": 7.4847099999999998, "Max_Tensile_Stress/MPa": 2.1339760000000001, "Max_Bending_Stress/MPa": 3.0000000000000001e-05, "Avg_Displacement/mm": 9.7451760000000007, "Max_Displacement/mm": 26.213771999999999, "Max_Principal_Stress/MPa": 0.022807999999999998, "Interstorey_Drift_Failure": [], "Avg_Shear_Force/KN": 0.52154500000000004, "Avg_Bending_Moment/KNm": 0.16095699999999999, "Max_Bending_Moment/KNm": 1.1327039999999999, "Interstorey_Drift_Ratios": [], "Max_Compresive_Stress/MPa": -0.72825399999999996}