{"Buckling_Load_Factor": 54.121611999999999, "Max_Shear_Stress/MPa": 0.00014999999999999999, "Max_Shear_Force/KN": 7.897602, "Utilization": 5.506329, "Max_Tensile_Stress/MPa": 1.5697620000000001, "Max_Bending_Stress/MPa": 0.00012400000000000001, "Avg_Displacement/mm": 4.306057, "Max_Displacement/mm": 10.830724999999999, "Max_Principal_Stress/MPa": 0.020486999999999998, "Interstorey_Drift_Failure": ["False"], "Avg_Shear_Force/KN": 0.77171299999999998, "Avg_Bending_Moment/KNm": 0.28126299999999999, "Max_Bending_Moment/KNm": 2.0701480000000001, "Interstorey_Drift_Ratios": ["0.00091154h"], "Max_Compresive_Stress/MPa": -0.55307099999999998}