{"Buckling_Load_Factor": 2.3413430000000002, "Max_Shear_Stress/MPa": 0.00014999999999999999, "Max_Shear_Force/KN": 2.0147629999999999, "Utilization": 8.8604190000000003, "Max_Tensile_Stress/MPa": 2.7291799999999999, "Max_Bending_Stress/MPa": 2.6999999999999999e-05, "Avg_Displacement/mm": 17.711569999999998, "Max_Displacement/mm": 46.692718999999997, "Max_Principal_Stress/MPa": 0.028941000000000001, "Interstorey_Drift_Failure": ["False"], "Avg_Shear_Force/KN": 0.40645900000000001, "Avg_Bending_Moment/KNm": 0.088780999999999999, "Max_Bending_Moment/KNm": 0.45229900000000001, "Interstorey_Drift_Ratios": ["0.00534259h"], "Max_Compresive_Stress/MPa": -1.0439689999999999}