{"Buckling_Load_Factor": 4.3157709999999998, "Max_Shear_Stress/MPa": 0.0001, "Max_Shear_Force/KN": 5.1625930000000002, "Utilization": 16.986073999999999, "Max_Tensile_Stress/MPa": 4.2503830000000002, "Max_Bending_Stress/MPa": 3.8000000000000002e-05, "Avg_Displacement/mm": 18.409257, "Max_Displacement/mm": 65.121489999999994, "Max_Principal_Stress/MPa": 0.031343999999999997, "Interstorey_Drift_Failure": ["False"], "Avg_Shear_Force/KN": 0.77111799999999997, "Avg_Bending_Moment/KNm": 0.23927300000000001, "Max_Bending_Moment/KNm": 1.428382, "Interstorey_Drift_Ratios": ["0.00759607h"], "Max_Compresive_Stress/MPa": -1.6037459999999999}