{"Buckling_Load_Factor": 2.9429729999999998, "Max_Shear_Stress/MPa": 0.0001, "Max_Shear_Force/KN": 2.1123980000000002, "Utilization": 5.0533710000000003, "Max_Tensile_Stress/MPa": 2.2158519999999999, "Max_Bending_Stress/MPa": 5.7826000000000003e-06, "Avg_Displacement/mm": 10.713336, "Max_Displacement/mm": 36.020839000000002, "Max_Principal_Stress/MPa": 0.023202, "Interstorey_Drift_Failure": [], "Avg_Shear_Force/KN": 0.22694400000000001, "Avg_Bending_Moment/KNm": 0.048302999999999999, "Max_Bending_Moment/KNm": 0.21684700000000001, "Interstorey_Drift_Ratios": [], "Max_Compresive_Stress/MPa": -0.58083499999999999}