{"Buckling_Load_Factor": 6.5704200000000004, "Max_Shear_Stress/MPa": 0.0001, "Max_Shear_Force/KN": 4.6720629999999996, "Utilization": 8.0430770000000003, "Max_Tensile_Stress/MPa": 2.1318709999999998, "Max_Bending_Stress/MPa": 3.1000000000000001e-05, "Avg_Displacement/mm": 10.302872000000001, "Max_Displacement/mm": 34.390360999999999, "Max_Principal_Stress/MPa": 0.022724000000000001, "Interstorey_Drift_Failure": [], "Avg_Shear_Force/KN": 0.67868799999999996, "Avg_Bending_Moment/KNm": 0.210206, "Max_Bending_Moment/KNm": 1.1672359999999999, "Interstorey_Drift_Ratios": [], "Max_Compresive_Stress/MPa": -0.58713000000000004}