{"Buckling_Load_Factor": 7.0396559999999999, "Max_Shear_Stress/MPa": 0.0001, "Max_Shear_Force/KN": 5.343299, "Utilization": 11.736514, "Max_Tensile_Stress/MPa": 3.1003479999999999, "Max_Bending_Stress/MPa": 4.1999999999999998e-05, "Avg_Displacement/mm": 10.565208, "Max_Displacement/mm": 37.753379000000002, "Max_Principal_Stress/MPa": 0.022924, "Interstorey_Drift_Failure": ["False"], "Avg_Shear_Force/KN": 0.65373899999999996, "Avg_Bending_Moment/KNm": 0.199242, "Max_Bending_Moment/KNm": 1.5578639999999999, "Interstorey_Drift_Ratios": ["0.00419921h"], "Max_Compresive_Stress/MPa": -0.94538199999999994}