{"Buckling_Load_Factor": 24.279664, "Max_Shear_Stress/MPa": 0.00014999999999999999, "Max_Shear_Force/KN": 6.4643969999999999, "Utilization": 9.8094619999999999, "Max_Tensile_Stress/MPa": 2.5371640000000002, "Max_Bending_Stress/MPa": 0.00013200000000000001, "Avg_Displacement/mm": 8.8051429999999993, "Max_Displacement/mm": 25.219528, "Max_Principal_Stress/MPa": 0.021604000000000002, "Interstorey_Drift_Failure": ["False"], "Avg_Shear_Force/KN": 1.205505, "Avg_Bending_Moment/KNm": 0.50839299999999998, "Max_Bending_Moment/KNm": 2.1994120000000001, "Interstorey_Drift_Ratios": ["0.00227723h"], "Max_Compresive_Stress/MPa": -0.93797699999999995}