{"Buckling_Load_Factor": 2.5614910000000002, "Max_Shear_Stress/MPa": 0.0001, "Max_Shear_Force/KN": 4.1546979999999998, "Utilization": 12.645792, "Max_Tensile_Stress/MPa": 3.4786969999999999, "Max_Bending_Stress/MPa": 1.9000000000000001e-05, "Avg_Displacement/mm": 29.256184999999999, "Max_Displacement/mm": 96.307513, "Max_Principal_Stress/MPa": 0.036152999999999998, "Interstorey_Drift_Failure": ["True"], "Avg_Shear_Force/KN": 0.44394299999999998, "Avg_Bending_Moment/KNm": 0.090140999999999999, "Max_Bending_Moment/KNm": 0.72497800000000001, "Interstorey_Drift_Ratios": ["0.01038031h"], "Max_Compresive_Stress/MPa": -1.73895}