{"Buckling_Load_Factor": 4.8396210000000002, "Max_Shear_Stress/MPa": 0.0001, "Max_Shear_Force/KN": 2.460213, "Utilization": 9.1750089999999993, "Max_Tensile_Stress/MPa": 2.378809, "Max_Bending_Stress/MPa": 1.2999999999999999e-05, "Avg_Displacement/mm": 14.983197000000001, "Max_Displacement/mm": 38.100431999999998, "Max_Principal_Stress/MPa": 0.022751, "Interstorey_Drift_Failure": ["False"], "Avg_Shear_Force/KN": 0.35506599999999999, "Avg_Bending_Moment/KNm": 0.10052999999999999, "Max_Bending_Moment/KNm": 0.49204300000000001, "Interstorey_Drift_Ratios": ["0.00376532h"], "Max_Compresive_Stress/MPa": -1.0442130000000001}