{"Buckling_Load_Factor": 11.22325, "Max_Shear_Stress/MPa": 0.00014999999999999999, "Max_Shear_Force/KN": 12.998964000000001, "Utilization": 10.885109999999999, "Max_Tensile_Stress/MPa": 2.8386589999999998, "Max_Bending_Stress/MPa": 0.00027300000000000002, "Avg_Displacement/mm": 8.9948700000000006, "Max_Displacement/mm": 29.244499000000001, "Max_Principal_Stress/MPa": 0.021224, "Interstorey_Drift_Failure": ["False"], "Avg_Shear_Force/KN": 1.389956, "Avg_Bending_Moment/KNm": 0.627193, "Max_Bending_Moment/KNm": 4.5540149999999997, "Interstorey_Drift_Ratios": ["0.00298919h"], "Max_Compresive_Stress/MPa": -1.0397099999999999}