{"Buckling_Load_Factor": 11.086611, "Max_Shear_Stress/MPa": 0.00014999999999999999, "Max_Shear_Force/KN": 3.4303859999999999, "Utilization": 5.783531, "Max_Tensile_Stress/MPa": 1.492183, "Max_Bending_Stress/MPa": 5.1999999999999997e-05, "Avg_Displacement/mm": 4.7905579999999999, "Max_Displacement/mm": 12.46626, "Max_Principal_Stress/MPa": 0.014326999999999999, "Interstorey_Drift_Failure": ["False"], "Avg_Shear_Force/KN": 0.41970099999999999, "Avg_Bending_Moment/KNm": 0.12884699999999999, "Max_Bending_Moment/KNm": 0.87431999999999999, "Interstorey_Drift_Ratios": ["0.00119703h"], "Max_Compresive_Stress/MPa": -0.36335299999999998}