{"Buckling_Load_Factor": 0.94384100000000004, "Max_Shear_Stress/MPa": 0.0001, "Max_Shear_Force/KN": 13.737596999999999, "Utilization": 20.204197000000001, "Max_Tensile_Stress/MPa": 5.1300879999999998, "Max_Bending_Stress/MPa": 2.8e-05, "Avg_Displacement/mm": 33.638834000000003, "Max_Displacement/mm": 125.201622, "Max_Principal_Stress/MPa": 0.032974000000000003, "Interstorey_Drift_Failure": [], "Avg_Shear_Force/KN": 0.49262400000000001, "Avg_Bending_Moment/KNm": 0.093190999999999996, "Max_Bending_Moment/KNm": 1.0559639999999999, "Interstorey_Drift_Ratios": [], "Max_Compresive_Stress/MPa": -1.9410430000000001}