{"Buckling_Load_Factor": 4.7608990000000002, "Max_Shear_Stress/MPa": 0.0001, "Max_Shear_Force/KN": 5.7669519999999999, "Utilization": 11.232106, "Max_Tensile_Stress/MPa": 3.0319440000000002, "Max_Bending_Stress/MPa": 4.6e-05, "Avg_Displacement/mm": 15.701617000000001, "Max_Displacement/mm": 44.550826000000001, "Max_Principal_Stress/MPa": 0.026176000000000001, "Interstorey_Drift_Failure": [], "Avg_Shear_Force/KN": 0.94372699999999998, "Avg_Bending_Moment/KNm": 0.26903199999999999, "Max_Bending_Moment/KNm": 1.7423439999999999, "Interstorey_Drift_Ratios": [], "Max_Compresive_Stress/MPa": -0.74146999999999996}