{"Buckling_Load_Factor": 3.320729, "Max_Shear_Stress/MPa": 0.00014999999999999999, "Max_Shear_Force/KN": 3.4500160000000002, "Utilization": 11.649758, "Max_Tensile_Stress/MPa": 3.1759469999999999, "Max_Bending_Stress/MPa": 2.9e-05, "Avg_Displacement/mm": 11.701485, "Max_Displacement/mm": 40.283062000000001, "Max_Principal_Stress/MPa": 0.023675999999999999, "Interstorey_Drift_Failure": ["False"], "Avg_Shear_Force/KN": 0.36670000000000003, "Avg_Bending_Moment/KNm": 0.076132000000000005, "Max_Bending_Moment/KNm": 0.47732000000000002, "Interstorey_Drift_Ratios": ["0.00418888h"], "Max_Compresive_Stress/MPa": -1.0365850000000001}