{"Buckling_Load_Factor": 14.88852, "Max_Shear_Stress/MPa": 0.00014999999999999999, "Max_Shear_Force/KN": 4.1812079999999998, "Utilization": 6.0547009999999997, "Max_Tensile_Stress/MPa": 2.0255359999999998, "Max_Bending_Stress/MPa": 5.1999999999999997e-05, "Avg_Displacement/mm": 6.4422160000000002, "Max_Displacement/mm": 22.705428000000001, "Max_Principal_Stress/MPa": 0.023276000000000002, "Interstorey_Drift_Failure": ["False"], "Avg_Shear_Force/KN": 0.50287700000000002, "Avg_Bending_Moment/KNm": 0.13239899999999999, "Max_Bending_Moment/KNm": 0.87273199999999995, "Interstorey_Drift_Ratios": ["0.00208218h"], "Max_Compresive_Stress/MPa": -0.50584300000000004}