{"Buckling_Load_Factor": 3.5578569999999998, "Max_Shear_Stress/MPa": 0.00014999999999999999, "Max_Shear_Force/KN": 10.512748, "Utilization": 13.908416000000001, "Max_Tensile_Stress/MPa": 3.6387510000000001, "Max_Bending_Stress/MPa": 0.000146, "Avg_Displacement/mm": 20.749737, "Max_Displacement/mm": 68.339979, "Max_Principal_Stress/MPa": 0.030988999999999999, "Interstorey_Drift_Failure": ["False"], "Avg_Shear_Force/KN": 1.121621, "Avg_Bending_Moment/KNm": 0.42488100000000001, "Max_Bending_Moment/KNm": 2.4293960000000001, "Interstorey_Drift_Ratios": ["0.00797136h"], "Max_Compresive_Stress/MPa": -1.0052760000000001}