{"Buckling_Load_Factor": 1.0875030000000001, "Max_Shear_Stress/MPa": 0.0001, "Max_Shear_Force/KN": 3.8828839999999998, "Utilization": 10.227486000000001, "Max_Tensile_Stress/MPa": 2.65916, "Max_Bending_Stress/MPa": 9.3123000000000006e-06, "Avg_Displacement/mm": 14.127761, "Max_Displacement/mm": 44.288496000000002, "Max_Principal_Stress/MPa": 0.020129999999999999, "Interstorey_Drift_Failure": [], "Avg_Shear_Force/KN": 0.256324, "Avg_Bending_Moment/KNm": 0.057598999999999997, "Max_Bending_Moment/KNm": 0.34921000000000002, "Interstorey_Drift_Ratios": [], "Max_Compresive_Stress/MPa": -0.77553000000000005}