{"Buckling_Load_Factor": 34.089046000000003, "Max_Shear_Stress/MPa": 0.0001, "Max_Shear_Force/KN": 6.3211639999999996, "Utilization": 9.0509640000000005, "Max_Tensile_Stress/MPa": 2.3778320000000002, "Max_Bending_Stress/MPa": 4.0000000000000003e-05, "Avg_Displacement/mm": 6.4193949999999997, "Max_Displacement/mm": 16.009015999999999, "Max_Principal_Stress/MPa": 0.017689, "Interstorey_Drift_Failure": [], "Avg_Shear_Force/KN": 1.011206, "Avg_Bending_Moment/KNm": 0.39907300000000001, "Max_Bending_Moment/KNm": 1.5042660000000001, "Interstorey_Drift_Ratios": [], "Max_Compresive_Stress/MPa": -0.65524800000000005}