{"attributes": {"name": "Mesh"}, "dva": {"x": 0.0, "y": 0.0, "z": 0.0}, "dea": {}, "dfa": {}, "vertex": {"0": {"x": 0.0, "y": 0.0, "z": 0.0}, "1": {"x": 0.0, "y": 1.0, "z": 0.0}, "2": {"x": 0.0, "y": 2.0, "z": 0.0}, "3": {"x": 0.0, "y": 3.0, "z": 0.0}, "4": {"x": 0.0, "y": 4.0, "z": 0.0}, "5": {"x": 0.0, "y": 5.0, "z": 0.0}, "6": {"x": 0.0, "y": 6.0, "z": 0.0}, "7": {"x": 0.0, "y": 7.0, "z": 0.0}, "8": {"x": 0.0, "y": 8.0, "z": 0.0}, "9": {"x": 0.0, "y": 9.0, "z": 0.0}, "10": {"x": 0.0, "y": 10.0, "z": 0.0}, "11": {"x": 0.0, "y": 11.0, "z": 0.0}, "12": {"x": 0.0, "y": 12.0, "z": 0.0}, "13": {"x": 0.0, "y": 13.0, "z": 0.0}, "14": {"x": 0.0, "y": 14.0, "z": 0.0}, "15": {"x": 0.0, "y": 15.0, "z": 0.0}, "16": {"x": 1.0, "y": 0.0, "z": 0.0}, "17": {"x": 1.0, "y": 1.0, "z": 0.3142009325142732}, "18": {"x": 1.0, "y": 2.0000000000000004, "z": 0.5432528856918701}, "19": {"x": 1.0, "y": 3.0000000000000004, "z": 0.6727770763147607}, "20": {"x": 1.0000000000000007, "y": 4.000000000000002, "z": 0.8790211666834016}, "21": {"x": 1.000000000000001, "y": 5.000000000000003, "z": 0.8612311294926811}, "22": {"x": 1.0000000000000018, "y": 6.000000000000005, "z": 0.7085617310690734}, "23": {"x": 1.000000000000001, "y": 7.000000000000002, "z": 0.9013507716256017}, "24": {"x": 1.0000000000000007, "y": 8.000000000000002, "z": 0.9302007617600948}, "25": {"x": 1.0, "y": 9.0, "z": 0.7704695763317315}, "26": {"x": 0.9999999999999993, "y": 9.999999999999995, "z": 0.5930625240508332}, "27": {"x": 0.9999999999999998, "y": 10.999999999999998, "z": 0.6027063556252602}, "28": {"x": 1.0000000000000002, "y": 12.000000000000004, "z": 0.6141648056971515}, "29": {"x": 1.0000000000000002, "y": 13.000000000000002, "z": 0.40068973649832823}, "30": {"x": 1.0, "y": 14.0, "z": 0.30561386627397724}, "31": {"x": 1.0, "y": 15.0, "z": 0.0}, "32": {"x": 2.0, "y": 0.0, "z": 0.0}, "33": {"x": 1.9999999999999998, "y": 1.0, "z": 0.50963149923876}, "34": {"x": 1.9999999999999998, "y": 2.0, "z": 0.8897372376421504}, "35": {"x": 2.0, "y": 2.9999999999999996, "z": 1.1217444350042933}, "36": {"x": 2.0000000000000013, "y": 4.000000000000001, "z": 1.4328625740505954}, "37": {"x": 2.0000000000000018, "y": 5.000000000000003, "z": 1.4319117758712263}, "38": {"x": 2.0000000000000027, "y": 6.000000000000005, "z": 1.2521008159242057}, "39": {"x": 2.0000000000000018, "y": 7.000000000000002, "z": 1.5048977400341152}, "40": {"x": 2.0000000000000004, "y": 8.0, "z": 1.5372561613198692}, "41": {"x": 2.0, "y": 8.999999999999996, "z": 1.3129769831185674}, "42": {"x": 1.9999999999999996, "y": 9.999999999999995, "z": 1.058180206296826}, "43": {"x": 1.9999999999999996, "y": 10.999999999999995, "z": 1.0377253216790296}, "44": {"x": 2.0, "y": 12.000000000000002, "z": 1.014241280317557}, "45": {"x": 2.000000000000001, "y": 13.000000000000004, "z": 0.6809840066277238}, "46": {"x": 2.0000000000000004, "y": 14.000000000000002, "z": 0.48259028217794964}, "47": {"x": 2.0, "y": 15.0, "z": 0.0}, "48": {"x": 3.0, "y": 0.0, "z": 0.0}, "49": {"x": 2.999999999999999, "y": 0.9999999999999998, "z": 0.5869675596098438}, "50": {"x": 2.9999999999999996, "y": 1.9999999999999998, "z": 1.0386576539902994}, "51": {"x": 3.000000000000001, "y": 2.9999999999999996, "z": 1.3612896392423846}, "52": {"x": 3.0000000000000013, "y": 4.000000000000001, "z": 1.5895774597614682}, "53": {"x": 3.000000000000002, "y": 5.000000000000002, "z": 1.6838912830376196}, "54": {"x": 3.0000000000000036, "y": 6.000000000000003, "z": 1.645288073036245}, "55": {"x": 3.0000000000000027, "y": 7.000000000000002, "z": 1.7724357960121946}, "56": {"x": 3.0000000000000018, "y": 8.0, "z": 1.7686978709648675}, "57": {"x": 3.0000000000000004, "y": 8.999999999999996, "z": 1.6297061103650379}, "58": {"x": 2.999999999999999, "y": 9.999999999999991, "z": 1.4035120644283967}, "59": {"x": 2.999999999999999, "y": 10.999999999999993, "z": 1.3072135548450114}, "60": {"x": 3.0, "y": 12.0, "z": 1.1449753307057937}, "61": {"x": 3.0000000000000013, "y": 13.000000000000002, "z": 0.8491541489472157}, "62": {"x": 3.0000000000000013, "y": 14.000000000000004, "z": 0.4993188113656527}, "63": {"x": 3.0, "y": 15.0, "z": 0.0}, "64": {"x": 4.0, "y": 0.0, "z": 0.0}, "65": {"x": 3.9999999999999987, "y": 1.0, "z": 0.7343725174656907}, "66": {"x": 4.000000000000001, "y": 2.000000000000001, "z": 1.2927958913304156}, "67": {"x": 4.000000000000001, "y": 3.000000000000001, "z": 1.5991661732043023}, "68": {"x": 4.000000000000003, "y": 4.000000000000002, "z": 2.2885949735400626}, "69": {"x": 4.000000000000004, "y": 5.0000000000000036, "z": 2.146872843224823}, "70": {"x": 4.000000000000006, "y": 6.000000000000004, "z": 1.829684107575949}, "71": {"x": 4.000000000000004, "y": 7.000000000000002, "z": 2.289506721486545}, "72": {"x": 4.000000000000002, "y": 8.0, "z": 2.3736198235443355}, "73": {"x": 3.999999999999999, "y": 8.999999999999993, "z": 1.9259804487718768}, "74": {"x": 3.999999999999998, "y": 9.99999999999999, "z": 1.5634397553670902}, "75": {"x": 3.999999999999999, "y": 10.999999999999996, "z": 1.5254296218170342}, "76": {"x": 4.0, "y": 11.999999999999996, "z": 1.6335947633191676}, "77": {"x": 4.000000000000002, "y": 13.000000000000004, "z": 0.9800897653433818}, "78": {"x": 4.000000000000001, "y": 14.0, "z": 0.7691924404346632}, "79": {"x": 4.0, "y": 15.0, "z": 0.0}, "80": {"x": 5.0, "y": 0.0, "z": 0.0}, "81": {"x": 4.999999999999999, "y": 1.0000000000000002, "z": 0.7261076301299313}, "82": {"x": 5.000000000000002, "y": 2.000000000000001, "z": 1.2786437314843289}, "83": {"x": 5.0000000000000036, "y": 3.000000000000002, "z": 1.6337276948243178}, "84": {"x": 5.000000000000005, "y": 4.000000000000003, "z": 2.0698546193108243}, "85": {"x": 5.000000000000005, "y": 5.0000000000000036, "z": 2.1116143911454195}, "86": {"x": 5.000000000000008, "y": 6.000000000000006, "z": 1.915689341652049}, "87": {"x": 5.000000000000005, "y": 7.000000000000003, "z": 2.2338383582574304}, "88": {"x": 5.000000000000003, "y": 7.999999999999999, "z": 2.266903712844998}, "89": {"x": 5.0, "y": 8.999999999999993, "z": 1.9720943009937764}, "90": {"x": 4.999999999999998, "y": 9.999999999999991, "z": 1.6353910572904493}, "91": {"x": 4.999999999999999, "y": 10.999999999999995, "z": 1.5678430674316286}, "92": {"x": 5.0, "y": 11.999999999999996, "z": 1.4872153535362929}, "93": {"x": 5.000000000000002, "y": 13.0, "z": 1.0107262094900724}, "94": {"x": 5.0, "y": 13.999999999999996, "z": 0.6876708109802196}, "95": {"x": 5.0, "y": 15.0, "z": 0.0}, "96": {"x": 6.0, "y": 0.0, "z": 0.0}, "97": {"x": 6.000000000000001, "y": 1.0000000000000009, "z": 0.6162653994183309}, "98": {"x": 6.000000000000003, "y": 2.000000000000002, "z": 1.0998300340182177}, "99": {"x": 6.000000000000004, "y": 3.0000000000000036, "z": 1.4580942542079487}, "100": {"x": 6.000000000000006, "y": 4.000000000000005, "z": 1.7008823897039862}, "101": {"x": 6.000000000000006, "y": 5.000000000000005, "z": 1.8282443913262418}, "102": {"x": 6.000000000000009, "y": 6.000000000000008, "z": 1.8373771167778865}, "103": {"x": 6.000000000000006, "y": 7.000000000000004, "z": 1.9391288213883715}, "104": {"x": 6.000000000000005, "y": 8.000000000000002, "z": 1.9270482461343488}, "105": {"x": 6.000000000000003, "y": 8.999999999999998, "z": 1.7986350918016745}, "106": {"x": 5.999999999999999, "y": 9.999999999999991, "z": 1.581413000692229}, "107": {"x": 5.999999999999998, "y": 10.999999999999993, "z": 1.4484947428932493}, "108": {"x": 6.0, "y": 11.999999999999996, "z": 1.2436699151662998}, "109": {"x": 6.000000000000002, "y": 13.000000000000002, "z": 0.9256442942856383}, "110": {"x": 6.000000000000003, "y": 14.000000000000004, "z": 0.5263201495516981}, "111": {"x": 6.0, "y": 15.0, "z": 0.0}, "112": {"x": 7.0, "y": 0.0, "z": 0.0}, "113": {"x": 7.000000000000002, "y": 1.000000000000001, "z": 0.5636890426711891}, "114": {"x": 7.000000000000004, "y": 2.0000000000000027, "z": 1.0006212834862784}, "115": {"x": 7.000000000000006, "y": 3.000000000000004, "z": 1.312539988262449}, "116": {"x": 7.000000000000007,