{"attributes": {"name": "Mesh"}, "dva": {"x": 0.0, "y": 0.0, "z": 0.0}, "dea": {}, "dfa": {}, "vertex": {"0": {"x": 0.0, "y": 0.0, "z": 0.0}, "1": {"x": 0.0, "y": 1.0, "z": 0.0}, "2": {"x": 0.0, "y": 2.0, "z": 0.0}, "3": {"x": 0.0, "y": 3.0, "z": 0.0}, "4": {"x": 0.0, "y": 4.0, "z": 0.0}, "5": {"x": 0.0, "y": 5.0, "z": 0.0}, "6": {"x": 0.0, "y": 6.0, "z": 0.0}, "7": {"x": 0.0, "y": 7.0, "z": 0.0}, "8": {"x": 0.0, "y": 8.0, "z": 0.0}, "9": {"x": 0.0, "y": 9.0, "z": 0.0}, "10": {"x": 0.0, "y": 10.0, "z": 0.0}, "11": {"x": 0.0, "y": 11.0, "z": 0.0}, "12": {"x": 0.0, "y": 12.0, "z": 0.0}, "13": {"x": 0.0, "y": 13.0, "z": 0.0}, "14": {"x": 0.0, "y": 14.0, "z": 0.0}, "15": {"x": 0.0, "y": 15.0, "z": 0.0}, "16": {"x": 1.0, "y": 0.0, "z": 0.0}, "17": {"x": 1.0000000000000004, "y": 1.0000000000000013, "z": 0.07815733518079426}, "18": {"x": 1.0000000000000004, "y": 2.000000000000002, "z": 0.11120514130091183}, "19": {"x": 1.0000000000000009, "y": 3.000000000000003, "z": 0.11268538859915186}, "20": {"x": 1.0000000000000016, "y": 4.000000000000004, "z": 0.15617336547726193}, "21": {"x": 1.0000000000000022, "y": 5.000000000000007, "z": 0.1939212481416288}, "22": {"x": 1.0000000000000024, "y": 6.000000000000007, "z": 0.19974844421600732}, "23": {"x": 1.0000000000000022, "y": 7.000000000000008, "z": 0.22407679983838044}, "24": {"x": 1.0000000000000022, "y": 8.00000000000001, "z": 0.20973303325585038}, "25": {"x": 1.0000000000000022, "y": 9.000000000000012, "z": 0.1902598255178852}, "26": {"x": 1.0000000000000022, "y": 10.000000000000014, "z": 0.20585573105827698}, "27": {"x": 1.0000000000000018, "y": 11.00000000000001, "z": 0.19113805164045208}, "28": {"x": 1.0000000000000016, "y": 12.000000000000007, "z": 0.1785249757567505}, "29": {"x": 1.0000000000000013, "y": 13.000000000000007, "z": 0.15933210327254482}, "30": {"x": 1.0000000000000007, "y": 14.000000000000004, "z": 0.09511162176799841}, "31": {"x": 1.0, "y": 15.0, "z": 0.0}, "32": {"x": 2.0, "y": 0.0, "z": 0.0}, "33": {"x": 2.0, "y": 1.000000000000002, "z": 0.06349338619686319}, "34": {"x": 2.0000000000000004, "y": 2.0000000000000036, "z": 0.11902684577255679}, "35": {"x": 2.0000000000000018, "y": 3.000000000000006, "z": 0.1654058158301168}, "36": {"x": 2.0000000000000027, "y": 4.000000000000009, "z": 0.2054848452767606}, "37": {"x": 2.0000000000000044, "y": 5.000000000000013, "z": 0.2360043455803731}, "38": {"x": 2.0000000000000053, "y": 6.000000000000016, "z": 0.2577957175933078}, "39": {"x": 2.000000000000005, "y": 7.000000000000016, "z": 0.2682536178777652}, "40": {"x": 2.000000000000005, "y": 8.000000000000016, "z": 0.2704318538168421}, "41": {"x": 2.000000000000004, "y": 9.000000000000014, "z": 0.26268714085689093}, "42": {"x": 2.000000000000004, "y": 10.000000000000014, "z": 0.24514154645576175}, "43": {"x": 2.0000000000000036, "y": 11.000000000000012, "z": 0.21860434674893656}, "44": {"x": 2.000000000000003, "y": 12.000000000000012, "z": 0.17975934738742852}, "45": {"x": 2.0000000000000027, "y": 13.000000000000012, "z": 0.1285160359971607}, "46": {"x": 2.0000000000000013, "y": 14.000000000000007, "z": 0.06926649951389595}, "47": {"x": 2.0, "y": 15.0, "z": 0.0}, "48": {"x": 3.0, "y": 0.0, "z": 0.0}, "49": {"x": 3.0000000000000004, "y": 1.000000000000002, "z": 0.12042315251602895}, "50": {"x": 3.0000000000000013, "y": 2.0000000000000044, "z": 0.1896116761591476}, "51": {"x": 3.0000000000000027, "y": 3.0000000000000075, "z": 0.21279145232598223}, "52": {"x": 3.000000000000004, "y": 4.00000000000001, "z": 0.2869711942045958}, "53": {"x": 3.0000000000000053, "y": 5.0000000000000115, "z": 0.34714787967620914}, "54": {"x": 3.0000000000000067, "y": 6.000000000000013, "z": 0.3671525622585231}, "55": {"x": 3.000000000000007, "y": 7.000000000000017, "z": 0.3977820516680252}, "56": {"x": 3.000000000000007, "y": 8.000000000000018, "z": 0.38338906779597415}, "57": {"x": 3.000000000000006, "y": 9.000000000000018, "z": 0.3554489300951062}, "58": {"x": 3.0000000000000058, "y": 10.00000000000002, "z": 0.3689890295605812}, "59": {"x": 3.0000000000000053, "y": 11.000000000000018, "z": 0.344775736647797}, "60": {"x": 3.0000000000000044, "y": 12.000000000000016, "z": 0.31252737128622576}, "61": {"x": 3.000000000000003, "y": 13.000000000000012, "z": 0.2572307598830071}, "62": {"x": 3.0000000000000013, "y": 14.000000000000005, "z": 0.15208653765306276}, "63": {"x": 3.0, "y": 15.0, "z": 0.0}, "64": {"x": 4.0, "y": 0.0, "z": 0.0}, "65": {"x": 4.000000000000001, "y": 1.0000000000000024, "z": 0.20173725063398518}, "66": {"x": 4.000000000000001, "y": 2.000000000000005, "z": 0.23484061205422616}, "67": {"x": 4.0000000000000036, "y": 3.0000000000000075, "z": 0.19548233160026998}, "68": {"x": 4.000000000000006, "y": 4.000000000000012, "z": 0.2809800578099011}, "69": {"x": 4.000000000000006, "y": 5.000000000000013, "z": 0.36869966151641176}, "70": {"x": 4.000000000000008, "y": 6.000000000000016, "z": 0.3522870442888293}, "71": {"x": 4.000000000000007, "y": 7.000000000000016, "z": 0.433818624543501}, "72": {"x": 4.000000000000006, "y": 8.000000000000018, "z": 0.3745545621663954}, "73": {"x": 4.000000000000008, "y": 9.00000000000002, "z": 0.3234640722440177}, "74": {"x": 4.000000000000007, "y": 10.00000000000002, "z": 0.3818803675622462}, "75": {"x": 4.000000000000009, "y": 11.000000000000021, "z": 0.3391349014360125}, "76": {"x": 4.000000000000008, "y": 12.000000000000018, "z": 0.3341331162266113}, "77": {"x": 4.000000000000005, "y": 13.000000000000012, "z": 0.36120219091864336}, "78": {"x": 4.0000000000000036, "y": 14.000000000000009, "z": 0.2125660821370561}, "79": {"x": 4.0, "y": 15.0, "z": 0.0}, "80": {"x": 5.0, "y": 0.0, "z": 0.0}, "81": {"x": 5.000000000000002, "y": 1.0000000000000027, "z": 0.04583829530794567}, "82": {"x": 5.000000000000003, "y": 2.000000000000006, "z": 0.08844006769351558}, "83": {"x": 5.000000000000005, "y": 3.0000000000000098, "z": 0.12648893673849404}, "84": {"x": 5.000000000000008, "y": 4.000000000000013, "z": 0.15246387259129252}, "85": {"x": 5.00000000000001, "y": 5.000000000000016, "z": 0.1714268109360384}, "86": {"x": 5.000000000000008, "y": 6.000000000000018, "z": 0.18588532501390595}, "87": {"x": 5.000000000000007, "y": 7.0000000000000195, "z": 0.19108075993445683}, "88": {"x": 5.000000000000009, "y": 8.000000000000021, "z": 0.1924123622506838}, "89": {"x": 5.000000000000011, "y": 9.000000000000025, "z": 0.18660088426999222}, "90": {"x": 5.000000000000012, "y": 10.000000000000025, "z": 0.16951107758246794}, "91": {"x": 5.0000000000000115, "y": 11.000000000000023, "z": 0.1477685063074347}, "92": {"x": 5.00000000000001, "y": 12.00000000000002, "z": 0.11853979613735799}, "93": {"x": 5.000000000000007, "y": 13.000000000000016, "z": 0.08267434044466601}, "94": {"x": 5.000000000000004, "y": 14.000000000000009, "z": 0.04359849999035289}, "95": {"x": 5.0, "y": 15.0, "z": 0.0}, "96": {"x": 6.0, "y": 0.0, "z": 0.0}, "97": {"x": 6.0, "y": 1.0000000000000022, "z": 0.06158916555329613}, "98": {"x": 5.999999999999999, "y": 2.0000000000000044, "z": 0.11620990556429456}, "99": {"x": 6.000000000000003, "y": 3.000000000000007, "z": 0.1606532672027508}, "100": {"x": 6.000000000000004, "y": 4.00000000000001, "z": 0.19915182445551227}, "101": {"x": 6.000000000000008, "y": 5.000000000000012, "z": 0.22789527727735745}, "102": {"x": 6.00000000000001, "y": 6.000000000000015, "z": 0.24825271918659006}, "103": {"x": 6.000000000000011, "y": 7.000000000000015, "z": 0.25724211377694967}, "104": {"x": 6.0000000000000115, "y": 8.000000000000016, "z": 0.2587950379266935}, "105": {"x": 6.000000000000007, "y": 9.00000000000001, "z": 0.2503063893905252}, "106": {"x": 6.000000000000007, "y": 10.000000000000009, "z": 0.2338758542221152}, "107": {"x": 6.000000000000005, "y": 11.000000000000007, "z": 0.20907519975084177}, "108": {"x": 6.000000000000004, "y": 12.000000000000005, "z": 0.17260083523006742}, "109": {"x": 6.0000000000000036, "y": 13.000000000000007, "z": 0.12313765161166941}, "110": {"x": 6.000000000000001,