{"attributes": {"name": "Mesh"}, "dva": {"x": 0.0, "y": 0.0, "z": 0.0}, "dea": {}, "dfa": {}, "vertex": {"0": {"x": 0.0, "y": 0.0, "z": 0.0}, "1": {"x": 0.0, "y": 1.0, "z": 0.0}, "2": {"x": 0.0, "y": 2.0, "z": 0.0}, "3": {"x": 0.0, "y": 3.0, "z": 0.0}, "4": {"x": 0.0, "y": 4.0, "z": 0.0}, "5": {"x": 0.0, "y": 5.0, "z": 0.0}, "6": {"x": 0.0, "y": 6.0, "z": 0.0}, "7": {"x": 0.0, "y": 7.0, "z": 0.0}, "8": {"x": 0.0, "y": 8.0, "z": 0.0}, "9": {"x": 0.0, "y": 9.0, "z": 0.0}, "10": {"x": 0.0, "y": 10.0, "z": 0.0}, "11": {"x": 0.0, "y": 11.0, "z": 0.0}, "12": {"x": 0.0, "y": 12.0, "z": 0.0}, "13": {"x": 0.0, "y": 13.0, "z": 0.0}, "14": {"x": 0.0, "y": 14.0, "z": 0.0}, "15": {"x": 0.0, "y": 15.0, "z": 0.0}, "16": {"x": 1.0, "y": 0.0, "z": 0.0}, "17": {"x": 0.9999999999999998, "y": 0.9999999999999997, "z": 0.4103633181869104}, "18": {"x": 0.9999999999999997, "y": 1.9999999999999993, "z": 0.67879573530431}, "19": {"x": 0.9999999999999994, "y": 2.999999999999999, "z": 0.8083282557657987}, "20": {"x": 0.9999999999999991, "y": 3.999999999999999, "z": 0.8426938044770603}, "21": {"x": 0.9999999999999991, "y": 4.999999999999999, "z": 0.7458867404248822}, "22": {"x": 0.9999999999999986, "y": 5.999999999999997, "z": 0.543047688195407}, "23": {"x": 0.9999999999999988, "y": 6.999999999999995, "z": 0.5967529207877836}, "24": {"x": 0.9999999999999993, "y": 7.999999999999996, "z": 0.5522995032916714}, "25": {"x": 0.9999999999999992, "y": 8.999999999999996, "z": 0.5726735575227165}, "26": {"x": 0.9999999999999994, "y": 9.999999999999995, "z": 0.5215440878629097}, "27": {"x": 1.0, "y": 10.999999999999998, "z": 0.37236354056899396}, "28": {"x": 1.0000000000000004, "y": 12.0, "z": 0.3480652622786602}, "29": {"x": 1.0000000000000002, "y": 13.0, "z": 0.3250122292220643}, "30": {"x": 1.0000000000000002, "y": 13.999999999999996, "z": 0.16597973501646668}, "31": {"x": 1.0, "y": 15.0, "z": 0.0}, "32": {"x": 2.0, "y": 0.0, "z": 0.0}, "33": {"x": 1.9999999999999998, "y": 0.9999999999999991, "z": 0.8282317497873305}, "34": {"x": 1.9999999999999991, "y": 1.999999999999998, "z": 1.330022840404261}, "35": {"x": 1.9999999999999991, "y": 2.9999999999999982, "z": 1.5212682667080022}, "36": {"x": 1.999999999999998, "y": 3.999999999999997, "z": 1.5981940968734694}, "37": {"x": 1.9999999999999978, "y": 4.9999999999999964, "z": 1.3830969989667592}, "38": {"x": 1.9999999999999976, "y": 5.999999999999994, "z": 0.9464470786448543}, "39": {"x": 1.9999999999999982, "y": 6.999999999999996, "z": 1.0789840822919416}, "40": {"x": 1.999999999999999, "y": 7.999999999999997, "z": 0.974652718933921}, "41": {"x": 1.9999999999999991, "y": 8.999999999999995, "z": 1.0363388056503937}, "42": {"x": 1.9999999999999996, "y": 9.999999999999996, "z": 0.9537885988793091}, "43": {"x": 2.0000000000000004, "y": 10.999999999999996, "z": 0.6531010851791748}, "44": {"x": 2.0000000000000013, "y": 12.000000000000002, "z": 0.6213992377209957}, "45": {"x": 2.000000000000001, "y": 13.0, "z": 0.6223388234989173}, "46": {"x": 2.0000000000000004, "y": 13.999999999999996, "z": 0.2962599053672974}, "47": {"x": 2.0, "y": 15.0, "z": 0.0}, "48": {"x": 3.0, "y": 0.0, "z": 0.0}, "49": {"x": 3.0, "y": 0.9999999999999996, "z": 1.3955351626470842}, "50": {"x": 2.9999999999999996, "y": 1.999999999999999, "z": 2.4200399219694475}, "51": {"x": 2.9999999999999987, "y": 2.999999999999998, "z": 2.0649337548408795}, "52": {"x": 2.999999999999997, "y": 3.999999999999996, "z": 2.480475696297435}, "53": {"x": 2.999999999999997, "y": 4.9999999999999964, "z": 1.945117517089515}, "54": {"x": 2.999999999999997, "y": 5.999999999999995, "z": 1.1950587671247355}, "55": {"x": 2.9999999999999982, "y": 6.999999999999998, "z": 1.5186462442795874}, "56": {"x": 2.9999999999999982, "y": 7.999999999999998, "z": 1.2527778956624507}, "57": {"x": 3.0, "y": 8.999999999999996, "z": 1.3979787427954804}, "58": {"x": 2.9999999999999996, "y": 9.999999999999996, "z": 1.3321115990761339}, "59": {"x": 3.0000000000000013, "y": 11.0, "z": 0.8364472965332427}, "60": {"x": 3.000000000000002, "y": 12.000000000000002, "z": 0.8115920743014514}, "61": {"x": 3.0000000000000018, "y": 12.999999999999998, "z": 1.120838208585353}, "62": {"x": 3.000000000000001, "y": 13.999999999999998, "z": 0.38478152931939724}, "63": {"x": 3.0, "y": 15.0, "z": 0.0}, "64": {"x": 4.0, "y": 0.0, "z": 0.0}, "65": {"x": 4.0, "y": 0.9999999999999998, "z": 1.3889295096713505}, "66": {"x": 4.000000000000001, "y": 1.9999999999999998, "z": 2.223001263318899}, "67": {"x": 3.999999999999999, "y": 2.999999999999998, "z": 2.2266753790568914}, "68": {"x": 3.9999999999999987, "y": 3.999999999999997, "z": 2.5048740227203066}, "69": {"x": 3.9999999999999973, "y": 4.9999999999999964, "z": 2.098477019227304}, "70": {"x": 3.9999999999999964, "y": 5.999999999999995, "z": 1.3744054020159815}, "71": {"x": 3.9999999999999964, "y": 6.999999999999996, "z": 1.661564000425136}, "72": {"x": 3.9999999999999982, "y": 7.999999999999997, "z": 1.4283118769770857}, "73": {"x": 4.000000000000001, "y": 9.0, "z": 1.554985456956043}, "74": {"x": 4.000000000000001, "y": 9.999999999999996, "z": 1.4618935428459456}, "75": {"x": 4.000000000000002, "y": 11.0, "z": 0.9627484943058965}, "76": {"x": 4.0000000000000036, "y": 12.000000000000004, "z": 0.9184302435712861}, "77": {"x": 4.000000000000003, "y": 13.000000000000004, "z": 1.0788829759661853}, "78": {"x": 4.000000000000001, "y": 13.999999999999998, "z": 0.43079693050229667}, "79": {"x": 4.0, "y": 15.0, "z": 0.0}, "80": {"x": 5.0, "y": 0.0, "z": 0.0}, "81": {"x": 5.0, "y": 0.9999999999999996, "z": 1.1318005070468022}, "82": {"x": 5.0, "y": 1.999999999999999, "z": 1.8504888517303495}, "83": {"x": 4.999999999999999, "y": 2.9999999999999982, "z": 2.0006125310014657}, "84": {"x": 4.999999999999998, "y": 3.9999999999999973, "z": 2.2228324865444704}, "85": {"x": 4.999999999999997, "y": 4.9999999999999964, "z": 1.9662293837798082}, "86": {"x": 4.999999999999995, "y": 5.999999999999995, "z": 1.4481898644344848}, "87": {"x": 4.999999999999996, "y": 6.999999999999995, "z": 1.6465625421285337}, "88": {"x": 4.999999999999999, "y": 7.999999999999999, "z": 1.4789643990601316}, "89": {"x": 5.0, "y": 9.0, "z": 1.5447113224166464}, "90": {"x": 5.0, "y": 9.999999999999998, "z": 1.4307302351294453}, "91": {"x": 5.000000000000002, "y": 11.000000000000002, "z": 1.0157561091679506}, "92": {"x": 5.0000000000000036, "y": 12.000000000000005, "z": 0.934130090172921}, "93": {"x": 5.000000000000002, "y": 13.000000000000002, "z": 0.9565776323169158}, "94": {"x": 5.000000000000001, "y": 14.0, "z": 0.430072416029542}, "95": {"x": 5.0, "y": 15.0, "z": 0.0}, "96": {"x": 6.0, "y": 0.0, "z": 0.0}, "97": {"x": 5.999999999999998, "y": 0.9999999999999988, "z": 0.6211170001188416}, "98": {"x": 5.999999999999997, "y": 1.9999999999999982, "z": 1.0855684351248527}, "99": {"x": 5.9999999999999964, "y": 2.999999999999997, "z": 1.4462105971955714}, "100": {"x": 5.9999999999999964, "y": 3.999999999999995, "z": 1.5651037336506324}, "101": {"x": 5.999999999999997, "y": 4.999999999999996, "z": 1.5638282482749741}, "102": {"x": 5.9999999999999964, "y": 5.9999999999999964, "z": 1.4195240406525418}, "103": {"x": 5.999999999999997, "y": 6.999999999999998, "z": 1.459734886172381}, "104": {"x": 6.000000000000001, "y": 8.000000000000002, "z": 1.4096153567309662}, "105": {"x": 6.000000000000002, "y": 9.000000000000002, "z": 1.3721243025362666}, "106": {"x": 6.000000000000002, "y": 10.000000000000002, "z": 1.2370453149718907}, "107": {"x": 6.000000000000003, "y": 11.000000000000004, "z": 0.9960353768566862}, "108": {"x": 6.000000000000004, "y": 12.000000000000007, "z": 0.8641921336850346}, "109": {"x": 6.0000000000000036, "y": 13.000000000000005, "z": 0.6773204110205827}, "110": {"x": 6.000000000000001, "y": 14.000000000000002, "z": 0.3863563822934352}, "111": {"x": 6.0, "y": 15.0, "z": 0.0}, "112": {"x": 7.0, "y": 0.0, "z": 0.0}, "113": {"x": 6.999999999999997, "y": 0.9999999999999991, "z": 0.8929233038178989}, "114": {"x": 6.999999999999998,