{"attributes": {"name": "Mesh"}, "dva": {"x": 0.0, "y": 0.0, "z": 0.0}, "dea": {}, "dfa": {}, "vertex": {"0": {"x": 0.0, "y": 0.0, "z": 0.0}, "1": {"x": 0.0, "y": 1.0, "z": 0.0}, "2": {"x": 0.0, "y": 2.0, "z": 0.0}, "3": {"x": 0.0, "y": 3.0, "z": 0.0}, "4": {"x": 0.0, "y": 4.0, "z": 0.0}, "5": {"x": 0.0, "y": 5.0, "z": 0.0}, "6": {"x": 0.0, "y": 6.0, "z": 0.0}, "7": {"x": 0.0, "y": 7.0, "z": 0.0}, "8": {"x": 0.0, "y": 8.0, "z": 0.0}, "9": {"x": 0.0, "y": 9.0, "z": 0.0}, "10": {"x": 0.0, "y": 10.0, "z": 0.0}, "11": {"x": 0.0, "y": 11.0, "z": 0.0}, "12": {"x": 0.0, "y": 12.0, "z": 0.0}, "13": {"x": 0.0, "y": 13.0, "z": 0.0}, "14": {"x": 0.0, "y": 14.0, "z": 0.0}, "15": {"x": 0.0, "y": 15.0, "z": 0.0}, "16": {"x": 1.0, "y": 0.0, "z": 0.0}, "17": {"x": 1.0, "y": 1.0000000000000002, "z": 0.10899041017204171}, "18": {"x": 1.0000000000000004, "y": 2.0, "z": 0.2578491436123615}, "19": {"x": 1.0000000000000002, "y": 2.9999999999999996, "z": 0.47370660701090395}, "20": {"x": 1.0, "y": 3.999999999999999, "z": 0.5712530274060036}, "21": {"x": 1.0000000000000002, "y": 4.999999999999998, "z": 0.5568241506473932}, "22": {"x": 1.0, "y": 5.999999999999998, "z": 0.4081738454096442}, "23": {"x": 1.0, "y": 7.000000000000002, "z": 0.352633032595484}, "24": {"x": 1.0000000000000002, "y": 8.0, "z": 0.416844279894172}, "25": {"x": 1.0000000000000004, "y": 9.000000000000004, "z": 0.6077964518899825}, "26": {"x": 1.0000000000000004, "y": 10.000000000000002, "z": 0.5928971002357332}, "27": {"x": 1.0, "y": 11.0, "z": 0.36536590033063077}, "28": {"x": 0.9999999999999994, "y": 11.999999999999993, "z": 0.6751996108882669}, "29": {"x": 0.9999999999999996, "y": 12.999999999999996, "z": 0.2057529783652275}, "30": {"x": 0.9999999999999997, "y": 14.0, "z": 0.6201548689336377}, "31": {"x": 1.0, "y": 15.0, "z": 0.0}, "32": {"x": 2.0, "y": 0.0, "z": 0.0}, "33": {"x": 2.0, "y": 1.0000000000000004, "z": 0.1935976222365614}, "34": {"x": 2.000000000000001, "y": 2.0, "z": 0.43529636379457914}, "35": {"x": 2.0000000000000004, "y": 2.9999999999999996, "z": 0.7157445209615149}, "36": {"x": 2.0000000000000004, "y": 3.999999999999999, "z": 0.8586514581994563}, "37": {"x": 2.0000000000000004, "y": 4.999999999999998, "z": 0.860403777476034}, "38": {"x": 2.0000000000000004, "y": 5.999999999999999, "z": 0.7177842565660649}, "39": {"x": 2.0, "y": 7.0, "z": 0.6484003768893452}, "40": {"x": 2.0000000000000004, "y": 8.0, "z": 0.7339240029539229}, "41": {"x": 2.0000000000000004, "y": 9.000000000000002, "z": 0.907991010902889}, "42": {"x": 2.000000000000001, "y": 10.000000000000005, "z": 0.8790398481694899}, "43": {"x": 1.9999999999999998, "y": 11.0, "z": 0.6464151802104877}, "44": {"x": 1.9999999999999993, "y": 11.999999999999993, "z": 0.72127044724787}, "45": {"x": 1.9999999999999993, "y": 12.999999999999995, "z": 0.3676724358692437}, "46": {"x": 1.9999999999999996, "y": 14.0, "z": 0.42425478428496616}, "47": {"x": 2.0, "y": 15.0, "z": 0.0}, "48": {"x": 3.0, "y": 0.0, "z": 0.0}, "49": {"x": 3.0, "y": 1.0000000000000004, "z": 0.25158074977319456}, "50": {"x": 3.0000000000000013, "y": 2.0000000000000004, "z": 0.5274740792614976}, "51": {"x": 3.0000000000000004, "y": 2.9999999999999996, "z": 0.7903806760855162}, "52": {"x": 3.0000000000000004, "y": 3.9999999999999996, "z": 0.943856671337522}, "53": {"x": 3.000000000000001, "y": 5.0, "z": 0.983939841749936}, "54": {"x": 3.0000000000000004, "y": 5.999999999999998, "z": 0.9164632207915514}, "55": {"x": 3.0, "y": 6.999999999999999, "z": 0.870777686466585}, "56": {"x": 3.0000000000000004, "y": 8.000000000000002, "z": 0.9367920489432097}, "57": {"x": 3.0000000000000004, "y": 9.0, "z": 1.0271158645942358}, "58": {"x": 2.9999999999999996, "y": 9.999999999999998, "z": 0.9846043916891135}, "59": {"x": 2.9999999999999996, "y": 10.999999999999998, "z": 0.8087395580733717}, "60": {"x": 2.999999999999999, "y": 11.999999999999996, "z": 0.7353589515506025}, "61": {"x": 2.9999999999999996, "y": 12.999999999999993, "z": 0.46628635231853455}, "62": {"x": 2.9999999999999996, "y": 13.999999999999996, "z": 0.3375327644050275}, "63": {"x": 3.0, "y": 15.0, "z": 0.0}, "64": {"x": 4.0, "y": 0.0, "z": 0.0}, "65": {"x": 4.0, "y": 1.0000000000000004, "z": 0.2826924340398901}, "66": {"x": 4.000000000000001, "y": 2.0000000000000004, "z": 0.5461859376098579}, "67": {"x": 4.000000000000001, "y": 3.0, "z": 0.7519196633703819}, "68": {"x": 4.000000000000002, "y": 4.000000000000001, "z": 0.8965552240587024}, "69": {"x": 4.000000000000002, "y": 5.000000000000001, "z": 0.980636968139209}, "70": {"x": 4.000000000000001, "y": 6.0, "z": 1.0097867995562844}, "71": {"x": 3.999999999999999, "y": 6.999999999999998, "z": 1.0090985608379601}, "72": {"x": 3.9999999999999996, "y": 7.999999999999999, "z": 1.0331354678634288}, "73": {"x": 4.0, "y": 8.999999999999998, "z": 1.0287647288559896}, "74": {"x": 4.000000000000001, "y": 9.999999999999998, "z": 0.9735348130301619}, "75": {"x": 4.0, "y": 10.999999999999998, "z": 0.8658281038605896}, "76": {"x": 3.9999999999999996, "y": 11.999999999999996, "z": 0.7085572020380735}, "77": {"x": 4.0, "y": 12.999999999999996, "z": 0.5094581229183447}, "78": {"x": 3.9999999999999996, "y": 13.999999999999998, "z": 0.2745420583866382}, "79": {"x": 4.0, "y": 15.0, "z": 0.0}, "80": {"x": 5.0, "y": 0.0, "z": 0.0}, "81": {"x": 5.000000000000001, "y": 1.0000000000000004, "z": 0.30309827127521044}, "82": {"x": 5.000000000000001, "y": 2.0000000000000004, "z": 0.6172753319776446}, "83": {"x": 5.000000000000001, "y": 3.0000000000000013, "z": 0.8987215637364299}, "84": {"x": 5.000000000000001, "y": 4.000000000000001, "z": 1.071029022572661}, "85": {"x": 5.000000000000003, "y": 5.000000000000002, "z": 1.1336431553702326}, "86": {"x": 5.0, "y": 5.999999999999998, "z": 1.0899269759552703}, "87": {"x": 4.999999999999999, "y": 6.999999999999997, "z": 1.0541438660473215}, "88": {"x": 4.999999999999999, "y": 7.999999999999999, "z": 1.112361818136049}, "89": {"x": 5.0, "y": 8.999999999999998, "z": 1.186599836661399}, "90": {"x": 5.0, "y": 10.0, "z": 1.1342210369714179}, "91": {"x": 5.000000000000001, "y": 11.0, "z": 0.9531739172164927}, "92": {"x": 5.000000000000001, "y": 12.0, "z": 0.8664564475984513}, "93": {"x": 5.000000000000001, "y": 12.999999999999996, "z": 0.5537563282101992}, "94": {"x": 5.000000000000001, "y": 13.999999999999998, "z": 0.4038187824497922}, "95": {"x": 5.0, "y": 15.0, "z": 0.0}, "96": {"x": 6.0, "y": 0.0, "z": 0.0}, "97": {"x": 6.000000000000001, "y": 1.0000000000000002, "z": 0.2985818042626778}, "98": {"x": 6.000000000000001, "y": 2.0000000000000004, "z": 0.6185973967520837}, "99": {"x": 6.0, "y": 3.0000000000000004, "z": 0.8923945813421429}, "100": {"x": 6.0, "y": 4.0, "z": 1.058899850828983}, "101": {"x": 6.000000000000001, "y": 5.000000000000001, "z": 1.1156799569258693}, "102": {"x": 6.0, "y": 6.0, "z": 1.0722791419174784}, "103": {"x": 5.999999999999997, "y": 6.9999999999999964, "z": 1.0275019013661368}, "104": {"x": 5.999999999999998, "y": 7.999999999999998, "z": 1.0912007661016596}, "105": {"x": 6.000000000000001, "y": 9.000000000000002, "z": 1.1535455316257226}, "106": {"x": 6.000000000000002, "y": 10.000000000000004, "z": 1.1063257876524024}, "107": {"x": 6.000000000000002, "y": 11.000000000000002, "z": 0.9480030590487482}, "108": {"x": 6.000000000000002, "y": 12.000000000000002, "z": 0.813414753580572}, "109": {"x": 6.000000000000001, "y": 12.999999999999998, "z": 0.5470479923993713}, "110": {"x": 5.999999999999997, "y": 13.999999999999993, "z": 0.34222773828184627}, "111": {"x": 6.0, "y": 15.0, "z": 0.0}, "112": {"x": 7.0, "y": 0.0, "z": 0.0}, "113": {"x": 7.000000000000002, "y": 1.0000000000000004, "z": 0.26617936940148545}, "114": {"x": 7.000000000000002, "y": 2.000000000000001, "z": 0.568675387741825}, "115": {"x": 7.000000000000001, "y": 3.0000000000000004, "z": 0.8387195658021932}, "116": {"x": 7.0, "y": 3.999999999999999, "z": 0.9943080792111295}, "117": {"x": 7.000000000000001, "y": 5.0, "z": 1.0314119340253924}, "118": {"x": 6.999999999999999,