{"attributes": {"name": "Mesh"}, "dva": {"x": 0.0, "y": 0.0, "z": 0.0}, "dea": {}, "dfa": {}, "vertex": {"0": {"x": 0.0, "y": 0.0, "z": 0.0}, "1": {"x": 0.0, "y": 1.0, "z": 0.0}, "2": {"x": 0.0, "y": 2.0, "z": 0.0}, "3": {"x": 0.0, "y": 3.0, "z": 0.0}, "4": {"x": 0.0, "y": 4.0, "z": 0.0}, "5": {"x": 0.0, "y": 5.0, "z": 0.0}, "6": {"x": 0.0, "y": 6.0, "z": 0.0}, "7": {"x": 0.0, "y": 7.0, "z": 0.0}, "8": {"x": 0.0, "y": 8.0, "z": 0.0}, "9": {"x": 0.0, "y": 9.0, "z": 0.0}, "10": {"x": 0.0, "y": 10.0, "z": 0.0}, "11": {"x": 0.0, "y": 11.0, "z": 0.0}, "12": {"x": 0.0, "y": 12.0, "z": 0.0}, "13": {"x": 0.0, "y": 13.0, "z": 0.0}, "14": {"x": 0.0, "y": 14.0, "z": 0.0}, "15": {"x": 0.0, "y": 15.0, "z": 0.0}, "16": {"x": 1.0, "y": 0.0, "z": 0.0}, "17": {"x": 0.9999999999999997, "y": 0.9999999999999998, "z": 0.16073544538174211}, "18": {"x": 0.9999999999999996, "y": 1.9999999999999998, "z": 0.12092850874561482}, "19": {"x": 0.9999999999999992, "y": 2.9999999999999996, "z": 0.28413977443842}, "20": {"x": 0.9999999999999986, "y": 3.9999999999999987, "z": 0.06407137984460959}, "21": {"x": 0.9999999999999989, "y": 5.000000000000001, "z": 0.3011592927773937}, "22": {"x": 1.0, "y": 6.000000000000001, "z": 0.21028857320336172}, "23": {"x": 1.0000000000000004, "y": 7.000000000000001, "z": 0.1661673678620227}, "24": {"x": 1.0, "y": 8.0, "z": 0.2784470284150667}, "25": {"x": 1.0000000000000002, "y": 9.0, "z": 0.33760025693323686}, "26": {"x": 1.0000000000000002, "y": 10.000000000000002, "z": 0.5241490657516166}, "27": {"x": 1.0000000000000004, "y": 11.000000000000004, "z": 0.4368963396849057}, "28": {"x": 1.0000000000000004, "y": 12.000000000000002, "z": 0.3552504456696605}, "29": {"x": 0.9999999999999998, "y": 13.0, "z": 0.22772012573746606}, "30": {"x": 0.9999999999999999, "y": 14.0, "z": 0.15049688876100473}, "31": {"x": 1.0, "y": 15.0, "z": 0.0}, "32": {"x": 2.0, "y": 0.0, "z": 0.0}, "33": {"x": 1.9999999999999991, "y": 0.9999999999999996, "z": 0.13658702892155986}, "34": {"x": 1.999999999999999, "y": 1.9999999999999993, "z": 0.18521459167105533}, "35": {"x": 1.9999999999999978, "y": 2.9999999999999982, "z": 0.19314536626004525}, "36": {"x": 1.999999999999997, "y": 3.999999999999997, "z": 0.12005052406127856}, "37": {"x": 1.9999999999999978, "y": 4.999999999999998, "z": 0.26002741751059183}, "38": {"x": 1.9999999999999996, "y": 6.000000000000001, "z": 0.3169909236270758}, "39": {"x": 2.000000000000001, "y": 7.000000000000002, "z": 0.3120484357467596}, "40": {"x": 2.0000000000000004, "y": 8.000000000000002, "z": 0.4525012522000335}, "41": {"x": 2.0000000000000004, "y": 9.000000000000002, "z": 0.5481372612446385}, "42": {"x": 2.0000000000000004, "y": 10.000000000000002, "z": 0.6157451340894955}, "43": {"x": 2.0000000000000004, "y": 11.000000000000002, "z": 0.604322596677412}, "44": {"x": 2.0000000000000004, "y": 12.000000000000004, "z": 0.5230205423330193}, "45": {"x": 1.9999999999999998, "y": 13.0, "z": 0.380614557078898}, "46": {"x": 1.9999999999999998, "y": 14.0, "z": 0.22167314277221808}, "47": {"x": 2.0, "y": 15.0, "z": 0.0}, "48": {"x": 3.0, "y": 0.0, "z": 0.0}, "49": {"x": 2.999999999999999, "y": 0.9999999999999992, "z": 0.17775345487245728}, "50": {"x": 2.9999999999999987, "y": 1.999999999999999, "z": 0.231640897600681}, "51": {"x": 2.9999999999999964, "y": 2.999999999999998, "z": 0.2677915353218346}, "52": {"x": 2.999999999999995, "y": 3.9999999999999956, "z": 0.15879058186349393}, "53": {"x": 2.999999999999997, "y": 4.999999999999998, "z": 0.35383843045979435}, "54": {"x": 3.0, "y": 6.000000000000002, "z": 0.41025952802275195}, "55": {"x": 3.0000000000000013, "y": 7.000000000000002, "z": 0.4105983687667348}, "56": {"x": 3.0000000000000004, "y": 8.0, "z": 0.5827100502221345}, "57": {"x": 3.0000000000000004, "y": 9.000000000000002, "z": 0.6959963568146554}, "58": {"x": 3.0000000000000004, "y": 10.000000000000002, "z": 0.7931607067074196}, "59": {"x": 3.0, "y": 11.0, "z": 0.7636363996527963}, "60": {"x": 3.0000000000000004, "y": 12.000000000000002, "z": 0.659573621842015}, "61": {"x": 3.0, "y": 13.000000000000002, "z": 0.4808203783761763}, "62": {"x": 2.9999999999999996, "y": 14.000000000000002, "z": 0.2809324066647502}, "63": {"x": 3.0, "y": 15.0, "z": 0.0}, "64": {"x": 4.0, "y": 0.0, "z": 0.0}, "65": {"x": 3.9999999999999982, "y": 0.9999999999999988, "z": 0.1565927185772775}, "66": {"x": 3.9999999999999982, "y": 1.9999999999999978, "z": 0.2416804191988224}, "67": {"x": 3.9999999999999956, "y": 2.9999999999999956, "z": 0.24289289607599263}, "68": {"x": 3.999999999999994, "y": 3.999999999999994, "z": 0.18472754113369047}, "69": {"x": 3.999999999999997, "y": 4.999999999999997, "z": 0.34431214370905144}, "70": {"x": 3.999999999999999, "y": 6.0, "z": 0.4423399788204243}, "71": {"x": 4.000000000000002, "y": 7.000000000000002, "z": 0.47628474320576436}, "72": {"x": 4.000000000000001, "y": 8.0, "z": 0.6404564441573779}, "73": {"x": 4.000000000000001, "y": 9.0, "z": 0.7518326292011799}, "74": {"x": 4.0, "y": 9.999999999999998, "z": 0.7995897798049845}, "75": {"x": 3.9999999999999982, "y": 10.999999999999996, "z": 0.7829989362469822}, "76": {"x": 3.9999999999999996, "y": 12.0, "z": 0.6886706436178803}, "77": {"x": 3.9999999999999996, "y": 13.0, "z": 0.5218627051480268}, "78": {"x": 3.999999999999999, "y": 14.000000000000002, "z": 0.29574645426555285}, "79": {"x": 4.0, "y": 15.0, "z": 0.0}, "80": {"x": 5.0, "y": 0.0, "z": 0.0}, "81": {"x": 5.000000000000001, "y": 0.999999999999999, "z": 0.2522757897300344}, "82": {"x": 4.999999999999997, "y": 1.9999999999999971, "z": 0.2777944787668224}, "83": {"x": 4.999999999999994, "y": 2.9999999999999947, "z": 0.428484550803099}, "84": {"x": 4.999999999999993, "y": 3.9999999999999933, "z": 0.18780557155162372}, "85": {"x": 4.999999999999995, "y": 4.999999999999996, "z": 0.5128809374452112}, "86": {"x": 4.999999999999999, "y": 6.000000000000001, "z": 0.49819375144263395}, "87": {"x": 5.000000000000003, "y": 7.0000000000000036, "z": 0.48645072136177686}, "88": {"x": 5.000000000000001, "y": 8.0, "z": 0.7016245842030355}, "89": {"x": 5.0, "y": 9.0, "z": 0.832342867903597}, "90": {"x": 5.0, "y": 9.999999999999998, "z": 1.032495196151644}, "91": {"x": 4.999999999999999, "y": 10.999999999999996, "z": 0.9399295413442218}, "92": {"x": 5.0, "y": 12.0, "z": 0.8025580436285468}, "93": {"x": 4.999999999999997, "y": 12.999999999999996, "z": 0.5736067134273024}, "94": {"x": 4.9999999999999964, "y": 13.999999999999995, "z": 0.3434606366681981}, "95": {"x": 5.0, "y": 15.0, "z": 0.0}, "96": {"x": 6.0, "y": 0.0, "z": 0.0}, "97": {"x": 5.999999999999998, "y": 0.9999999999999986, "z": 0.17763873163829821}, "98": {"x": 5.9999999999999964, "y": 1.9999999999999976, "z": 0.26325432938614385}, "99": {"x": 5.999999999999996, "y": 2.9999999999999956, "z": 0.2591655004162522}, "100": {"x": 5.999999999999992, "y": 3.9999999999999933, "z": 0.18190412747218448}, "101": {"x": 5.999999999999993, "y": 4.999999999999996, "z": 0.3588317621194246}, "102": {"x": 5.9999999999999964, "y": 6.0, "z": 0.45828368669786956}, "103": {"x": 6.000000000000002, "y": 7.000000000000003, "z": 0.47425639874557}, "104": {"x": 6.000000000000001, "y": 8.0, "z": 0.6652106037720331}, "105": {"x": 5.999999999999999, "y": 8.999999999999998, "z": 0.796936303167395}, "106": {"x": 5.999999999999999, "y": 9.999999999999995, "z": 0.8643750287018637}, "107": {"x": 5.999999999999999, "y": 10.999999999999996, "z": 0.8525964012289213}, "108": {"x": 5.999999999999999, "y": 11.999999999999998, "z": 0.7465402510054574}, "109": {"x": 5.999999999999997, "y": 12.999999999999995, "z": 0.5571278259661329}, "110": {"x": 5.999999999999996, "y": 13.999999999999995, "z": 0.3187577891701125}, "111": {"x": 6.0, "y": 15.0, "z": 0.0}, "112": {"x": 7.0, "y": 0.0, "z": 0.0}, "113": {"x": 6.999999999999998, "y": 0.999999999999999, "z": 0.2565962540480344}, "114": {"x": 6.9999999999999964, "y": 1.999999999999998, "z": 0.2684115355272157}, "115": {"x": 6.999999999999994, "y": 2.9999999999999964, "z": 0.3663090841279428},