{"attributes": {"name": "Mesh"}, "dva": {"x": 0.0, "y": 0.0, "z": 0.0}, "dea": {}, "dfa": {}, "vertex": {"0": {"x": 0.0, "y": 0.0, "z": 0.0}, "1": {"x": 0.0, "y": 1.0, "z": 0.0}, "2": {"x": 0.0, "y": 2.0, "z": 0.0}, "3": {"x": 0.0, "y": 3.0, "z": 0.0}, "4": {"x": 0.0, "y": 4.0, "z": 0.0}, "5": {"x": 0.0, "y": 5.0, "z": 0.0}, "6": {"x": 0.0, "y": 6.0, "z": 0.0}, "7": {"x": 0.0, "y": 7.0, "z": 0.0}, "8": {"x": 0.0, "y": 8.0, "z": 0.0}, "9": {"x": 0.0, "y": 9.0, "z": 0.0}, "10": {"x": 0.0, "y": 10.0, "z": 0.0}, "11": {"x": 0.0, "y": 11.0, "z": 0.0}, "12": {"x": 0.0, "y": 12.0, "z": 0.0}, "13": {"x": 0.0, "y": 13.0, "z": 0.0}, "14": {"x": 0.0, "y": 14.0, "z": 0.0}, "15": {"x": 0.0, "y": 15.0, "z": 0.0}, "16": {"x": 1.0, "y": 0.0, "z": 0.0}, "17": {"x": 1.0000000000000002, "y": 1.0, "z": 0.18322787542652105}, "18": {"x": 1.0, "y": 2.0, "z": 0.2982934272051919}, "19": {"x": 0.9999999999999996, "y": 2.999999999999999, "z": 0.34517546743526706}, "20": {"x": 0.9999999999999994, "y": 3.9999999999999982, "z": 0.4452925799047463}, "21": {"x": 0.9999999999999992, "y": 4.999999999999997, "z": 0.4807876382366935}, "22": {"x": 0.9999999999999989, "y": 5.999999999999995, "z": 0.47518755588588063}, "23": {"x": 0.999999999999999, "y": 6.999999999999996, "z": 0.4079772965078425}, "24": {"x": 0.999999999999999, "y": 7.9999999999999964, "z": 0.32261967991454177}, "25": {"x": 0.9999999999999992, "y": 9.0, "z": 0.24155281828421746}, "26": {"x": 0.9999999999999991, "y": 9.999999999999998, "z": 0.2623610074182552}, "27": {"x": 0.9999999999999994, "y": 10.999999999999996, "z": 0.2699218607851476}, "28": {"x": 0.9999999999999998, "y": 11.999999999999995, "z": 0.24295095563129293}, "29": {"x": 0.9999999999999998, "y": 12.999999999999996, "z": 0.22091367325542235}, "30": {"x": 1.0, "y": 14.0, "z": 0.14261412038374496}, "31": {"x": 1.0, "y": 15.0, "z": 0.0}, "32": {"x": 2.0, "y": 0.0, "z": 0.0}, "33": {"x": 1.9999999999999996, "y": 0.9999999999999998, "z": 0.3847398369809263}, "34": {"x": 1.9999999999999996, "y": 1.9999999999999993, "z": 0.6610155078232597}, "35": {"x": 1.9999999999999996, "y": 2.999999999999999, "z": 0.5477243281504686}, "36": {"x": 1.9999999999999993, "y": 3.999999999999998, "z": 0.8820039362955633}, "37": {"x": 1.999999999999999, "y": 4.9999999999999964, "z": 0.838854539139199}, "38": {"x": 1.9999999999999976, "y": 5.999999999999995, "z": 0.9034919755882861}, "39": {"x": 1.999999999999998, "y": 6.999999999999994, "z": 0.6877795916262919}, "40": {"x": 1.9999999999999984, "y": 7.999999999999994, "z": 0.5472190970653358}, "41": {"x": 1.9999999999999987, "y": 8.999999999999996, "z": 0.4208916024956575}, "42": {"x": 1.9999999999999993, "y": 9.999999999999996, "z": 0.45622117934574596}, "43": {"x": 1.9999999999999996, "y": 10.999999999999996, "z": 0.4703512456082933}, "44": {"x": 2.0, "y": 11.999999999999993, "z": 0.40152117006952653}, "45": {"x": 1.9999999999999998, "y": 12.999999999999995, "z": 0.4058359888769862}, "46": {"x": 2.0000000000000004, "y": 14.000000000000002, "z": 0.28225130090030026}, "47": {"x": 2.0, "y": 15.0, "z": 0.0}, "48": {"x": 3.0, "y": 0.0, "z": 0.0}, "49": {"x": 2.999999999999999, "y": 0.9999999999999997, "z": 0.26727894109071815}, "50": {"x": 2.999999999999999, "y": 1.9999999999999993, "z": 0.4695379561382433}, "51": {"x": 2.9999999999999996, "y": 2.9999999999999996, "z": 0.6191864295145463}, "52": {"x": 2.999999999999999, "y": 3.9999999999999987, "z": 0.7402399699559644}, "53": {"x": 2.999999999999999, "y": 4.999999999999997, "z": 0.8096946899056459}, "54": {"x": 2.9999999999999987, "y": 5.999999999999996, "z": 0.8167072669499117}, "55": {"x": 2.999999999999998, "y": 6.999999999999995, "z": 0.7697636051266866}, "56": {"x": 2.9999999999999982, "y": 7.999999999999993, "z": 0.677901318815034}, "57": {"x": 2.9999999999999987, "y": 8.999999999999995, "z": 0.5701095235039546}, "58": {"x": 2.9999999999999996, "y": 9.999999999999998, "z": 0.5667952666178655}, "59": {"x": 2.999999999999999, "y": 10.999999999999995, "z": 0.5410680693502494}, "60": {"x": 3.0, "y": 11.999999999999995, "z": 0.47305473027094924}, "61": {"x": 3.0, "y": 12.999999999999995, "z": 0.37525144054554177}, "62": {"x": 2.9999999999999996, "y": 13.999999999999998, "z": 0.2186884599196345}, "63": {"x": 3.0, "y": 15.0, "z": 0.0}, "64": {"x": 4.0, "y": 0.0, "z": 0.0}, "65": {"x": 3.9999999999999982, "y": 0.9999999999999991, "z": 0.3540449986368662}, "66": {"x": 3.9999999999999987, "y": 1.999999999999998, "z": 0.6019591337633904}, "67": {"x": 3.9999999999999982, "y": 2.9999999999999982, "z": 0.6652018870030673}, "68": {"x": 3.9999999999999982, "y": 3.9999999999999964, "z": 0.8905055157727368}, "69": {"x": 3.9999999999999982, "y": 4.9999999999999964, "z": 0.9389333827189048}, "70": {"x": 3.9999999999999973, "y": 5.999999999999995, "z": 0.9741146856399634}, "71": {"x": 3.9999999999999964, "y": 6.999999999999994, "z": 0.8626280637006996}, "72": {"x": 3.9999999999999973, "y": 7.999999999999994, "z": 0.7512350026439476}, "73": {"x": 3.9999999999999996, "y": 8.999999999999996, "z": 0.6352478846264241}, "74": {"x": 3.999999999999998, "y": 9.999999999999996, "z": 0.6368967273535182}, "75": {"x": 3.999999999999999, "y": 10.999999999999996, "z": 0.6116382412849511}, "76": {"x": 4.0, "y": 11.999999999999996, "z": 0.5213559441205511}, "77": {"x": 3.9999999999999987, "y": 12.999999999999993, "z": 0.44818627822057977}, "78": {"x": 3.999999999999999, "y": 13.999999999999996, "z": 0.2798494718227835}, "79": {"x": 4.0, "y": 15.0, "z": 0.0}, "80": {"x": 5.0, "y": 0.0, "z": 0.0}, "81": {"x": 5.000000000000001, "y": 0.9999999999999994, "z": 0.22663574646117124}, "82": {"x": 5.000000000000002, "y": 1.9999999999999987, "z": 0.41673957843286596}, "83": {"x": 5.0, "y": 2.9999999999999973, "z": 0.5803545122122769}, "84": {"x": 4.999999999999998, "y": 3.9999999999999956, "z": 0.6802544182854379}, "85": {"x": 4.9999999999999964, "y": 4.999999999999995, "z": 0.7530527677333552}, "86": {"x": 4.9999999999999964, "y": 5.999999999999993, "z": 0.7804156065956425}, "87": {"x": 4.9999999999999964, "y": 6.999999999999994, "z": 0.7776461331830926}, "88": {"x": 4.9999999999999964, "y": 7.999999999999994, "z": 0.734357236814303}, "89": {"x": 4.999999999999997, "y": 8.999999999999995, "z": 0.6643802254320073}, "90": {"x": 4.999999999999998, "y": 9.999999999999993, "z": 0.6305244445435456}, "91": {"x": 5.0, "y": 10.999999999999996, "z": 0.5737970385189581}, "92": {"x": 5.000000000000001, "y": 11.999999999999998, "z": 0.4856893458944065}, "93": {"x": 4.999999999999999, "y": 12.999999999999995, "z": 0.3591383037765588}, "94": {"x": 5.0, "y": 13.999999999999996, "z": 0.19700774902675208}, "95": {"x": 5.0, "y": 15.0, "z": 0.0}, "96": {"x": 6.0, "y": 0.0, "z": 0.0}, "97": {"x": 5.999999999999999, "y": 0.9999999999999993, "z": 0.595040061080531}, "98": {"x": 6.0, "y": 1.999999999999999, "z": 1.1232541379208494}, "99": {"x": 6.000000000000001, "y": 2.9999999999999982, "z": 0.731902960597466}, "100": {"x": 6.000000000000002, "y": 3.999999999999999, "z": 1.413200743985275}, "101": {"x": 5.999999999999999, "y": 4.999999999999997, "z": 1.1879845417127037}, "102": {"x": 5.999999999999998, "y": 5.999999999999994, "z": 1.3852371260533167}, "103": {"x": 5.999999999999999, "y": 6.9999999999999964, "z": 0.9687039619975955}, "104": {"x": 5.999999999999999, "y": 7.9999999999999964, "z": 0.7801324591088779}, "105": {"x": 5.999999999999997, "y": 8.999999999999995, "z": 0.614103171786402}, "106": {"x": 6.000000000000001, "y": 9.999999999999998, "z": 0.6620801087078467}, "107": {"x": 6.000000000000001, "y": 11.0, "z": 0.6806903625378162}, "108": {"x": 6.000000000000002, "y": 12.000000000000004, "z": 0.5615467490861159}, "109": {"x": 6.0, "y": 12.999999999999998, "z": 0.601159474882785}, "110": {"x": 5.999999999999999, "y": 13.999999999999998, "z": 0.4334362234167362}, "111": {"x": 6.0, "y": 15.0, "z": 0.0}, "112": {"x": 7.0, "y": 0.0, "z": 0.0}, "113": {"x": 6.999999999999997, "y": 0.9999999999999994, "z": 0.5920385639246829}, "114": {"x": 7.0,