{"attributes": {"name": "Mesh"}, "dva": {"x": 0.0, "y": 0.0, "z": 0.0}, "dea": {}, "dfa": {}, "vertex": {"0": {"x": 0.0, "y": 0.0, "z": 0.0}, "1": {"x": 0.0, "y": 1.0, "z": 0.0}, "2": {"x": 0.0, "y": 2.0, "z": 0.0}, "3": {"x": 0.0, "y": 3.0, "z": 0.0}, "4": {"x": 0.0, "y": 4.0, "z": 0.0}, "5": {"x": 0.0, "y": 5.0, "z": 0.0}, "6": {"x": 0.0, "y": 6.0, "z": 0.0}, "7": {"x": 0.0, "y": 7.0, "z": 0.0}, "8": {"x": 0.0, "y": 8.0, "z": 0.0}, "9": {"x": 0.0, "y": 9.0, "z": 0.0}, "10": {"x": 0.0, "y": 10.0, "z": 0.0}, "11": {"x": 0.0, "y": 11.0, "z": 0.0}, "12": {"x": 0.0, "y": 12.0, "z": 0.0}, "13": {"x": 0.0, "y": 13.0, "z": 0.0}, "14": {"x": 0.0, "y": 14.0, "z": 0.0}, "15": {"x": 0.0, "y": 15.0, "z": 0.0}, "16": {"x": 1.0, "y": 0.0, "z": 0.0}, "17": {"x": 0.9999999999999998, "y": 0.9999999999999998, "z": 0.22135126470407826}, "18": {"x": 0.9999999999999997, "y": 1.9999999999999993, "z": 0.43212761840671515}, "19": {"x": 0.9999999999999996, "y": 2.9999999999999987, "z": 0.5800527286716288}, "20": {"x": 0.9999999999999998, "y": 4.0, "z": 0.6662463868306391}, "21": {"x": 1.0, "y": 5.000000000000001, "z": 0.7396277831051602}, "22": {"x": 1.0000000000000007, "y": 6.000000000000004, "z": 0.761327836969937}, "23": {"x": 1.0000000000000007, "y": 7.000000000000004, "z": 0.7582940966457182}, "24": {"x": 1.0000000000000009, "y": 8.000000000000004, "z": 0.6955068610968531}, "25": {"x": 1.0000000000000004, "y": 9.000000000000004, "z": 0.6752432043195413}, "26": {"x": 1.0000000000000004, "y": 10.000000000000005, "z": 0.6566523775491925}, "27": {"x": 1.0000000000000002, "y": 11.000000000000004, "z": 0.594903995537739}, "28": {"x": 1.0000000000000004, "y": 12.000000000000005, "z": 0.49302192254835214}, "29": {"x": 1.0000000000000002, "y": 13.000000000000005, "z": 0.34646252078506745}, "30": {"x": 1.0000000000000002, "y": 14.000000000000005, "z": 0.2051108094427618}, "31": {"x": 1.0, "y": 15.0, "z": 0.0}, "32": {"x": 2.0, "y": 0.0, "z": 0.0}, "33": {"x": 1.9999999999999996, "y": 1.0, "z": 0.39484664717765106}, "34": {"x": 1.9999999999999996, "y": 2.0, "z": 0.9630432814065872}, "35": {"x": 1.9999999999999998, "y": 3.0, "z": 1.176611199340955}, "36": {"x": 2.0, "y": 4.000000000000001, "z": 1.1922976307446687}, "37": {"x": 2.0000000000000004, "y": 5.000000000000002, "z": 1.381083666050842}, "38": {"x": 2.0000000000000013, "y": 6.000000000000004, "z": 1.379166608271613}, "39": {"x": 2.000000000000001, "y": 7.000000000000005, "z": 1.479075316509207}, "40": {"x": 2.000000000000001, "y": 8.000000000000007, "z": 1.2164866401700516}, "41": {"x": 2.000000000000001, "y": 9.000000000000007, "z": 1.1892939858759632}, "42": {"x": 2.0000000000000013, "y": 10.00000000000001, "z": 1.2036284356615183}, "43": {"x": 2.0000000000000004, "y": 11.000000000000007, "z": 1.0897208506712996}, "44": {"x": 1.9999999999999998, "y": 12.000000000000004, "z": 0.9081700450283534}, "45": {"x": 1.9999999999999998, "y": 13.000000000000002, "z": 0.6124860125370865}, "46": {"x": 2.0, "y": 14.000000000000002, "z": 0.4795884437622249}, "47": {"x": 2.0, "y": 15.0, "z": 0.0}, "48": {"x": 3.0, "y": 0.0, "z": 0.0}, "49": {"x": 2.9999999999999996, "y": 1.0000000000000002, "z": 0.4877601472822158}, "50": {"x": 2.9999999999999996, "y": 2.000000000000001, "z": 0.9550645755072052}, "51": {"x": 3.0000000000000004, "y": 3.000000000000002, "z": 1.2800437541827014}, "52": {"x": 3.000000000000001, "y": 4.000000000000003, "z": 1.4713312553199371}, "53": {"x": 3.0000000000000004, "y": 5.000000000000003, "z": 1.6419275219579623}, "54": {"x": 3.0, "y": 6.000000000000002, "z": 1.6990398102307775}, "55": {"x": 3.000000000000001, "y": 7.000000000000005, "z": 1.7081741771665233}, "56": {"x": 3.0000000000000004, "y": 8.000000000000007, "z": 1.58058015774567}, "57": {"x": 3.0000000000000004, "y": 9.000000000000009, "z": 1.5318253973650595}, "58": {"x": 3.0000000000000004, "y": 10.000000000000007, "z": 1.4795738569149817}, "59": {"x": 2.9999999999999996, "y": 11.000000000000005, "z": 1.3333368899437152}, "60": {"x": 2.999999999999999, "y": 12.000000000000004, "z": 1.1031106891109386}, "61": {"x": 2.9999999999999996, "y": 13.0, "z": 0.7773043529289637}, "62": {"x": 2.9999999999999996, "y": 13.999999999999998, "z": 0.4608053697104449}, "63": {"x": 3.0, "y": 15.0, "z": 0.0}, "64": {"x": 4.0, "y": 0.0, "z": 0.0}, "65": {"x": 3.999999999999999, "y": 1.0000000000000002, "z": 0.5311517342437506}, "66": {"x": 4.0, "y": 2.0000000000000013, "z": 0.9845989443815338}, "67": {"x": 4.000000000000001, "y": 3.0000000000000018, "z": 1.341301377877874}, "68": {"x": 4.000000000000001, "y": 4.000000000000003, "z": 1.5987959991497604}, "69": {"x": 4.000000000000001, "y": 5.000000000000003, "z": 1.7751536084331625}, "70": {"x": 4.000000000000002, "y": 6.000000000000006, "z": 1.859359724802459}, "71": {"x": 4.000000000000003, "y": 7.000000000000008, "z": 1.8684457119325617}, "72": {"x": 4.000000000000002, "y": 8.000000000000009, "z": 1.784496268073932}, "73": {"x": 3.9999999999999996, "y": 9.000000000000005, "z": 1.7214022297161087}, "74": {"x": 3.9999999999999973, "y": 10.000000000000002, "z": 1.6296701977735748}, "75": {"x": 3.999999999999997, "y": 11.0, "z": 1.457967237738578}, "76": {"x": 3.9999999999999973, "y": 11.999999999999998, "z": 1.203535322634423}, "77": {"x": 3.999999999999999, "y": 13.0, "z": 0.863136405182721}, "78": {"x": 3.9999999999999996, "y": 14.0, "z": 0.4795996339986302}, "79": {"x": 4.0, "y": 15.0, "z": 0.0}, "80": {"x": 5.0, "y": 0.0, "z": 0.0}, "81": {"x": 4.999999999999999, "y": 1.0, "z": 0.5638707126900776}, "82": {"x": 5.0, "y": 2.0000000000000013, "z": 1.056320392549605}, "83": {"x": 5.0000000000000036, "y": 3.0000000000000036, "z": 1.4396096934457219}, "84": {"x": 5.000000000000002, "y": 4.0000000000000036, "z": 1.6999387209136436}, "85": {"x": 5.000000000000001, "y": 5.000000000000003, "z": 1.8867734786404373}, "86": {"x": 5.000000000000001, "y": 6.000000000000006, "z": 1.968470271376935}, "87": {"x": 5.0, "y": 7.000000000000005, "z": 1.9670426477164231}, "88": {"x": 5.000000000000001, "y": 8.000000000000005, "z": 1.863388608375683}, "89": {"x": 4.999999999999998, "y": 9.000000000000004, "z": 1.8012847769909948}, "90": {"x": 4.9999999999999964, "y": 10.0, "z": 1.7186978700496451}, "91": {"x": 4.999999999999996, "y": 10.999999999999998, "z": 1.543680260563414}, "92": {"x": 4.9999999999999964, "y": 11.999999999999998, "z": 1.2751165560539834}, "93": {"x": 4.999999999999999, "y": 13.000000000000002, "z": 0.9084460473764843}, "94": {"x": 5.0, "y": 14.000000000000004, "z": 0.5099406443570351}, "95": {"x": 5.0, "y": 15.0, "z": 0.0}, "96": {"x": 6.0, "y": 0.0, "z": 0.0}, "97": {"x": 6.000000000000001, "y": 1.0000000000000002, "z": 0.5820923488013775}, "98": {"x": 6.000000000000002, "y": 2.0000000000000013, "z": 1.5178657850264867}, "99": {"x": 6.0, "y": 3.0000000000000018, "z": 1.7966583387878279}, "100": {"x": 6.000000000000002, "y": 4.0000000000000036, "z": 1.7604929684165211}, "101": {"x": 6.000000000000001, "y": 5.0000000000000036, "z": 2.0676924371131213}, "102": {"x": 6.000000000000001, "y": 6.000000000000005, "z": 2.046745999083193}, "103": {"x": 6.000000000000001, "y": 7.000000000000005, "z": 2.261312555879995}, "104": {"x": 5.999999999999998, "y": 8.000000000000002, "z": 1.7949704683145054}, "105": {"x": 5.999999999999997, "y": 9.000000000000002, "z": 1.758041409496462}, "106": {"x": 5.999999999999996, "y": 10.0, "z": 1.7964959715528614}, "107": {"x": 5.9999999999999964, "y": 10.999999999999998, "z": 1.6241292827196847}, "108": {"x": 5.999999999999997, "y": 11.999999999999998, "z": 1.3556226617001297}, "109": {"x": 5.999999999999999, "y": 12.999999999999998, "z": 0.904442088873245}, "110": {"x": 6.000000000000001, "y": 14.000000000000004, "z": 0.7670417001083136}, "111": {"x": 6.0, "y": 15.0, "z": 0.0}, "112": {"x": 7.0, "y": 0.0, "z": 0.0}, "113": {"x": 7.000000000000002, "y": 1.0000000000000002, "z": 0.5192768125444633}, "114": {"x": 6.999999999999999, "y": 2.0, "z": 1.283687158228006}, "115": {"x": 6.999999999999999,