{"attributes": {"name": "Mesh"}, "dva": {"x": 0.0, "y": 0.0, "z": 0.0}, "dea": {}, "dfa": {}, "vertex": {"0": {"x": 0.0, "y": 0.0, "z": 0.0}, "1": {"x": 0.0, "y": 1.0, "z": 0.0}, "2": {"x": 0.0, "y": 2.0, "z": 0.0}, "3": {"x": 0.0, "y": 3.0, "z": 0.0}, "4": {"x": 0.0, "y": 4.0, "z": 0.0}, "5": {"x": 0.0, "y": 5.0, "z": 0.0}, "6": {"x": 0.0, "y": 6.0, "z": 0.0}, "7": {"x": 0.0, "y": 7.0, "z": 0.0}, "8": {"x": 0.0, "y": 8.0, "z": 0.0}, "9": {"x": 0.0, "y": 9.0, "z": 0.0}, "10": {"x": 0.0, "y": 10.0, "z": 0.0}, "11": {"x": 0.0, "y": 11.0, "z": 0.0}, "12": {"x": 0.0, "y": 12.0, "z": 0.0}, "13": {"x": 0.0, "y": 13.0, "z": 0.0}, "14": {"x": 0.0, "y": 14.0, "z": 0.0}, "15": {"x": 0.0, "y": 15.0, "z": 0.0}, "16": {"x": 1.0, "y": 0.0, "z": 0.0}, "17": {"x": 1.0, "y": 1.0000000000000002, "z": 0.2440204998502402}, "18": {"x": 1.0, "y": 2.0000000000000013, "z": 0.4221664304327687}, "19": {"x": 1.0000000000000004, "y": 3.000000000000002, "z": 0.3822724449805685}, "20": {"x": 1.0000000000000004, "y": 4.000000000000003, "z": 0.44459838103711014}, "21": {"x": 1.0000000000000004, "y": 5.000000000000003, "z": 0.37700207703573824}, "22": {"x": 1.0000000000000002, "y": 6.000000000000002, "z": 0.42020346443326495}, "23": {"x": 0.9999999999999999, "y": 7.000000000000002, "z": 0.37149427322177914}, "24": {"x": 0.9999999999999997, "y": 8.0, "z": 0.21160798005659778}, "25": {"x": 0.9999999999999994, "y": 9.0, "z": 0.15054218392465563}, "26": {"x": 0.9999999999999997, "y": 10.000000000000005, "z": 0.19952356645781966}, "27": {"x": 0.9999999999999994, "y": 11.000000000000002, "z": 0.16881399119268012}, "28": {"x": 0.9999999999999999, "y": 12.0, "z": 0.1388160262849001}, "29": {"x": 0.9999999999999999, "y": 12.999999999999998, "z": 0.14661434822718644}, "30": {"x": 1.0, "y": 14.0, "z": 0.09823642823746151}, "31": {"x": 1.0, "y": 15.0, "z": 0.0}, "32": {"x": 2.0, "y": 0.0, "z": 0.0}, "33": {"x": 2.0000000000000004, "y": 1.0000000000000004, "z": 0.20119514627340193}, "34": {"x": 2.0, "y": 2.000000000000001, "z": 0.3580653545461574}, "35": {"x": 2.0, "y": 3.0000000000000013, "z": 0.4807859759800536}, "36": {"x": 2.0, "y": 4.000000000000002, "z": 0.5473356955523365}, "37": {"x": 1.9999999999999996, "y": 5.000000000000002, "z": 0.574259221659302}, "38": {"x": 2.0, "y": 6.000000000000003, "z": 0.5491467821037728}, "39": {"x": 1.9999999999999998, "y": 7.000000000000002, "z": 0.4838392719219396}, "40": {"x": 1.9999999999999993, "y": 8.0, "z": 0.38071745270622975}, "41": {"x": 1.999999999999999, "y": 8.999999999999998, "z": 0.28448904426641375}, "42": {"x": 1.9999999999999984, "y": 9.999999999999998, "z": 0.3006388650901849}, "43": {"x": 1.9999999999999991, "y": 11.000000000000002, "z": 0.2852008692433943}, "44": {"x": 1.9999999999999996, "y": 12.000000000000002, "z": 0.24778274340149303}, "45": {"x": 2.0, "y": 13.000000000000004, "z": 0.20552435281493317}, "46": {"x": 2.0, "y": 14.000000000000002, "z": 0.12420347033527966}, "47": {"x": 2.0, "y": 15.0, "z": 0.0}, "48": {"x": 3.0, "y": 0.0, "z": 0.0}, "49": {"x": 2.9999999999999996, "y": 1.0000000000000002, "z": 0.3219809357521249}, "50": {"x": 3.0, "y": 2.0000000000000004, "z": 0.5641620801347699}, "51": {"x": 2.9999999999999996, "y": 3.0000000000000004, "z": 0.74576342185893}, "52": {"x": 2.999999999999999, "y": 4.000000000000001, "z": 0.8353695029052207}, "53": {"x": 2.999999999999999, "y": 5.000000000000001, "z": 0.8576319082022894}, "54": {"x": 2.999999999999999, "y": 6.000000000000001, "z": 0.809775000973522}, "55": {"x": 3.000000000000001, "y": 7.000000000000004, "z": 0.6937449223298882}, "56": {"x": 2.999999999999999, "y": 8.0, "z": 0.5119257626419833}, "57": {"x": 2.999999999999998, "y": 8.999999999999996, "z": 0.3641134623908363}, "58": {"x": 2.9999999999999982, "y": 9.999999999999998, "z": 0.40437971988053156}, "59": {"x": 2.9999999999999987, "y": 10.999999999999996, "z": 0.38636469852769356}, "60": {"x": 2.9999999999999987, "y": 11.999999999999996, "z": 0.3346866771982229}, "61": {"x": 2.999999999999999, "y": 12.999999999999998, "z": 0.29329717557515433}, "62": {"x": 3.0000000000000004, "y": 14.000000000000002, "z": 0.1842117087303372}, "63": {"x": 3.0, "y": 15.0, "z": 0.0}, "64": {"x": 4.0, "y": 0.0, "z": 0.0}, "65": {"x": 3.999999999999998, "y": 0.9999999999999993, "z": 0.6090129136691861}, "66": {"x": 3.999999999999997, "y": 1.9999999999999984, "z": 1.0114226666639805}, "67": {"x": 3.999999999999996, "y": 2.999999999999999, "z": 1.1452874712663492}, "68": {"x": 3.9999999999999982, "y": 3.999999999999999, "z": 1.2648607525821043}, "69": {"x": 3.999999999999998, "y": 4.999999999999998, "z": 1.1742931821059186}, "70": {"x": 3.9999999999999973, "y": 5.999999999999999, "z": 1.1713441467177574}, "71": {"x": 3.999999999999998, "y": 6.999999999999999, "z": 0.9855187766475574}, "72": {"x": 3.9999999999999987, "y": 8.0, "z": 0.5931457479308644}, "73": {"x": 3.9999999999999973, "y": 8.999999999999998, "z": 0.39222053497240833}, "74": {"x": 3.999999999999997, "y": 9.999999999999995, "z": 0.5150066124485064}, "75": {"x": 4.0, "y": 11.0, "z": 0.4669237696200654}, "76": {"x": 3.999999999999998, "y": 11.999999999999993, "z": 0.3906051638128554}, "77": {"x": 3.9999999999999996, "y": 13.0, "z": 0.40535081766776143}, "78": {"x": 4.000000000000002, "y": 14.000000000000005, "z": 0.27553304525333805}, "79": {"x": 4.0, "y": 15.0, "z": 0.0}, "80": {"x": 5.0, "y": 0.0, "z": 0.0}, "81": {"x": 4.999999999999999, "y": 0.9999999999999993, "z": 0.8397546202650533}, "82": {"x": 4.9999999999999964, "y": 1.9999999999999982, "z": 1.746011018843214}, "83": {"x": 4.9999999999999964, "y": 2.9999999999999982, "z": 1.3517761429419295}, "84": {"x": 4.999999999999997, "y": 3.9999999999999987, "z": 1.6055726780201578}, "85": {"x": 4.9999999999999964, "y": 4.999999999999997, "z": 1.3180749058840748}, "86": {"x": 4.9999999999999964, "y": 5.999999999999997, "z": 1.4237421282679543}, "87": {"x": 4.9999999999999964, "y": 6.999999999999997, "z": 1.2115188940393533}, "88": {"x": 4.9999999999999964, "y": 7.999999999999997, "z": 0.6188704699638468}, "89": {"x": 4.9999999999999964, "y": 8.999999999999996, "z": 0.39289372710707826}, "90": {"x": 4.999999999999995, "y": 9.999999999999991, "z": 0.5842067395787581}, "91": {"x": 5.0, "y": 11.0, "z": 0.5012853255379233}, "92": {"x": 4.999999999999998, "y": 11.999999999999993, "z": 0.4105592041240571}, "93": {"x": 5.0, "y": 13.000000000000002, "z": 0.472551585689367}, "94": {"x": 5.0000000000000036, "y": 14.000000000000007, "z": 0.3313944262617185}, "95": {"x": 5.0, "y": 15.0, "z": 0.0}, "96": {"x": 6.0, "y": 0.0, "z": 0.0}, "97": {"x": 5.999999999999999, "y": 0.9999999999999992, "z": 0.6800436918638096}, "98": {"x": 5.999999999999997, "y": 1.9999999999999984, "z": 1.1144239788352277}, "99": {"x": 5.9999999999999964, "y": 2.9999999999999982, "z": 1.3032880394139579}, "100": {"x": 5.9999999999999964, "y": 3.999999999999998, "z": 1.4149415135951222}, "101": {"x": 5.999999999999996, "y": 4.9999999999999964, "z": 1.3161503600819153}, "102": {"x": 5.999999999999995, "y": 5.999999999999996, "z": 1.2846774081424532}, "103": {"x": 5.999999999999995, "y": 6.999999999999995, "z": 1.056478765294523}, "104": {"x": 5.999999999999996, "y": 7.999999999999996, "z": 0.6093238158586268}, "105": {"x": 5.999999999999994, "y": 8.999999999999993, "z": 0.3799812081316375}, "106": {"x": 5.999999999999994, "y": 9.999999999999991, "z": 0.5274893803851072}, "107": {"x": 5.999999999999998, "y": 10.999999999999998, "z": 0.48351233323433696}, "108": {"x": 5.999999999999997, "y": 11.999999999999993, "z": 0.40287221336029955}, "109": {"x": 5.999999999999999, "y": 13.0, "z": 0.4371058068079011}, "110": {"x": 6.000000000000002, "y": 14.000000000000004, "z": 0.30470816060901224}, "111": {"x": 6.0, "y": 15.0, "z": 0.0}, "112": {"x": 7.0, "y": 0.0, "z": 0.0}, "113": {"x": 6.999999999999998, "y": 0.9999999999999993, "z": 0.5956124201674844}, "114": {"x": 6.999999999999998, "y": 1.999999999999999, "z": 1.0078812152655214}, "115": {"x": 6.999999999999997,