{"attributes": {"name": "Mesh"}, "dva": {"x": 0.0, "y": 0.0, "z": 0.0}, "dea": {}, "dfa": {}, "vertex": {"0": {"x": 0.0, "y": 0.0, "z": 0.0}, "1": {"x": 0.0, "y": 1.0, "z": 0.0}, "2": {"x": 0.0, "y": 2.0, "z": 0.0}, "3": {"x": 0.0, "y": 3.0, "z": 0.0}, "4": {"x": 0.0, "y": 4.0, "z": 0.0}, "5": {"x": 0.0, "y": 5.0, "z": 0.0}, "6": {"x": 0.0, "y": 6.0, "z": 0.0}, "7": {"x": 0.0, "y": 7.0, "z": 0.0}, "8": {"x": 0.0, "y": 8.0, "z": 0.0}, "9": {"x": 0.0, "y": 9.0, "z": 0.0}, "10": {"x": 0.0, "y": 10.0, "z": 0.0}, "11": {"x": 0.0, "y": 11.0, "z": 0.0}, "12": {"x": 0.0, "y": 12.0, "z": 0.0}, "13": {"x": 0.0, "y": 13.0, "z": 0.0}, "14": {"x": 0.0, "y": 14.0, "z": 0.0}, "15": {"x": 0.0, "y": 15.0, "z": 0.0}, "16": {"x": 1.0, "y": 0.0, "z": 0.0}, "17": {"x": 0.9999999999999997, "y": 0.9999999999999999, "z": 0.07055673390678018}, "18": {"x": 0.999999999999999, "y": 1.9999999999999998, "z": 0.11037382391061808}, "19": {"x": 0.9999999999999989, "y": 2.9999999999999996, "z": 0.27747974657206614}, "20": {"x": 0.9999999999999987, "y": 3.999999999999999, "z": 0.41162630425757074}, "21": {"x": 0.9999999999999989, "y": 5.000000000000001, "z": 0.5122008791789745}, "22": {"x": 0.9999999999999994, "y": 6.000000000000002, "z": 0.5787467809340623}, "23": {"x": 0.9999999999999998, "y": 7.000000000000003, "z": 0.6156454367052822}, "24": {"x": 1.0, "y": 8.000000000000002, "z": 0.6223634252929526}, "25": {"x": 0.9999999999999998, "y": 8.999999999999998, "z": 0.6036148097351941}, "26": {"x": 0.9999999999999997, "y": 9.999999999999996, "z": 0.557541258957578}, "27": {"x": 0.9999999999999998, "y": 10.999999999999998, "z": 0.48252909352948364}, "28": {"x": 0.9999999999999998, "y": 11.999999999999995, "z": 0.407383915022499}, "29": {"x": 1.0, "y": 12.999999999999996, "z": 0.3060798070078914}, "30": {"x": 1.0, "y": 14.0, "z": 0.17102031268856105}, "31": {"x": 1.0, "y": 15.0, "z": 0.0}, "32": {"x": 2.0, "y": 0.0, "z": 0.0}, "33": {"x": 1.9999999999999991, "y": 0.9999999999999996, "z": 0.24613973178647217}, "34": {"x": 1.999999999999998, "y": 1.9999999999999991, "z": 0.18542133385781295}, "35": {"x": 1.9999999999999978, "y": 2.999999999999999, "z": 0.7317567384774192}, "36": {"x": 1.9999999999999976, "y": 3.999999999999999, "z": 1.01985782899885}, "37": {"x": 1.999999999999998, "y": 4.999999999999999, "z": 1.0772446442301147}, "38": {"x": 1.9999999999999987, "y": 6.000000000000001, "z": 1.176504124937992}, "39": {"x": 1.9999999999999991, "y": 7.000000000000002, "z": 1.296505385944965}, "40": {"x": 1.9999999999999993, "y": 8.0, "z": 1.2283596785392314}, "41": {"x": 2.0, "y": 9.0, "z": 1.2056148244363407}, "42": {"x": 2.0000000000000004, "y": 10.000000000000002, "z": 1.1618755027250687}, "43": {"x": 2.0, "y": 11.0, "z": 0.8765993737918237}, "44": {"x": 2.0, "y": 12.0, "z": 0.8048254835505959}, "45": {"x": 2.0, "y": 13.000000000000004, "z": 0.6627934310900692}, "46": {"x": 2.0000000000000004, "y": 14.000000000000004, "z": 0.4241938968919929}, "47": {"x": 2.0, "y": 15.0, "z": 0.0}, "48": {"x": 3.0, "y": 0.0, "z": 0.0}, "49": {"x": 2.9999999999999982, "y": 0.9999999999999989, "z": 0.35112218668429246}, "50": {"x": 2.9999999999999964, "y": 1.999999999999998, "z": 0.24276743889429536}, "51": {"x": 2.9999999999999964, "y": 2.999999999999998, "z": 0.9857696790890178}, "52": {"x": 2.9999999999999964, "y": 3.9999999999999982, "z": 1.3544385322916828}, "53": {"x": 2.999999999999997, "y": 4.999999999999997, "z": 1.3921510767412915}, "54": {"x": 2.9999999999999973, "y": 5.999999999999998, "z": 1.5167522953910635}, "55": {"x": 2.999999999999999, "y": 7.0, "z": 1.6869926053433932}, "56": {"x": 2.9999999999999987, "y": 8.0, "z": 1.5818664740280597}, "57": {"x": 2.999999999999999, "y": 9.000000000000002, "z": 1.5577437465575257}, "58": {"x": 3.0, "y": 10.000000000000002, "z": 1.521419010195595}, "59": {"x": 3.0, "y": 11.0, "z": 1.124846834847404}, "60": {"x": 3.000000000000001, "y": 12.000000000000004, "z": 1.0403746390854411}, "61": {"x": 3.0, "y": 13.0, "z": 0.8616631541083908}, "62": {"x": 3.0000000000000004, "y": 14.0, "z": 0.5591763045838911}, "63": {"x": 3.0, "y": 15.0, "z": 0.0}, "64": {"x": 4.0, "y": 0.0, "z": 0.0}, "65": {"x": 3.999999999999998, "y": 0.9999999999999988, "z": 0.3330106434837065}, "66": {"x": 3.9999999999999956, "y": 1.9999999999999976, "z": 0.28382306956233017}, "67": {"x": 3.999999999999996, "y": 2.9999999999999973, "z": 0.9747827091318242}, "68": {"x": 3.999999999999997, "y": 3.999999999999998, "z": 1.3517241946173872}, "69": {"x": 3.9999999999999973, "y": 4.999999999999997, "z": 1.448631672780179}, "70": {"x": 3.999999999999998, "y": 5.999999999999998, "z": 1.5938311819187307}, "71": {"x": 3.9999999999999982, "y": 6.999999999999998, "z": 1.7550212096597326}, "72": {"x": 3.999999999999999, "y": 7.999999999999998, "z": 1.679399629025999}, "73": {"x": 3.999999999999999, "y": 8.999999999999998, "z": 1.6493070064577424}, "74": {"x": 3.9999999999999996, "y": 9.999999999999996, "z": 1.5924860270876644}, "75": {"x": 3.9999999999999982, "y": 10.999999999999998, "z": 1.2321887437497239}, "76": {"x": 4.000000000000001, "y": 12.000000000000004, "z": 1.1070414699594222}, "77": {"x": 4.000000000000001, "y": 13.000000000000002, "z": 0.8898837234659277}, "78": {"x": 4.000000000000001, "y": 14.000000000000002, "z": 0.5558367731388184}, "79": {"x": 4.0, "y": 15.0, "z": 0.0}, "80": {"x": 5.0, "y": 0.0, "z": 0.0}, "81": {"x": 4.999999999999999, "y": 0.9999999999999992, "z": 0.19040664620439762}, "82": {"x": 4.999999999999995, "y": 1.999999999999998, "z": 0.3081550532948076}, "83": {"x": 4.9999999999999964, "y": 2.9999999999999987, "z": 0.7029431584536024}, "84": {"x": 4.9999999999999964, "y": 3.999999999999998, "z": 1.0201889826997463}, "85": {"x": 4.999999999999997, "y": 4.999999999999998, "z": 1.2587440311089628}, "86": {"x": 4.999999999999999, "y": 5.999999999999999, "z": 1.4197637249662745}, "87": {"x": 4.999999999999999, "y": 6.999999999999997, "z": 1.5116005598715123}, "88": {"x": 4.999999999999998, "y": 7.999999999999997, "z": 1.531946082768976}, "89": {"x": 4.999999999999999, "y": 8.999999999999998, "z": 1.4902406137723863}, "90": {"x": 4.999999999999998, "y": 10.000000000000002, "z": 1.3816167630265708}, "91": {"x": 4.999999999999999, "y": 11.0, "z": 1.2036117618536273}, "92": {"x": 5.0, "y": 12.000000000000002, "z": 1.0110464677220563}, "93": {"x": 5.000000000000001, "y": 13.000000000000004, "z": 0.7543266725180497}, "94": {"x": 5.000000000000002, "y": 14.000000000000004, "z": 0.41890446871410447}, "95": {"x": 5.0, "y": 15.0, "z": 0.0}, "96": {"x": 6.0, "y": 0.0, "z": 0.0}, "97": {"x": 5.999999999999996, "y": 0.9999999999999991, "z": 0.17612910763202586}, "98": {"x": 5.999999999999995, "y": 1.9999999999999987, "z": 0.29883448647307614}, "99": {"x": 5.999999999999994, "y": 2.9999999999999996, "z": 0.6278066516636}, "100": {"x": 5.999999999999998, "y": 4.000000000000001, "z": 0.9014357436102055}, "101": {"x": 6.000000000000003, "y": 5.000000000000001, "z": 1.1180079081471919}, "102": {"x": 6.000000000000003, "y": 6.0, "z": 1.2674247597702202}, "103": {"x": 6.000000000000003, "y": 7.000000000000001, "z": 1.3521720194982616}, "104": {"x": 6.0000000000000036, "y": 8.000000000000002, "z": 1.3794487859189177}, "105": {"x": 6.0, "y": 8.999999999999998, "z": 1.3455647577671084}, "106": {"x": 5.999999999999997, "y": 9.999999999999996, "z": 1.2531947160563897}, "107": {"x": 5.999999999999997, "y": 11.0, "z": 1.10653030121072}, "108": {"x": 5.999999999999998, "y": 12.0, "z": 0.9171916484366621}, "109": {"x": 6.0, "y": 13.000000000000002, "z": 0.6720058294477342}, "110": {"x": 6.0, "y": 14.0, "z": 0.3659310102453916}, "111": {"x": 6.0, "y": 15.0, "z": 0.0}, "112": {"x": 7.0, "y": 0.0, "z": 0.0}, "113": {"x": 6.999999999999997, "y": 0.9999999999999992, "z": 0.16335816002035883}, "114": {"x": 6.999999999999996, "y": 1.999999999999999, "z": 0.25897272910042624}, "115": {"x": 6.999999999999999, "y": 3.0000000000000004, "z": 0.5861658100500152}, "116": {"x": 7.0000000000000036, "y": 4.000000000000003,