{"attributes": {"name": "Mesh"}, "dva": {"x": 0.0, "y": 0.0, "z": 0.0}, "dea": {}, "dfa": {}, "vertex": {"0": {"x": 0.0, "y": 0.0, "z": 0.0}, "1": {"x": 0.0, "y": 1.0, "z": 0.0}, "2": {"x": 0.0, "y": 2.0, "z": 0.0}, "3": {"x": 0.0, "y": 3.0, "z": 0.0}, "4": {"x": 0.0, "y": 4.0, "z": 0.0}, "5": {"x": 0.0, "y": 5.0, "z": 0.0}, "6": {"x": 0.0, "y": 6.0, "z": 0.0}, "7": {"x": 0.0, "y": 7.0, "z": 0.0}, "8": {"x": 0.0, "y": 8.0, "z": 0.0}, "9": {"x": 0.0, "y": 9.0, "z": 0.0}, "10": {"x": 0.0, "y": 10.0, "z": 0.0}, "11": {"x": 0.0, "y": 11.0, "z": 0.0}, "12": {"x": 0.0, "y": 12.0, "z": 0.0}, "13": {"x": 0.0, "y": 13.0, "z": 0.0}, "14": {"x": 0.0, "y": 14.0, "z": 0.0}, "15": {"x": 0.0, "y": 15.0, "z": 0.0}, "16": {"x": 1.0, "y": 0.0, "z": 0.0}, "17": {"x": 1.0, "y": 1.0, "z": 0.458351958629063}, "18": {"x": 0.9999999999999999, "y": 1.9999999999999998, "z": 0.2730375357037465}, "19": {"x": 0.9999999999999994, "y": 2.9999999999999996, "z": 0.4718688274133512}, "20": {"x": 0.9999999999999992, "y": 3.9999999999999996, "z": 0.28794093888057715}, "21": {"x": 0.999999999999999, "y": 4.999999999999998, "z": 0.07432927144351567}, "22": {"x": 1.0000000000000002, "y": 6.000000000000003, "z": 0.4101104479199298}, "23": {"x": 0.9999999999999997, "y": 7.0, "z": 0.8486502790466306}, "24": {"x": 0.9999999999999997, "y": 7.999999999999999, "z": 0.5787515198654126}, "25": {"x": 1.0000000000000004, "y": 9.000000000000005, "z": 1.010566255638048}, "26": {"x": 1.0000000000000009, "y": 10.0, "z": 1.4795032672169728}, "27": {"x": 1.000000000000001, "y": 11.000000000000005, "z": 1.8568609389958093}, "28": {"x": 1.000000000000001, "y": 12.000000000000005, "z": 1.2582601178010804}, "29": {"x": 1.0000000000000004, "y": 13.000000000000002, "z": 0.6622560249499885}, "30": {"x": 1.0000000000000004, "y": 14.000000000000004, "z": 0.8414224925870384}, "31": {"x": 1.0, "y": 15.0, "z": 0.0}, "32": {"x": 2.0, "y": 0.0, "z": 0.0}, "33": {"x": 1.9999999999999998, "y": 0.9999999999999999, "z": 0.7196562167498536}, "34": {"x": 1.9999999999999998, "y": 2.0000000000000004, "z": 0.44504689211524284}, "35": {"x": 1.9999999999999987, "y": 2.9999999999999987, "z": 0.7536228242085113}, "36": {"x": 1.9999999999999982, "y": 3.9999999999999982, "z": 0.47158991340683065}, "37": {"x": 1.9999999999999982, "y": 4.999999999999997, "z": 0.14181226587886112}, "38": {"x": 1.9999999999999991, "y": 6.000000000000002, "z": 0.6766116970414972}, "39": {"x": 1.999999999999999, "y": 7.0, "z": 1.3848531865805538}, "40": {"x": 1.9999999999999991, "y": 8.0, "z": 0.9724987826138084}, "41": {"x": 2.000000000000001, "y": 9.000000000000005, "z": 1.629573765807632}, "42": {"x": 2.000000000000002, "y": 10.000000000000005, "z": 2.338129537667324}, "43": {"x": 2.0000000000000018, "y": 11.000000000000004, "z": 2.9989721972720806}, "44": {"x": 2.000000000000002, "y": 12.00000000000001, "z": 1.9821482109313728}, "45": {"x": 2.000000000000001, "y": 13.000000000000002, "z": 1.0609490631722927}, "46": {"x": 2.0000000000000004, "y": 14.000000000000002, "z": 1.3701006120648316}, "47": {"x": 2.0, "y": 15.0, "z": 0.0}, "48": {"x": 3.0, "y": 0.0, "z": 0.0}, "49": {"x": 2.999999999999999, "y": 0.9999999999999998, "z": 0.7420460284017579}, "50": {"x": 3.0, "y": 2.0000000000000004, "z": 0.5214723684268996}, "51": {"x": 2.9999999999999982, "y": 2.9999999999999982, "z": 0.8277710386264996}, "52": {"x": 2.9999999999999973, "y": 3.9999999999999982, "z": 0.550482010735469}, "53": {"x": 2.9999999999999973, "y": 4.999999999999998, "z": 0.20287481714082972}, "54": {"x": 2.999999999999997, "y": 5.999999999999997, "z": 0.8011075099109098}, "55": {"x": 2.9999999999999973, "y": 6.999999999999998, "z": 1.5345384008242606}, "56": {"x": 2.9999999999999987, "y": 8.000000000000002, "z": 1.196423497460966}, "57": {"x": 3.000000000000001, "y": 9.000000000000007, "z": 1.8602744966439964}, "58": {"x": 3.0000000000000036, "y": 10.000000000000009, "z": 2.542017419514741}, "59": {"x": 3.0000000000000027, "y": 11.000000000000007, "z": 3.152083434827151}, "60": {"x": 3.0000000000000027, "y": 12.00000000000001, "z": 2.1535780030120057}, "61": {"x": 3.000000000000002, "y": 13.000000000000005, "z": 1.2160785161872039}, "62": {"x": 3.000000000000001, "y": 14.000000000000002, "z": 1.4050714786879772}, "63": {"x": 3.0, "y": 15.0, "z": 0.0}, "64": {"x": 4.0, "y": 0.0, "z": 0.0}, "65": {"x": 3.999999999999999, "y": 0.9999999999999998, "z": 0.521000557440798}, "66": {"x": 3.999999999999999, "y": 2.0, "z": 0.5039702271844053}, "67": {"x": 3.9999999999999982, "y": 2.9999999999999987, "z": 0.6936113561868849}, "68": {"x": 3.999999999999996, "y": 3.9999999999999973, "z": 0.5255201680255849}, "69": {"x": 3.9999999999999964, "y": 4.999999999999998, "z": 0.25736917467001397}, "70": {"x": 3.9999999999999964, "y": 5.999999999999998, "z": 0.7855100795398263}, "71": {"x": 3.999999999999997, "y": 7.0, "z": 1.285443396970463}, "72": {"x": 3.9999999999999987, "y": 8.000000000000002, "z": 1.253592186434806}, "73": {"x": 4.000000000000001, "y": 9.000000000000005, "z": 1.7074668574297356}, "74": {"x": 4.0000000000000036, "y": 10.000000000000009, "z": 2.097157861585074}, "75": {"x": 4.0000000000000036, "y": 11.000000000000009, "z": 2.2470994528431096}, "76": {"x": 4.000000000000003, "y": 12.000000000000009, "z": 1.7794732727612366}, "77": {"x": 4.000000000000003, "y": 13.000000000000005, "z": 1.1341355244526004}, "78": {"x": 4.000000000000002, "y": 14.000000000000005, "z": 0.9037412325721649}, "79": {"x": 4.0, "y": 15.0, "z": 0.0}, "80": {"x": 5.0, "y": 0.0, "z": 0.0}, "81": {"x": 5.000000000000001, "y": 0.9999999999999998, "z": 0.22644892706870917}, "82": {"x": 5.0, "y": 1.9999999999999991, "z": 0.3837224240683184}, "83": {"x": 4.999999999999997, "y": 2.999999999999998, "z": 0.4358779339461147}, "84": {"x": 4.999999999999996, "y": 3.9999999999999973, "z": 0.40990122748011765}, "85": {"x": 4.999999999999994, "y": 4.9999999999999964, "z": 0.3012238335454379}, "86": {"x": 4.999999999999995, "y": 5.999999999999998, "z": 0.6422208333232442}, "87": {"x": 4.9999999999999964, "y": 6.999999999999999, "z": 0.9014662544162919}, "88": {"x": 4.999999999999999, "y": 8.000000000000004, "z": 1.1012349575546003}, "89": {"x": 5.000000000000001, "y": 9.000000000000007, "z": 1.2103832183142893}, "90": {"x": 5.000000000000002, "y": 10.000000000000007, "z": 1.2253810498860416}, "91": {"x": 5.000000000000003, "y": 11.000000000000007, "z": 1.1457198895520315}, "92": {"x": 5.0000000000000036, "y": 12.000000000000007, "z": 1.0142044637585437}, "93": {"x": 5.000000000000002, "y": 13.000000000000007, "z": 0.7817900019442793}, "94": {"x": 5.000000000000002, "y": 14.00000000000001, "z": 0.4157715345064786}, "95": {"x": 5.0, "y": 15.0, "z": 0.0}, "96": {"x": 6.0, "y": 0.0, "z": 0.0}, "97": {"x": 6.000000000000001, "y": 0.9999999999999996, "z": 0.3810500765734371}, "98": {"x": 6.000000000000001, "y": 1.9999999999999993, "z": 0.4447465107041616}, "99": {"x": 5.999999999999998, "y": 2.9999999999999982, "z": 0.5677884623265417}, "100": {"x": 5.9999999999999964, "y": 3.9999999999999982, "z": 0.4654899301627575}, "101": {"x": 5.999999999999991, "y": 4.9999999999999964, "z": 0.27155246380537906}, "102": {"x": 5.999999999999995, "y": 5.999999999999998, "z": 0.7089548842493166}, "103": {"x": 5.999999999999997, "y": 7.0, "z": 1.0998335222449842}, "104": {"x": 6.000000000000001, "y": 8.000000000000004, "z": 1.1736709329079098}, "105": {"x": 6.0000000000000036, "y": 9.000000000000009, "z": 1.4621523485017038}, "106": {"x": 6.000000000000003, "y": 10.000000000000007, "z": 1.6747764015413473}, "107": {"x": 6.000000000000003, "y": 11.000000000000007, "z": 1.7334319581904227}, "108": {"x": 6.000000000000002, "y": 12.000000000000002, "z": 1.4107061265715604}, "109": {"x": 6.000000000000002, "y": 13.000000000000002, "z": 0.9641988422928575}, "110": {"x": 6.000000000000002, "y": 14.0, "z": 0.6840973199919231}, "111": {"x": 6.0, "y": 15.0, "z": 0.0}, "112": {"x": 7.0, "y": 0.0, "z": 0.0}, "113": {"x": 7.0, "y": 0.9999999999999994,