{"attributes": {"name": "Mesh"}, "dva": {"x": 0.0, "y": 0.0, "z": 0.0}, "dea": {}, "dfa": {}, "vertex": {"0": {"x": 0.0, "y": 0.0, "z": 0.0}, "1": {"x": 0.0, "y": 1.0, "z": 0.0}, "2": {"x": 0.0, "y": 2.0, "z": 0.0}, "3": {"x": 0.0, "y": 3.0, "z": 0.0}, "4": {"x": 0.0, "y": 4.0, "z": 0.0}, "5": {"x": 0.0, "y": 5.0, "z": 0.0}, "6": {"x": 0.0, "y": 6.0, "z": 0.0}, "7": {"x": 0.0, "y": 7.0, "z": 0.0}, "8": {"x": 0.0, "y": 8.0, "z": 0.0}, "9": {"x": 0.0, "y": 9.0, "z": 0.0}, "10": {"x": 0.0, "y": 10.0, "z": 0.0}, "11": {"x": 0.0, "y": 11.0, "z": 0.0}, "12": {"x": 0.0, "y": 12.0, "z": 0.0}, "13": {"x": 0.0, "y": 13.0, "z": 0.0}, "14": {"x": 0.0, "y": 14.0, "z": 0.0}, "15": {"x": 0.0, "y": 15.0, "z": 0.0}, "16": {"x": 1.0, "y": 0.0, "z": 0.0}, "17": {"x": 1.0, "y": 1.0, "z": 0.33497771165248924}, "18": {"x": 1.0, "y": 2.0, "z": 0.5289095357082565}, "19": {"x": 1.0000000000000004, "y": 3.000000000000001, "z": 0.6128899660667634}, "20": {"x": 1.000000000000001, "y": 4.000000000000002, "z": 0.5695798274352953}, "21": {"x": 1.0000000000000013, "y": 5.000000000000002, "z": 0.519400148866709}, "22": {"x": 1.000000000000001, "y": 6.000000000000002, "z": 0.5476316413525024}, "23": {"x": 1.0000000000000009, "y": 7.000000000000002, "z": 0.4609157262400572}, "24": {"x": 1.0000000000000013, "y": 8.000000000000004, "z": 0.40800041040194407}, "25": {"x": 1.0000000000000016, "y": 9.000000000000004, "z": 0.2166413402362602}, "26": {"x": 1.0000000000000018, "y": 10.000000000000007, "z": 0.31301657759975676}, "27": {"x": 1.0000000000000016, "y": 11.000000000000002, "z": 0.37000459867393276}, "28": {"x": 1.0000000000000016, "y": 12.000000000000007, "z": 0.35909100876900435}, "29": {"x": 1.000000000000001, "y": 13.000000000000005, "z": 0.20461174430715143}, "30": {"x": 1.0000000000000004, "y": 14.000000000000005, "z": 0.14780296712604465}, "31": {"x": 1.0, "y": 15.0, "z": 0.0}, "32": {"x": 2.0, "y": 0.0, "z": 0.0}, "33": {"x": 2.0, "y": 1.0000000000000009, "z": 0.7470809659388653}, "34": {"x": 2.000000000000001, "y": 2.0000000000000018, "z": 0.9409093732361499}, "35": {"x": 2.0000000000000018, "y": 3.000000000000003, "z": 1.1653522886999426}, "36": {"x": 2.000000000000002, "y": 4.0000000000000036, "z": 0.90922548505929}, "37": {"x": 2.000000000000002, "y": 5.000000000000003, "z": 0.8371388649832152}, "38": {"x": 2.000000000000002, "y": 6.0000000000000036, "z": 1.0033336540295317}, "39": {"x": 2.0000000000000004, "y": 7.000000000000003, "z": 0.7626562785680521}, "40": {"x": 2.0000000000000018, "y": 8.000000000000005, "z": 0.8500702940988031}, "41": {"x": 2.000000000000003, "y": 9.000000000000009, "z": 0.39138540277475775}, "42": {"x": 2.0000000000000036, "y": 10.00000000000001, "z": 0.5320870381555004}, "43": {"x": 2.000000000000003, "y": 11.000000000000007, "z": 0.6309563267574843}, "44": {"x": 2.0000000000000018, "y": 12.000000000000009, "z": 0.9228288420098325}, "45": {"x": 2.0000000000000013, "y": 13.000000000000005, "z": 0.34026712425189093}, "46": {"x": 2.0000000000000004, "y": 14.000000000000005, "z": 0.2552829405488555}, "47": {"x": 2.0, "y": 15.0, "z": 0.0}, "48": {"x": 3.0, "y": 0.0, "z": 0.0}, "49": {"x": 3.000000000000001, "y": 1.0000000000000013, "z": 0.37910344553348896}, "50": {"x": 3.0000000000000013, "y": 2.0000000000000027, "z": 0.670935290014122}, "51": {"x": 3.000000000000002, "y": 3.000000000000004, "z": 0.8650509971042337}, "52": {"x": 3.000000000000003, "y": 4.000000000000005, "z": 0.9729850487018465}, "53": {"x": 3.0000000000000044, "y": 5.000000000000007, "z": 1.0051999865801287}, "54": {"x": 3.000000000000003, "y": 6.000000000000005, "z": 0.9958050822937927}, "55": {"x": 3.0000000000000004, "y": 7.0000000000000036, "z": 0.9061659047698027}, "56": {"x": 3.000000000000002, "y": 8.000000000000007, "z": 0.767317226809971}, "57": {"x": 3.0000000000000044, "y": 9.00000000000001, "z": 0.5468984219297914}, "58": {"x": 3.0000000000000044, "y": 10.000000000000014, "z": 0.6220074000557864}, "59": {"x": 3.000000000000004, "y": 11.00000000000001, "z": 0.6375186281770863}, "60": {"x": 3.000000000000003, "y": 12.00000000000001, "z": 0.5687684746045745}, "61": {"x": 3.0000000000000018, "y": 13.000000000000007, "z": 0.42126844845369804}, "62": {"x": 3.0000000000000004, "y": 14.000000000000004, "z": 0.25199771621095074}, "63": {"x": 3.0, "y": 15.0, "z": 0.0}, "64": {"x": 4.0, "y": 0.0, "z": 0.0}, "65": {"x": 4.000000000000001, "y": 1.0000000000000013, "z": 0.37958881232546887}, "66": {"x": 4.000000000000001, "y": 2.000000000000003, "z": 0.6870268796830074}, "67": {"x": 4.000000000000005, "y": 3.0000000000000053, "z": 0.9119586542789252}, "68": {"x": 4.000000000000006, "y": 4.000000000000008, "z": 1.062779045834151}, "69": {"x": 4.000000000000006, "y": 5.000000000000008, "z": 1.123552402355776}, "70": {"x": 4.000000000000004, "y": 6.000000000000007, "z": 1.1039915079585088}, "71": {"x": 4.0000000000000036, "y": 7.000000000000007, "z": 1.0140804762254214}, "72": {"x": 4.0000000000000036, "y": 8.000000000000009, "z": 0.8560869205967748}, "73": {"x": 4.000000000000005, "y": 9.000000000000012, "z": 0.631803231115136}, "74": {"x": 4.000000000000004, "y": 10.000000000000012, "z": 0.6948100411318937}, "75": {"x": 4.000000000000004, "y": 11.000000000000016, "z": 0.695708197879354}, "76": {"x": 4.000000000000003, "y": 12.000000000000012, "z": 0.6192864710888797}, "77": {"x": 4.000000000000002, "y": 13.000000000000009, "z": 0.4751412781915691}, "78": {"x": 4.000000000000001, "y": 14.000000000000004, "z": 0.27536419225843967}, "79": {"x": 4.0, "y": 15.0, "z": 0.0}, "80": {"x": 5.0, "y": 0.0, "z": 0.0}, "81": {"x": 4.999999999999999, "y": 1.0000000000000009, "z": 0.4897557451427246}, "82": {"x": 5.0, "y": 2.0000000000000018, "z": 0.8615147303014338}, "83": {"x": 5.000000000000003, "y": 3.000000000000004, "z": 1.1077606389341237}, "84": {"x": 5.000000000000005, "y": 4.000000000000006, "z": 1.2375925643007586}, "85": {"x": 5.000000000000007, "y": 5.000000000000008, "z": 1.2679383119451852}, "86": {"x": 5.000000000000005, "y": 6.000000000000006, "z": 1.2490126403147623}, "87": {"x": 5.000000000000005, "y": 7.00000000000001, "z": 1.1246919185932154}, "88": {"x": 5.000000000000005, "y": 8.00000000000001, "z": 0.9398361768679235}, "89": {"x": 5.000000000000004, "y": 9.00000000000001, "z": 0.6462688032527065}, "90": {"x": 5.000000000000002, "y": 10.000000000000007, "z": 0.7584966554132623}, "91": {"x": 5.000000000000001, "y": 11.000000000000007, "z": 0.789408490485846}, "92": {"x": 5.000000000000002, "y": 12.000000000000009, "z": 0.7120764451799629}, "93": {"x": 5.000000000000001, "y": 13.000000000000009, "z": 0.52242618337371}, "94": {"x": 5.000000000000001, "y": 14.000000000000009, "z": 0.3157219819414402}, "95": {"x": 5.0, "y": 15.0, "z": 0.0}, "96": {"x": 6.0, "y": 0.0, "z": 0.0}, "97": {"x": 6.000000000000001, "y": 1.0000000000000013, "z": 0.6825504644348327}, "98": {"x": 6.000000000000003, "y": 2.0000000000000027, "z": 1.1224143734093113}, "99": {"x": 6.000000000000004, "y": 3.000000000000004, "z": 1.3671970894486485}, "100": {"x": 6.000000000000007, "y": 4.000000000000007, "z": 1.387042591737033}, "101": {"x": 6.000000000000009, "y": 5.000000000000009, "z": 1.3416502880074384}, "102": {"x": 6.000000000000009, "y": 6.00000000000001, "z": 1.3597374065510952}, "103": {"x": 6.000000000000007, "y": 7.000000000000011, "z": 1.1775021139811621}, "104": {"x": 6.000000000000006, "y": 8.00000000000001, "z": 1.0043895993695857}, "105": {"x": 6.000000000000003, "y": 9.000000000000009, "z": 0.5990142157619924}, "106": {"x": 6.000000000000001, "y": 10.000000000000004, "z": 0.7864291568668644}, "107": {"x": 6.0, "y": 11.000000000000004, "z": 0.8773743216270503}, "108": {"x": 6.0, "y": 12.000000000000004, "z": 0.8338369486132572}, "109": {"x": 6.000000000000001, "y": 13.000000000000012, "z": 0.5360189674268621}, "110": {"x": 6.000000000000002, "y": 14.000000000000009, "z": 0.35368739379365116}, "111": {"x": 6.0, "y": 15.0, "z": 0.0}, "112": {"x": 7.0, "y": 0.0, "z": 0.0},