{"attributes": {"name": "Mesh"}, "dva": {"x": 0.0, "y": 0.0, "z": 0.0}, "dea": {}, "dfa": {}, "vertex": {"0": {"x": 0.0, "y": 0.0, "z": 0.0}, "1": {"x": 0.0, "y": 1.0, "z": 0.0}, "2": {"x": 0.0, "y": 2.0, "z": 0.0}, "3": {"x": 0.0, "y": 3.0, "z": 0.0}, "4": {"x": 0.0, "y": 4.0, "z": 0.0}, "5": {"x": 0.0, "y": 5.0, "z": 0.0}, "6": {"x": 0.0, "y": 6.0, "z": 0.0}, "7": {"x": 0.0, "y": 7.0, "z": 0.0}, "8": {"x": 0.0, "y": 8.0, "z": 0.0}, "9": {"x": 0.0, "y": 9.0, "z": 0.0}, "10": {"x": 0.0, "y": 10.0, "z": 0.0}, "11": {"x": 0.0, "y": 11.0, "z": 0.0}, "12": {"x": 0.0, "y": 12.0, "z": 0.0}, "13": {"x": 0.0, "y": 13.0, "z": 0.0}, "14": {"x": 0.0, "y": 14.0, "z": 0.0}, "15": {"x": 0.0, "y": 15.0, "z": 0.0}, "16": {"x": 1.0, "y": 0.0, "z": 0.0}, "17": {"x": 1.0000000000000007, "y": 1.0000000000000002, "z": 0.07280858463744384}, "18": {"x": 1.000000000000001, "y": 2.0000000000000004, "z": 0.06301559256678345}, "19": {"x": 1.0000000000000016, "y": 3.000000000000001, "z": 0.03900691908726436}, "20": {"x": 1.0000000000000013, "y": 4.000000000000001, "z": 0.12160661806690243}, "21": {"x": 1.000000000000001, "y": 5.0, "z": 0.1327324785633008}, "22": {"x": 1.0000000000000009, "y": 6.000000000000001, "z": 0.28606077169578026}, "23": {"x": 1.0000000000000007, "y": 7.0, "z": 0.3828022088847886}, "24": {"x": 1.0000000000000007, "y": 8.0, "z": 0.43920540821845516}, "25": {"x": 1.0000000000000007, "y": 9.0, "z": 0.5009037100771013}, "26": {"x": 1.0000000000000007, "y": 10.0, "z": 0.4785600050178302}, "27": {"x": 1.0000000000000009, "y": 11.000000000000004, "z": 0.37078250710037547}, "28": {"x": 1.000000000000001, "y": 12.000000000000004, "z": 0.26771640647810596}, "29": {"x": 1.0000000000000009, "y": 13.000000000000007, "z": 0.2573088528545135}, "30": {"x": 1.0000000000000007, "y": 14.000000000000005, "z": 0.1710407801266494}, "31": {"x": 1.0, "y": 15.0, "z": 0.0}, "32": {"x": 2.0, "y": 0.0, "z": 0.0}, "33": {"x": 2.000000000000001, "y": 1.0000000000000004, "z": 0.08663021524563622}, "34": {"x": 2.000000000000002, "y": 2.000000000000001, "z": 0.1073135371794636}, "35": {"x": 2.000000000000003, "y": 3.000000000000002, "z": 0.07118895919689233}, "36": {"x": 2.000000000000002, "y": 4.000000000000001, "z": 0.1863927704920185}, "37": {"x": 2.000000000000002, "y": 5.000000000000001, "z": 0.2424520787649872}, "38": {"x": 2.0000000000000013, "y": 5.999999999999999, "z": 0.46710854493257287}, "39": {"x": 2.000000000000001, "y": 6.999999999999999, "z": 0.6318438642315922}, "40": {"x": 2.0000000000000004, "y": 7.999999999999998, "z": 0.7316500782926364}, "41": {"x": 2.0000000000000004, "y": 8.999999999999998, "z": 0.7572405843026795}, "42": {"x": 2.0000000000000004, "y": 10.0, "z": 0.7232235330595135}, "43": {"x": 2.0000000000000018, "y": 11.000000000000007, "z": 0.6305638620225138}, "44": {"x": 2.0000000000000027, "y": 12.00000000000001, "z": 0.4821237768713648}, "45": {"x": 2.000000000000002, "y": 13.000000000000007, "z": 0.382921316099253}, "46": {"x": 2.0000000000000013, "y": 14.000000000000005, "z": 0.22259916083753087}, "47": {"x": 2.0, "y": 15.0, "z": 0.0}, "48": {"x": 3.0, "y": 0.0, "z": 0.0}, "49": {"x": 3.0000000000000018, "y": 1.0000000000000007, "z": 0.1743297278140455}, "50": {"x": 3.000000000000004, "y": 2.0000000000000018, "z": 0.1552736244220258}, "51": {"x": 3.000000000000004, "y": 3.0000000000000036, "z": 0.08871802853726692}, "52": {"x": 3.0000000000000036, "y": 4.000000000000001, "z": 0.28375008955891245}, "53": {"x": 3.0000000000000027, "y": 5.000000000000001, "z": 0.3058945070640743}, "54": {"x": 3.000000000000004, "y": 6.000000000000002, "z": 0.6965406574850957}, "55": {"x": 3.0000000000000027, "y": 7.000000000000002, "z": 0.9504573750723938}, "56": {"x": 3.000000000000002, "y": 8.000000000000002, "z": 1.0985788155319962}, "57": {"x": 3.000000000000002, "y": 9.000000000000004, "z": 1.2174937859482082}, "58": {"x": 3.000000000000002, "y": 10.000000000000004, "z": 1.1541128684325979}, "59": {"x": 3.000000000000003, "y": 11.000000000000009, "z": 0.9063954613291137}, "60": {"x": 3.0000000000000044, "y": 12.000000000000014, "z": 0.636811858292249}, "61": {"x": 3.0000000000000027, "y": 13.000000000000007, "z": 0.6078075693814056}, "62": {"x": 3.000000000000001, "y": 14.000000000000004, "z": 0.400585648215548}, "63": {"x": 3.0, "y": 15.0, "z": 0.0}, "64": {"x": 4.0, "y": 0.0, "z": 0.0}, "65": {"x": 4.0000000000000036, "y": 1.0000000000000013, "z": 0.23541103329061747}, "66": {"x": 4.000000000000006, "y": 2.000000000000002, "z": 0.1864603296105576}, "67": {"x": 4.000000000000005, "y": 3.0000000000000044, "z": 0.09850613981158349}, "68": {"x": 4.000000000000005, "y": 4.000000000000003, "z": 0.34821768948864734}, "69": {"x": 4.0000000000000036, "y": 5.000000000000002, "z": 0.3418614025660413}, "70": {"x": 4.0000000000000036, "y": 6.000000000000001, "z": 0.8470563490636193}, "71": {"x": 4.0000000000000036, "y": 7.0, "z": 1.1615998596720947}, "72": {"x": 4.000000000000004, "y": 8.000000000000004, "z": 1.3436028671847253}, "73": {"x": 4.000000000000006, "y": 9.000000000000007, "z": 1.5180416504321388}, "74": {"x": 4.000000000000005, "y": 10.000000000000007, "z": 1.43345927326829}, "75": {"x": 4.0000000000000036, "y": 11.000000000000005, "z": 1.0860561680170695}, "76": {"x": 4.000000000000005, "y": 12.000000000000014, "z": 0.7297930682000339}, "77": {"x": 4.000000000000003, "y": 13.000000000000005, "z": 0.7572573827197728}, "78": {"x": 4.000000000000001, "y": 13.999999999999998, "z": 0.5208551452485013}, "79": {"x": 4.0, "y": 15.0, "z": 0.0}, "80": {"x": 5.0, "y": 0.0, "z": 0.0}, "81": {"x": 5.0000000000000036, "y": 1.0000000000000013, "z": 0.33197791107571123}, "82": {"x": 5.000000000000006, "y": 2.000000000000002, "z": 0.19974600824422048}, "83": {"x": 5.000000000000006, "y": 3.0000000000000044, "z": 0.09978626468469597}, "84": {"x": 5.000000000000005, "y": 4.0000000000000036, "z": 0.4210230414144768}, "85": {"x": 5.000000000000005, "y": 5.0000000000000036, "z": 0.34568205684983516}, "86": {"x": 5.000000000000005, "y": 6.000000000000003, "z": 0.9537642812662558}, "87": {"x": 5.000000000000007, "y": 7.000000000000004, "z": 1.279763795609307}, "88": {"x": 5.000000000000006, "y": 8.000000000000005, "z": 1.4526553293769655}, "89": {"x": 5.000000000000006, "y": 9.000000000000007, "z": 1.8794448808684705}, "90": {"x": 5.0000000000000036, "y": 10.000000000000004, "z": 1.7875927922021229}, "91": {"x": 5.000000000000002, "y": 11.000000000000004, "z": 1.1629486056473173}, "92": {"x": 5.000000000000007, "y": 12.000000000000014, "z": 0.7462446311703611}, "93": {"x": 5.000000000000005, "y": 13.000000000000009, "z": 0.9404022539487766}, "94": {"x": 5.000000000000001, "y": 13.999999999999998, "z": 0.7181771954285979}, "95": {"x": 5.0, "y": 15.0, "z": 0.0}, "96": {"x": 6.0, "y": 0.0, "z": 0.0}, "97": {"x": 6.0000000000000036, "y": 1.0000000000000013, "z": 0.2948334781798618}, "98": {"x": 6.000000000000006, "y": 2.0000000000000018, "z": 0.1911819989961986}, "99": {"x": 6.000000000000005, "y": 3.0000000000000044, "z": 0.09638764328148136}, "100": {"x": 6.000000000000005, "y": 4.0000000000000036, "z": 0.3897444408915383}, "101": {"x": 6.000000000000006, "y": 5.0000000000000036, "z": 0.33386893948778085}, "102": {"x": 6.000000000000007, "y": 6.000000000000005, "z": 0.8987413483519748}, "103": {"x": 6.000000000000011, "y": 7.000000000000009, "z": 1.21635460035299}, "104": {"x": 6.000000000000008, "y": 8.000000000000007, "z": 1.3946308072473976}, "105": {"x": 6.000000000000005, "y": 9.000000000000005, "z": 1.6977203158544814}, "106": {"x": 6.000000000000004, "y": 10.000000000000004, "z": 1.6080321541727063}, "107": {"x": 6.000000000000002, "y": 11.000000000000004, "z": 1.1165391596446705}, "108": {"x": 6.000000000000006, "y": 12.000000000000012, "z": 0.7194918623498279}, "109": {"x": 6.000000000000003, "y": 13.000000000000005, "z": 0.8615612245964261}, "110": {"x": 5.999999999999999, "y": 13.999999999999998, "z": 0.6363721801337232}, "111": {"x": 6.0, "y": 15.0, "z": 0.0}, "112": {"x": 7.0,