{"attributes": {"name": "Mesh"}, "dva": {"x": 0.0, "y": 0.0, "z": 0.0}, "dea": {}, "dfa": {}, "vertex": {"0": {"x": 0.0, "y": 0.0, "z": 0.0}, "1": {"x": 0.0, "y": 1.0, "z": 0.0}, "2": {"x": 0.0, "y": 2.0, "z": 0.0}, "3": {"x": 0.0, "y": 3.0, "z": 0.0}, "4": {"x": 0.0, "y": 4.0, "z": 0.0}, "5": {"x": 0.0, "y": 5.0, "z": 0.0}, "6": {"x": 0.0, "y": 6.0, "z": 0.0}, "7": {"x": 0.0, "y": 7.0, "z": 0.0}, "8": {"x": 0.0, "y": 8.0, "z": 0.0}, "9": {"x": 0.0, "y": 9.0, "z": 0.0}, "10": {"x": 0.0, "y": 10.0, "z": 0.0}, "11": {"x": 0.0, "y": 11.0, "z": 0.0}, "12": {"x": 0.0, "y": 12.0, "z": 0.0}, "13": {"x": 0.0, "y": 13.0, "z": 0.0}, "14": {"x": 0.0, "y": 14.0, "z": 0.0}, "15": {"x": 0.0, "y": 15.0, "z": 0.0}, "16": {"x": 1.0, "y": 0.0, "z": 0.0}, "17": {"x": 1.0, "y": 1.0000000000000002, "z": 0.24201307630922672}, "18": {"x": 1.0, "y": 2.0000000000000004, "z": 0.32079743487458723}, "19": {"x": 1.0000000000000004, "y": 3.0000000000000004, "z": 0.34727543210080825}, "20": {"x": 1.000000000000001, "y": 4.0, "z": 0.517965836906991}, "21": {"x": 1.000000000000001, "y": 5.000000000000001, "z": 0.6807804008737433}, "22": {"x": 1.0000000000000009, "y": 6.0, "z": 0.6684332774814801}, "23": {"x": 1.0000000000000007, "y": 7.000000000000002, "z": 0.5679218029378215}, "24": {"x": 1.0000000000000007, "y": 8.000000000000002, "z": 0.723223847378867}, "25": {"x": 1.0000000000000007, "y": 8.999999999999998, "z": 0.830884740870918}, "26": {"x": 1.0000000000000002, "y": 9.999999999999998, "z": 0.8547254182174261}, "27": {"x": 1.0000000000000002, "y": 10.999999999999998, "z": 0.830285448118705}, "28": {"x": 1.0000000000000002, "y": 12.0, "z": 0.686842946835838}, "29": {"x": 1.0000000000000004, "y": 13.000000000000002, "z": 0.594801992505981}, "30": {"x": 1.0000000000000002, "y": 14.000000000000002, "z": 0.36820722814036816}, "31": {"x": 1.0, "y": 15.0, "z": 0.0}, "32": {"x": 2.0, "y": 0.0, "z": 0.0}, "33": {"x": 1.9999999999999998, "y": 1.0000000000000007, "z": 0.3886599980553186}, "34": {"x": 2.0, "y": 2.0000000000000013, "z": 0.5341294470870238}, "35": {"x": 2.000000000000001, "y": 3.0000000000000013, "z": 0.6164568579885144}, "36": {"x": 2.0000000000000027, "y": 4.000000000000003, "z": 0.8761563678818174}, "37": {"x": 2.0000000000000018, "y": 5.000000000000003, "z": 1.147157758107036}, "38": {"x": 2.0000000000000018, "y": 6.000000000000003, "z": 1.1322428763133705}, "39": {"x": 2.0000000000000018, "y": 7.000000000000003, "z": 1.0133327052393188}, "40": {"x": 2.0000000000000018, "y": 8.000000000000002, "z": 1.224259855493207}, "41": {"x": 2.000000000000001, "y": 8.999999999999998, "z": 1.3631327536160232}, "42": {"x": 2.0, "y": 9.999999999999996, "z": 1.377661236029276}, "43": {"x": 2.0000000000000004, "y": 10.999999999999998, "z": 1.3270271528745354}, "44": {"x": 2.0, "y": 12.0, "z": 1.091495200004276}, "45": {"x": 2.0, "y": 12.999999999999998, "z": 0.9286328762899316}, "46": {"x": 1.9999999999999998, "y": 14.0, "z": 0.5653914128257135}, "47": {"x": 2.0, "y": 15.0, "z": 0.0}, "48": {"x": 3.0, "y": 0.0, "z": 0.0}, "49": {"x": 3.0000000000000004, "y": 1.0000000000000007, "z": 0.3550213511819706}, "50": {"x": 3.0000000000000004, "y": 2.0000000000000013, "z": 0.6273764392091856}, "51": {"x": 3.0000000000000013, "y": 3.000000000000002, "z": 0.8175442262328677}, "52": {"x": 3.0000000000000036, "y": 4.0000000000000036, "z": 1.0620292920240189}, "53": {"x": 3.000000000000005, "y": 5.000000000000007, "z": 1.2341986248247425}, "54": {"x": 3.000000000000004, "y": 6.000000000000006, "z": 1.3339518533704637}, "55": {"x": 3.000000000000002, "y": 7.000000000000003, "z": 1.3547168381821848}, "56": {"x": 3.000000000000002, "y": 8.000000000000002, "z": 1.493047791427759}, "57": {"x": 3.0000000000000013, "y": 9.0, "z": 1.5609984981630955}, "58": {"x": 3.000000000000001, "y": 9.999999999999998, "z": 1.5430360301540071}, "59": {"x": 3.0, "y": 10.999999999999998, "z": 1.427940954649529}, "60": {"x": 3.0000000000000004, "y": 11.999999999999998, "z": 1.2254788115132143}, "61": {"x": 2.9999999999999996, "y": 12.999999999999996, "z": 0.9079192438513239}, "62": {"x": 3.0, "y": 14.0, "z": 0.5002088295673836}, "63": {"x": 3.0, "y": 15.0, "z": 0.0}, "64": {"x": 4.0, "y": 0.0, "z": 0.0}, "65": {"x": 4.000000000000002, "y": 1.000000000000001, "z": 0.4813786691895118}, "66": {"x": 4.000000000000002, "y": 2.000000000000002, "z": 0.7551137298577172}, "67": {"x": 4.000000000000002, "y": 3.0000000000000027, "z": 0.9379756308544642}, "68": {"x": 4.000000000000004, "y": 4.000000000000004, "z": 1.2620248819756201}, "69": {"x": 4.000000000000004, "y": 5.000000000000004, "z": 1.5512169950758554}, "70": {"x": 4.000000000000004, "y": 6.000000000000005, "z": 1.606069842240887}, "71": {"x": 4.0000000000000036, "y": 7.000000000000004, "z": 1.551604786732487}, "72": {"x": 4.0000000000000036, "y": 8.000000000000004, "z": 1.778340526667072}, "73": {"x": 4.000000000000002, "y": 9.000000000000002, "z": 1.912836307332235}, "74": {"x": 4.000000000000002, "y": 9.999999999999998, "z": 1.9115170964702233}, "75": {"x": 4.000000000000002, "y": 11.000000000000002, "z": 1.8048601026267912}, "76": {"x": 4.0, "y": 12.0, "z": 1.5208982825518478}, "77": {"x": 4.0, "y": 13.0, "z": 1.2003280108178342}, "78": {"x": 4.0, "y": 14.000000000000004, "z": 0.6933437324768157}, "79": {"x": 4.0, "y": 15.0, "z": 0.0}, "80": {"x": 5.0, "y": 0.0, "z": 0.0}, "81": {"x": 5.000000000000002, "y": 1.000000000000001, "z": 0.46017834183365175}, "82": {"x": 5.000000000000003, "y": 2.0000000000000018, "z": 0.7851879610644658}, "83": {"x": 5.000000000000002, "y": 3.000000000000002, "z": 0.9904313660108814}, "84": {"x": 5.0000000000000036, "y": 4.0000000000000036, "z": 1.3171395165236297}, "85": {"x": 5.0000000000000036, "y": 5.0000000000000036, "z": 1.5449613580123471}, "86": {"x": 5.0000000000000036, "y": 6.0000000000000036, "z": 1.6534038825495445}, "87": {"x": 5.000000000000005, "y": 7.000000000000006, "z": 1.6410677427122686}, "88": {"x": 5.000000000000004, "y": 8.000000000000005, "z": 1.869825809242779}, "89": {"x": 5.000000000000004, "y": 9.000000000000005, "z": 2.0029707662223926}, "90": {"x": 5.000000000000003, "y": 10.000000000000002, "z": 2.0111166899776958}, "91": {"x": 5.000000000000002, "y": 11.000000000000002, "z": 1.8839064491535342}, "92": {"x": 5.000000000000001, "y": 12.0, "z": 1.6246025744174843}, "93": {"x": 5.000000000000001, "y": 13.000000000000005, "z": 1.2252279109188076}, "94": {"x": 5.0, "y": 14.0, "z": 0.6857106040590736}, "95": {"x": 5.0, "y": 15.0, "z": 0.0}, "96": {"x": 6.0, "y": 0.0, "z": 0.0}, "97": {"x": 6.000000000000002, "y": 1.0000000000000009, "z": 0.5833236834281512}, "98": {"x": 6.000000000000003, "y": 2.000000000000002, "z": 0.8268023298355971}, "99": {"x": 6.0000000000000036, "y": 3.000000000000003, "z": 0.9498567584963218}, "100": {"x": 6.000000000000004, "y": 4.0000000000000036, "z": 1.3539169479410191}, "101": {"x": 6.000000000000004, "y": 5.0000000000000036, "z": 1.737142661118636}, "102": {"x": 6.0000000000000036, "y": 6.000000000000003, "z": 1.7338838197611601}, "103": {"x": 6.000000000000004, "y": 7.000000000000005, "z": 1.5647870198784515}, "104": {"x": 6.0000000000000036, "y": 8.000000000000005, "z": 1.9199830876579138}, "105": {"x": 6.000000000000003, "y": 9.000000000000004, "z": 2.1597672512559}, "106": {"x": 6.000000000000003, "y": 10.000000000000002, "z": 2.2076964973585858}, "107": {"x": 6.000000000000001, "y": 11.000000000000002, "z": 2.1308129780864955}, "108": {"x": 6.0, "y": 12.0, "z": 1.7862262215861537}, "109": {"x": 5.999999999999999, "y": 12.999999999999996, "z": 1.4823800690193452}, "110": {"x": 6.0, "y": 13.999999999999998, "z": 0.888570592170703}, "111": {"x": 6.0, "y": 15.0, "z": 0.0}, "112": {"x": 7.0, "y": 0.0, "z": 0.0}, "113": {"x": 6.999999999999999, "y": 1.0000000000000009, "z": 0.5495699138870418}, "114": {"x": 7.000000000000002, "y": 2.0000000000000018, "z": 0.7604099563741543}, "115": {"x": 7.000000000000003, "y": 3.000000000000002, "z": 0.8367371304589201}, "116": {"x": 7.000000000000005,