{"attributes": {"name": "Mesh"}, "dva": {"x": 0.0, "y": 0.0, "z": 0.0}, "dea": {}, "dfa": {}, "vertex": {"0": {"x": 0.0, "y": 0.0, "z": 0.0}, "1": {"x": 0.0, "y": 1.0, "z": 0.0}, "2": {"x": 0.0, "y": 2.0, "z": 0.0}, "3": {"x": 0.0, "y": 3.0, "z": 0.0}, "4": {"x": 0.0, "y": 4.0, "z": 0.0}, "5": {"x": 0.0, "y": 5.0, "z": 0.0}, "6": {"x": 0.0, "y": 6.0, "z": 0.0}, "7": {"x": 0.0, "y": 7.0, "z": 0.0}, "8": {"x": 0.0, "y": 8.0, "z": 0.0}, "9": {"x": 0.0, "y": 9.0, "z": 0.0}, "10": {"x": 0.0, "y": 10.0, "z": 0.0}, "11": {"x": 0.0, "y": 11.0, "z": 0.0}, "12": {"x": 0.0, "y": 12.0, "z": 0.0}, "13": {"x": 0.0, "y": 13.0, "z": 0.0}, "14": {"x": 0.0, "y": 14.0, "z": 0.0}, "15": {"x": 0.0, "y": 15.0, "z": 0.0}, "16": {"x": 1.0, "y": 0.0, "z": 0.0}, "17": {"x": 0.9999999999999998, "y": 0.9999999999999998, "z": 0.345228391573834}, "18": {"x": 0.9999999999999993, "y": 1.9999999999999987, "z": 0.6233601691280182}, "19": {"x": 0.9999999999999991, "y": 2.9999999999999987, "z": 0.6277775751486372}, "20": {"x": 0.9999999999999984, "y": 3.999999999999998, "z": 0.6072494268047265}, "21": {"x": 0.9999999999999988, "y": 4.999999999999998, "z": 0.6895261544060893}, "22": {"x": 0.9999999999999989, "y": 6.000000000000001, "z": 0.7610338121841549}, "23": {"x": 0.9999999999999991, "y": 7.0, "z": 1.018675106297996}, "24": {"x": 0.9999999999999994, "y": 8.0, "z": 1.1002258141942256}, "25": {"x": 0.9999999999999997, "y": 9.0, "z": 1.0526136763447886}, "26": {"x": 0.9999999999999994, "y": 9.999999999999998, "z": 0.898937624377803}, "27": {"x": 0.9999999999999996, "y": 10.999999999999995, "z": 0.8990366717823401}, "28": {"x": 0.9999999999999997, "y": 11.999999999999998, "z": 0.7419125775596315}, "29": {"x": 0.9999999999999998, "y": 12.999999999999996, "z": 0.4820830128066181}, "30": {"x": 1.0, "y": 14.000000000000002, "z": 0.2354771338920918}, "31": {"x": 1.0, "y": 15.0, "z": 0.0}, "32": {"x": 2.0, "y": 0.0, "z": 0.0}, "33": {"x": 1.9999999999999998, "y": 0.9999999999999994, "z": 0.47853100164144824}, "34": {"x": 1.999999999999999, "y": 1.9999999999999984, "z": 0.814022068589756}, "35": {"x": 1.9999999999999982, "y": 2.9999999999999973, "z": 1.0013612608128724}, "36": {"x": 1.9999999999999971, "y": 3.9999999999999964, "z": 1.087271211753732}, "37": {"x": 1.9999999999999971, "y": 4.999999999999997, "z": 1.22535693719158}, "38": {"x": 1.9999999999999973, "y": 5.9999999999999964, "z": 1.3656617613967634}, "39": {"x": 1.9999999999999978, "y": 6.999999999999998, "z": 1.5907967787013386}, "40": {"x": 1.9999999999999984, "y": 7.999999999999999, "z": 1.6952385189038672}, "41": {"x": 1.9999999999999987, "y": 8.999999999999998, "z": 1.6779579334737913}, "42": {"x": 1.9999999999999987, "y": 9.999999999999995, "z": 1.5524793799324434}, "43": {"x": 1.9999999999999991, "y": 10.999999999999993, "z": 1.4219631518585931}, "44": {"x": 1.9999999999999996, "y": 11.999999999999995, "z": 1.1762338245456712}, "45": {"x": 1.9999999999999996, "y": 12.999999999999996, "z": 0.8203352310943359}, "46": {"x": 2.0, "y": 14.0, "z": 0.4142394679554578}, "47": {"x": 2.0, "y": 15.0, "z": 0.0}, "48": {"x": 3.0, "y": 0.0, "z": 0.0}, "49": {"x": 2.9999999999999996, "y": 0.9999999999999994, "z": 0.6164783473911534}, "50": {"x": 2.9999999999999982, "y": 1.9999999999999987, "z": 1.0540902857554855}, "51": {"x": 2.9999999999999982, "y": 2.999999999999998, "z": 1.300993838246729}, "52": {"x": 2.999999999999996, "y": 3.9999999999999964, "z": 1.4209727414183597}, "53": {"x": 2.999999999999996, "y": 4.9999999999999964, "z": 1.6018448056684804}, "54": {"x": 2.9999999999999956, "y": 5.999999999999995, "z": 1.7842705655852371}, "55": {"x": 2.999999999999998, "y": 7.000000000000001, "z": 2.0695448506727367}, "56": {"x": 2.999999999999999, "y": 8.000000000000002, "z": 2.201765603701715}, "57": {"x": 2.999999999999999, "y": 9.000000000000002, "z": 2.1811211360922944}, "58": {"x": 2.9999999999999987, "y": 9.999999999999998, "z": 2.02238178901929}, "59": {"x": 2.999999999999999, "y": 10.999999999999998, "z": 1.849366075709987}, "60": {"x": 2.9999999999999996, "y": 11.999999999999998, "z": 1.5286335558121678}, "61": {"x": 2.9999999999999996, "y": 12.999999999999998, "z": 1.068433741876614}, "62": {"x": 3.0, "y": 14.0, "z": 0.5406697962864979}, "63": {"x": 3.0, "y": 15.0, "z": 0.0}, "64": {"x": 4.0, "y": 0.0, "z": 0.0}, "65": {"x": 3.9999999999999996, "y": 0.9999999999999994, "z": 0.7233890250210411}, "66": {"x": 4.0, "y": 1.9999999999999991, "z": 1.231672619482377}, "67": {"x": 3.9999999999999982, "y": 2.999999999999998, "z": 1.498961793129416}, "68": {"x": 3.9999999999999956, "y": 3.9999999999999956, "z": 1.6163431606555057}, "69": {"x": 3.9999999999999942, "y": 4.999999999999995, "z": 1.8202818088316788}, "70": {"x": 3.999999999999994, "y": 5.999999999999995, "z": 2.028805565691698}, "71": {"x": 3.999999999999997, "y": 7.0, "z": 2.3790502351676572}, "72": {"x": 3.999999999999999, "y": 8.000000000000004, "z": 2.538437988907688}, "73": {"x": 4.0, "y": 9.000000000000004, "z": 2.509997691982781}, "74": {"x": 4.0, "y": 10.000000000000002, "z": 2.315064633420796}, "75": {"x": 4.0, "y": 11.0, "z": 2.1274993633581922}, "76": {"x": 4.000000000000001, "y": 12.000000000000002, "z": 1.7590915950535038}, "77": {"x": 4.000000000000001, "y": 13.0, "z": 1.2224094655453477}, "78": {"x": 4.000000000000001, "y": 13.999999999999998, "z": 0.6150399036255859}, "79": {"x": 4.0, "y": 15.0, "z": 0.0}, "80": {"x": 5.0, "y": 0.0, "z": 0.0}, "81": {"x": 5.000000000000001, "y": 0.9999999999999994, "z": 0.7834258516446002}, "82": {"x": 5.000000000000001, "y": 1.9999999999999987, "z": 1.3236808003680325}, "83": {"x": 4.999999999999998, "y": 2.999999999999998, "z": 1.5801708874663853}, "84": {"x": 4.999999999999995, "y": 3.9999999999999947, "z": 1.6704240009659514}, "85": {"x": 4.999999999999993, "y": 4.999999999999994, "z": 1.8791589441416348}, "86": {"x": 4.999999999999994, "y": 5.999999999999996, "z": 2.095780748718765}, "87": {"x": 4.999999999999996, "y": 6.999999999999997, "z": 2.4990312423357324}, "88": {"x": 4.9999999999999964, "y": 8.0, "z": 2.6780138341093385}, "89": {"x": 4.999999999999999, "y": 9.000000000000002, "z": 2.638526437814087}, "90": {"x": 5.000000000000001, "y": 10.000000000000004, "z": 2.4120085812751237}, "91": {"x": 5.000000000000001, "y": 11.000000000000002, "z": 2.233984314157233}, "92": {"x": 5.0, "y": 11.999999999999998, "z": 1.8489891979188418}, "93": {"x": 5.000000000000002, "y": 13.000000000000002, "z": 1.2732382238166804}, "94": {"x": 5.000000000000002, "y": 14.0, "z": 0.6354524432644982}, "95": {"x": 5.0, "y": 15.0, "z": 0.0}, "96": {"x": 6.0, "y": 0.0, "z": 0.0}, "97": {"x": 6.000000000000001, "y": 0.9999999999999994, "z": 0.8221028930449789}, "98": {"x": 6.000000000000001, "y": 1.9999999999999984, "z": 1.472682964448395}, "99": {"x": 5.999999999999997, "y": 2.9999999999999973, "z": 1.5609502887354738}, "100": {"x": 5.999999999999995, "y": 3.999999999999996, "z": 1.570445442739285}, "101": {"x": 5.999999999999992, "y": 4.999999999999994, "z": 1.7765340041174065}, "102": {"x": 5.999999999999993, "y": 5.999999999999995, "z": 1.9656709944821358}, "103": {"x": 5.999999999999993, "y": 6.999999999999994, "z": 2.5130153374455446}, "104": {"x": 5.999999999999994, "y": 7.999999999999994, "z": 2.6970979828164663}, "105": {"x": 6.0, "y": 9.000000000000002, "z": 2.607782770799483}, "106": {"x": 6.000000000000002, "y": 10.000000000000005, "z": 2.283838060495353}, "107": {"x": 6.000000000000001, "y": 11.000000000000004, "z": 2.22107762986394}, "108": {"x": 5.999999999999999, "y": 12.0, "z": 1.8304427882086138}, "109": {"x": 6.000000000000001, "y": 13.0, "z": 1.21636600302662}, "110": {"x": 6.000000000000001, "y": 13.999999999999998, "z": 0.5998233154129209}, "111": {"x": 6.0, "y": 15.0, "z": 0.0}, "112": {"x": 7.0, "y": 0.0, "z": 0.0}, "113": {"x": 7.000000000000002, "y": 0.9999999999999994, "z": 0.6495416595923081}, "114": {"x": 7.0, "y": 1.9999999999999984, "z": 1.1076714043840936}, "115": {"x": 6.9999999999999964, "y": 2.999999999999997,