{"attributes": {"name": "Mesh"}, "dva": {"x": 0.0, "y": 0.0, "z": 0.0}, "dea": {}, "dfa": {}, "vertex": {"0": {"x": 0.0, "y": 0.0, "z": 0.0}, "1": {"x": 0.0, "y": 1.0, "z": 0.0}, "2": {"x": 0.0, "y": 2.0, "z": 0.0}, "3": {"x": 0.0, "y": 3.0, "z": 0.0}, "4": {"x": 0.0, "y": 4.0, "z": 0.0}, "5": {"x": 0.0, "y": 5.0, "z": 0.0}, "6": {"x": 0.0, "y": 6.0, "z": 0.0}, "7": {"x": 0.0, "y": 7.0, "z": 0.0}, "8": {"x": 0.0, "y": 8.0, "z": 0.0}, "9": {"x": 0.0, "y": 9.0, "z": 0.0}, "10": {"x": 0.0, "y": 10.0, "z": 0.0}, "11": {"x": 0.0, "y": 11.0, "z": 0.0}, "12": {"x": 0.0, "y": 12.0, "z": 0.0}, "13": {"x": 0.0, "y": 13.0, "z": 0.0}, "14": {"x": 0.0, "y": 14.0, "z": 0.0}, "15": {"x": 0.0, "y": 15.0, "z": 0.0}, "16": {"x": 1.0, "y": 0.0, "z": 0.0}, "17": {"x": 1.0, "y": 1.0, "z": 0.1088356587011572}, "18": {"x": 1.0000000000000002, "y": 2.0, "z": 0.47043509286662905}, "19": {"x": 1.0000000000000002, "y": 2.999999999999999, "z": 0.1924057046563875}, "20": {"x": 1.0000000000000004, "y": 3.9999999999999996, "z": 0.14760681387856275}, "21": {"x": 1.0000000000000007, "y": 5.000000000000001, "z": 0.2853395938140541}, "22": {"x": 1.0000000000000009, "y": 5.999999999999999, "z": 0.5632475085455146}, "23": {"x": 1.0000000000000013, "y": 7.0000000000000036, "z": 0.4811185900209119}, "24": {"x": 1.0000000000000018, "y": 8.000000000000005, "z": 0.2378107856968948}, "25": {"x": 1.0000000000000009, "y": 9.0, "z": 0.3294195052364183}, "26": {"x": 1.0000000000000009, "y": 10.000000000000004, "z": 0.5830709802381673}, "27": {"x": 1.0, "y": 10.999999999999998, "z": 0.369755384370604}, "28": {"x": 1.0, "y": 12.000000000000002, "z": 0.5852542165069086}, "29": {"x": 0.9999999999999999, "y": 12.999999999999998, "z": 0.42868529574213954}, "30": {"x": 1.0, "y": 13.999999999999998, "z": 0.25862173693077506}, "31": {"x": 1.0, "y": 15.0, "z": 0.0}, "32": {"x": 2.0, "y": 0.0, "z": 0.0}, "33": {"x": 2.0, "y": 1.0, "z": 0.1542274330504085}, "34": {"x": 2.0000000000000004, "y": 2.0000000000000004, "z": 0.24716567477563828}, "35": {"x": 2.0000000000000004, "y": 2.9999999999999996, "z": 0.28986814684212353}, "36": {"x": 2.000000000000001, "y": 4.0, "z": 0.28155718627922777}, "37": {"x": 2.0000000000000013, "y": 5.000000000000001, "z": 0.40695602450263}, "38": {"x": 2.000000000000002, "y": 6.000000000000003, "z": 0.4776306837061831}, "39": {"x": 2.0000000000000027, "y": 7.0000000000000036, "z": 0.49337540102825606}, "40": {"x": 2.000000000000003, "y": 8.000000000000007, "z": 0.4521250945318617}, "41": {"x": 2.000000000000002, "y": 9.000000000000005, "z": 0.5392089233691918}, "42": {"x": 2.0000000000000013, "y": 10.000000000000004, "z": 0.5885644521669867}, "43": {"x": 2.0000000000000004, "y": 11.000000000000002, "z": 0.5862805286249297}, "44": {"x": 2.0000000000000004, "y": 12.0, "z": 0.5296647127256442}, "45": {"x": 2.0000000000000004, "y": 13.0, "z": 0.41742435972203334}, "46": {"x": 2.0, "y": 13.999999999999998, "z": 0.24062677270290064}, "47": {"x": 2.0, "y": 15.0, "z": 0.0}, "48": {"x": 3.0, "y": 0.0, "z": 0.0}, "49": {"x": 3.0000000000000004, "y": 1.0000000000000002, "z": 0.2333165257480803}, "50": {"x": 3.0000000000000004, "y": 2.0, "z": 0.4739327462367421}, "51": {"x": 3.0000000000000004, "y": 2.999999999999999, "z": 0.41627868145268965}, "52": {"x": 3.000000000000002, "y": 4.0, "z": 0.3607325029119027}, "53": {"x": 3.000000000000002, "y": 5.000000000000002, "z": 0.5962807909546847}, "54": {"x": 3.0000000000000027, "y": 6.0000000000000036, "z": 0.8031335945063282}, "55": {"x": 3.000000000000004, "y": 7.000000000000005, "z": 0.7816282169245017}, "56": {"x": 3.0000000000000044, "y": 8.000000000000007, "z": 0.5834929929769616}, "57": {"x": 3.000000000000002, "y": 9.000000000000004, "z": 0.7494800469475783}, "58": {"x": 3.000000000000002, "y": 10.000000000000004, "z": 0.927302740583412}, "59": {"x": 3.0000000000000013, "y": 11.000000000000004, "z": 0.8545838333443236}, "60": {"x": 3.0000000000000018, "y": 12.000000000000004, "z": 0.9016336981911954}, "61": {"x": 3.000000000000002, "y": 13.000000000000005, "z": 0.7256462484411571}, "62": {"x": 3.000000000000001, "y": 14.000000000000004, "z": 0.42987686590623303}, "63": {"x": 3.0, "y": 15.0, "z": 0.0}, "64": {"x": 4.0, "y": 0.0, "z": 0.0}, "65": {"x": 4.0, "y": 1.0, "z": 0.2580503278487373}, "66": {"x": 4.000000000000001, "y": 2.0, "z": 0.41131248281901156}, "67": {"x": 4.000000000000001, "y": 3.0, "z": 0.4614340078702401}, "68": {"x": 4.000000000000003, "y": 4.000000000000001, "z": 0.41871715318083136}, "69": {"x": 4.0000000000000036, "y": 5.000000000000001, "z": 0.6486167643384786}, "70": {"x": 4.000000000000003, "y": 6.000000000000003, "z": 0.7725833723956821}, "71": {"x": 4.000000000000004, "y": 7.000000000000005, "z": 0.7838294843994128}, "72": {"x": 4.000000000000005, "y": 8.000000000000007, "z": 0.6781318589425277}, "73": {"x": 4.000000000000002, "y": 9.000000000000002, "z": 0.8497705247530375}, "74": {"x": 4.000000000000002, "y": 10.000000000000002, "z": 0.9617492088190992}, "75": {"x": 4.000000000000003, "y": 11.000000000000005, "z": 0.9704937436607445}, "76": {"x": 4.000000000000003, "y": 12.000000000000002, "z": 0.9051341954939816}, "77": {"x": 4.000000000000003, "y": 13.000000000000002, "z": 0.7291692809648692}, "78": {"x": 4.000000000000001, "y": 14.000000000000004, "z": 0.427136483213176}, "79": {"x": 4.0, "y": 15.0, "z": 0.0}, "80": {"x": 5.0, "y": 0.0, "z": 0.0}, "81": {"x": 5.0, "y": 1.0, "z": 0.300706754173416}, "82": {"x": 5.0, "y": 1.9999999999999998, "z": 0.7687495946917272}, "83": {"x": 5.000000000000001, "y": 3.0, "z": 0.5214329174549117}, "84": {"x": 5.000000000000004, "y": 4.000000000000002, "z": 0.42293772009180264}, "85": {"x": 5.000000000000005, "y": 5.0000000000000036, "z": 0.7529002620971849}, "86": {"x": 5.0000000000000036, "y": 6.0000000000000036, "z": 1.1306432166688432}, "87": {"x": 5.000000000000005, "y": 7.000000000000008, "z": 1.047914833273178}, "88": {"x": 5.000000000000006, "y": 8.000000000000007, "z": 0.6875869180788112}, "89": {"x": 5.000000000000002, "y": 9.000000000000002, "z": 0.9245319110642807}, "90": {"x": 5.000000000000002, "y": 10.000000000000004, "z": 1.2772938127092837}, "91": {"x": 5.000000000000002, "y": 11.000000000000002, "z": 1.0800067911779994}, "92": {"x": 5.000000000000002, "y": 12.000000000000004, "z": 1.2732732893478376}, "93": {"x": 5.000000000000001, "y": 13.000000000000004, "z": 1.0026325406387635}, "94": {"x": 5.000000000000003, "y": 14.000000000000005, "z": 0.6007137270783126}, "95": {"x": 5.0, "y": 15.0, "z": 0.0}, "96": {"x": 6.0, "y": 0.0, "z": 0.0}, "97": {"x": 6.0, "y": 1.0, "z": 0.2833364037109655}, "98": {"x": 6.0, "y": 2.0000000000000004, "z": 0.5082128909862367}, "99": {"x": 6.000000000000001, "y": 3.0000000000000004, "z": 0.4916042626027932}, "100": {"x": 6.000000000000006, "y": 4.000000000000003, "z": 0.4112862953568115}, "101": {"x": 6.000000000000006, "y": 5.0000000000000036, "z": 0.7037266769781567}, "102": {"x": 6.000000000000005, "y": 6.000000000000004, "z": 0.906795064031331}, "103": {"x": 6.000000000000005, "y": 7.000000000000006, "z": 0.88970666153309}, "104": {"x": 6.000000000000005, "y": 8.000000000000007, "z": 0.6698503400106839}, "105": {"x": 6.0000000000000036, "y": 9.000000000000004, "z": 0.8833612780160948}, "106": {"x": 6.000000000000002, "y": 10.000000000000002, "z": 1.0706488098281033}, "107": {"x": 6.000000000000001, "y": 11.0, "z": 1.0396166340835626}, "108": {"x": 5.999999999999999, "y": 12.0, "z": 1.06179499223208}, "109": {"x": 5.999999999999999, "y": 12.999999999999998, "z": 0.8754107108186723}, "110": {"x": 6.000000000000002, "y": 14.000000000000004, "z": 0.5221713220955663}, "111": {"x": 6.0, "y": 15.0, "z": 0.0}, "112": {"x": 7.0, "y": 0.0, "z": 0.0}, "113": {"x": 7.000000000000001, "y": 1.0000000000000002, "z": 0.22666309985974845}, "114": {"x": 7.000000000000001, "y": 2.0000000000000004, "z": 0.3632535478997009}, "115": {"x": 7.000000000000004, "y": 3.0000000000000013, "z": 0.4041345592562444}, "116": {"x": 7.000000000000007,