{"attributes": {"name": "Mesh"}, "dva": {"x": 0.0, "y": 0.0, "z": 0.0}, "dea": {}, "dfa": {}, "vertex": {"0": {"x": 0.0, "y": 0.0, "z": 0.0}, "1": {"x": 0.0, "y": 1.0, "z": 0.0}, "2": {"x": 0.0, "y": 2.0, "z": 0.0}, "3": {"x": 0.0, "y": 3.0, "z": 0.0}, "4": {"x": 0.0, "y": 4.0, "z": 0.0}, "5": {"x": 0.0, "y": 5.0, "z": 0.0}, "6": {"x": 0.0, "y": 6.0, "z": 0.0}, "7": {"x": 0.0, "y": 7.0, "z": 0.0}, "8": {"x": 0.0, "y": 8.0, "z": 0.0}, "9": {"x": 0.0, "y": 9.0, "z": 0.0}, "10": {"x": 0.0, "y": 10.0, "z": 0.0}, "11": {"x": 0.0, "y": 11.0, "z": 0.0}, "12": {"x": 0.0, "y": 12.0, "z": 0.0}, "13": {"x": 0.0, "y": 13.0, "z": 0.0}, "14": {"x": 0.0, "y": 14.0, "z": 0.0}, "15": {"x": 0.0, "y": 15.0, "z": 0.0}, "16": {"x": 1.0, "y": 0.0, "z": 0.0}, "17": {"x": 1.0, "y": 1.0000000000000002, "z": 0.11870696372566533}, "18": {"x": 1.0000000000000002, "y": 2.0000000000000004, "z": 0.20794349552802377}, "19": {"x": 1.0000000000000007, "y": 3.0000000000000018, "z": 0.2700505766094003}, "20": {"x": 1.0000000000000013, "y": 4.000000000000003, "z": 0.31111634044507014}, "21": {"x": 1.0000000000000013, "y": 5.000000000000003, "z": 0.3586384404065981}, "22": {"x": 1.0000000000000016, "y": 6.000000000000005, "z": 0.3917448430372975}, "23": {"x": 1.0000000000000013, "y": 7.000000000000002, "z": 0.45185566675280864}, "24": {"x": 1.0000000000000009, "y": 8.0, "z": 0.492977061309068}, "25": {"x": 1.0000000000000004, "y": 8.999999999999998, "z": 0.5096959709732592}, "26": {"x": 1.0, "y": 9.999999999999995, "z": 0.4968727825625824}, "27": {"x": 0.9999999999999999, "y": 10.999999999999995, "z": 0.45917055990391464}, "28": {"x": 0.9999999999999999, "y": 11.999999999999998, "z": 0.39080775045403104}, "29": {"x": 1.0, "y": 13.0, "z": 0.2840866649597641}, "30": {"x": 1.0, "y": 14.0, "z": 0.15328800099332857}, "31": {"x": 1.0, "y": 15.0, "z": 0.0}, "32": {"x": 2.0, "y": 0.0, "z": 0.0}, "33": {"x": 2.0000000000000004, "y": 1.0000000000000004, "z": 0.3509857341201076}, "34": {"x": 2.0000000000000013, "y": 2.0000000000000018, "z": 0.5724397556367002}, "35": {"x": 2.0000000000000018, "y": 3.000000000000002, "z": 0.663256917951518}, "36": {"x": 2.0000000000000027, "y": 4.0000000000000036, "z": 0.5712069155804105}, "37": {"x": 2.000000000000002, "y": 5.0000000000000036, "z": 0.6874327463090945}, "38": {"x": 2.000000000000002, "y": 6.000000000000003, "z": 0.6892519277746313}, "39": {"x": 2.000000000000002, "y": 7.000000000000002, "z": 0.9776324040497724}, "40": {"x": 2.0000000000000013, "y": 7.999999999999999, "z": 1.0809642039927982}, "41": {"x": 2.000000000000001, "y": 8.999999999999998, "z": 1.1272753104472266}, "42": {"x": 1.9999999999999996, "y": 9.999999999999993, "z": 1.1961560111284881}, "43": {"x": 1.9999999999999996, "y": 10.999999999999995, "z": 1.129979607084131}, "44": {"x": 1.9999999999999993, "y": 11.999999999999996, "z": 0.9889420256741325}, "45": {"x": 2.0, "y": 13.0, "z": 0.840532223667434}, "46": {"x": 2.0000000000000004, "y": 13.999999999999998, "z": 0.5169934793688199}, "47": {"x": 2.0, "y": 15.0, "z": 0.0}, "48": {"x": 3.0, "y": 0.0, "z": 0.0}, "49": {"x": 3.0000000000000004, "y": 1.0000000000000007, "z": 0.5025968844774019}, "50": {"x": 3.0000000000000013, "y": 2.0000000000000018, "z": 0.8009062082804844}, "51": {"x": 3.000000000000002, "y": 3.0000000000000027, "z": 0.8888642553321522}, "52": {"x": 3.000000000000004, "y": 4.000000000000004, "z": 0.7653332546370758}, "53": {"x": 3.0000000000000027, "y": 5.0000000000000036, "z": 0.9074698969233621}, "54": {"x": 3.000000000000003, "y": 6.000000000000002, "z": 0.9109743602549418}, "55": {"x": 3.0000000000000027, "y": 7.000000000000001, "z": 1.2993641655103567}, "56": {"x": 3.0000000000000013, "y": 7.999999999999999, "z": 1.4942463690281382}, "57": {"x": 3.0000000000000004, "y": 8.999999999999996, "z": 1.5841678383136935}, "58": {"x": 2.9999999999999996, "y": 9.999999999999991, "z": 1.676089969792648}, "59": {"x": 2.9999999999999987, "y": 10.999999999999991, "z": 1.6089831649633226}, "60": {"x": 2.9999999999999987, "y": 11.999999999999993, "z": 1.4250172721005043}, "61": {"x": 2.9999999999999987, "y": 12.999999999999995, "z": 1.1681334714382259}, "62": {"x": 2.9999999999999996, "y": 14.0, "z": 0.6976691287531586}, "63": {"x": 3.0, "y": 15.0, "z": 0.0}, "64": {"x": 4.0, "y": 0.0, "z": 0.0}, "65": {"x": 4.000000000000001, "y": 1.0000000000000007, "z": 0.6535651890758427}, "66": {"x": 4.000000000000001, "y": 2.0000000000000013, "z": 1.0361626540344409}, "67": {"x": 4.000000000000002, "y": 3.000000000000002, "z": 1.1310097835209876}, "68": {"x": 4.000000000000004, "y": 4.000000000000004, "z": 0.8744547877850689}, "69": {"x": 4.000000000000003, "y": 5.000000000000003, "z": 1.0657607375193816}, "70": {"x": 4.0000000000000036, "y": 6.0000000000000036, "z": 1.027625887095848}, "71": {"x": 4.0000000000000036, "y": 7.000000000000002, "z": 1.5833289659515835}, "72": {"x": 4.000000000000002, "y": 8.000000000000002, "z": 1.7990137739261678}, "73": {"x": 4.000000000000001, "y": 8.999999999999998, "z": 1.8914672953367797}, "74": {"x": 3.999999999999999, "y": 9.999999999999993, "z": 2.056142179346972}, "75": {"x": 3.9999999999999982, "y": 10.999999999999988, "z": 1.9732368706193877}, "76": {"x": 3.9999999999999982, "y": 11.99999999999999, "z": 1.7536716519472713}, "77": {"x": 3.9999999999999996, "y": 12.999999999999995, "z": 1.5232048141164156}, "78": {"x": 4.0, "y": 13.999999999999998, "z": 0.9500936661921272}, "79": {"x": 4.0, "y": 15.0, "z": 0.0}, "80": {"x": 5.0, "y": 0.0, "z": 0.0}, "81": {"x": 5.0, "y": 1.0000000000000004, "z": 0.7433064159117421}, "82": {"x": 5.000000000000001, "y": 2.000000000000001, "z": 1.1774026344049617}, "83": {"x": 5.000000000000003, "y": 3.000000000000002, "z": 1.261504528643449}, "84": {"x": 5.000000000000004, "y": 4.0000000000000036, "z": 0.9092175384401721}, "85": {"x": 5.000000000000003, "y": 5.000000000000003, "z": 1.1319071591354304}, "86": {"x": 5.000000000000005, "y": 6.000000000000005, "z": 1.058939136644394}, "87": {"x": 5.000000000000004, "y": 7.000000000000005, "z": 1.7106545060478695}, "88": {"x": 5.000000000000003, "y": 8.000000000000002, "z": 1.943174599883961}, "89": {"x": 5.000000000000002, "y": 9.0, "z": 2.0265448166785243}, "90": {"x": 5.000000000000001, "y": 9.999999999999995, "z": 2.2393301371946293}, "91": {"x": 4.999999999999998, "y": 10.999999999999991, "z": 2.1528198555755065}, "92": {"x": 4.999999999999997, "y": 11.999999999999991, "z": 1.919747472311899}, "93": {"x": 5.0, "y": 12.999999999999998, "z": 1.7255759552680876}, "94": {"x": 5.000000000000002, "y": 14.0, "z": 1.1013253143661872}, "95": {"x": 5.0, "y": 15.0, "z": 0.0}, "96": {"x": 6.0, "y": 0.0, "z": 0.0}, "97": {"x": 5.999999999999998, "y": 0.9999999999999999, "z": 0.8216955787877305}, "98": {"x": 6.000000000000001, "y": 2.0000000000000004, "z": 1.331971407512603}, "99": {"x": 6.0000000000000036, "y": 3.000000000000002, "z": 1.5568881555394}, "100": {"x": 6.000000000000005, "y": 4.0000000000000036, "z": 0.843056961958401}, "101": {"x": 6.000000000000003, "y": 5.000000000000003, "z": 1.1765246149531723}, "102": {"x": 6.000000000000007, "y": 6.000000000000005, "z": 0.9743053478118064}, "103": {"x": 6.000000000000004, "y": 7.0000000000000036, "z": 2.0097039306122553}, "104": {"x": 6.000000000000001, "y": 7.999999999999999, "z": 1.9645464549805502}, "105": {"x": 6.0000000000000036, "y": 9.000000000000002, "z": 1.955956365995881}, "106": {"x": 6.0, "y": 9.999999999999996, "z": 2.377134453444812}, "107": {"x": 5.999999999999998, "y": 10.999999999999993, "z": 2.1829858551805454}, "108": {"x": 5.9999999999999964, "y": 11.999999999999991, "z": 1.8997061928999635}, "109": {"x": 6.000000000000002, "y": 13.0, "z": 2.1214386774692673}, "110": {"x": 6.000000000000001, "y": 14.000000000000004, "z": 1.540039642802154}, "111": {"x": 6.0, "y": 15.0, "z": 0.0}, "112": {"x": 7.0, "y": 0.0, "z": 0.0}, "113": {"x": 6.999999999999998, "y": 0.9999999999999999, "z": 0.7615408053929069}, "114": {"x": 7.0, "y": 2.0000000000000004,