{"attributes": {"name": "Mesh"}, "dva": {"x": 0.0, "y": 0.0, "z": 0.0}, "dea": {}, "dfa": {}, "vertex": {"0": {"x": 0.0, "y": 0.0, "z": 0.0}, "1": {"x": 0.0, "y": 1.0, "z": 0.0}, "2": {"x": 0.0, "y": 2.0, "z": 0.0}, "3": {"x": 0.0, "y": 3.0, "z": 0.0}, "4": {"x": 0.0, "y": 4.0, "z": 0.0}, "5": {"x": 0.0, "y": 5.0, "z": 0.0}, "6": {"x": 0.0, "y": 6.0, "z": 0.0}, "7": {"x": 0.0, "y": 7.0, "z": 0.0}, "8": {"x": 0.0, "y": 8.0, "z": 0.0}, "9": {"x": 0.0, "y": 9.0, "z": 0.0}, "10": {"x": 0.0, "y": 10.0, "z": 0.0}, "11": {"x": 0.0, "y": 11.0, "z": 0.0}, "12": {"x": 0.0, "y": 12.0, "z": 0.0}, "13": {"x": 0.0, "y": 13.0, "z": 0.0}, "14": {"x": 0.0, "y": 14.0, "z": 0.0}, "15": {"x": 0.0, "y": 15.0, "z": 0.0}, "16": {"x": 1.0, "y": 0.0, "z": 0.0}, "17": {"x": 1.0, "y": 1.0, "z": 0.09218423734201563}, "18": {"x": 0.9999999999999998, "y": 2.0, "z": 0.047849717678370936}, "19": {"x": 1.0000000000000002, "y": 3.000000000000001, "z": 0.19037481708632864}, "20": {"x": 1.0000000000000007, "y": 4.000000000000001, "z": 0.21626295943768764}, "21": {"x": 0.9999999999999998, "y": 4.9999999999999964, "z": 0.4280355823885537}, "22": {"x": 0.999999999999999, "y": 5.999999999999995, "z": 0.5125134019808305}, "23": {"x": 0.9999999999999987, "y": 6.999999999999995, "z": 0.48157342346645937}, "24": {"x": 0.9999999999999981, "y": 7.999999999999993, "z": 0.421938167345253}, "25": {"x": 0.9999999999999973, "y": 8.99999999999999, "z": 0.3605690565757386}, "26": {"x": 0.9999999999999963, "y": 9.999999999999988, "z": 0.1716622555627362}, "27": {"x": 0.9999999999999977, "y": 10.999999999999996, "z": 0.3661775399829016}, "28": {"x": 0.9999999999999983, "y": 11.999999999999996, "z": 0.4314649920316813}, "29": {"x": 0.9999999999999988, "y": 12.999999999999996, "z": 0.36814947993807173}, "30": {"x": 0.9999999999999997, "y": 14.0, "z": 0.23138652045975552}, "31": {"x": 1.0, "y": 15.0, "z": 0.0}, "32": {"x": 2.0, "y": 0.0, "z": 0.0}, "33": {"x": 1.9999999999999991, "y": 1.0, "z": 0.21990667746854742}, "34": {"x": 1.9999999999999996, "y": 2.0, "z": 0.08172199317872905}, "35": {"x": 2.0000000000000004, "y": 3.000000000000001, "z": 0.39541182592255725}, "36": {"x": 2.0000000000000013, "y": 4.000000000000002, "z": 0.37257691328804465}, "37": {"x": 1.9999999999999996, "y": 4.9999999999999964, "z": 0.9592118482367221}, "38": {"x": 1.9999999999999984, "y": 5.999999999999992, "z": 1.0562808448187382}, "39": {"x": 1.9999999999999976, "y": 6.99999999999999, "z": 0.8783953370852757}, "40": {"x": 1.9999999999999964, "y": 7.9999999999999885, "z": 0.7592530991918297}, "41": {"x": 1.9999999999999956, "y": 8.999999999999986, "z": 0.8254932310355849}, "42": {"x": 1.999999999999993, "y": 9.999999999999975, "z": 0.29118740983825603}, "43": {"x": 1.9999999999999953, "y": 10.999999999999988, "z": 1.2963842225837736}, "44": {"x": 1.9999999999999971, "y": 11.999999999999995, "z": 0.9314809136749959}, "45": {"x": 1.9999999999999978, "y": 12.999999999999995, "z": 0.6985498470557344}, "46": {"x": 1.9999999999999996, "y": 13.999999999999998, "z": 0.4507299352342837}, "47": {"x": 2.0, "y": 15.0, "z": 0.0}, "48": {"x": 3.0, "y": 0.0, "z": 0.0}, "49": {"x": 2.9999999999999987, "y": 1.0, "z": 0.23769696021849343}, "50": {"x": 2.999999999999999, "y": 2.0, "z": 0.10965419023394371}, "51": {"x": 3.000000000000001, "y": 3.0000000000000004, "z": 0.463381662918296}, "52": {"x": 3.000000000000002, "y": 4.000000000000002, "z": 0.502037289152747}, "53": {"x": 3.0, "y": 4.9999999999999964, "z": 1.0549679684248894}, "54": {"x": 2.9999999999999982, "y": 5.999999999999993, "z": 1.2583751216064762}, "55": {"x": 2.9999999999999964, "y": 6.999999999999989, "z": 1.1567211665081496}, "56": {"x": 2.999999999999995, "y": 7.999999999999986, "z": 1.0045664492189268}, "57": {"x": 2.9999999999999933, "y": 8.99999999999998, "z": 0.8771932627703143}, "58": {"x": 2.9999999999999916, "y": 9.999999999999972, "z": 0.39281397134522494}, "59": {"x": 2.999999999999994, "y": 10.999999999999984, "z": 0.930024360172275}, "60": {"x": 2.999999999999996, "y": 11.999999999999991, "z": 1.0816669716987874}, "61": {"x": 2.9999999999999973, "y": 12.999999999999996, "z": 0.9084148586522846}, "62": {"x": 2.999999999999999, "y": 13.999999999999998, "z": 0.5715230842786586}, "63": {"x": 3.0, "y": 15.0, "z": 0.0}, "64": {"x": 4.0, "y": 0.0, "z": 0.0}, "65": {"x": 3.9999999999999987, "y": 0.9999999999999999, "z": 0.26783253701404325}, "66": {"x": 3.9999999999999982, "y": 2.0, "z": 0.1251657613691243}, "67": {"x": 4.000000000000002, "y": 3.000000000000001, "z": 0.522757859027714}, "68": {"x": 4.000000000000004, "y": 4.000000000000003, "z": 0.5759167872226282}, "69": {"x": 4.000000000000001, "y": 4.999999999999997, "z": 1.1766283970246125}, "70": {"x": 3.999999999999998, "y": 5.999999999999993, "z": 1.4281582840474492}, "71": {"x": 3.9999999999999956, "y": 6.999999999999988, "z": 1.3366704494466972}, "72": {"x": 3.999999999999995, "y": 7.999999999999986, "z": 1.1574630601043607}, "73": {"x": 3.9999999999999933, "y": 8.999999999999982, "z": 0.9667697291340737}, "74": {"x": 3.999999999999991, "y": 9.999999999999975, "z": 0.4483154940918375}, "75": {"x": 3.999999999999994, "y": 10.999999999999984, "z": 0.9815400494984091}, "76": {"x": 3.999999999999995, "y": 11.999999999999991, "z": 1.2234144209622608}, "77": {"x": 3.9999999999999956, "y": 12.999999999999991, "z": 1.0565730804283944}, "78": {"x": 3.999999999999998, "y": 13.999999999999995, "z": 0.6607315858259772}, "79": {"x": 4.0, "y": 15.0, "z": 0.0}, "80": {"x": 5.0, "y": 0.0, "z": 0.0}, "81": {"x": 4.9999999999999964, "y": 0.9999999999999996, "z": 0.3860074363134938}, "82": {"x": 4.9999999999999964, "y": 1.9999999999999998, "z": 0.12427825769858059}, "83": {"x": 5.000000000000001, "y": 3.0000000000000013, "z": 0.6481398314567648}, "84": {"x": 5.000000000000006, "y": 4.0000000000000036, "z": 0.5785688577159154}, "85": {"x": 5.000000000000002, "y": 4.999999999999998, "z": 1.5331552824051284}, "86": {"x": 4.999999999999997, "y": 5.999999999999993, "z": 1.7560169138016812}, "87": {"x": 4.999999999999994, "y": 6.999999999999985, "z": 1.4426305339283216}, "88": {"x": 4.999999999999996, "y": 7.999999999999987, "z": 1.228413822320143}, "89": {"x": 4.999999999999996, "y": 8.999999999999986, "z": 1.2440868511227867}, "90": {"x": 4.99999999999999, "y": 9.999999999999977, "z": 0.4432419812571584}, "91": {"x": 4.999999999999995, "y": 10.999999999999986, "z": 1.5712410955277925}, "92": {"x": 4.999999999999995, "y": 11.999999999999991, "z": 1.5938126408892621}, "93": {"x": 4.999999999999993, "y": 12.999999999999984, "z": 1.1980192580266587}, "94": {"x": 4.999999999999996, "y": 13.99999999999999, "z": 0.7598250608449956}, "95": {"x": 5.0, "y": 15.0, "z": 0.0}, "96": {"x": 6.0, "y": 0.0, "z": 0.0}, "97": {"x": 5.999999999999995, "y": 0.9999999999999993, "z": 0.4388874100505707}, "98": {"x": 5.999999999999995, "y": 1.9999999999999987, "z": 0.11531866227296472}, "99": {"x": 6.000000000000001, "y": 3.0000000000000004, "z": 0.6864746526111919}, "100": {"x": 6.000000000000005, "y": 4.0000000000000036, "z": 0.5425735391639009}, "101": {"x": 6.000000000000002, "y": 4.999999999999999, "z": 1.6490387517693752}, "102": {"x": 5.999999999999997, "y": 5.999999999999994, "z": 1.856136880109222}, "103": {"x": 5.999999999999993, "y": 6.999999999999985, "z": 1.4240251400100759}, "104": {"x": 5.9999999999999964, "y": 7.9999999999999885, "z": 1.1985114830040449}, "105": {"x": 5.999999999999996, "y": 8.999999999999986, "z": 1.3146777992454746}, "106": {"x": 5.999999999999992, "y": 9.99999999999998, "z": 0.4104052572099722}, "107": {"x": 5.999999999999994, "y": 10.99999999999999, "z": 1.705130612708835}, "108": {"x": 5.999999999999995, "y": 11.999999999999991, "z": 1.7354687595389482}, "109": {"x": 5.999999999999992, "y": 12.99999999999998, "z": 1.2221079338963532}, "110": {"x": 5.999999999999996, "y": 13.999999999999988, "z": 0.7779823382904142}, "111": {"x": 6.0, "y": 15.0, "z": 0.0}, "112": {"x": 7.0, "y": 0.0, "z": 0.0}, "113": {"x": 6.999999999999995,