{"attributes": {"name": "Mesh"}, "dva": {"x": 0.0, "y": 0.0, "z": 0.0}, "dea": {}, "dfa": {}, "vertex": {"0": {"x": 0.0, "y": 0.0, "z": 0.0}, "1": {"x": 0.0, "y": 1.0, "z": 0.0}, "2": {"x": 0.0, "y": 2.0, "z": 0.0}, "3": {"x": 0.0, "y": 3.0, "z": 0.0}, "4": {"x": 0.0, "y": 4.0, "z": 0.0}, "5": {"x": 0.0, "y": 5.0, "z": 0.0}, "6": {"x": 0.0, "y": 6.0, "z": 0.0}, "7": {"x": 0.0, "y": 7.0, "z": 0.0}, "8": {"x": 0.0, "y": 8.0, "z": 0.0}, "9": {"x": 0.0, "y": 9.0, "z": 0.0}, "10": {"x": 0.0, "y": 10.0, "z": 0.0}, "11": {"x": 0.0, "y": 11.0, "z": 0.0}, "12": {"x": 0.0, "y": 12.0, "z": 0.0}, "13": {"x": 0.0, "y": 13.0, "z": 0.0}, "14": {"x": 0.0, "y": 14.0, "z": 0.0}, "15": {"x": 0.0, "y": 15.0, "z": 0.0}, "16": {"x": 1.0, "y": 0.0, "z": 0.0}, "17": {"x": 0.9999999999999998, "y": 0.9999999999999999, "z": 0.180086190827437}, "18": {"x": 0.9999999999999999, "y": 2.0, "z": 0.14877676525875375}, "19": {"x": 1.0000000000000004, "y": 3.0000000000000013, "z": 0.27029618815521606}, "20": {"x": 1.0000000000000007, "y": 4.000000000000001, "z": 0.17510564636616338}, "21": {"x": 1.0000000000000004, "y": 5.0, "z": 0.5668253784218132}, "22": {"x": 1.0, "y": 5.999999999999998, "z": 0.7899814707246658}, "23": {"x": 1.0000000000000002, "y": 7.0, "z": 0.8949391825706768}, "24": {"x": 1.0000000000000004, "y": 8.0, "z": 0.845638514083837}, "25": {"x": 1.0000000000000004, "y": 9.000000000000002, "z": 0.7741833340239572}, "26": {"x": 1.000000000000001, "y": 10.000000000000007, "z": 0.6741751189637508}, "27": {"x": 1.0000000000000009, "y": 11.000000000000005, "z": 0.6120556512075656}, "28": {"x": 1.0000000000000004, "y": 12.0, "z": 0.4100717557560758}, "29": {"x": 1.0000000000000009, "y": 13.000000000000002, "z": 0.22953936470980923}, "30": {"x": 1.0, "y": 14.0, "z": 0.10763178563652921}, "31": {"x": 1.0, "y": 15.0, "z": 0.0}, "32": {"x": 2.0, "y": 0.0, "z": 0.0}, "33": {"x": 2.0, "y": 1.0, "z": 0.32769256417656806}, "34": {"x": 1.9999999999999996, "y": 1.9999999999999996, "z": 0.25973325448180656}, "35": {"x": 2.000000000000001, "y": 3.0000000000000013, "z": 0.5075188310901876}, "36": {"x": 2.0000000000000013, "y": 4.000000000000002, "z": 0.3156194636558914}, "37": {"x": 2.0000000000000013, "y": 5.000000000000003, "z": 0.9726750094353501}, "38": {"x": 2.000000000000001, "y": 6.000000000000002, "z": 1.33030572121242}, "39": {"x": 2.000000000000001, "y": 7.000000000000004, "z": 1.518022997583869}, "40": {"x": 2.0000000000000013, "y": 8.000000000000005, "z": 1.4245200806354306}, "41": {"x": 2.0000000000000013, "y": 9.000000000000005, "z": 1.3159636433816402}, "42": {"x": 2.0000000000000018, "y": 10.000000000000007, "z": 1.1532670107828182}, "43": {"x": 2.0000000000000018, "y": 11.000000000000007, "z": 1.059395713361296}, "44": {"x": 2.0000000000000013, "y": 12.000000000000004, "z": 0.711844077455509}, "45": {"x": 2.0000000000000018, "y": 13.000000000000002, "z": 0.40723004618357994}, "46": {"x": 2.0, "y": 14.0, "z": 0.19219059413559766}, "47": {"x": 2.0, "y": 15.0, "z": 0.0}, "48": {"x": 3.0, "y": 0.0, "z": 0.0}, "49": {"x": 3.0, "y": 1.0, "z": 0.3031971131981943}, "50": {"x": 3.0, "y": 2.0, "z": 0.33501418825794865}, "51": {"x": 3.0000000000000004, "y": 3.0000000000000004, "z": 0.5106205007985187}, "52": {"x": 3.0000000000000013, "y": 4.000000000000002, "z": 0.4280379913816542}, "53": {"x": 3.0000000000000013, "y": 5.000000000000003, "z": 1.086139016285205}, "54": {"x": 3.000000000000001, "y": 6.000000000000003, "z": 1.5072100737724612}, "55": {"x": 3.0000000000000013, "y": 7.000000000000006, "z": 1.7209182459079855}, "56": {"x": 3.0000000000000013, "y": 8.000000000000007, "z": 1.7154684177270338}, "57": {"x": 3.0000000000000018, "y": 9.000000000000007, "z": 1.6181473837451725}, "58": {"x": 3.0000000000000036, "y": 10.000000000000012, "z": 1.4441843186923136}, "59": {"x": 3.0000000000000027, "y": 11.000000000000009, "z": 1.273691613140803}, "60": {"x": 3.000000000000003, "y": 12.000000000000007, "z": 0.9068995587906477}, "61": {"x": 3.000000000000002, "y": 13.000000000000005, "z": 0.5370047343837138}, "62": {"x": 3.0, "y": 14.000000000000002, "z": 0.25414037047020605}, "63": {"x": 3.0, "y": 15.0, "z": 0.0}, "64": {"x": 4.0, "y": 0.0, "z": 0.0}, "65": {"x": 4.0, "y": 0.9999999999999999, "z": 0.4261751099684735}, "66": {"x": 4.0, "y": 1.9999999999999996, "z": 0.3733864034085742}, "67": {"x": 4.000000000000001, "y": 3.000000000000001, "z": 0.7295217689181239}, "68": {"x": 4.000000000000001, "y": 4.000000000000001, "z": 0.4934855065931419}, "69": {"x": 4.000000000000001, "y": 5.000000000000003, "z": 1.2440262587172772}, "70": {"x": 4.000000000000002, "y": 6.000000000000004, "z": 1.648452017843328}, "71": {"x": 4.000000000000002, "y": 7.000000000000007, "z": 1.9115566066091112}, "72": {"x": 4.000000000000001, "y": 8.000000000000007, "z": 1.8326153995902201}, "73": {"x": 4.000000000000002, "y": 9.000000000000007, "z": 1.7456348947272364}, "74": {"x": 4.0000000000000036, "y": 10.000000000000012, "z": 1.5658321903091295}, "75": {"x": 4.0000000000000036, "y": 11.000000000000012, "z": 1.4361417660731548}, "76": {"x": 4.000000000000004, "y": 12.000000000000014, "z": 1.0045686169411447}, "77": {"x": 4.000000000000003, "y": 13.000000000000012, "z": 0.6096866196209586}, "78": {"x": 3.999999999999999, "y": 14.000000000000002, "z": 0.2916075891789096}, "79": {"x": 4.0, "y": 15.0, "z": 0.0}, "80": {"x": 5.0, "y": 0.0, "z": 0.0}, "81": {"x": 5.0, "y": 0.9999999999999996, "z": 0.24170930246836586}, "82": {"x": 4.999999999999999, "y": 1.9999999999999993, "z": 0.3790406447535275}, "83": {"x": 5.0, "y": 3.0000000000000004, "z": 0.5033471454561932}, "84": {"x": 5.000000000000001, "y": 4.000000000000001, "z": 0.5360614863980687}, "85": {"x": 5.000000000000001, "y": 5.0000000000000036, "z": 0.9948330792312458}, "86": {"x": 5.000000000000001, "y": 6.000000000000005, "z": 1.3411533307970218}, "87": {"x": 5.000000000000002, "y": 7.000000000000007, "z": 1.5553518742060228}, "88": {"x": 5.000000000000002, "y": 8.000000000000007, "z": 1.6561458511051412}, "89": {"x": 5.000000000000002, "y": 9.000000000000009, "z": 1.6343023989091707}, "90": {"x": 5.000000000000003, "y": 10.000000000000014, "z": 1.511417342725128}, "91": {"x": 5.0000000000000036, "y": 11.000000000000014, "z": 1.30508883700908}, "92": {"x": 5.0000000000000036, "y": 12.000000000000012, "z": 0.9993954483471179}, "93": {"x": 5.0000000000000036, "y": 13.000000000000012, "z": 0.6377981115151098}, "94": {"x": 5.0, "y": 14.000000000000004, "z": 0.3067489461765882}, "95": {"x": 5.0, "y": 15.0, "z": 0.0}, "96": {"x": 6.0, "y": 0.0, "z": 0.0}, "97": {"x": 6.000000000000001, "y": 1.0000000000000002, "z": 0.356072959996231}, "98": {"x": 5.999999999999999, "y": 1.9999999999999991, "z": 0.36633566317315036}, "99": {"x": 5.999999999999999, "y": 2.999999999999999, "z": 0.6382941442355512}, "100": {"x": 6.0, "y": 4.0, "z": 0.5037155760133822}, "101": {"x": 6.000000000000001, "y": 5.0000000000000036, "z": 1.1191481398020067}, "102": {"x": 6.0, "y": 6.0000000000000036, "z": 1.478221950777514}, "103": {"x": 6.0, "y": 7.000000000000004, "z": 1.7089145732026012}, "104": {"x": 6.000000000000001, "y": 8.000000000000005, "z": 1.6875561037146845}, "105": {"x": 5.999999999999999, "y": 9.000000000000005, "z": 1.630157171180308}, "106": {"x": 6.0, "y": 10.000000000000009, "z": 1.4832988055172218}, "107": {"x": 6.0, "y": 11.000000000000007, "z": 1.3423415750003618}, "108": {"x": 6.000000000000003, "y": 12.000000000000012, "z": 0.9720659618132773}, "109": {"x": 6.000000000000003, "y": 13.00000000000001, "z": 0.6074950032257889}, "110": {"x": 5.999999999999997, "y": 13.999999999999998, "z": 0.2929002643477772}, "111": {"x": 6.0, "y": 15.0, "z": 0.0}, "112": {"x": 7.0, "y": 0.0, "z": 0.0}, "113": {"x": 7.0, "y": 0.9999999999999997, "z": 0.2360327718815686}, "114": {"x": 6.999999999999999, "y": 1.999999999999999, "z": 0.32022609708778094}, "115": {"x": 6.999999999999999, "y": 2.9999999999999996, "z": 0.4562504328930013}, "116": {"x": 7.0, "y": 4.0, "z": 0.4452854285282055},