{"attributes": {"name": "Mesh"}, "dva": {"x": 0.0, "y": 0.0, "z": 0.0}, "dea": {}, "dfa": {}, "vertex": {"0": {"x": 0.0, "y": 0.0, "z": 0.0}, "1": {"x": 0.0, "y": 1.0, "z": 0.0}, "2": {"x": 0.0, "y": 2.0, "z": 0.0}, "3": {"x": 0.0, "y": 3.0, "z": 0.0}, "4": {"x": 0.0, "y": 4.0, "z": 0.0}, "5": {"x": 0.0, "y": 5.0, "z": 0.0}, "6": {"x": 0.0, "y": 6.0, "z": 0.0}, "7": {"x": 0.0, "y": 7.0, "z": 0.0}, "8": {"x": 0.0, "y": 8.0, "z": 0.0}, "9": {"x": 0.0, "y": 9.0, "z": 0.0}, "10": {"x": 0.0, "y": 10.0, "z": 0.0}, "11": {"x": 0.0, "y": 11.0, "z": 0.0}, "12": {"x": 0.0, "y": 12.0, "z": 0.0}, "13": {"x": 0.0, "y": 13.0, "z": 0.0}, "14": {"x": 0.0, "y": 14.0, "z": 0.0}, "15": {"x": 0.0, "y": 15.0, "z": 0.0}, "16": {"x": 1.0, "y": 0.0, "z": 0.0}, "17": {"x": 0.9999999999999991, "y": 0.9999999999999988, "z": 0.132317829820041}, "18": {"x": 0.9999999999999984, "y": 1.9999999999999973, "z": 0.2244124155396977}, "19": {"x": 0.9999999999999981, "y": 2.9999999999999964, "z": 0.27519194076965153}, "20": {"x": 0.9999999999999983, "y": 3.999999999999997, "z": 0.28677737878623005}, "21": {"x": 0.9999999999999982, "y": 4.999999999999997, "z": 0.26268411077829706}, "22": {"x": 0.9999999999999984, "y": 5.999999999999999, "z": 0.28785544812716685}, "23": {"x": 0.9999999999999992, "y": 7.000000000000002, "z": 0.3517197133565031}, "24": {"x": 0.9999999999999997, "y": 8.000000000000002, "z": 0.3887297226410495}, "25": {"x": 0.9999999999999996, "y": 9.000000000000002, "z": 0.39041945425013985}, "26": {"x": 1.0, "y": 10.000000000000005, "z": 0.4177354571172767}, "27": {"x": 0.9999999999999999, "y": 11.000000000000005, "z": 0.4111817884106471}, "28": {"x": 0.9999999999999997, "y": 12.000000000000002, "z": 0.3671516737604199}, "29": {"x": 0.9999999999999998, "y": 13.000000000000004, "z": 0.2850627298794359}, "30": {"x": 1.0, "y": 14.000000000000004, "z": 0.16150113900631358}, "31": {"x": 1.0, "y": 15.0, "z": 0.0}, "32": {"x": 2.0, "y": 0.0, "z": 0.0}, "33": {"x": 1.9999999999999987, "y": 0.9999999999999988, "z": 0.4150974760132824}, "34": {"x": 1.9999999999999984, "y": 1.999999999999998, "z": 0.5544640154491558}, "35": {"x": 1.999999999999998, "y": 2.999999999999998, "z": 0.661189005951011}, "36": {"x": 1.9999999999999971, "y": 3.999999999999997, "z": 0.6101570921141413}, "37": {"x": 1.9999999999999962, "y": 4.999999999999996, "z": 0.45682664033664516}, "38": {"x": 1.9999999999999967, "y": 5.999999999999994, "z": 0.5003239907289373}, "39": {"x": 1.9999999999999978, "y": 6.999999999999997, "z": 0.6808479613389156}, "40": {"x": 1.9999999999999982, "y": 7.999999999999999, "z": 0.9452379131556435}, "41": {"x": 1.9999999999999991, "y": 9.000000000000002, "z": 0.7014143228674828}, "42": {"x": 1.9999999999999993, "y": 10.000000000000002, "z": 0.8590548494682726}, "43": {"x": 1.9999999999999991, "y": 11.0, "z": 0.92612982452912}, "44": {"x": 1.9999999999999993, "y": 12.000000000000005, "z": 0.7859700582433551}, "45": {"x": 1.9999999999999996, "y": 13.000000000000002, "z": 0.7418271252918912}, "46": {"x": 1.9999999999999998, "y": 14.0, "z": 0.6020997403399183}, "47": {"x": 2.0, "y": 15.0, "z": 0.0}, "48": {"x": 3.0, "y": 0.0, "z": 0.0}, "49": {"x": 2.9999999999999982, "y": 0.9999999999999987, "z": 0.3299823508196358}, "50": {"x": 2.9999999999999982, "y": 1.999999999999998, "z": 0.5634228628755372}, "51": {"x": 2.9999999999999973, "y": 2.999999999999997, "z": 0.6816200788572881}, "52": {"x": 2.9999999999999964, "y": 3.9999999999999956, "z": 0.6975597001575735}, "53": {"x": 2.9999999999999956, "y": 4.999999999999995, "z": 0.6183976691632331}, "54": {"x": 2.9999999999999956, "y": 5.999999999999993, "z": 0.6738337165291924}, "55": {"x": 2.9999999999999973, "y": 6.999999999999995, "z": 0.8383135851868039}, "56": {"x": 2.999999999999998, "y": 7.999999999999997, "z": 0.9307330834942378}, "57": {"x": 2.9999999999999987, "y": 9.0, "z": 0.9489492075941122}, "58": {"x": 2.9999999999999982, "y": 10.0, "z": 1.0342664627029532}, "59": {"x": 2.9999999999999987, "y": 11.000000000000004, "z": 1.0320853721222272}, "60": {"x": 2.999999999999999, "y": 12.000000000000005, "z": 0.9361777912108745}, "61": {"x": 2.9999999999999996, "y": 13.000000000000004, "z": 0.7226088585713188}, "62": {"x": 3.0, "y": 14.000000000000004, "z": 0.4029235414221085}, "63": {"x": 3.0, "y": 15.0, "z": 0.0}, "64": {"x": 4.0, "y": 0.0, "z": 0.0}, "65": {"x": 3.9999999999999982, "y": 0.9999999999999986, "z": 0.541793705660772}, "66": {"x": 3.999999999999997, "y": 1.9999999999999976, "z": 0.8584810933671443}, "67": {"x": 3.9999999999999964, "y": 2.999999999999997, "z": 0.9904528025362922}, "68": {"x": 3.9999999999999956, "y": 3.9999999999999956, "z": 0.9272327464012291}, "69": {"x": 3.9999999999999956, "y": 4.999999999999995, "z": 0.6954248576282258}, "70": {"x": 3.999999999999996, "y": 5.999999999999996, "z": 0.7542352020483382}, "71": {"x": 3.9999999999999964, "y": 6.999999999999995, "z": 1.021186812469454}, "72": {"x": 3.999999999999997, "y": 7.999999999999997, "z": 1.1782674659620203}, "73": {"x": 3.999999999999998, "y": 8.999999999999998, "z": 1.10546744805759}, "74": {"x": 3.9999999999999982, "y": 10.0, "z": 1.3312294312692685}, "75": {"x": 3.9999999999999987, "y": 11.0, "z": 1.4107554032253917}, "76": {"x": 3.999999999999999, "y": 12.0, "z": 1.3039102021462172}, "77": {"x": 4.0, "y": 13.0, "z": 1.0826581653004428}, "78": {"x": 3.999999999999999, "y": 13.999999999999996, "z": 0.6600358310382761}, "79": {"x": 4.0, "y": 15.0, "z": 0.0}, "80": {"x": 5.0, "y": 0.0, "z": 0.0}, "81": {"x": 4.999999999999998, "y": 0.9999999999999987, "z": 0.7155056266682545}, "82": {"x": 4.999999999999998, "y": 1.9999999999999973, "z": 1.0741900485141014}, "83": {"x": 4.9999999999999964, "y": 2.999999999999997, "z": 1.2126926514952394}, "84": {"x": 4.999999999999995, "y": 3.999999999999996, "z": 1.0756857418799521}, "85": {"x": 4.999999999999994, "y": 4.999999999999995, "z": 0.713817373775309}, "86": {"x": 4.999999999999994, "y": 5.999999999999995, "z": 0.7718997180399175}, "87": {"x": 4.999999999999997, "y": 6.999999999999996, "z": 1.1182902667843035}, "88": {"x": 4.999999999999997, "y": 7.999999999999996, "z": 1.3568122077799516}, "89": {"x": 4.9999999999999964, "y": 8.999999999999996, "z": 1.1644307921449388}, "90": {"x": 4.999999999999997, "y": 9.999999999999998, "z": 1.5106290061849665}, "91": {"x": 4.999999999999998, "y": 11.0, "z": 1.6661086816728785}, "92": {"x": 4.999999999999999, "y": 12.0, "z": 1.5436252064239175}, "93": {"x": 4.999999999999999, "y": 12.999999999999998, "z": 1.3523887930122962}, "94": {"x": 4.999999999999999, "y": 14.0, "z": 0.8895890195897144}, "95": {"x": 5.0, "y": 15.0, "z": 0.0}, "96": {"x": 6.0, "y": 0.0, "z": 0.0}, "97": {"x": 5.999999999999999, "y": 0.999999999999999, "z": 0.7127054191648119}, "98": {"x": 5.9999999999999964, "y": 1.9999999999999973, "z": 1.0941793071181685}, "99": {"x": 5.999999999999997, "y": 2.9999999999999964, "z": 1.2200793165067634}, "100": {"x": 5.999999999999995, "y": 3.9999999999999956, "z": 1.069902799936687}, "101": {"x": 5.999999999999993, "y": 4.999999999999996, "z": 0.6845456876372629}, "102": {"x": 5.999999999999994, "y": 5.999999999999995, "z": 0.737561605055984}, "103": {"x": 5.999999999999997, "y": 6.9999999999999964, "z": 1.0902570371036837}, "104": {"x": 5.999999999999996, "y": 7.999999999999994, "z": 1.2792820078412008}, "105": {"x": 5.999999999999993, "y": 8.999999999999995, "z": 1.135532417952913}, "106": {"x": 5.9999999999999964, "y": 9.999999999999995, "z": 1.4996870284444326}, "107": {"x": 5.999999999999997, "y": 10.999999999999996, "z": 1.6660917775239046}, "108": {"x": 6.0, "y": 12.0, "z": 1.5721673038058572}, "109": {"x": 6.000000000000002, "y": 13.000000000000002, "z": 1.3603494474017765}, "110": {"x": 6.000000000000001, "y": 14.000000000000002, "z": 0.8527819902256524}, "111": {"x": 6.0, "y": 15.0, "z": 0.0}, "112": {"x": 7.0, "y": 0.0, "z": 0.0}, "113": {"x": 6.999999999999999, "y": 0.9999999999999992, "z": 0.7727886345086544}, "114": {"x": 6.9999999999999964,