{"attributes": {"name": "Mesh"}, "dva": {"x": 0.0, "y": 0.0, "z": 0.0}, "dea": {}, "dfa": {}, "vertex": {"0": {"x": 0.0, "y": 0.0, "z": 0.0}, "1": {"x": 0.0, "y": 1.0, "z": 0.0}, "2": {"x": 0.0, "y": 2.0, "z": 0.0}, "3": {"x": 0.0, "y": 3.0, "z": 0.0}, "4": {"x": 0.0, "y": 4.0, "z": 0.0}, "5": {"x": 0.0, "y": 5.0, "z": 0.0}, "6": {"x": 0.0, "y": 6.0, "z": 0.0}, "7": {"x": 0.0, "y": 7.0, "z": 0.0}, "8": {"x": 0.0, "y": 8.0, "z": 0.0}, "9": {"x": 0.0, "y": 9.0, "z": 0.0}, "10": {"x": 0.0, "y": 10.0, "z": 0.0}, "11": {"x": 0.0, "y": 11.0, "z": 0.0}, "12": {"x": 0.0, "y": 12.0, "z": 0.0}, "13": {"x": 0.0, "y": 13.0, "z": 0.0}, "14": {"x": 0.0, "y": 14.0, "z": 0.0}, "15": {"x": 0.0, "y": 15.0, "z": 0.0}, "16": {"x": 1.0, "y": 0.0, "z": 0.0}, "17": {"x": 1.0000000000000002, "y": 1.0000000000000002, "z": 0.27376073511889504}, "18": {"x": 1.0, "y": 2.0000000000000004, "z": 0.25307215304347874}, "19": {"x": 0.9999999999999999, "y": 3.0, "z": 0.36298660540718797}, "20": {"x": 1.0, "y": 4.000000000000001, "z": 0.28115033313661847}, "21": {"x": 0.9999999999999997, "y": 4.999999999999998, "z": 0.20437855635179086}, "22": {"x": 1.0000000000000004, "y": 5.999999999999999, "z": 0.22347552895202974}, "23": {"x": 0.9999999999999998, "y": 7.0, "z": 0.28206694808842114}, "24": {"x": 0.9999999999999996, "y": 7.999999999999998, "z": 0.17561317727145187}, "25": {"x": 0.9999999999999997, "y": 8.999999999999998, "z": 0.5049792242965199}, "26": {"x": 0.9999999999999994, "y": 10.0, "z": 0.5094128147661969}, "27": {"x": 0.999999999999999, "y": 10.999999999999998, "z": 0.2583318593614235}, "28": {"x": 0.9999999999999993, "y": 11.999999999999998, "z": 0.28118609233575936}, "29": {"x": 0.9999999999999996, "y": 12.999999999999998, "z": 0.1251164280281974}, "30": {"x": 0.9999999999999998, "y": 14.0, "z": 0.16795443855357448}, "31": {"x": 1.0, "y": 15.0, "z": 0.0}, "32": {"x": 2.0, "y": 0.0, "z": 0.0}, "33": {"x": 2.0000000000000004, "y": 1.0000000000000002, "z": 0.4697534379597461}, "34": {"x": 2.0, "y": 2.0000000000000004, "z": 0.3901602141438427}, "35": {"x": 2.0, "y": 3.0000000000000004, "z": 0.5843906021153213}, "36": {"x": 1.9999999999999996, "y": 4.0, "z": 0.4540133610511327}, "37": {"x": 1.9999999999999991, "y": 4.999999999999999, "z": 0.3495568254320784}, "38": {"x": 2.0, "y": 5.999999999999999, "z": 0.3791641888368804}, "39": {"x": 1.9999999999999991, "y": 6.999999999999998, "z": 0.47438021970752337}, "40": {"x": 1.9999999999999996, "y": 7.999999999999998, "z": 0.3081968076240019}, "41": {"x": 1.9999999999999991, "y": 8.999999999999998, "z": 0.9427514343694992}, "42": {"x": 1.9999999999999993, "y": 9.999999999999998, "z": 0.8631880546146283}, "43": {"x": 1.9999999999999982, "y": 10.999999999999996, "z": 0.4154522984374398}, "44": {"x": 1.9999999999999987, "y": 11.999999999999995, "z": 0.4594325606372283}, "45": {"x": 1.9999999999999987, "y": 12.999999999999996, "z": 0.20968116019610733}, "46": {"x": 1.9999999999999996, "y": 13.999999999999998, "z": 0.2705537388381453}, "47": {"x": 2.0, "y": 15.0, "z": 0.0}, "48": {"x": 3.0, "y": 0.0, "z": 0.0}, "49": {"x": 3.000000000000001, "y": 1.0000000000000002, "z": 0.41108947046566763}, "50": {"x": 3.0, "y": 2.0, "z": 0.41824397830580634}, "51": {"x": 3.0, "y": 3.0, "z": 0.5941891263784967}, "52": {"x": 2.999999999999999, "y": 3.999999999999999, "z": 0.5170992376455642}, "53": {"x": 2.9999999999999987, "y": 4.999999999999999, "z": 0.4418237434134306}, "54": {"x": 2.9999999999999996, "y": 6.0, "z": 0.4697734698793631}, "55": {"x": 2.9999999999999987, "y": 6.999999999999998, "z": 0.5411956021396808}, "56": {"x": 2.999999999999999, "y": 7.999999999999997, "z": 0.40533371921323924}, "57": {"x": 2.9999999999999987, "y": 8.999999999999998, "z": 0.8562109972769159}, "58": {"x": 2.9999999999999987, "y": 9.999999999999996, "z": 0.826425910113131}, "59": {"x": 2.9999999999999973, "y": 10.999999999999995, "z": 0.48628493080933954}, "60": {"x": 2.999999999999998, "y": 11.999999999999993, "z": 0.4888897223767025}, "61": {"x": 2.9999999999999982, "y": 12.999999999999993, "z": 0.2599740961362445}, "62": {"x": 2.999999999999999, "y": 13.999999999999998, "z": 0.2616605248409749}, "63": {"x": 3.0, "y": 15.0, "z": 0.0}, "64": {"x": 4.0, "y": 0.0, "z": 0.0}, "65": {"x": 4.0, "y": 1.0, "z": 0.19067753958683345}, "66": {"x": 4.0, "y": 2.0, "z": 0.3366208715981004}, "67": {"x": 3.9999999999999982, "y": 2.9999999999999996, "z": 0.4288012153118531}, "68": {"x": 3.9999999999999987, "y": 3.9999999999999996, "z": 0.47315556867316927}, "69": {"x": 3.9999999999999982, "y": 5.0, "z": 0.479214923978283}, "70": {"x": 3.9999999999999996, "y": 6.0, "z": 0.4948366442027867}, "71": {"x": 3.999999999999999, "y": 7.0, "z": 0.4993278785229803}, "72": {"x": 3.999999999999999, "y": 7.999999999999998, "z": 0.46330725687508323}, "73": {"x": 3.999999999999998, "y": 8.999999999999996, "z": 0.5063157196549763}, "74": {"x": 3.9999999999999964, "y": 9.999999999999993, "z": 0.5109419641199746}, "75": {"x": 3.9999999999999956, "y": 10.99999999999999, "z": 0.46585932315993844}, "76": {"x": 3.999999999999997, "y": 11.999999999999991, "z": 0.3925915026472131}, "77": {"x": 3.9999999999999982, "y": 12.999999999999991, "z": 0.27388915644407114}, "78": {"x": 3.999999999999999, "y": 13.999999999999993, "z": 0.16277185091459528}, "79": {"x": 4.0, "y": 15.0, "z": 0.0}, "80": {"x": 5.0, "y": 0.0, "z": 0.0}, "81": {"x": 5.0, "y": 0.9999999999999993, "z": 0.18709954165877296}, "82": {"x": 4.999999999999998, "y": 1.9999999999999987, "z": 0.30439180891654855}, "83": {"x": 4.9999999999999964, "y": 2.9999999999999982, "z": 0.40236162564218847}, "84": {"x": 4.999999999999997, "y": 3.9999999999999987, "z": 0.44355742689170713}, "85": {"x": 4.999999999999998, "y": 4.999999999999999, "z": 0.45760449255523056}, "86": {"x": 4.999999999999997, "y": 5.999999999999999, "z": 0.4792780394301606}, "87": {"x": 4.999999999999998, "y": 6.999999999999997, "z": 0.4930448185604452}, "88": {"x": 4.999999999999999, "y": 7.999999999999999, "z": 0.458973351624605}, "89": {"x": 4.999999999999999, "y": 8.999999999999998, "z": 0.5219490222430714}, "90": {"x": 4.999999999999999, "y": 9.999999999999996, "z": 0.5105418386045802}, "91": {"x": 4.9999999999999964, "y": 10.999999999999993, "z": 0.4362662679687833}, "92": {"x": 4.9999999999999964, "y": 11.999999999999995, "z": 0.3731816881574116}, "93": {"x": 4.999999999999997, "y": 12.999999999999993, "z": 0.2567005512291711}, "94": {"x": 4.999999999999997, "y": 13.999999999999993, "z": 0.15815267157206692}, "95": {"x": 5.0, "y": 15.0, "z": 0.0}, "96": {"x": 6.0, "y": 0.0, "z": 0.0}, "97": {"x": 5.999999999999997, "y": 0.9999999999999993, "z": 0.11021670947252377}, "98": {"x": 5.999999999999997, "y": 1.9999999999999993, "z": 0.20935951659205784}, "99": {"x": 5.999999999999998, "y": 2.999999999999999, "z": 0.28387826841270686}, "100": {"x": 5.999999999999998, "y": 3.999999999999999, "z": 0.3442148988405321}, "101": {"x": 5.999999999999998, "y": 4.999999999999997, "z": 0.38554635375537644}, "102": {"x": 5.999999999999998, "y": 5.999999999999998, "z": 0.4092231491268822}, "103": {"x": 6.000000000000001, "y": 7.000000000000001, "z": 0.41741733857001484}, "104": {"x": 6.0, "y": 8.000000000000002, "z": 0.41291728313277654}, "105": {"x": 6.0, "y": 8.999999999999998, "z": 0.3999327029010563}, "106": {"x": 5.999999999999997, "y": 9.999999999999995, "z": 0.37785633589961576}, "107": {"x": 5.999999999999998, "y": 10.999999999999995, "z": 0.3431907053881048}, "108": {"x": 5.9999999999999964, "y": 11.999999999999991, "z": 0.28283989660984893}, "109": {"x": 5.999999999999997, "y": 12.999999999999993, "z": 0.20830816112012546}, "110": {"x": 6.0, "y": 14.000000000000002, "z": 0.1108599094590098}, "111": {"x": 6.0, "y": 15.0, "z": 0.0}, "112": {"x": 7.0, "y": 0.0, "z": 0.0}, "113": {"x": 6.999999999999999, "y": 0.9999999999999999, "z": 0.34947604444744707}, "114": {"x": 7.0, "y": 1.9999999999999998, "z": 0.3041670044062401}, "115": {"x": 7.0, "y": 2.9999999999999996, "z": 0.4613932146564429},