{"attributes": {"name": "Mesh"}, "dva": {"x": 0.0, "y": 0.0, "z": 0.0}, "dea": {}, "dfa": {}, "vertex": {"0": {"x": 0.0, "y": 0.0, "z": 0.0}, "1": {"x": 0.0, "y": 1.0, "z": 0.0}, "2": {"x": 0.0, "y": 2.0, "z": 0.0}, "3": {"x": 0.0, "y": 3.0, "z": 0.0}, "4": {"x": 0.0, "y": 4.0, "z": 0.0}, "5": {"x": 0.0, "y": 5.0, "z": 0.0}, "6": {"x": 0.0, "y": 6.0, "z": 0.0}, "7": {"x": 0.0, "y": 7.0, "z": 0.0}, "8": {"x": 0.0, "y": 8.0, "z": 0.0}, "9": {"x": 0.0, "y": 9.0, "z": 0.0}, "10": {"x": 0.0, "y": 10.0, "z": 0.0}, "11": {"x": 0.0, "y": 11.0, "z": 0.0}, "12": {"x": 0.0, "y": 12.0, "z": 0.0}, "13": {"x": 0.0, "y": 13.0, "z": 0.0}, "14": {"x": 0.0, "y": 14.0, "z": 0.0}, "15": {"x": 0.0, "y": 15.0, "z": 0.0}, "16": {"x": 1.0, "y": 0.0, "z": 0.0}, "17": {"x": 1.0000000000000002, "y": 1.0000000000000002, "z": 0.3392173077712428}, "18": {"x": 1.0000000000000004, "y": 2.0000000000000004, "z": 0.4485180992332262}, "19": {"x": 1.0000000000000004, "y": 3.0, "z": 0.7513652806193378}, "20": {"x": 1.0000000000000004, "y": 4.0, "z": 0.859373659030828}, "21": {"x": 1.0000000000000002, "y": 5.0, "z": 0.8559651588149678}, "22": {"x": 1.0000000000000004, "y": 6.000000000000002, "z": 0.7175905615853203}, "23": {"x": 1.0000000000000007, "y": 7.0, "z": 0.7207059879883665}, "24": {"x": 1.0000000000000009, "y": 8.000000000000002, "z": 0.680412679469842}, "25": {"x": 1.0000000000000007, "y": 9.000000000000004, "z": 0.6014964084721256}, "26": {"x": 1.0000000000000002, "y": 10.000000000000002, "z": 0.542312705030439}, "27": {"x": 1.0, "y": 11.0, "z": 0.4576960848460109}, "28": {"x": 0.9999999999999999, "y": 11.999999999999998, "z": 0.2345496166083177}, "29": {"x": 1.0, "y": 13.000000000000002, "z": 0.28509491307326457}, "30": {"x": 1.0, "y": 13.999999999999998, "z": 0.2590629695956342}, "31": {"x": 1.0, "y": 15.0, "z": 0.0}, "32": {"x": 2.0, "y": 0.0, "z": 0.0}, "33": {"x": 2.0000000000000004, "y": 1.0000000000000004, "z": 0.3109331119684132}, "34": {"x": 2.000000000000001, "y": 2.000000000000001, "z": 0.5902274940725891}, "35": {"x": 2.000000000000002, "y": 3.0000000000000018, "z": 0.7844519243182265}, "36": {"x": 2.000000000000002, "y": 4.000000000000002, "z": 0.9424983778650744}, "37": {"x": 2.0000000000000018, "y": 5.000000000000001, "z": 1.0534274693655414}, "38": {"x": 2.0000000000000013, "y": 6.0, "z": 1.1212144383249787}, "39": {"x": 2.0000000000000018, "y": 7.000000000000001, "z": 1.1224720734837397}, "40": {"x": 2.0000000000000013, "y": 7.999999999999998, "z": 1.0757707287053397}, "41": {"x": 2.000000000000001, "y": 8.999999999999998, "z": 0.9826857136960226}, "42": {"x": 2.0000000000000004, "y": 10.0, "z": 0.8433916601369534}, "43": {"x": 2.0000000000000004, "y": 11.0, "z": 0.6591185324652186}, "44": {"x": 1.9999999999999996, "y": 12.0, "z": 0.43712536153797815}, "45": {"x": 2.0, "y": 13.0, "z": 0.3325780427414173}, "46": {"x": 2.0, "y": 14.0, "z": 0.18176953370464033}, "47": {"x": 2.0, "y": 15.0, "z": 0.0}, "48": {"x": 3.0, "y": 0.0, "z": 0.0}, "49": {"x": 3.000000000000001, "y": 1.0000000000000004, "z": 0.9064101553796011}, "50": {"x": 3.0000000000000018, "y": 2.000000000000001, "z": 1.1439774440200412}, "51": {"x": 3.0000000000000018, "y": 3.000000000000002, "z": 1.9133814780245368}, "52": {"x": 3.0000000000000018, "y": 4.000000000000003, "z": 2.1423925897777862}, "53": {"x": 3.0000000000000018, "y": 5.0000000000000036, "z": 2.160946818716328}, "54": {"x": 3.000000000000002, "y": 6.0000000000000036, "z": 1.8519447803418427}, "55": {"x": 3.000000000000001, "y": 7.000000000000001, "z": 1.8558191942359747}, "56": {"x": 3.0000000000000027, "y": 8.000000000000004, "z": 1.7407831576094308}, "57": {"x": 3.000000000000002, "y": 9.000000000000005, "z": 1.528419122189734}, "58": {"x": 3.000000000000001, "y": 10.000000000000005, "z": 1.345586319348521}, "59": {"x": 3.0, "y": 11.000000000000004, "z": 1.1117845464656058}, "60": {"x": 2.999999999999999, "y": 12.000000000000002, "z": 0.5516476432235125}, "61": {"x": 3.0000000000000004, "y": 13.000000000000004, "z": 0.6481233121990445}, "62": {"x": 3.0000000000000004, "y": 14.000000000000004, "z": 0.6577559966047778}, "63": {"x": 3.0, "y": 15.0, "z": 0.0}, "64": {"x": 4.0, "y": 0.0, "z": 0.0}, "65": {"x": 4.0, "y": 1.0000000000000004, "z": 0.8417491323416049}, "66": {"x": 4.000000000000002, "y": 2.000000000000001, "z": 1.4135822671169045}, "67": {"x": 4.000000000000002, "y": 3.0000000000000013, "z": 1.9968231318179186}, "68": {"x": 4.000000000000002, "y": 4.000000000000002, "z": 2.324638792579226}, "69": {"x": 4.000000000000001, "y": 5.000000000000002, "z": 2.4264672357033197}, "70": {"x": 4.000000000000002, "y": 6.000000000000003, "z": 2.3053446590146662}, "71": {"x": 4.000000000000002, "y": 7.000000000000002, "z": 2.259175555687547}, "72": {"x": 4.000000000000004, "y": 8.000000000000007, "z": 2.1089602527276208}, "73": {"x": 4.0000000000000036, "y": 9.000000000000007, "z": 1.862209425729436}, "74": {"x": 4.000000000000002, "y": 10.000000000000005, "z": 1.596405002905933}, "75": {"x": 4.0, "y": 11.000000000000002, "z": 1.2269183053481665}, "76": {"x": 3.9999999999999987, "y": 12.000000000000004, "z": 0.6387349877296412}, "77": {"x": 4.000000000000001, "y": 13.000000000000009, "z": 0.6629013675370132}, "78": {"x": 4.000000000000001, "y": 14.000000000000004, "z": 0.4692418358697821}, "79": {"x": 4.0, "y": 15.0, "z": 0.0}, "80": {"x": 5.0, "y": 0.0, "z": 0.0}, "81": {"x": 5.000000000000002, "y": 1.0000000000000009, "z": 0.8095814182999929}, "82": {"x": 5.000000000000002, "y": 2.0000000000000018, "z": 1.497804159152181}, "83": {"x": 5.000000000000004, "y": 3.000000000000002, "z": 1.9678501583417012}, "84": {"x": 5.0000000000000036, "y": 4.000000000000003, "z": 2.303487750233403}, "85": {"x": 5.0000000000000036, "y": 5.0000000000000036, "z": 2.473409418420718}, "86": {"x": 5.000000000000005, "y": 6.000000000000005, "z": 2.4959598145888746}, "87": {"x": 5.000000000000005, "y": 7.000000000000008, "z": 2.43021696423361}, "88": {"x": 5.000000000000006, "y": 8.000000000000012, "z": 2.2644734195602996}, "89": {"x": 5.000000000000005, "y": 9.00000000000001, "z": 2.005528136314255}, "90": {"x": 5.000000000000003, "y": 10.000000000000007, "z": 1.6842392945309415}, "91": {"x": 5.000000000000002, "y": 11.000000000000005, "z": 1.2461119710189137}, "92": {"x": 4.999999999999999, "y": 12.000000000000007, "z": 0.6738095296267426}, "93": {"x": 5.000000000000001, "y": 13.000000000000009, "z": 0.6166284788849017}, "94": {"x": 5.0, "y": 14.000000000000007, "z": 0.3698840504936313}, "95": {"x": 5.0, "y": 15.0, "z": 0.0}, "96": {"x": 6.0, "y": 0.0, "z": 0.0}, "97": {"x": 6.000000000000003, "y": 1.0000000000000007, "z": 1.1447139737868264}, "98": {"x": 6.000000000000002, "y": 2.0000000000000018, "z": 1.7678761761807933}, "99": {"x": 6.000000000000003, "y": 3.0000000000000027, "z": 2.6324207006442575}, "100": {"x": 6.0000000000000036, "y": 4.000000000000004, "z": 3.0204524208590873}, "101": {"x": 6.000000000000008, "y": 5.000000000000007, "z": 3.0291591680442647}, "102": {"x": 6.000000000000008, "y": 6.000000000000007, "z": 2.6512414698876103}, "103": {"x": 6.000000000000007, "y": 7.000000000000009, "z": 2.577451328677458}, "104": {"x": 6.000000000000007, "y": 8.000000000000012, "z": 2.3779086860994365}, "105": {"x": 6.000000000000006, "y": 9.000000000000012, "z": 2.063610100496384}, "106": {"x": 6.0000000000000036, "y": 10.000000000000007, "z": 1.7975031238110712}, "107": {"x": 6.000000000000003, "y": 11.000000000000007, "z": 1.4028478927570445}, "108": {"x": 6.0, "y": 12.000000000000005, "z": 0.616903589672217}, "109": {"x": 6.0, "y": 13.000000000000007, "z": 0.8294078120539231}, "110": {"x": 6.0, "y": 14.000000000000002, "z": 0.6823501510098344}, "111": {"x": 6.0, "y": 15.0, "z": 0.0}, "112": {"x": 7.0, "y": 0.0, "z": 0.0}, "113": {"x": 7.000000000000002, "y": 1.0000000000000009, "z": 1.4209387195712881}, "114": {"x": 7.0, "y": 2.0000000000000013, "z": 1.7797096414084619}, "115": {"x": 7.000000000000004, "y": 3.000000000000003, "z": 3.012888597523326},