{"attributes": {"name": "Mesh"}, "dva": {"x": 0.0, "y": 0.0, "z": 0.0}, "dea": {}, "dfa": {}, "vertex": {"0": {"x": 0.0, "y": 0.0, "z": 0.0}, "1": {"x": 0.0, "y": 1.0, "z": 0.0}, "2": {"x": 0.0, "y": 2.0, "z": 0.0}, "3": {"x": 0.0, "y": 3.0, "z": 0.0}, "4": {"x": 0.0, "y": 4.0, "z": 0.0}, "5": {"x": 0.0, "y": 5.0, "z": 0.0}, "6": {"x": 0.0, "y": 6.0, "z": 0.0}, "7": {"x": 0.0, "y": 7.0, "z": 0.0}, "8": {"x": 0.0, "y": 8.0, "z": 0.0}, "9": {"x": 0.0, "y": 9.0, "z": 0.0}, "10": {"x": 0.0, "y": 10.0, "z": 0.0}, "11": {"x": 0.0, "y": 11.0, "z": 0.0}, "12": {"x": 0.0, "y": 12.0, "z": 0.0}, "13": {"x": 0.0, "y": 13.0, "z": 0.0}, "14": {"x": 0.0, "y": 14.0, "z": 0.0}, "15": {"x": 0.0, "y": 15.0, "z": 0.0}, "16": {"x": 1.0, "y": 0.0, "z": 0.0}, "17": {"x": 1.0000000000000002, "y": 1.0, "z": 0.18665282450174123}, "18": {"x": 1.0000000000000002, "y": 2.0, "z": 0.15369980650750364}, "19": {"x": 0.9999999999999998, "y": 2.9999999999999996, "z": 0.3087534480546725}, "20": {"x": 0.9999999999999998, "y": 4.0, "z": 0.26420668111377654}, "21": {"x": 1.0000000000000002, "y": 4.999999999999999, "z": 0.033011977772306696}, "22": {"x": 1.0000000000000002, "y": 6.000000000000001, "z": 0.4612193609855489}, "23": {"x": 1.0, "y": 7.000000000000001, "z": 0.7049972421711995}, "24": {"x": 1.0, "y": 8.0, "z": 0.7448505803124637}, "25": {"x": 1.0000000000000004, "y": 9.000000000000002, "z": 0.6236405689167833}, "26": {"x": 1.0000000000000002, "y": 10.000000000000004, "z": 0.3434152779110806}, "27": {"x": 1.0000000000000002, "y": 11.0, "z": 0.5240024281939047}, "28": {"x": 1.0000000000000002, "y": 12.0, "z": 0.6420029335436036}, "29": {"x": 1.0000000000000002, "y": 12.999999999999998, "z": 0.5862337173503511}, "30": {"x": 1.0, "y": 13.999999999999998, "z": 0.3545372058619001}, "31": {"x": 1.0, "y": 15.0, "z": 0.0}, "32": {"x": 2.0, "y": 0.0, "z": 0.0}, "33": {"x": 2.0, "y": 1.0, "z": 0.3419090922885626}, "34": {"x": 2.0000000000000004, "y": 1.9999999999999998, "z": 0.2703864808258077}, "35": {"x": 2.0, "y": 2.999999999999999, "z": 0.5270196411727154}, "36": {"x": 1.9999999999999998, "y": 3.999999999999999, "z": 0.443035076255597}, "37": {"x": 2.0000000000000004, "y": 5.0, "z": 0.05922042390131872}, "38": {"x": 2.0, "y": 5.999999999999999, "z": 0.7712678411925736}, "39": {"x": 2.0, "y": 7.000000000000001, "z": 1.1904223342083713}, "40": {"x": 1.9999999999999998, "y": 8.000000000000002, "z": 1.2450656698838176}, "41": {"x": 2.0000000000000004, "y": 9.000000000000004, "z": 1.0576603099969653}, "42": {"x": 2.000000000000001, "y": 10.000000000000007, "z": 0.6136482704460097}, "43": {"x": 2.0000000000000004, "y": 11.000000000000004, "z": 0.9006489388901819}, "44": {"x": 2.0000000000000004, "y": 12.000000000000002, "z": 1.0901958643701237}, "45": {"x": 2.0000000000000004, "y": 13.000000000000002, "z": 0.9872877269926073}, "46": {"x": 2.0, "y": 14.0, "z": 0.5898165783052722}, "47": {"x": 2.0, "y": 15.0, "z": 0.0}, "48": {"x": 3.0, "y": 0.0, "z": 0.0}, "49": {"x": 3.0, "y": 0.9999999999999998, "z": 0.31108891591662136}, "50": {"x": 3.000000000000001, "y": 2.0, "z": 0.3522190100499415}, "51": {"x": 3.000000000000001, "y": 3.0000000000000004, "z": 0.5376323959299222}, "52": {"x": 3.0, "y": 4.0, "z": 0.44832624298867674}, "53": {"x": 3.0, "y": 5.0, "z": 0.07948556515281313}, "54": {"x": 3.0000000000000004, "y": 6.000000000000002, "z": 0.778213281061625}, "55": {"x": 3.0, "y": 7.000000000000003, "z": 1.1962477036209842}, "56": {"x": 3.0000000000000004, "y": 8.000000000000005, "z": 1.3404892616908806}, "57": {"x": 3.0000000000000004, "y": 9.000000000000005, "z": 1.2099234039066362}, "58": {"x": 3.0, "y": 10.000000000000005, "z": 0.820910344100247}, "59": {"x": 3.000000000000001, "y": 11.000000000000005, "z": 1.1171458950571296}, "60": {"x": 3.0000000000000013, "y": 12.000000000000007, "z": 1.2344100320226727}, "61": {"x": 3.0000000000000018, "y": 13.000000000000007, "z": 1.0885788703656116}, "62": {"x": 3.0000000000000004, "y": 14.000000000000002, "z": 0.6738365418527404}, "63": {"x": 3.0, "y": 15.0, "z": 0.0}, "64": {"x": 4.0, "y": 0.0, "z": 0.0}, "65": {"x": 4.000000000000001, "y": 1.0000000000000002, "z": 0.313190290711027}, "66": {"x": 4.000000000000002, "y": 2.0000000000000004, "z": 0.4031530461602913}, "67": {"x": 4.000000000000001, "y": 3.0000000000000004, "z": 0.5750880578689933}, "68": {"x": 3.9999999999999996, "y": 4.0, "z": 0.47935312617766}, "69": {"x": 4.0, "y": 5.0, "z": 0.09117041662674262}, "70": {"x": 4.0, "y": 6.000000000000002, "z": 0.8319141432066294}, "71": {"x": 4.0, "y": 7.000000000000003, "z": 1.2733350512615564}, "72": {"x": 4.000000000000002, "y": 8.000000000000005, "z": 1.4630486841228558}, "73": {"x": 4.000000000000001, "y": 9.000000000000005, "z": 1.3416378362050028}, "74": {"x": 3.9999999999999987, "y": 10.000000000000002, "z": 0.9431799822696683}, "75": {"x": 4.000000000000001, "y": 11.000000000000007, "z": 1.2661849645507481}, "76": {"x": 4.000000000000002, "y": 12.000000000000009, "z": 1.3667196395283465}, "77": {"x": 4.000000000000002, "y": 13.000000000000007, "z": 1.1973516810357585}, "78": {"x": 4.000000000000001, "y": 14.000000000000002, "z": 0.7502840520734116}, "79": {"x": 4.0, "y": 15.0, "z": 0.0}, "80": {"x": 5.0, "y": 0.0, "z": 0.0}, "81": {"x": 5.000000000000001, "y": 1.0000000000000002, "z": 0.9970380277652082}, "82": {"x": 5.0000000000000036, "y": 2.000000000000001, "z": 0.42479196564990257}, "83": {"x": 5.0, "y": 3.0, "z": 1.0620045479193523}, "84": {"x": 5.000000000000001, "y": 4.000000000000001, "z": 0.854390009612062}, "85": {"x": 4.999999999999999, "y": 4.999999999999999, "z": 0.0902504043009109}, "86": {"x": 4.999999999999998, "y": 6.000000000000001, "z": 1.4933402090875403}, "87": {"x": 4.999999999999999, "y": 7.000000000000001, "z": 2.459364860139888}, "88": {"x": 4.999999999999999, "y": 8.000000000000002, "z": 2.2523416215617003}, "89": {"x": 5.000000000000001, "y": 9.000000000000002, "z": 1.8456118744022585}, "90": {"x": 4.999999999999998, "y": 10.000000000000002, "z": 0.9450156096362959}, "91": {"x": 4.999999999999999, "y": 11.000000000000004, "z": 1.4667923373432548}, "92": {"x": 5.0, "y": 12.000000000000002, "z": 1.959653525496061}, "93": {"x": 5.0, "y": 13.000000000000002, "z": 1.8057339551658105}, "94": {"x": 4.999999999999998, "y": 14.0, "z": 1.014889530294013}, "95": {"x": 5.0, "y": 15.0, "z": 0.0}, "96": {"x": 6.0, "y": 0.0, "z": 0.0}, "97": {"x": 5.999999999999997, "y": 1.0000000000000002, "z": 0.5835031880332368}, "98": {"x": 6.000000000000003, "y": 2.000000000000001, "z": 0.4172870858082999}, "99": {"x": 6.000000000000001, "y": 3.0000000000000004, "z": 0.94164118927307}, "100": {"x": 6.000000000000001, "y": 4.000000000000001, "z": 0.8073985731139031}, "101": {"x": 6.0, "y": 5.000000000000001, "z": 0.0862217771347162}, "102": {"x": 5.999999999999997, "y": 5.999999999999999, "z": 1.4115657706576576}, "103": {"x": 5.999999999999998, "y": 7.0, "z": 2.151775891982088}, "104": {"x": 5.999999999999997, "y": 8.0, "z": 2.219314506305407}, "105": {"x": 5.999999999999999, "y": 9.000000000000002, "z": 1.806385875334477}, "106": {"x": 5.999999999999999, "y": 10.0, "z": 0.9103419543320348}, "107": {"x": 5.999999999999999, "y": 11.000000000000002, "z": 1.4644957772809535}, "108": {"x": 5.999999999999998, "y": 11.999999999999996, "z": 1.879292108735906}, "109": {"x": 5.999999999999998, "y": 12.999999999999996, "z": 1.7375356252541552}, "110": {"x": 5.999999999999997, "y": 13.999999999999998, "z": 1.03523285239017}, "111": {"x": 6.0, "y": 15.0, "z": 0.0}, "112": {"x": 7.0, "y": 0.0, "z": 0.0}, "113": {"x": 7.0, "y": 1.0, "z": 0.5021788426672933}, "114": {"x": 7.000000000000002, "y": 2.0, "z": 0.3689630519108664}, "115": {"x": 7.000000000000002, "y": 3.0000000000000004, "z": 0.8105179012364815}, "116": {"x": 7.000000000000001, "y": 4.000000000000001, "z": 0.6966211471384262}, "117": {"x": 7.0, "y": 5.000000000000002, "z": 0.07521388963110978}, "118": {"x": 7.000000000000002, "y": 6.0000000000000036, "z": 1.2210809396035684},