{"attributes": {"name": "Mesh"}, "dva": {"x": 0.0, "y": 0.0, "z": 0.0}, "dea": {}, "dfa": {}, "vertex": {"0": {"x": 0.0, "y": 0.0, "z": 0.0}, "1": {"x": 0.0, "y": 1.0, "z": 0.0}, "2": {"x": 0.0, "y": 2.0, "z": 0.0}, "3": {"x": 0.0, "y": 3.0, "z": 0.0}, "4": {"x": 0.0, "y": 4.0, "z": 0.0}, "5": {"x": 0.0, "y": 5.0, "z": 0.0}, "6": {"x": 0.0, "y": 6.0, "z": 0.0}, "7": {"x": 0.0, "y": 7.0, "z": 0.0}, "8": {"x": 0.0, "y": 8.0, "z": 0.0}, "9": {"x": 0.0, "y": 9.0, "z": 0.0}, "10": {"x": 0.0, "y": 10.0, "z": 0.0}, "11": {"x": 0.0, "y": 11.0, "z": 0.0}, "12": {"x": 0.0, "y": 12.0, "z": 0.0}, "13": {"x": 0.0, "y": 13.0, "z": 0.0}, "14": {"x": 0.0, "y": 14.0, "z": 0.0}, "15": {"x": 0.0, "y": 15.0, "z": 0.0}, "16": {"x": 1.0, "y": 0.0, "z": 0.0}, "17": {"x": 1.0000000000000002, "y": 1.0000000000000007, "z": 0.3130394944560396}, "18": {"x": 1.0000000000000007, "y": 2.0000000000000013, "z": 0.48805936507172143}, "19": {"x": 1.0000000000000009, "y": 3.000000000000002, "z": 0.4918383282916339}, "20": {"x": 1.0000000000000009, "y": 4.000000000000002, "z": 0.3575208783800441}, "21": {"x": 1.0000000000000013, "y": 5.000000000000003, "z": 0.11943367827290166}, "22": {"x": 1.0000000000000007, "y": 6.000000000000001, "z": 0.27722123265752097}, "23": {"x": 0.9999999999999998, "y": 7.0, "z": 0.39164536081431833}, "24": {"x": 0.9999999999999991, "y": 7.999999999999998, "z": 0.31112629203423936}, "25": {"x": 0.999999999999999, "y": 8.999999999999993, "z": 0.5562437199437774}, "26": {"x": 0.9999999999999989, "y": 9.999999999999993, "z": 0.611995708085631}, "27": {"x": 0.9999999999999996, "y": 10.999999999999998, "z": 0.4807194470282459}, "28": {"x": 0.9999999999999996, "y": 12.0, "z": 0.5031119991820662}, "29": {"x": 0.9999999999999993, "y": 12.999999999999998, "z": 0.3513385189089853}, "30": {"x": 0.9999999999999991, "y": 14.0, "z": 0.1143060020664876}, "31": {"x": 1.0, "y": 15.0, "z": 0.0}, "32": {"x": 2.0, "y": 0.0, "z": 0.0}, "33": {"x": 2.0, "y": 1.0000000000000009, "z": 0.48067706278841044}, "34": {"x": 2.000000000000001, "y": 2.000000000000002, "z": 0.7558512948826094}, "35": {"x": 2.0000000000000018, "y": 3.0000000000000036, "z": 0.7658233325939834}, "36": {"x": 2.0000000000000018, "y": 4.0000000000000036, "z": 0.568635099635146}, "37": {"x": 2.000000000000002, "y": 5.0000000000000036, "z": 0.21679662639026778}, "38": {"x": 2.0000000000000013, "y": 6.000000000000002, "z": 0.4630101989800427}, "39": {"x": 1.9999999999999996, "y": 6.999999999999997, "z": 0.650885615141365}, "40": {"x": 1.9999999999999982, "y": 7.9999999999999964, "z": 0.5277328426488667}, "41": {"x": 1.9999999999999987, "y": 8.999999999999995, "z": 0.9075714902007853}, "42": {"x": 1.9999999999999987, "y": 9.999999999999993, "z": 0.9886919890947015}, "43": {"x": 1.9999999999999993, "y": 10.999999999999998, "z": 0.7748644445199985}, "44": {"x": 1.999999999999999, "y": 11.999999999999998, "z": 0.8049698758056548}, "45": {"x": 1.9999999999999984, "y": 12.999999999999998, "z": 0.5610134749757665}, "46": {"x": 1.9999999999999982, "y": 13.999999999999998, "z": 0.19155016623075954}, "47": {"x": 2.0, "y": 15.0, "z": 0.0}, "48": {"x": 3.0, "y": 0.0, "z": 0.0}, "49": {"x": 3.0, "y": 1.0000000000000007, "z": 0.4778739609352855}, "50": {"x": 3.0000000000000004, "y": 2.0000000000000013, "z": 0.7511186688914632}, "51": {"x": 3.000000000000002, "y": 3.0000000000000027, "z": 0.7874622115700888}, "52": {"x": 3.000000000000002, "y": 4.0000000000000036, "z": 0.6209199048482099}, "53": {"x": 3.0000000000000027, "y": 5.0000000000000036, "z": 0.29311131735129514}, "54": {"x": 3.0000000000000018, "y": 6.000000000000002, "z": 0.5531486689878231}, "55": {"x": 2.9999999999999996, "y": 6.9999999999999964, "z": 0.7316847120323127}, "56": {"x": 2.9999999999999973, "y": 7.999999999999995, "z": 0.6526873654960692}, "57": {"x": 2.9999999999999987, "y": 8.999999999999995, "z": 0.9819777830551473}, "58": {"x": 2.9999999999999987, "y": 9.999999999999996, "z": 1.058305951186065}, "59": {"x": 2.9999999999999996, "y": 10.999999999999998, "z": 0.8842842230697694}, "60": {"x": 2.9999999999999987, "y": 11.999999999999995, "z": 0.8697417475580888}, "61": {"x": 2.9999999999999982, "y": 12.999999999999995, "z": 0.6195419398293005}, "62": {"x": 2.9999999999999973, "y": 13.999999999999995, "z": 0.23322935816215631}, "63": {"x": 3.0, "y": 15.0, "z": 0.0}, "64": {"x": 4.0, "y": 0.0, "z": 0.0}, "65": {"x": 3.9999999999999996, "y": 1.0000000000000002, "z": 0.3716751696028957}, "66": {"x": 4.000000000000001, "y": 2.0000000000000013, "z": 0.597558535954745}, "67": {"x": 4.000000000000002, "y": 3.0000000000000018, "z": 0.6496490473807878}, "68": {"x": 4.000000000000002, "y": 4.000000000000002, "z": 0.556093170181684}, "69": {"x": 4.000000000000003, "y": 5.0000000000000036, "z": 0.3452872341371782}, "70": {"x": 4.000000000000003, "y": 6.000000000000002, "z": 0.5627804615718522}, "71": {"x": 4.0, "y": 6.999999999999998, "z": 0.7211510380639261}, "72": {"x": 3.999999999999998, "y": 7.999999999999994, "z": 0.685182377279986}, "73": {"x": 3.9999999999999982, "y": 8.999999999999993, "z": 0.9193399035244462}, "74": {"x": 3.9999999999999987, "y": 9.999999999999996, "z": 0.9647522090828972}, "75": {"x": 3.9999999999999996, "y": 10.999999999999998, "z": 0.8232456339110271}, "76": {"x": 3.9999999999999982, "y": 11.999999999999998, "z": 0.7794669470627278}, "77": {"x": 3.999999999999997, "y": 12.999999999999995, "z": 0.5593850476570978}, "78": {"x": 3.999999999999996, "y": 13.999999999999993, "z": 0.23840855964384403}, "79": {"x": 4.0, "y": 15.0, "z": 0.0}, "80": {"x": 5.0, "y": 0.0, "z": 0.0}, "81": {"x": 4.999999999999997, "y": 0.9999999999999994, "z": 0.13691417420332913}, "82": {"x": 4.9999999999999964, "y": 1.9999999999999996, "z": 0.24031862670243345}, "83": {"x": 5.0, "y": 3.000000000000001, "z": 0.3185199795565465}, "84": {"x": 5.000000000000002, "y": 4.000000000000002, "z": 0.36433133532888706}, "85": {"x": 5.0000000000000036, "y": 5.0000000000000036, "z": 0.37420169388380703}, "86": {"x": 5.000000000000002, "y": 6.000000000000001, "z": 0.4898873757031476}, "87": {"x": 4.999999999999999, "y": 6.999999999999997, "z": 0.5703607820170545}, "88": {"x": 4.999999999999997, "y": 7.999999999999994, "z": 0.6330430452551922}, "89": {"x": 4.999999999999996, "y": 8.999999999999991, "z": 0.643723226245199}, "90": {"x": 4.999999999999996, "y": 9.999999999999991, "z": 0.6344772498072346}, "91": {"x": 4.9999999999999964, "y": 10.999999999999995, "z": 0.6047218761573611}, "92": {"x": 4.9999999999999964, "y": 11.999999999999996, "z": 0.5018296948566827}, "93": {"x": 4.999999999999997, "y": 12.999999999999996, "z": 0.37604297232420847}, "94": {"x": 4.999999999999997, "y": 13.999999999999996, "z": 0.211065589512758}, "95": {"x": 5.0, "y": 15.0, "z": 0.0}, "96": {"x": 6.0, "y": 0.0, "z": 0.0}, "97": {"x": 5.999999999999997, "y": 0.9999999999999999, "z": 0.502095060807658}, "98": {"x": 5.999999999999999, "y": 2.0000000000000004, "z": 0.9062352009234921}, "99": {"x": 6.0, "y": 3.000000000000001, "z": 0.8349566086384979}, "100": {"x": 6.0, "y": 4.000000000000002, "z": 0.6230472574750904}, "101": {"x": 6.000000000000003, "y": 5.000000000000003, "z": 0.33968640188717747}, "102": {"x": 6.000000000000002, "y": 5.999999999999999, "z": 0.5873433703931159}, "103": {"x": 6.000000000000002, "y": 6.999999999999998, "z": 1.07984761447236}, "104": {"x": 5.999999999999999, "y": 7.999999999999995, "z": 0.6775848462952455}, "105": {"x": 5.999999999999998, "y": 8.999999999999993, "z": 1.4276313213298923}, "106": {"x": 5.999999999999997, "y": 9.999999999999991, "z": 1.472792902491961}, "107": {"x": 5.999999999999996, "y": 10.999999999999993, "z": 0.8265947729650477}, "108": {"x": 5.999999999999996, "y": 11.999999999999995, "z": 1.031498714490222}, "109": {"x": 5.9999999999999964, "y": 12.999999999999995, "z": 0.6165178793096684}, "110": {"x": 5.999999999999997, "y": 13.999999999999996, "z": 0.23547764535104473}, "111": {"x": 6.0, "y": 15.0, "z": 0.0}, "112": {"x": 7.0, "y": 0.0, "z": 0.0},