{"attributes": {"name": "Mesh"}, "dva": {"x": 0.0, "y": 0.0, "z": 0.0}, "dea": {}, "dfa": {}, "vertex": {"0": {"x": 0.0, "y": 0.0, "z": 0.0}, "1": {"x": 0.0, "y": 1.0, "z": 0.0}, "2": {"x": 0.0, "y": 2.0, "z": 0.0}, "3": {"x": 0.0, "y": 3.0, "z": 0.0}, "4": {"x": 0.0, "y": 4.0, "z": 0.0}, "5": {"x": 0.0, "y": 5.0, "z": 0.0}, "6": {"x": 0.0, "y": 6.0, "z": 0.0}, "7": {"x": 0.0, "y": 7.0, "z": 0.0}, "8": {"x": 0.0, "y": 8.0, "z": 0.0}, "9": {"x": 0.0, "y": 9.0, "z": 0.0}, "10": {"x": 0.0, "y": 10.0, "z": 0.0}, "11": {"x": 0.0, "y": 11.0, "z": 0.0}, "12": {"x": 0.0, "y": 12.0, "z": 0.0}, "13": {"x": 0.0, "y": 13.0, "z": 0.0}, "14": {"x": 0.0, "y": 14.0, "z": 0.0}, "15": {"x": 0.0, "y": 15.0, "z": 0.0}, "16": {"x": 1.0, "y": 0.0, "z": 0.0}, "17": {"x": 0.9999999999999996, "y": 1.0000000000000002, "z": 0.10601087970402533}, "18": {"x": 0.9999999999999997, "y": 2.000000000000001, "z": 0.18654127808657708}, "19": {"x": 1.0000000000000002, "y": 3.0000000000000018, "z": 0.5544772519035573}, "20": {"x": 1.0000000000000007, "y": 4.000000000000002, "z": 0.7204538059432225}, "21": {"x": 1.000000000000001, "y": 5.000000000000003, "z": 0.6052529120564798}, "22": {"x": 1.0000000000000016, "y": 6.000000000000005, "z": 0.6166475361196688}, "23": {"x": 1.0000000000000009, "y": 7.000000000000001, "z": 0.5910509843293327}, "24": {"x": 1.0000000000000002, "y": 7.999999999999998, "z": 0.28992187252175683}, "25": {"x": 1.0, "y": 8.999999999999996, "z": 0.26368054970975524}, "26": {"x": 0.9999999999999999, "y": 9.999999999999998, "z": 0.28552010601837774}, "27": {"x": 0.9999999999999999, "y": 11.0, "z": 0.2035780930041939}, "28": {"x": 0.9999999999999997, "y": 12.0, "z": 0.33692080399208585}, "29": {"x": 0.9999999999999996, "y": 12.999999999999998, "z": 0.2791066159274704}, "30": {"x": 0.9999999999999998, "y": 14.000000000000002, "z": 0.3187232456091474}, "31": {"x": 1.0, "y": 15.0, "z": 0.0}, "32": {"x": 2.0, "y": 0.0, "z": 0.0}, "33": {"x": 1.9999999999999991, "y": 1.0000000000000004, "z": 0.18059946217382783}, "34": {"x": 1.999999999999999, "y": 2.000000000000001, "z": 0.3258664258583881}, "35": {"x": 2.0000000000000004, "y": 3.0000000000000027, "z": 0.74522696680642}, "36": {"x": 2.0000000000000013, "y": 4.0000000000000036, "z": 0.9511066223323348}, "37": {"x": 2.0000000000000013, "y": 5.000000000000003, "z": 0.8678818466763336}, "38": {"x": 2.000000000000002, "y": 6.000000000000006, "z": 0.8840494134471204}, "39": {"x": 2.0000000000000013, "y": 7.000000000000003, "z": 0.8442781998042558}, "40": {"x": 2.0000000000000004, "y": 7.999999999999998, "z": 0.5215195098997285}, "41": {"x": 2.0000000000000004, "y": 8.999999999999998, "z": 0.4745905290375391}, "42": {"x": 2.0, "y": 9.999999999999996, "z": 0.47813215518539953}, "43": {"x": 1.9999999999999996, "y": 10.999999999999996, "z": 0.36981302553028284}, "44": {"x": 1.9999999999999996, "y": 11.999999999999996, "z": 0.48387594894021896}, "45": {"x": 1.9999999999999991, "y": 12.999999999999996, "z": 0.3956506531977197}, "46": {"x": 1.9999999999999998, "y": 14.0, "z": 0.37913278375743464}, "47": {"x": 2.0, "y": 15.0, "z": 0.0}, "48": {"x": 3.0, "y": 0.0, "z": 0.0}, "49": {"x": 2.9999999999999982, "y": 1.0000000000000004, "z": 0.22450464869699205}, "50": {"x": 2.9999999999999982, "y": 2.000000000000001, "z": 0.41883428190710775}, "51": {"x": 3.000000000000001, "y": 3.0000000000000027, "z": 0.5895313431757911}, "52": {"x": 3.000000000000002, "y": 4.0000000000000036, "z": 0.7157393989338608}, "53": {"x": 3.000000000000002, "y": 5.000000000000003, "z": 0.8042087091734484}, "54": {"x": 3.0000000000000018, "y": 6.0000000000000036, "z": 0.8184464358910334}, "55": {"x": 3.000000000000001, "y": 7.0, "z": 0.7745914789136153}, "56": {"x": 3.0000000000000004, "y": 7.999999999999999, "z": 0.6947165402382313}, "57": {"x": 3.0000000000000004, "y": 9.0, "z": 0.6324738957094843}, "58": {"x": 3.0000000000000004, "y": 9.999999999999996, "z": 0.5800395619956578}, "59": {"x": 2.999999999999999, "y": 10.999999999999993, "z": 0.49830306197092855}, "60": {"x": 2.999999999999999, "y": 11.999999999999993, "z": 0.4492139249193454}, "61": {"x": 2.9999999999999996, "y": 12.999999999999996, "z": 0.35734912924397144}, "62": {"x": 2.9999999999999996, "y": 13.999999999999998, "z": 0.1940537315238379}, "63": {"x": 3.0, "y": 15.0, "z": 0.0}, "64": {"x": 4.0, "y": 0.0, "z": 0.0}, "65": {"x": 3.9999999999999964, "y": 0.9999999999999999, "z": 0.27920746203637953}, "66": {"x": 3.9999999999999964, "y": 2.0000000000000004, "z": 0.5128596030147623}, "67": {"x": 4.000000000000001, "y": 3.0000000000000027, "z": 1.06847246406394}, "68": {"x": 4.000000000000002, "y": 4.0000000000000036, "z": 1.3547554550332446}, "69": {"x": 4.000000000000002, "y": 5.000000000000003, "z": 1.3423784322113268}, "70": {"x": 4.0000000000000036, "y": 6.000000000000004, "z": 1.3428687905704688}, "71": {"x": 4.000000000000003, "y": 7.0000000000000036, "z": 1.2207951553547722}, "72": {"x": 4.000000000000003, "y": 8.000000000000002, "z": 0.8039994478493935}, "73": {"x": 4.000000000000001, "y": 9.0, "z": 0.7222458510954943}, "74": {"x": 4.0, "y": 9.999999999999995, "z": 0.7165690957017756}, "75": {"x": 3.9999999999999987, "y": 10.999999999999993, "z": 0.5656005688405865}, "76": {"x": 3.9999999999999987, "y": 11.999999999999995, "z": 0.7068125749380793}, "77": {"x": 3.999999999999999, "y": 12.999999999999996, "z": 0.6035832939187341}, "78": {"x": 3.9999999999999996, "y": 14.0, "z": 0.4750038734736097}, "79": {"x": 4.0, "y": 15.0, "z": 0.0}, "80": {"x": 5.0, "y": 0.0, "z": 0.0}, "81": {"x": 4.9999999999999964, "y": 0.9999999999999998, "z": 0.3051324741482334}, "82": {"x": 4.999999999999997, "y": 2.0000000000000004, "z": 0.5505155431844275}, "83": {"x": 4.999999999999999, "y": 3.0000000000000018, "z": 1.4194066584451681}, "84": {"x": 5.0, "y": 4.000000000000002, "z": 1.8550782329641815}, "85": {"x": 5.0, "y": 5.000000000000002, "z": 1.6035875836376907}, "86": {"x": 5.000000000000003, "y": 6.000000000000003, "z": 1.6264118998116235}, "87": {"x": 5.0000000000000036, "y": 7.0000000000000036, "z": 1.5640354690128566}, "88": {"x": 5.000000000000003, "y": 8.000000000000004, "z": 0.8410255506946296}, "89": {"x": 5.000000000000001, "y": 8.999999999999998, "z": 0.7535306386681451}, "90": {"x": 4.999999999999998, "y": 9.999999999999995, "z": 0.7847198796384891}, "91": {"x": 4.999999999999999, "y": 10.999999999999995, "z": 0.5856894820278281}, "92": {"x": 4.999999999999998, "y": 11.999999999999995, "z": 0.8755191787403179}, "93": {"x": 4.999999999999999, "y": 12.999999999999998, "z": 0.726624181030475}, "94": {"x": 5.0, "y": 14.0, "z": 0.8083184942039886}, "95": {"x": 5.0, "y": 15.0, "z": 0.0}, "96": {"x": 6.0, "y": 0.0, "z": 0.0}, "97": {"x": 5.9999999999999964, "y": 0.9999999999999999, "z": 0.299217888054555}, "98": {"x": 5.999999999999997, "y": 2.0, "z": 0.5460888730410198}, "99": {"x": 6.0, "y": 3.000000000000002, "z": 1.3202839565305942}, "100": {"x": 6.000000000000001, "y": 4.000000000000002, "z": 1.7092299014072903}, "101": {"x": 6.0, "y": 5.000000000000001, "z": 1.543267075297304}, "102": {"x": 6.000000000000002, "y": 6.000000000000001, "z": 1.5533456986640253}, "103": {"x": 6.0000000000000036, "y": 7.0000000000000036, "z": 1.4588092187950252}, "104": {"x": 6.000000000000003, "y": 8.000000000000004, "z": 0.8248395362527015}, "105": {"x": 6.000000000000002, "y": 9.000000000000002, "z": 0.7329576588718621}, "106": {"x": 6.000000000000001, "y": 10.0, "z": 0.7525876004159004}, "107": {"x": 6.000000000000001, "y": 10.999999999999998, "z": 0.5713973871460798}, "108": {"x": 6.0, "y": 11.999999999999995, "z": 0.8205736228148064}, "109": {"x": 6.000000000000002, "y": 13.000000000000002, "z": 0.6932728037205469}, "110": {"x": 6.000000000000002, "y": 14.000000000000004, "z": 0.6983125889785369}, "111": {"x": 6.0, "y": 15.0, "z": 0.0}, "112": {"x": 7.0, "y": 0.0, "z": 0.0}, "113": {"x": 6.999999999999998, "y": 1.0, "z": 0.2619329774925967}, "114": {"x": 6.999999999999997, "y": 2.0, "z": 0.4959779129817414},