{"attributes": {"name": "Mesh"}, "dva": {"x": 0.0, "y": 0.0, "z": 0.0}, "dea": {}, "dfa": {}, "vertex": {"0": {"x": 0.0, "y": 0.0, "z": 0.0}, "1": {"x": 0.0, "y": 1.0, "z": 0.0}, "2": {"x": 0.0, "y": 2.0, "z": 0.0}, "3": {"x": 0.0, "y": 3.0, "z": 0.0}, "4": {"x": 0.0, "y": 4.0, "z": 0.0}, "5": {"x": 0.0, "y": 5.0, "z": 0.0}, "6": {"x": 0.0, "y": 6.0, "z": 0.0}, "7": {"x": 0.0, "y": 7.0, "z": 0.0}, "8": {"x": 0.0, "y": 8.0, "z": 0.0}, "9": {"x": 0.0, "y": 9.0, "z": 0.0}, "10": {"x": 0.0, "y": 10.0, "z": 0.0}, "11": {"x": 0.0, "y": 11.0, "z": 0.0}, "12": {"x": 0.0, "y": 12.0, "z": 0.0}, "13": {"x": 0.0, "y": 13.0, "z": 0.0}, "14": {"x": 0.0, "y": 14.0, "z": 0.0}, "15": {"x": 0.0, "y": 15.0, "z": 0.0}, "16": {"x": 1.0, "y": 0.0, "z": 0.0}, "17": {"x": 0.9999999999999996, "y": 0.9999999999999993, "z": 0.12275746088704725}, "18": {"x": 0.9999999999999993, "y": 1.999999999999999, "z": 0.378996472866909}, "19": {"x": 0.9999999999999992, "y": 2.9999999999999987, "z": 0.32029296132665125}, "20": {"x": 0.9999999999999988, "y": 3.999999999999997, "z": 0.6483818660797668}, "21": {"x": 0.9999999999999991, "y": 4.999999999999997, "z": 0.5640361235393515}, "22": {"x": 0.999999999999999, "y": 5.999999999999996, "z": 0.7169268163703402}, "23": {"x": 0.9999999999999989, "y": 6.999999999999997, "z": 0.6667121124397228}, "24": {"x": 0.999999999999999, "y": 7.999999999999997, "z": 0.8953438889202265}, "25": {"x": 0.9999999999999997, "y": 9.0, "z": 0.7626096628212352}, "26": {"x": 0.9999999999999996, "y": 9.999999999999998, "z": 0.716158791521915}, "27": {"x": 1.0000000000000002, "y": 11.000000000000002, "z": 0.49214202016460684}, "28": {"x": 1.0, "y": 12.000000000000002, "z": 0.4208376638764257}, "29": {"x": 1.0, "y": 12.999999999999998, "z": 0.33721789420090165}, "30": {"x": 0.9999999999999999, "y": 14.0, "z": 0.14857698117931015}, "31": {"x": 1.0, "y": 15.0, "z": 0.0}, "32": {"x": 2.0, "y": 0.0, "z": 0.0}, "33": {"x": 1.9999999999999991, "y": 0.999999999999999, "z": 0.20674661454001617}, "34": {"x": 1.9999999999999987, "y": 1.999999999999998, "z": 0.39400826271179534}, "35": {"x": 1.9999999999999984, "y": 2.9999999999999973, "z": 0.5503775158271549}, "36": {"x": 1.9999999999999984, "y": 3.999999999999996, "z": 0.6922703019605222}, "37": {"x": 1.9999999999999984, "y": 4.999999999999996, "z": 0.8070015101183957}, "38": {"x": 1.9999999999999976, "y": 5.999999999999994, "z": 0.8834737384544668}, "39": {"x": 1.9999999999999978, "y": 6.999999999999994, "z": 0.9273343180072187}, "40": {"x": 1.9999999999999982, "y": 7.999999999999995, "z": 0.9308511240712637}, "41": {"x": 1.9999999999999991, "y": 8.999999999999996, "z": 0.9056026375094657}, "42": {"x": 2.0, "y": 10.0, "z": 0.8393718609182547}, "43": {"x": 2.0000000000000004, "y": 11.000000000000004, "z": 0.7392677016140493}, "44": {"x": 2.0, "y": 12.0, "z": 0.6048490005046737}, "45": {"x": 2.0, "y": 13.000000000000002, "z": 0.4364845717422113}, "46": {"x": 1.9999999999999998, "y": 13.999999999999996, "z": 0.23344315511688538}, "47": {"x": 2.0, "y": 15.0, "z": 0.0}, "48": {"x": 3.0, "y": 0.0, "z": 0.0}, "49": {"x": 2.999999999999999, "y": 0.9999999999999988, "z": 0.28759604954910684}, "50": {"x": 2.9999999999999982, "y": 1.9999999999999973, "z": 0.786719360981}, "51": {"x": 2.999999999999998, "y": 2.999999999999996, "z": 0.7630883207613517}, "52": {"x": 2.999999999999998, "y": 3.9999999999999964, "z": 1.410366162160368}, "53": {"x": 2.9999999999999982, "y": 4.9999999999999964, "z": 1.2198992176486918}, "54": {"x": 2.9999999999999973, "y": 5.999999999999995, "z": 1.4982093717657983}, "55": {"x": 2.999999999999998, "y": 6.999999999999994, "z": 1.417518270819146}, "56": {"x": 2.999999999999998, "y": 7.999999999999994, "z": 1.837822685534321}, "57": {"x": 2.9999999999999973, "y": 8.999999999999993, "z": 1.5234266135879264}, "58": {"x": 2.999999999999998, "y": 9.999999999999991, "z": 1.462504732658469}, "59": {"x": 2.9999999999999973, "y": 10.999999999999996, "z": 1.097394952732723}, "60": {"x": 2.9999999999999982, "y": 11.999999999999998, "z": 0.9260110493750163}, "61": {"x": 2.999999999999998, "y": 12.999999999999993, "z": 0.7133737871130239}, "62": {"x": 2.9999999999999982, "y": 13.999999999999991, "z": 0.3421481550054638}, "63": {"x": 3.0, "y": 15.0, "z": 0.0}, "64": {"x": 4.0, "y": 0.0, "z": 0.0}, "65": {"x": 3.999999999999998, "y": 0.9999999999999983, "z": 0.3325184939717761}, "66": {"x": 3.9999999999999973, "y": 1.999999999999997, "z": 0.639044471462344}, "67": {"x": 3.999999999999997, "y": 2.9999999999999956, "z": 0.8972013917758624}, "68": {"x": 3.9999999999999973, "y": 3.9999999999999956, "z": 1.1372849275149313}, "69": {"x": 3.9999999999999973, "y": 4.999999999999996, "z": 1.3324451865186346}, "70": {"x": 3.9999999999999973, "y": 5.999999999999994, "z": 1.4633902862307464}, "71": {"x": 3.9999999999999964, "y": 6.999999999999991, "z": 1.54083645383204}, "72": {"x": 3.999999999999996, "y": 7.99999999999999, "z": 1.547528553653854}, "73": {"x": 3.9999999999999956, "y": 8.999999999999988, "z": 1.506527579926279}, "74": {"x": 3.9999999999999942, "y": 9.999999999999986, "z": 1.399540648173987}, "75": {"x": 3.9999999999999942, "y": 10.999999999999988, "z": 1.2373708881512002}, "76": {"x": 3.999999999999996, "y": 11.999999999999993, "z": 1.0122494665309862}, "77": {"x": 3.9999999999999964, "y": 12.99999999999999, "z": 0.7292085661532224}, "78": {"x": 3.999999999999998, "y": 13.999999999999991, "z": 0.39030156331913435}, "79": {"x": 4.0, "y": 15.0, "z": 0.0}, "80": {"x": 5.0, "y": 0.0, "z": 0.0}, "81": {"x": 4.9999999999999964, "y": 0.9999999999999981, "z": 0.3675898859179093}, "82": {"x": 4.999999999999996, "y": 1.9999999999999967, "z": 0.7310920271859598}, "83": {"x": 4.9999999999999964, "y": 2.999999999999996, "z": 1.0038334873696833}, "84": {"x": 4.999999999999997, "y": 3.999999999999996, "z": 1.3421663976783937}, "85": {"x": 4.999999999999998, "y": 4.999999999999996, "z": 1.5973573623673039}, "86": {"x": 4.9999999999999964, "y": 5.999999999999994, "z": 1.7879907277259024}, "87": {"x": 4.999999999999996, "y": 6.999999999999992, "z": 1.892766444634626}, "88": {"x": 4.9999999999999964, "y": 7.999999999999992, "z": 1.9290829035639618}, "89": {"x": 4.999999999999997, "y": 8.999999999999991, "z": 1.880098625277332}, "90": {"x": 4.999999999999997, "y": 9.999999999999991, "z": 1.7352870011121757}, "91": {"x": 4.9999999999999964, "y": 10.999999999999991, "z": 1.501628941080625}, "92": {"x": 4.999999999999998, "y": 11.999999999999995, "z": 1.2246421424471237}, "93": {"x": 4.999999999999998, "y": 12.999999999999995, "z": 0.8832611791129789}, "94": {"x": 4.999999999999997, "y": 13.999999999999993, "z": 0.459142806461396}, "95": {"x": 5.0, "y": 15.0, "z": 0.0}, "96": {"x": 6.0, "y": 0.0, "z": 0.0}, "97": {"x": 5.999999999999998, "y": 0.9999999999999983, "z": 0.3735072705928547}, "98": {"x": 5.999999999999997, "y": 1.9999999999999976, "z": 1.1141395481169438}, "99": {"x": 5.999999999999997, "y": 2.999999999999997, "z": 1.008019833521521}, "100": {"x": 6.0, "y": 3.9999999999999973, "z": 2.1229170803474076}, "101": {"x": 6.0, "y": 4.9999999999999964, "z": 1.8498595138172602}, "102": {"x": 5.999999999999996, "y": 5.999999999999993, "z": 2.3398517101805525}, "103": {"x": 5.999999999999997, "y": 6.999999999999995, "z": 2.2450208748901597}, "104": {"x": 5.999999999999997, "y": 7.999999999999994, "z": 2.97069933823005}, "105": {"x": 5.999999999999998, "y": 8.999999999999993, "z": 2.4677896351475566}, "106": {"x": 5.999999999999994, "y": 9.999999999999986, "z": 2.3371481314246023}, "107": {"x": 5.999999999999995, "y": 10.999999999999988, "z": 1.6961122896392948}, "108": {"x": 5.9999999999999964, "y": 11.999999999999991, "z": 1.422917159877662}, "109": {"x": 5.999999999999999, "y": 13.0, "z": 1.0995462694853357}, "110": {"x": 6.000000000000002, "y": 14.000000000000004, "z": 0.4990792996462368}, "111": {"x": 6.0, "y": 15.0, "z": 0.0}, "112": {"x": 7.0, "y": 0.0, "z": 0.0}, "113": {"x": 6.999999999999997, "y": 0.9999999999999988,