{"attributes": {"name": "Mesh"}, "dva": {"x": 0.0, "y": 0.0, "z": 0.0}, "dea": {}, "dfa": {}, "vertex": {"0": {"x": 0.0, "y": 0.0, "z": 0.0}, "1": {"x": 0.0, "y": 1.0, "z": 0.0}, "2": {"x": 0.0, "y": 2.0, "z": 0.0}, "3": {"x": 0.0, "y": 3.0, "z": 0.0}, "4": {"x": 0.0, "y": 4.0, "z": 0.0}, "5": {"x": 0.0, "y": 5.0, "z": 0.0}, "6": {"x": 0.0, "y": 6.0, "z": 0.0}, "7": {"x": 0.0, "y": 7.0, "z": 0.0}, "8": {"x": 0.0, "y": 8.0, "z": 0.0}, "9": {"x": 0.0, "y": 9.0, "z": 0.0}, "10": {"x": 0.0, "y": 10.0, "z": 0.0}, "11": {"x": 0.0, "y": 11.0, "z": 0.0}, "12": {"x": 0.0, "y": 12.0, "z": 0.0}, "13": {"x": 0.0, "y": 13.0, "z": 0.0}, "14": {"x": 0.0, "y": 14.0, "z": 0.0}, "15": {"x": 0.0, "y": 15.0, "z": 0.0}, "16": {"x": 1.0, "y": 0.0, "z": 0.0}, "17": {"x": 1.0000000000000004, "y": 1.0000000000000004, "z": 0.1085544061796229}, "18": {"x": 1.0000000000000007, "y": 2.000000000000001, "z": 0.19165856999870648}, "19": {"x": 1.0000000000000009, "y": 3.000000000000002, "z": 0.27741057304412103}, "20": {"x": 1.000000000000001, "y": 4.000000000000003, "z": 0.3409735182491916}, "21": {"x": 1.000000000000001, "y": 5.000000000000003, "z": 0.3789513249678897}, "22": {"x": 1.0000000000000007, "y": 6.0, "z": 0.393439601705477}, "23": {"x": 1.0000000000000007, "y": 7.0, "z": 0.382512703289751}, "24": {"x": 1.0000000000000007, "y": 8.0, "z": 0.346273682237201}, "25": {"x": 1.0000000000000007, "y": 9.000000000000002, "z": 0.3549110399097177}, "26": {"x": 1.0000000000000009, "y": 10.000000000000005, "z": 0.3420818213584076}, "27": {"x": 1.0000000000000009, "y": 11.000000000000007, "z": 0.30583851473933393}, "28": {"x": 1.000000000000001, "y": 12.000000000000007, "z": 0.2679157558251708}, "29": {"x": 1.0000000000000007, "y": 13.000000000000004, "z": 0.20518721793378078}, "30": {"x": 1.0000000000000002, "y": 14.0, "z": 0.11591428489918455}, "31": {"x": 1.0, "y": 15.0, "z": 0.0}, "32": {"x": 2.0, "y": 0.0, "z": 0.0}, "33": {"x": 2.0000000000000004, "y": 1.0000000000000009, "z": 0.21214844706660077}, "34": {"x": 2.000000000000001, "y": 2.0000000000000013, "z": 0.35447359150520624}, "35": {"x": 2.0000000000000018, "y": 3.000000000000002, "z": 0.5404609600374063}, "36": {"x": 2.000000000000002, "y": 4.0000000000000036, "z": 0.6761347724144443}, "37": {"x": 2.000000000000002, "y": 5.000000000000005, "z": 0.7492966672961194}, "38": {"x": 2.000000000000002, "y": 6.000000000000005, "z": 0.7751349780499195}, "39": {"x": 2.0000000000000018, "y": 7.0000000000000036, "z": 0.7308194941425326}, "40": {"x": 2.000000000000001, "y": 8.000000000000002, "z": 0.6220299601083097}, "41": {"x": 2.000000000000001, "y": 9.000000000000004, "z": 0.6664078058805664}, "42": {"x": 2.0000000000000013, "y": 10.000000000000004, "z": 0.651077713056921}, "43": {"x": 2.0000000000000013, "y": 11.000000000000004, "z": 0.571483422575807}, "44": {"x": 2.0000000000000013, "y": 12.000000000000002, "z": 0.5307217673541609}, "45": {"x": 2.000000000000001, "y": 13.000000000000004, "z": 0.42916452151291584}, "46": {"x": 2.0, "y": 14.000000000000002, "z": 0.2526353552484743}, "47": {"x": 2.0, "y": 15.0, "z": 0.0}, "48": {"x": 3.0, "y": 0.0, "z": 0.0}, "49": {"x": 3.0000000000000013, "y": 1.0000000000000009, "z": 0.4694996271658573}, "50": {"x": 3.0000000000000018, "y": 2.0000000000000013, "z": 0.47102595419733734}, "51": {"x": 3.0000000000000027, "y": 3.0000000000000027, "z": 0.7914341659357291}, "52": {"x": 3.0000000000000036, "y": 4.000000000000004, "z": 1.2826894821950872}, "53": {"x": 3.0000000000000036, "y": 5.000000000000005, "z": 1.1026243860606353}, "54": {"x": 3.0000000000000027, "y": 6.000000000000005, "z": 1.4721111955989261}, "55": {"x": 3.000000000000002, "y": 7.000000000000004, "z": 1.4427399742899316}, "56": {"x": 3.0000000000000004, "y": 8.0, "z": 0.8029253387720029}, "57": {"x": 3.0000000000000013, "y": 9.000000000000002, "z": 0.9918652165854887}, "58": {"x": 3.0000000000000018, "y": 10.000000000000007, "z": 1.010609408074628}, "59": {"x": 3.000000000000002, "y": 11.000000000000002, "z": 0.7646799348661245}, "60": {"x": 3.0000000000000018, "y": 12.000000000000002, "z": 0.8047469607922384}, "61": {"x": 3.000000000000001, "y": 12.999999999999998, "z": 0.8245445437367638}, "62": {"x": 3.0, "y": 13.999999999999995, "z": 0.5714212687143388}, "63": {"x": 3.0, "y": 15.0, "z": 0.0}, "64": {"x": 4.0, "y": 0.0, "z": 0.0}, "65": {"x": 4.000000000000002, "y": 1.0000000000000009, "z": 0.41116411569923}, "66": {"x": 4.000000000000003, "y": 2.0000000000000018, "z": 0.5520556470778273}, "67": {"x": 4.0000000000000036, "y": 3.0000000000000036, "z": 0.9152390526248694}, "68": {"x": 4.0000000000000036, "y": 4.0000000000000036, "z": 1.23653876249049}, "69": {"x": 4.0000000000000036, "y": 5.000000000000004, "z": 1.2899781669911163}, "70": {"x": 4.000000000000003, "y": 6.0000000000000036, "z": 1.4340411260855273}, "71": {"x": 4.000000000000001, "y": 7.000000000000002, "z": 1.319324030397468}, "72": {"x": 4.000000000000001, "y": 8.000000000000002, "z": 0.9342733116024181}, "73": {"x": 4.000000000000001, "y": 9.000000000000002, "z": 1.1017146665210478}, "74": {"x": 4.000000000000002, "y": 10.000000000000004, "z": 1.102620292724658}, "75": {"x": 4.0000000000000036, "y": 11.000000000000004, "z": 0.9010271541875626}, "76": {"x": 4.000000000000003, "y": 12.0, "z": 0.9254863696584394}, "77": {"x": 4.000000000000003, "y": 13.000000000000002, "z": 0.850343747407449}, "78": {"x": 4.000000000000001, "y": 14.0, "z": 0.5478526450620188}, "79": {"x": 4.0, "y": 15.0, "z": 0.0}, "80": {"x": 5.0, "y": 0.0, "z": 0.0}, "81": {"x": 5.000000000000001, "y": 1.000000000000001, "z": 0.3618433983675177}, "82": {"x": 5.000000000000003, "y": 2.000000000000002, "z": 0.5851482281117376}, "83": {"x": 5.000000000000004, "y": 3.000000000000004, "z": 0.9491307509199118}, "84": {"x": 5.0000000000000036, "y": 4.0000000000000036, "z": 1.2023244297691678}, "85": {"x": 5.000000000000004, "y": 5.000000000000004, "z": 1.339912632052193}, "86": {"x": 5.0000000000000036, "y": 6.000000000000004, "z": 1.3565379971511489}, "87": {"x": 5.000000000000003, "y": 7.0000000000000036, "z": 1.2325776509082411}, "88": {"x": 5.000000000000001, "y": 8.000000000000002, "z": 0.9868560209347232}, "89": {"x": 5.000000000000001, "y": 9.000000000000002, "z": 1.1114331785049603}, "90": {"x": 5.000000000000002, "y": 10.000000000000002, "z": 1.1029627460518867}, "91": {"x": 5.000000000000004, "y": 11.000000000000004, "z": 0.9579035637227684}, "92": {"x": 5.000000000000005, "y": 12.000000000000005, "z": 0.9479523497335824}, "93": {"x": 5.000000000000004, "y": 13.000000000000007, "z": 0.7975065779336801}, "94": {"x": 5.0000000000000036, "y": 14.000000000000005, "z": 0.48167377350954305}, "95": {"x": 5.0, "y": 15.0, "z": 0.0}, "96": {"x": 6.0, "y": 0.0, "z": 0.0}, "97": {"x": 5.999999999999999, "y": 1.0000000000000007, "z": 0.5463567104205739}, "98": {"x": 6.000000000000004, "y": 2.000000000000002, "z": 0.5562379984953589}, "99": {"x": 6.000000000000005, "y": 3.0000000000000044, "z": 0.9915761802655619}, "100": {"x": 6.0000000000000036, "y": 4.0000000000000036, "z": 1.5071858211031817}, "101": {"x": 6.000000000000006, "y": 5.000000000000003, "z": 1.4082458317332354}, "102": {"x": 6.0000000000000036, "y": 6.0000000000000036, "z": 1.7733157823276637}, "103": {"x": 6.000000000000003, "y": 7.0000000000000036, "z": 1.644957981748211}, "104": {"x": 6.000000000000001, "y": 8.0, "z": 0.9212230077400639}, "105": {"x": 6.000000000000001, "y": 9.000000000000002, "z": 1.2004087578828144}, "106": {"x": 6.000000000000003, "y": 10.000000000000004, "z": 1.2296824608234733}, "107": {"x": 6.000000000000004, "y": 11.000000000000004, "z": 0.9151110402982175}, "108": {"x": 6.0000000000000036, "y": 12.000000000000002, "z": 1.0284296143035458}, "109": {"x": 6.000000000000004, "y": 13.000000000000005, "z": 1.0713486447725986}, "110": {"x": 6.000000000000003, "y": 14.000000000000004, "z": 0.7445346078678434}, "111": {"x": 6.0, "y": 15.0, "z": 0.0}, "112": {"x": 7.0, "y": 0.0, "z": 0.0}, "113": {"x": 7.000000000000001,