{"attributes": {"name": "Mesh"}, "dva": {"x": 0.0, "y": 0.0, "z": 0.0}, "dea": {}, "dfa": {}, "vertex": {"0": {"x": 0.0, "y": 0.0, "z": 0.0}, "1": {"x": 0.0, "y": 1.0, "z": 0.0}, "2": {"x": 0.0, "y": 2.0, "z": 0.0}, "3": {"x": 0.0, "y": 3.0, "z": 0.0}, "4": {"x": 0.0, "y": 4.0, "z": 0.0}, "5": {"x": 0.0, "y": 5.0, "z": 0.0}, "6": {"x": 0.0, "y": 6.0, "z": 0.0}, "7": {"x": 0.0, "y": 7.0, "z": 0.0}, "8": {"x": 0.0, "y": 8.0, "z": 0.0}, "9": {"x": 0.0, "y": 9.0, "z": 0.0}, "10": {"x": 0.0, "y": 10.0, "z": 0.0}, "11": {"x": 0.0, "y": 11.0, "z": 0.0}, "12": {"x": 0.0, "y": 12.0, "z": 0.0}, "13": {"x": 0.0, "y": 13.0, "z": 0.0}, "14": {"x": 0.0, "y": 14.0, "z": 0.0}, "15": {"x": 0.0, "y": 15.0, "z": 0.0}, "16": {"x": 1.0, "y": 0.0, "z": 0.0}, "17": {"x": 0.9999999999999999, "y": 1.0000000000000002, "z": 0.23511467811076792}, "18": {"x": 1.0000000000000002, "y": 2.0000000000000004, "z": 0.3562434788094566}, "19": {"x": 1.0000000000000004, "y": 3.000000000000001, "z": 0.46858540918966274}, "20": {"x": 1.0000000000000007, "y": 4.000000000000002, "z": 0.6460098047388362}, "21": {"x": 1.000000000000001, "y": 5.000000000000003, "z": 0.7697233836894956}, "22": {"x": 1.0000000000000013, "y": 6.0000000000000036, "z": 0.7794621894941882}, "23": {"x": 1.0000000000000018, "y": 7.000000000000007, "z": 0.9846806118548045}, "24": {"x": 1.0000000000000024, "y": 8.00000000000001, "z": 1.0908632042819788}, "25": {"x": 1.0000000000000029, "y": 9.000000000000014, "z": 1.079742217867236}, "26": {"x": 1.0000000000000033, "y": 10.000000000000016, "z": 0.9529043167839576}, "27": {"x": 1.0000000000000029, "y": 11.000000000000014, "z": 0.8339530702131779}, "28": {"x": 1.000000000000002, "y": 12.000000000000005, "z": 0.7202942822982906}, "29": {"x": 1.0000000000000013, "y": 13.000000000000002, "z": 0.5625232666234737}, "30": {"x": 1.0000000000000004, "y": 14.0, "z": 0.3357566041103217}, "31": {"x": 1.0, "y": 15.0, "z": 0.0}, "32": {"x": 2.0, "y": 0.0, "z": 0.0}, "33": {"x": 2.0, "y": 1.0000000000000002, "z": 0.46523030220055306}, "34": {"x": 2.0, "y": 2.000000000000001, "z": 0.6303346693075277}, "35": {"x": 2.0000000000000013, "y": 3.0000000000000013, "z": 0.8182118650778134}, "36": {"x": 2.0000000000000004, "y": 4.000000000000002, "z": 1.1727431190692692}, "37": {"x": 2.0000000000000013, "y": 5.000000000000003, "z": 1.4941998830695506}, "38": {"x": 2.000000000000002, "y": 6.000000000000006, "z": 1.3542758690611512}, "39": {"x": 2.0000000000000036, "y": 7.000000000000011, "z": 1.8721505791602349}, "40": {"x": 2.000000000000004, "y": 8.00000000000001, "z": 2.213042055261371}, "41": {"x": 2.000000000000005, "y": 9.000000000000016, "z": 2.1543068064441173}, "42": {"x": 2.0000000000000067, "y": 10.000000000000023, "z": 1.6867271166099038}, "43": {"x": 2.0000000000000058, "y": 11.000000000000018, "z": 1.4534143545992626}, "44": {"x": 2.0000000000000036, "y": 12.00000000000001, "z": 1.2753800217777533}, "45": {"x": 2.000000000000002, "y": 13.000000000000007, "z": 1.0170698543084515}, "46": {"x": 2.000000000000001, "y": 14.000000000000004, "z": 0.6486706353732489}, "47": {"x": 2.0, "y": 15.0, "z": 0.0}, "48": {"x": 3.0, "y": 0.0, "z": 0.0}, "49": {"x": 3.000000000000001, "y": 1.0000000000000004, "z": 0.5657862606015854}, "50": {"x": 3.0, "y": 2.0000000000000004, "z": 0.8117414994728247}, "51": {"x": 3.0000000000000018, "y": 3.0000000000000018, "z": 1.0678401221724636}, "52": {"x": 3.0000000000000018, "y": 4.000000000000003, "z": 1.491035248673803}, "53": {"x": 3.0000000000000027, "y": 5.000000000000005, "z": 1.8589136058263453}, "54": {"x": 3.0000000000000027, "y": 6.000000000000007, "z": 1.7589278261365686}, "55": {"x": 3.000000000000005, "y": 7.000000000000013, "z": 2.314182922296432}, "56": {"x": 3.0000000000000058, "y": 8.000000000000014, "z": 2.6666878641660476}, "57": {"x": 3.0000000000000075, "y": 9.000000000000021, "z": 2.606426933439133}, "58": {"x": 3.0000000000000098, "y": 10.000000000000028, "z": 2.1253190467601164}, "59": {"x": 3.000000000000008, "y": 11.000000000000025, "z": 1.8464864995536296}, "60": {"x": 3.000000000000005, "y": 12.000000000000012, "z": 1.6039370119144456}, "61": {"x": 3.000000000000003, "y": 13.000000000000009, "z": 1.2599943010597137}, "62": {"x": 3.0000000000000018, "y": 14.000000000000004, "z": 0.7808261545681138}, "63": {"x": 3.0, "y": 15.0, "z": 0.0}, "64": {"x": 4.0, "y": 0.0, "z": 0.0}, "65": {"x": 4.000000000000001, "y": 1.0000000000000004, "z": 0.5477298236676248}, "66": {"x": 4.0, "y": 2.0000000000000004, "z": 0.9025688767778327}, "67": {"x": 4.000000000000002, "y": 3.0000000000000027, "z": 1.217406973962109}, "68": {"x": 4.000000000000003, "y": 4.0000000000000036, "z": 1.6101538099514479}, "69": {"x": 4.0000000000000036, "y": 5.000000000000006, "z": 1.896281346128067}, "70": {"x": 4.000000000000004, "y": 6.000000000000008, "z": 1.993783467614418}, "71": {"x": 4.000000000000007, "y": 7.000000000000013, "z": 2.342986291628766}, "72": {"x": 4.000000000000008, "y": 8.000000000000018, "z": 2.5174963693867185}, "73": {"x": 4.000000000000011, "y": 9.000000000000021, "z": 2.4961151735279903}, "74": {"x": 4.000000000000011, "y": 10.000000000000027, "z": 2.2809845642926865}, "75": {"x": 4.00000000000001, "y": 11.000000000000027, "z": 2.0204754164692895}, "76": {"x": 4.000000000000007, "y": 12.000000000000016, "z": 1.716523946992245}, "77": {"x": 4.000000000000004, "y": 13.00000000000001, "z": 1.303864798962743}, "78": {"x": 4.000000000000003, "y": 14.000000000000007, "z": 0.7474992985795365}, "79": {"x": 4.0, "y": 15.0, "z": 0.0}, "80": {"x": 5.0, "y": 0.0, "z": 0.0}, "81": {"x": 5.000000000000002, "y": 1.0000000000000007, "z": 0.5334294001933491}, "82": {"x": 5.000000000000002, "y": 2.0000000000000013, "z": 0.9231744779593875}, "83": {"x": 5.0000000000000036, "y": 3.0000000000000027, "z": 1.2596198540392527}, "84": {"x": 5.0000000000000036, "y": 4.0000000000000036, "z": 1.6314393321217096}, "85": {"x": 5.000000000000006, "y": 5.000000000000008, "z": 1.9077382254268882}, "86": {"x": 5.000000000000006, "y": 6.00000000000001, "z": 2.0517683518905927}, "87": {"x": 5.000000000000007, "y": 7.000000000000014, "z": 2.316547606191818}, "88": {"x": 5.000000000000011, "y": 8.00000000000002, "z": 2.444116038574263}, "89": {"x": 5.0000000000000115, "y": 9.000000000000025, "z": 2.431628534222228}, "90": {"x": 5.0000000000000115, "y": 10.000000000000027, "z": 2.280391072099613}, "91": {"x": 5.000000000000011, "y": 11.000000000000025, "z": 2.0361201669606706}, "92": {"x": 5.000000000000008, "y": 12.000000000000018, "z": 1.7146349653768185}, "93": {"x": 5.000000000000005, "y": 13.000000000000014, "z": 1.2822575234942928}, "94": {"x": 5.0000000000000036, "y": 14.000000000000007, "z": 0.7154876580312373}, "95": {"x": 5.0, "y": 15.0, "z": 0.0}, "96": {"x": 6.0, "y": 0.0, "z": 0.0}, "97": {"x": 6.000000000000001, "y": 1.000000000000001, "z": 0.5421311747056895}, "98": {"x": 6.000000000000003, "y": 2.0000000000000013, "z": 0.8904243247095016}, "99": {"x": 6.0000000000000036, "y": 3.000000000000002, "z": 1.2054284853530108}, "100": {"x": 6.0000000000000036, "y": 4.000000000000004, "z": 1.5897036066985462}, "101": {"x": 6.000000000000005, "y": 5.000000000000007, "z": 1.8979037748884977}, "102": {"x": 6.000000000000007, "y": 6.000000000000009, "z": 1.9645632583548513}, "103": {"x": 6.000000000000009, "y": 7.000000000000013, "z": 2.309496363682108}, "104": {"x": 6.000000000000009, "y": 8.000000000000016, "z": 2.5051877757847394}, "105": {"x": 6.000000000000009, "y": 9.000000000000018, "z": 2.4754743836613846}, "106": {"x": 6.00000000000001, "y": 10.00000000000002, "z": 2.2177977486496037}, "107": {"x": 6.000000000000011, "y": 11.000000000000021, "z": 1.965427937623705}, "108": {"x": 6.000000000000009, "y": 12.000000000000016, "z": 1.6678637976920718}, "109": {"x": 6.000000000000007, "y": 13.000000000000014, "z": 1.262768428520237}, "110": {"x": 6.0000000000000036, "y": 14.000000000000007, "z": 0.7274316152967895}, "111": {"x": 6.0, "y": 15.0, "z": 0.0}, "112": {"x": 7.0,