{"attributes": {"name": "Mesh"}, "dva": {"x": 0.0, "y": 0.0, "z": 0.0}, "dea": {}, "dfa": {}, "vertex": {"0": {"x": 0.0, "y": 0.0, "z": 0.0}, "1": {"x": 0.0, "y": 1.0, "z": 0.0}, "2": {"x": 0.0, "y": 2.0, "z": 0.0}, "3": {"x": 0.0, "y": 3.0, "z": 0.0}, "4": {"x": 0.0, "y": 4.0, "z": 0.0}, "5": {"x": 0.0, "y": 5.0, "z": 0.0}, "6": {"x": 0.0, "y": 6.0, "z": 0.0}, "7": {"x": 0.0, "y": 7.0, "z": 0.0}, "8": {"x": 0.0, "y": 8.0, "z": 0.0}, "9": {"x": 0.0, "y": 9.0, "z": 0.0}, "10": {"x": 0.0, "y": 10.0, "z": 0.0}, "11": {"x": 0.0, "y": 11.0, "z": 0.0}, "12": {"x": 0.0, "y": 12.0, "z": 0.0}, "13": {"x": 0.0, "y": 13.0, "z": 0.0}, "14": {"x": 0.0, "y": 14.0, "z": 0.0}, "15": {"x": 0.0, "y": 15.0, "z": 0.0}, "16": {"x": 1.0, "y": 0.0, "z": 0.0}, "17": {"x": 0.9999999999999998, "y": 0.9999999999999997, "z": 0.44662655871330115}, "18": {"x": 1.0, "y": 1.9999999999999991, "z": 0.33910379205677305}, "19": {"x": 0.9999999999999998, "y": 3.0000000000000004, "z": 0.5703325150704527}, "20": {"x": 0.9999999999999994, "y": 3.999999999999998, "z": 0.5387348643818537}, "21": {"x": 0.9999999999999993, "y": 4.999999999999999, "z": 0.5092748279102055}, "22": {"x": 0.9999999999999989, "y": 5.999999999999996, "z": 0.37884661488358645}, "23": {"x": 0.9999999999999987, "y": 6.9999999999999964, "z": 0.448247684890079}, "24": {"x": 0.999999999999999, "y": 7.999999999999998, "z": 0.6777132843989008}, "25": {"x": 0.9999999999999981, "y": 8.999999999999996, "z": 0.8529129552627344}, "26": {"x": 0.9999999999999986, "y": 9.999999999999995, "z": 0.2801430993339695}, "27": {"x": 0.9999999999999986, "y": 10.999999999999998, "z": 0.16386249304097267}, "28": {"x": 0.9999999999999989, "y": 12.0, "z": 0.955183858807305}, "29": {"x": 0.9999999999999993, "y": 13.0, "z": 0.13700158544670538}, "30": {"x": 0.9999999999999997, "y": 13.999999999999998, "z": 0.1789408730762737}, "31": {"x": 1.0, "y": 15.0, "z": 0.0}, "32": {"x": 2.0, "y": 0.0, "z": 0.0}, "33": {"x": 1.9999999999999998, "y": 0.9999999999999993, "z": 0.5411668938771295}, "34": {"x": 2.0, "y": 1.9999999999999987, "z": 0.5579908578600712}, "35": {"x": 1.9999999999999993, "y": 2.999999999999999, "z": 0.8401849935203566}, "36": {"x": 1.999999999999999, "y": 3.999999999999997, "z": 0.8550693720234059}, "37": {"x": 1.9999999999999982, "y": 4.999999999999996, "z": 0.8352854779552897}, "38": {"x": 1.9999999999999973, "y": 5.999999999999991, "z": 0.6991933124263611}, "39": {"x": 1.9999999999999978, "y": 6.999999999999993, "z": 0.7735940134249844}, "40": {"x": 1.9999999999999978, "y": 7.999999999999995, "z": 0.9822264633661331}, "41": {"x": 1.999999999999997, "y": 8.999999999999991, "z": 1.0662601972341126}, "42": {"x": 1.9999999999999967, "y": 9.999999999999991, "z": 0.4952204504116382}, "43": {"x": 1.9999999999999971, "y": 10.999999999999996, "z": 0.3074166415437295}, "44": {"x": 1.999999999999998, "y": 11.999999999999995, "z": 0.8532046900748758}, "45": {"x": 1.9999999999999982, "y": 12.999999999999996, "z": 0.2416473155938067}, "46": {"x": 1.9999999999999991, "y": 13.999999999999996, "z": 0.24141572205917483}, "47": {"x": 2.0, "y": 15.0, "z": 0.0}, "48": {"x": 3.0, "y": 0.0, "z": 0.0}, "49": {"x": 3.0, "y": 0.9999999999999994, "z": 0.3660437612279091}, "50": {"x": 3.0, "y": 1.9999999999999984, "z": 0.6489816432625151}, "51": {"x": 2.9999999999999987, "y": 2.9999999999999973, "z": 0.8435315779262359}, "52": {"x": 2.999999999999998, "y": 3.9999999999999947, "z": 0.9549597028712633}, "53": {"x": 2.9999999999999973, "y": 4.999999999999992, "z": 0.987435404875728}, "54": {"x": 2.999999999999997, "y": 5.999999999999991, "z": 0.9565266956891001}, "55": {"x": 2.999999999999997, "y": 6.999999999999991, "z": 0.9713259869793802}, "56": {"x": 2.999999999999996, "y": 7.999999999999989, "z": 0.9413868945447463}, "57": {"x": 2.9999999999999947, "y": 8.999999999999984, "z": 0.8274342041102376}, "58": {"x": 2.999999999999994, "y": 9.999999999999982, "z": 0.6387740818523109}, "59": {"x": 2.9999999999999947, "y": 10.999999999999988, "z": 0.4274830037881635}, "60": {"x": 2.999999999999997, "y": 11.999999999999993, "z": 0.3992497007002106}, "61": {"x": 2.999999999999998, "y": 12.999999999999995, "z": 0.31061122713027006}, "62": {"x": 2.999999999999999, "y": 13.999999999999998, "z": 0.19987636106028653}, "63": {"x": 3.0, "y": 15.0, "z": 0.0}, "64": {"x": 4.0, "y": 0.0, "z": 0.0}, "65": {"x": 3.999999999999999, "y": 0.9999999999999993, "z": 0.48057811700842173}, "66": {"x": 3.9999999999999996, "y": 1.9999999999999987, "z": 0.8206882104245689}, "67": {"x": 3.9999999999999996, "y": 2.999999999999998, "z": 1.064226818385124}, "68": {"x": 3.9999999999999996, "y": 3.999999999999996, "z": 1.1813343461510508}, "69": {"x": 3.999999999999999, "y": 4.999999999999995, "z": 1.1890644122576863}, "70": {"x": 3.9999999999999982, "y": 5.999999999999993, "z": 1.109999044422395}, "71": {"x": 3.999999999999998, "y": 6.999999999999992, "z": 1.156208728827418}, "72": {"x": 3.999999999999996, "y": 7.999999999999988, "z": 1.1556979010557449}, "73": {"x": 3.999999999999994, "y": 8.999999999999984, "z": 1.0195506176445268}, "74": {"x": 3.999999999999993, "y": 9.99999999999998, "z": 0.7517605047734643}, "75": {"x": 3.9999999999999925, "y": 10.999999999999982, "z": 0.47727249818938755}, "76": {"x": 3.9999999999999956, "y": 11.99999999999999, "z": 0.48010208020420786}, "77": {"x": 3.999999999999997, "y": 12.999999999999991, "z": 0.3658544243166014}, "78": {"x": 3.999999999999998, "y": 13.999999999999991, "z": 0.2563290271004167}, "79": {"x": 4.0, "y": 15.0, "z": 0.0}, "80": {"x": 5.0, "y": 0.0, "z": 0.0}, "81": {"x": 5.0, "y": 0.9999999999999993, "z": 0.7593627972443469}, "82": {"x": 4.999999999999999, "y": 1.9999999999999984, "z": 0.9861624557937708}, "83": {"x": 5.0, "y": 2.9999999999999987, "z": 1.3624897361432207}, "84": {"x": 4.999999999999999, "y": 3.999999999999998, "z": 1.422471267470414}, "85": {"x": 5.000000000000003, "y": 4.999999999999999, "z": 1.3614087493413176}, "86": {"x": 4.999999999999999, "y": 5.999999999999994, "z": 1.142577147749265}, "87": {"x": 4.999999999999999, "y": 6.999999999999994, "z": 1.277963933715779}, "88": {"x": 4.999999999999998, "y": 7.999999999999993, "z": 1.4928490761326716}, "89": {"x": 4.9999999999999964, "y": 8.999999999999991, "z": 1.4636826642752443}, "90": {"x": 4.999999999999995, "y": 9.999999999999986, "z": 0.812819397900279}, "91": {"x": 4.999999999999992, "y": 10.999999999999982, "z": 0.47094310639607784}, "92": {"x": 4.999999999999994, "y": 11.999999999999986, "z": 0.938295978504634}, "93": {"x": 4.9999999999999964, "y": 12.99999999999999, "z": 0.3955063793733582}, "94": {"x": 4.999999999999996, "y": 13.999999999999988, "z": 0.36755444125118353}, "95": {"x": 5.0, "y": 15.0, "z": 0.0}, "96": {"x": 6.0, "y": 0.0, "z": 0.0}, "97": {"x": 5.999999999999999, "y": 0.9999999999999991, "z": 0.7712240792674682}, "98": {"x": 5.999999999999999, "y": 1.999999999999999, "z": 1.0330078247523042}, "99": {"x": 5.999999999999999, "y": 2.999999999999998, "z": 1.4065057578235471}, "100": {"x": 6.0, "y": 3.9999999999999982, "z": 1.4615599748102703}, "101": {"x": 6.000000000000003, "y": 5.0, "z": 1.3658153364434653}, "102": {"x": 6.000000000000001, "y": 5.999999999999997, "z": 1.1062755889989149}, "103": {"x": 6.0, "y": 6.999999999999996, "z": 1.2768642090577302}, "104": {"x": 6.0, "y": 7.999999999999996, "z": 1.518776885764165}, "105": {"x": 5.999999999999998, "y": 8.999999999999993, "z": 1.433390391695431}, "106": {"x": 5.999999999999998, "y": 9.99999999999999, "z": 0.8054482781852563}, "107": {"x": 5.999999999999991, "y": 10.999999999999984, "z": 0.440266413501108}, "108": {"x": 5.999999999999993, "y": 11.999999999999988, "z": 0.7501081526180577}, "109": {"x": 5.999999999999995, "y": 12.999999999999984, "z": 0.39124694003851057}, "110": {"x": 5.999999999999997, "y": 13.999999999999991, "z": 0.38413882395391974}, "111": {"x": 6.0, "y": 15.0, "z": 0.0}, "112": {"x": 7.0, "y": 0.0, "z": 0.0}, "113": {"x": 6.999999999999999, "y": 0.9999999999999991,