{"attributes": {"name": "Mesh"}, "dva": {"x": 0.0, "y": 0.0, "z": 0.0}, "dea": {}, "dfa": {}, "vertex": {"0": {"x": 0.0, "y": 0.0, "z": 0.0}, "1": {"x": 0.0, "y": 1.0, "z": 0.0}, "2": {"x": 0.0, "y": 2.0, "z": 0.0}, "3": {"x": 0.0, "y": 3.0, "z": 0.0}, "4": {"x": 0.0, "y": 4.0, "z": 0.0}, "5": {"x": 0.0, "y": 5.0, "z": 0.0}, "6": {"x": 0.0, "y": 6.0, "z": 0.0}, "7": {"x": 0.0, "y": 7.0, "z": 0.0}, "8": {"x": 0.0, "y": 8.0, "z": 0.0}, "9": {"x": 0.0, "y": 9.0, "z": 0.0}, "10": {"x": 0.0, "y": 10.0, "z": 0.0}, "11": {"x": 0.0, "y": 11.0, "z": 0.0}, "12": {"x": 0.0, "y": 12.0, "z": 0.0}, "13": {"x": 0.0, "y": 13.0, "z": 0.0}, "14": {"x": 0.0, "y": 14.0, "z": 0.0}, "15": {"x": 0.0, "y": 15.0, "z": 0.0}, "16": {"x": 1.0, "y": 0.0, "z": 0.0}, "17": {"x": 1.0, "y": 1.0000000000000002, "z": 0.262990635054741}, "18": {"x": 0.9999999999999998, "y": 2.0, "z": 0.31135857744389556}, "19": {"x": 0.9999999999999999, "y": 3.0000000000000004, "z": 0.32347211360631273}, "20": {"x": 0.9999999999999998, "y": 4.0, "z": 0.7735252672022934}, "21": {"x": 1.0000000000000002, "y": 5.000000000000001, "z": 0.9396591083027435}, "22": {"x": 1.0, "y": 6.000000000000002, "z": 0.48752350549572043}, "23": {"x": 0.9999999999999999, "y": 7.000000000000002, "z": 0.8353033338684148}, "24": {"x": 1.0, "y": 8.000000000000002, "z": 1.2793518590529658}, "25": {"x": 0.9999999999999997, "y": 9.000000000000002, "z": 0.613314537352646}, "26": {"x": 1.0000000000000002, "y": 10.0, "z": 1.150170618341456}, "27": {"x": 1.0000000000000002, "y": 11.000000000000005, "z": 0.4264485192183987}, "28": {"x": 0.9999999999999999, "y": 12.0, "z": 0.37392506958493343}, "29": {"x": 1.0, "y": 13.000000000000002, "z": 0.41447049763919425}, "30": {"x": 1.0, "y": 14.0, "z": 0.21739359344235493}, "31": {"x": 1.0, "y": 15.0, "z": 0.0}, "32": {"x": 2.0, "y": 0.0, "z": 0.0}, "33": {"x": 2.0, "y": 1.0000000000000002, "z": 0.25353193966491755}, "34": {"x": 2.0, "y": 2.000000000000001, "z": 0.44735633752512943}, "35": {"x": 2.0, "y": 3.000000000000001, "z": 0.5915048292822642}, "36": {"x": 1.9999999999999996, "y": 4.000000000000002, "z": 0.7528014163475417}, "37": {"x": 2.0, "y": 5.000000000000003, "z": 0.8551196052258903}, "38": {"x": 1.9999999999999998, "y": 6.000000000000003, "z": 0.8996865306034758}, "39": {"x": 1.9999999999999998, "y": 7.0000000000000036, "z": 0.9798728268671988}, "40": {"x": 2.0, "y": 8.000000000000004, "z": 1.0021228983241357}, "41": {"x": 2.0000000000000004, "y": 9.000000000000004, "z": 0.9686584034149058}, "42": {"x": 2.000000000000001, "y": 10.000000000000007, "z": 0.8942527501281129}, "43": {"x": 2.0000000000000004, "y": 11.000000000000005, "z": 0.765058477485317}, "44": {"x": 2.0, "y": 12.000000000000004, "z": 0.6374607173956912}, "45": {"x": 2.0, "y": 13.000000000000007, "z": 0.48193466179045036}, "46": {"x": 2.0, "y": 14.000000000000005, "z": 0.269390313295888}, "47": {"x": 2.0, "y": 15.0, "z": 0.0}, "48": {"x": 3.0, "y": 0.0, "z": 0.0}, "49": {"x": 3.0, "y": 1.0000000000000007, "z": 0.33919305536520195}, "50": {"x": 3.0000000000000004, "y": 2.0000000000000013, "z": 0.6009682171673557}, "51": {"x": 3.000000000000001, "y": 3.000000000000002, "z": 0.7938517540680894}, "52": {"x": 3.000000000000001, "y": 4.000000000000002, "z": 1.0030971742801724}, "53": {"x": 2.9999999999999987, "y": 5.0, "z": 1.1409090420881998}, "54": {"x": 2.999999999999999, "y": 6.000000000000002, "z": 1.2081928263862582}, "55": {"x": 2.999999999999998, "y": 7.000000000000001, "z": 1.3123349690994082}, "56": {"x": 2.999999999999999, "y": 8.000000000000004, "z": 1.34538668653247}, "57": {"x": 2.9999999999999996, "y": 9.000000000000005, "z": 1.3072597146511362}, "58": {"x": 2.999999999999999, "y": 10.000000000000005, "z": 1.2041967572522605}, "59": {"x": 2.9999999999999987, "y": 11.000000000000004, "z": 1.0310142013495054}, "60": {"x": 2.999999999999999, "y": 12.000000000000002, "z": 0.8602404759566343}, "61": {"x": 2.999999999999999, "y": 13.0, "z": 0.6490291993421772}, "62": {"x": 3.0, "y": 14.000000000000002, "z": 0.3643398616876425}, "63": {"x": 3.0, "y": 15.0, "z": 0.0}, "64": {"x": 4.0, "y": 0.0, "z": 0.0}, "65": {"x": 4.0, "y": 1.0000000000000002, "z": 0.4554334253687266}, "66": {"x": 3.9999999999999996, "y": 2.0000000000000004, "z": 0.7513277687820675}, "67": {"x": 4.000000000000001, "y": 3.000000000000001, "z": 0.9374769247021651}, "68": {"x": 3.9999999999999996, "y": 3.9999999999999996, "z": 1.2693290404419526}, "69": {"x": 3.9999999999999987, "y": 4.999999999999999, "z": 1.4333987323065907}, "70": {"x": 3.9999999999999973, "y": 5.999999999999999, "z": 1.4282798985507756}, "71": {"x": 3.999999999999998, "y": 7.0, "z": 1.6534894848257982}, "72": {"x": 3.9999999999999973, "y": 8.0, "z": 1.726774002021171}, "73": {"x": 3.9999999999999982, "y": 9.0, "z": 1.6325877447540267}, "74": {"x": 3.9999999999999973, "y": 9.999999999999998, "z": 1.5120188408571553}, "75": {"x": 3.999999999999997, "y": 10.999999999999998, "z": 1.2243856561073185}, "76": {"x": 3.9999999999999973, "y": 11.999999999999998, "z": 1.0378186457077216}, "77": {"x": 3.999999999999999, "y": 13.000000000000002, "z": 0.8340522587305148}, "78": {"x": 3.999999999999999, "y": 14.000000000000004, "z": 0.4817927379913613}, "79": {"x": 4.0, "y": 15.0, "z": 0.0}, "80": {"x": 5.0, "y": 0.0, "z": 0.0}, "81": {"x": 4.999999999999999, "y": 1.0, "z": 0.576729098325017}, "82": {"x": 5.0, "y": 2.0000000000000004, "z": 0.8482874217780115}, "83": {"x": 5.0, "y": 3.0000000000000004, "z": 0.9892517920576441}, "84": {"x": 5.0, "y": 3.9999999999999996, "z": 1.5974390863406904}, "85": {"x": 4.999999999999997, "y": 4.999999999999997, "z": 1.8306575569655017}, "86": {"x": 4.999999999999995, "y": 5.999999999999995, "z": 1.5052745836024464}, "87": {"x": 4.9999999999999964, "y": 6.999999999999997, "z": 1.9736588774740322}, "88": {"x": 4.999999999999998, "y": 8.0, "z": 2.288497816706006}, "89": {"x": 4.999999999999998, "y": 9.0, "z": 1.810038329926164}, "90": {"x": 4.999999999999997, "y": 10.0, "z": 1.9932670322958081}, "91": {"x": 4.999999999999996, "y": 10.999999999999996, "z": 1.3023678574277437}, "92": {"x": 4.999999999999997, "y": 11.999999999999996, "z": 1.1204257248649172}, "93": {"x": 4.999999999999999, "y": 13.000000000000002, "z": 0.9987491191597699}, "94": {"x": 5.0, "y": 14.000000000000002, "z": 0.5702079909588844}, "95": {"x": 5.0, "y": 15.0, "z": 0.0}, "96": {"x": 6.0, "y": 0.0, "z": 0.0}, "97": {"x": 5.999999999999998, "y": 0.9999999999999998, "z": 0.46954420273434966}, "98": {"x": 6.0, "y": 2.0, "z": 0.7848818240859591}, "99": {"x": 6.0, "y": 3.0000000000000004, "z": 0.9767210787939536}, "100": {"x": 5.999999999999998, "y": 3.999999999999998, "z": 1.2866394591226964}, "101": {"x": 5.999999999999995, "y": 4.999999999999996, "z": 1.4531844922789448}, "102": {"x": 5.999999999999993, "y": 5.999999999999993, "z": 1.4897866338468146}, "103": {"x": 5.999999999999995, "y": 6.9999999999999964, "z": 1.7039342807754059}, "104": {"x": 5.9999999999999964, "y": 8.0, "z": 1.770151816747802}, "105": {"x": 5.999999999999998, "y": 9.000000000000002, "z": 1.721486045433925}, "106": {"x": 5.999999999999999, "y": 10.000000000000002, "z": 1.5561043115432085}, "107": {"x": 5.9999999999999964, "y": 10.999999999999996, "z": 1.2833874073987708}, "108": {"x": 5.999999999999997, "y": 11.999999999999998, "z": 1.0915448952068316}, "109": {"x": 5.999999999999998, "y": 13.0, "z": 0.8701691764925694}, "110": {"x": 6.0, "y": 14.000000000000002, "z": 0.5096649351044907}, "111": {"x": 6.0, "y": 15.0, "z": 0.0}, "112": {"x": 7.0, "y": 0.0, "z": 0.0}, "113": {"x": 6.999999999999997, "y": 0.9999999999999997, "z": 0.6657552717802661}, "114": {"x": 6.999999999999999, "y": 1.9999999999999996, "z": 0.8318613041178972}, "115": {"x": 7.000000000000001, "y": 3.000000000000001, "z": 0.8427718643982476}, "116": {"x": 6.999999999999997, "y": 3.9999999999999973, "z": 1.759639993361574}, "117": {"x": 6.999999999999995, "y": 4.9999999999999964, "z": 2.016378697055687}, "118": {"x": 6.99999999999999,