{"attributes": {"name": "Mesh"}, "dva": {"x": 0.0, "y": 0.0, "z": 0.0}, "dea": {}, "dfa": {}, "vertex": {"0": {"x": 0.0, "y": 0.0, "z": 0.0}, "1": {"x": 0.0, "y": 1.0, "z": 0.0}, "2": {"x": 0.0, "y": 2.0, "z": 0.0}, "3": {"x": 0.0, "y": 3.0, "z": 0.0}, "4": {"x": 0.0, "y": 4.0, "z": 0.0}, "5": {"x": 0.0, "y": 5.0, "z": 0.0}, "6": {"x": 0.0, "y": 6.0, "z": 0.0}, "7": {"x": 0.0, "y": 7.0, "z": 0.0}, "8": {"x": 0.0, "y": 8.0, "z": 0.0}, "9": {"x": 0.0, "y": 9.0, "z": 0.0}, "10": {"x": 0.0, "y": 10.0, "z": 0.0}, "11": {"x": 0.0, "y": 11.0, "z": 0.0}, "12": {"x": 0.0, "y": 12.0, "z": 0.0}, "13": {"x": 0.0, "y": 13.0, "z": 0.0}, "14": {"x": 0.0, "y": 14.0, "z": 0.0}, "15": {"x": 0.0, "y": 15.0, "z": 0.0}, "16": {"x": 1.0, "y": 0.0, "z": 0.0}, "17": {"x": 0.9999999999999994, "y": 0.9999999999999998, "z": 0.4259472081325885}, "18": {"x": 0.9999999999999993, "y": 1.9999999999999996, "z": 0.8747760951296695}, "19": {"x": 0.9999999999999994, "y": 3.000000000000001, "z": 0.5987502628910777}, "20": {"x": 0.9999999999999996, "y": 4.000000000000001, "z": 0.9693710027779078}, "21": {"x": 0.9999999999999994, "y": 4.999999999999999, "z": 1.2425518963018587}, "22": {"x": 0.9999999999999993, "y": 5.999999999999998, "z": 1.0034723694413403}, "23": {"x": 0.9999999999999993, "y": 7.0, "z": 0.7540034497938655}, "24": {"x": 0.9999999999999996, "y": 8.0, "z": 1.4742935503269612}, "25": {"x": 0.9999999999999994, "y": 8.999999999999998, "z": 0.7682177250577685}, "26": {"x": 1.0, "y": 10.000000000000002, "z": 0.9969127419347331}, "27": {"x": 0.9999999999999999, "y": 11.0, "z": 0.9861498197109663}, "28": {"x": 0.9999999999999999, "y": 11.999999999999998, "z": 1.4694116814010898}, "29": {"x": 0.9999999999999999, "y": 13.000000000000004, "z": 0.6128304785967693}, "30": {"x": 0.9999999999999999, "y": 14.000000000000002, "z": 0.8182956577045323}, "31": {"x": 1.0, "y": 15.0, "z": 0.0}, "32": {"x": 2.0, "y": 0.0, "z": 0.0}, "33": {"x": 1.9999999999999993, "y": 0.9999999999999999, "z": 0.6277653874709138}, "34": {"x": 1.999999999999999, "y": 1.9999999999999993, "z": 1.1022815411156743}, "35": {"x": 1.9999999999999991, "y": 2.9999999999999996, "z": 1.070065401213229}, "36": {"x": 1.9999999999999987, "y": 4.0, "z": 1.510537535505184}, "37": {"x": 1.999999999999999, "y": 5.0, "z": 1.7669683771763183}, "38": {"x": 1.9999999999999993, "y": 5.999999999999999, "z": 1.627476556899865}, "39": {"x": 1.9999999999999991, "y": 7.000000000000001, "z": 1.373324466741537}, "40": {"x": 1.9999999999999993, "y": 8.0, "z": 1.7082863597895446}, "41": {"x": 1.9999999999999991, "y": 8.999999999999998, "z": 1.3863755539150031}, "42": {"x": 2.0, "y": 10.0, "z": 1.5892906959418098}, "43": {"x": 1.9999999999999996, "y": 10.999999999999998, "z": 1.5772132080993628}, "44": {"x": 1.9999999999999996, "y": 11.999999999999998, "z": 1.6119997606299574}, "45": {"x": 1.9999999999999996, "y": 13.0, "z": 1.018510232272497}, "46": {"x": 1.9999999999999998, "y": 14.0, "z": 0.815138400481879}, "47": {"x": 2.0, "y": 15.0, "z": 0.0}, "48": {"x": 3.0, "y": 0.0, "z": 0.0}, "49": {"x": 3.0, "y": 1.0, "z": 0.6584444225290681}, "50": {"x": 2.999999999999999, "y": 1.9999999999999998, "z": 1.1165411562757332}, "51": {"x": 2.9999999999999987, "y": 2.999999999999999, "z": 1.3660951640182926}, "52": {"x": 2.999999999999998, "y": 3.999999999999999, "z": 1.7299538188685635}, "53": {"x": 2.9999999999999987, "y": 5.0, "z": 1.9303928517586728}, "54": {"x": 2.9999999999999987, "y": 6.0, "z": 1.9360485176242235}, "55": {"x": 2.999999999999999, "y": 6.999999999999999, "z": 1.8066039059302448}, "56": {"x": 2.9999999999999982, "y": 7.999999999999997, "z": 1.9031032982756537}, "57": {"x": 2.999999999999998, "y": 8.999999999999996, "z": 1.8059512803442348}, "58": {"x": 2.999999999999999, "y": 9.999999999999998, "z": 1.8805526254172773}, "59": {"x": 2.9999999999999996, "y": 10.999999999999996, "z": 1.8115112429679052}, "60": {"x": 2.9999999999999996, "y": 11.999999999999998, "z": 1.6010254967443807}, "61": {"x": 3.0000000000000004, "y": 13.000000000000002, "z": 1.1893490163407787}, "62": {"x": 2.9999999999999996, "y": 13.999999999999998, "z": 0.7021809473084143}, "63": {"x": 3.0, "y": 15.0, "z": 0.0}, "64": {"x": 4.0, "y": 0.0, "z": 0.0}, "65": {"x": 3.999999999999999, "y": 0.9999999999999996, "z": 0.7006402056111364}, "66": {"x": 3.9999999999999982, "y": 1.9999999999999996, "z": 1.215111270566063}, "67": {"x": 3.999999999999998, "y": 2.999999999999999, "z": 1.4980121681243324}, "68": {"x": 3.9999999999999982, "y": 3.999999999999999, "z": 1.886238109027876}, "69": {"x": 3.9999999999999987, "y": 4.999999999999999, "z": 2.1139174835667434}, "70": {"x": 3.9999999999999973, "y": 5.9999999999999964, "z": 2.133868652515259}, "71": {"x": 3.9999999999999982, "y": 6.999999999999998, "z": 2.023961762777541}, "72": {"x": 3.9999999999999987, "y": 7.9999999999999964, "z": 2.1423733139706966}, "73": {"x": 3.999999999999998, "y": 8.999999999999995, "z": 2.014226433909753}, "74": {"x": 3.999999999999998, "y": 9.999999999999995, "z": 2.0625364746672687}, "75": {"x": 3.9999999999999987, "y": 10.999999999999996, "z": 1.960003581107883}, "76": {"x": 3.9999999999999982, "y": 11.999999999999995, "z": 1.7400548447132222}, "77": {"x": 3.9999999999999996, "y": 13.0, "z": 1.270755332305504}, "78": {"x": 4.0, "y": 14.0, "z": 0.7609803087339675}, "79": {"x": 4.0, "y": 15.0, "z": 0.0}, "80": {"x": 5.0, "y": 0.0, "z": 0.0}, "81": {"x": 4.999999999999999, "y": 0.9999999999999994, "z": 0.6757547170178247}, "82": {"x": 4.999999999999997, "y": 1.9999999999999984, "z": 1.1966930539563612}, "83": {"x": 4.9999999999999964, "y": 2.9999999999999987, "z": 1.4868554376103944}, "84": {"x": 4.999999999999999, "y": 3.9999999999999996, "z": 1.8656555653505382}, "85": {"x": 4.999999999999998, "y": 4.999999999999999, "z": 2.1009805784537656}, "86": {"x": 4.999999999999997, "y": 5.999999999999998, "z": 2.1362479188628205}, "87": {"x": 4.999999999999999, "y": 6.999999999999999, "z": 2.057991801996119}, "88": {"x": 4.999999999999998, "y": 7.999999999999997, "z": 2.180560975540074}, "89": {"x": 4.999999999999998, "y": 8.999999999999995, "z": 2.037866759356469}, "90": {"x": 5.0, "y": 9.999999999999996, "z": 2.0514807700009836}, "91": {"x": 4.999999999999998, "y": 10.999999999999996, "z": 1.9219323894586215}, "92": {"x": 4.999999999999998, "y": 11.999999999999995, "z": 1.7059252861459742}, "93": {"x": 4.999999999999999, "y": 12.999999999999998, "z": 1.2264998952130914}, "94": {"x": 4.999999999999999, "y": 13.999999999999998, "z": 0.7424727626383414}, "95": {"x": 5.0, "y": 15.0, "z": 0.0}, "96": {"x": 6.0, "y": 0.0, "z": 0.0}, "97": {"x": 6.0, "y": 0.9999999999999997, "z": 0.5447592912617575}, "98": {"x": 5.9999999999999964, "y": 1.9999999999999982, "z": 0.9817138083112831}, "99": {"x": 5.9999999999999964, "y": 2.9999999999999982, "z": 1.3424523085025466}, "100": {"x": 5.999999999999999, "y": 4.0, "z": 1.6158412491841294}, "101": {"x": 6.0, "y": 5.0, "z": 1.799327802534416}, "102": {"x": 6.000000000000001, "y": 6.000000000000002, "z": 1.9036335350411167}, "103": {"x": 6.000000000000002, "y": 7.000000000000002, "z": 1.926314645645714}, "104": {"x": 6.000000000000002, "y": 8.0, "z": 1.9394524779908142}, "105": {"x": 6.0, "y": 8.999999999999996, "z": 1.8917803886315299}, "106": {"x": 6.000000000000001, "y": 9.999999999999998, "z": 1.8107242076705683}, "107": {"x": 5.999999999999999, "y": 10.999999999999998, "z": 1.6477939275925984}, "108": {"x": 6.0, "y": 12.0, "z": 1.375893649494183}, "109": {"x": 6.0, "y": 13.000000000000002, "z": 1.0363971807934647}, "110": {"x": 6.0, "y": 14.000000000000004, "z": 0.5536372184955438}, "111": {"x": 6.0, "y": 15.0, "z": 0.0}, "112": {"x": 7.0, "y": 0.0, "z": 0.0}, "113": {"x": 7.0, "y": 0.9999999999999998, "z": 0.6047932777636879}, "114": {"x": 6.999999999999997, "y": 1.9999999999999993, "z": 1.04649126560401}, "115": {"x": 6.999999999999998, "y": 2.999999999999999, "z": 1.2500266051938786}, "116": {"x": 7.000000000000001, "y": 4.000000000000001, "z": 1.610834124779881},