{"attributes": {"name": "Mesh"}, "dva": {"x": 0.0, "y": 0.0, "z": 0.0}, "dea": {}, "dfa": {}, "vertex": {"0": {"x": 0.0, "y": 0.0, "z": 0.0}, "1": {"x": 0.0, "y": 1.0, "z": 0.0}, "2": {"x": 0.0, "y": 2.0, "z": 0.0}, "3": {"x": 0.0, "y": 3.0, "z": 0.0}, "4": {"x": 0.0, "y": 4.0, "z": 0.0}, "5": {"x": 0.0, "y": 5.0, "z": 0.0}, "6": {"x": 0.0, "y": 6.0, "z": 0.0}, "7": {"x": 0.0, "y": 7.0, "z": 0.0}, "8": {"x": 0.0, "y": 8.0, "z": 0.0}, "9": {"x": 0.0, "y": 9.0, "z": 0.0}, "10": {"x": 0.0, "y": 10.0, "z": 0.0}, "11": {"x": 0.0, "y": 11.0, "z": 0.0}, "12": {"x": 0.0, "y": 12.0, "z": 0.0}, "13": {"x": 0.0, "y": 13.0, "z": 0.0}, "14": {"x": 0.0, "y": 14.0, "z": 0.0}, "15": {"x": 0.0, "y": 15.0, "z": 0.0}, "16": {"x": 1.0, "y": 0.0, "z": 0.0}, "17": {"x": 0.9999999999999996, "y": 0.9999999999999992, "z": 0.10945304499887172}, "18": {"x": 0.9999999999999992, "y": 1.9999999999999984, "z": 0.19076648036550578}, "19": {"x": 0.999999999999999, "y": 2.9999999999999982, "z": 0.23404676547079367}, "20": {"x": 0.999999999999999, "y": 3.9999999999999987, "z": 0.2483041664424121}, "21": {"x": 0.9999999999999994, "y": 5.0, "z": 0.24154224596735527}, "22": {"x": 0.9999999999999996, "y": 6.0, "z": 0.30449365505164927}, "23": {"x": 0.9999999999999998, "y": 7.000000000000002, "z": 0.36001254165348284}, "24": {"x": 1.0, "y": 8.000000000000002, "z": 0.388681437556979}, "25": {"x": 1.0, "y": 9.000000000000002, "z": 0.3924987968298456}, "26": {"x": 1.0000000000000002, "y": 10.000000000000002, "z": 0.36598730162170406}, "27": {"x": 1.0000000000000007, "y": 11.000000000000004, "z": 0.3179969904552548}, "28": {"x": 1.0000000000000009, "y": 12.000000000000005, "z": 0.27442582900836293}, "29": {"x": 1.0000000000000009, "y": 13.000000000000004, "z": 0.20977198775262865}, "30": {"x": 1.0000000000000002, "y": 14.000000000000002, "z": 0.11923340874343563}, "31": {"x": 1.0, "y": 15.0, "z": 0.0}, "32": {"x": 2.0, "y": 0.0, "z": 0.0}, "33": {"x": 1.9999999999999996, "y": 0.9999999999999993, "z": 0.4591921466044161}, "34": {"x": 1.9999999999999993, "y": 1.9999999999999991, "z": 0.5739445121636706}, "35": {"x": 1.9999999999999987, "y": 2.9999999999999982, "z": 0.6644278330477222}, "36": {"x": 1.9999999999999978, "y": 3.999999999999998, "z": 0.5091756536519473}, "37": {"x": 1.999999999999999, "y": 5.000000000000001, "z": 0.38793773058410397}, "38": {"x": 1.9999999999999987, "y": 5.999999999999997, "z": 0.5738424571204664}, "39": {"x": 1.9999999999999998, "y": 6.999999999999999, "z": 0.9707114783650832}, "40": {"x": 2.0000000000000004, "y": 8.0, "z": 1.0979154355823728}, "41": {"x": 2.000000000000001, "y": 9.000000000000002, "z": 0.8527416739504813}, "42": {"x": 2.0000000000000018, "y": 10.000000000000005, "z": 0.9665948348665363}, "43": {"x": 2.000000000000003, "y": 11.000000000000004, "z": 0.5918358139008824}, "44": {"x": 2.0000000000000027, "y": 12.000000000000002, "z": 0.9602562434410397}, "45": {"x": 2.0000000000000013, "y": 13.000000000000002, "z": 0.7903789906180277}, "46": {"x": 2.0000000000000004, "y": 14.0, "z": 0.2570372866884903}, "47": {"x": 2.0, "y": 15.0, "z": 0.0}, "48": {"x": 3.0, "y": 0.0, "z": 0.0}, "49": {"x": 2.999999999999999, "y": 0.9999999999999993, "z": 0.5941133244622905}, "50": {"x": 2.9999999999999987, "y": 1.9999999999999993, "z": 0.7858165114307781}, "51": {"x": 2.999999999999998, "y": 2.9999999999999982, "z": 0.8843433174312307}, "52": {"x": 2.9999999999999964, "y": 3.9999999999999973, "z": 0.6824620254871577}, "53": {"x": 2.9999999999999987, "y": 4.999999999999999, "z": 0.5054796058298638}, "54": {"x": 2.9999999999999987, "y": 5.999999999999997, "z": 0.7651796181781798}, "55": {"x": 3.0000000000000004, "y": 7.0, "z": 1.263809132965212}, "56": {"x": 3.000000000000001, "y": 8.0, "z": 1.4147641698511202}, "57": {"x": 3.000000000000002, "y": 9.000000000000004, "z": 1.155185537345792}, "58": {"x": 3.0000000000000044, "y": 10.000000000000009, "z": 1.2110933985414531}, "59": {"x": 3.0000000000000053, "y": 11.00000000000001, "z": 0.7904828444306444}, "60": {"x": 3.0000000000000036, "y": 12.000000000000004, "z": 1.1326107206597278}, "61": {"x": 3.000000000000002, "y": 13.0, "z": 0.9667163727365716}, "62": {"x": 3.000000000000001, "y": 14.0, "z": 0.3488425751746321}, "63": {"x": 3.0, "y": 15.0, "z": 0.0}, "64": {"x": 4.0, "y": 0.0, "z": 0.0}, "65": {"x": 3.9999999999999987, "y": 0.9999999999999994, "z": 0.6199318391205565}, "66": {"x": 3.9999999999999973, "y": 1.9999999999999984, "z": 0.8509695265761192}, "67": {"x": 3.999999999999997, "y": 2.9999999999999987, "z": 0.9586805296967347}, "68": {"x": 3.9999999999999956, "y": 3.999999999999997, "z": 0.7685246151942257}, "69": {"x": 3.999999999999998, "y": 4.999999999999999, "z": 0.5870949712482555}, "70": {"x": 3.999999999999999, "y": 5.999999999999999, "z": 0.8707097974834432}, "71": {"x": 4.000000000000002, "y": 7.000000000000003, "z": 1.3712479321331303}, "72": {"x": 4.000000000000002, "y": 8.000000000000002, "z": 1.526946797549706}, "73": {"x": 4.000000000000004, "y": 9.000000000000007, "z": 1.294394818619118}, "74": {"x": 4.000000000000005, "y": 10.00000000000001, "z": 1.31355466714921}, "75": {"x": 4.000000000000007, "y": 11.000000000000014, "z": 0.9027250907155249}, "76": {"x": 4.0000000000000036, "y": 12.000000000000007, "z": 1.1784096519729472}, "77": {"x": 4.000000000000003, "y": 13.000000000000004, "z": 1.0074639486975323}, "78": {"x": 4.000000000000002, "y": 14.000000000000004, "z": 0.3917231956290276}, "79": {"x": 4.0, "y": 15.0, "z": 0.0}, "80": {"x": 5.0, "y": 0.0, "z": 0.0}, "81": {"x": 4.999999999999997, "y": 0.999999999999999, "z": 0.6550157529435368}, "82": {"x": 4.9999999999999964, "y": 1.9999999999999976, "z": 0.7958972166333244}, "83": {"x": 4.999999999999996, "y": 2.9999999999999982, "z": 0.9603179615491393}, "84": {"x": 4.999999999999996, "y": 3.9999999999999973, "z": 0.7693449998837177}, "85": {"x": 4.999999999999998, "y": 4.999999999999999, "z": 0.6248438332745377}, "86": {"x": 5.0, "y": 5.999999999999999, "z": 0.8832370917760812}, "87": {"x": 5.000000000000001, "y": 7.000000000000002, "z": 1.42812837489407}, "88": {"x": 5.000000000000001, "y": 8.000000000000002, "z": 1.6561591731694496}, "89": {"x": 5.000000000000005, "y": 9.00000000000001, "z": 1.2632714283966193}, "90": {"x": 5.000000000000005, "y": 10.000000000000009, "z": 1.5876455897968538}, "91": {"x": 5.000000000000007, "y": 11.000000000000014, "z": 0.9153371285936792}, "92": {"x": 5.000000000000004, "y": 12.000000000000009, "z": 1.6839537683493593}, "93": {"x": 5.000000000000003, "y": 13.000000000000002, "z": 1.1971777519534814}, "94": {"x": 5.000000000000002, "y": 14.000000000000004, "z": 0.38296004085484964}, "95": {"x": 5.0, "y": 15.0, "z": 0.0}, "96": {"x": 6.0, "y": 0.0, "z": 0.0}, "97": {"x": 5.9999999999999964, "y": 0.9999999999999988, "z": 0.33134427053103094}, "98": {"x": 5.999999999999996, "y": 1.9999999999999973, "z": 0.5614778434976837}, "99": {"x": 5.999999999999995, "y": 2.999999999999996, "z": 0.6730462733908645}, "100": {"x": 5.999999999999995, "y": 3.999999999999997, "z": 0.6853798076443687}, "101": {"x": 5.999999999999999, "y": 4.999999999999999, "z": 0.6398552057320985}, "102": {"x": 5.999999999999998, "y": 5.999999999999998, "z": 0.8301385040402048}, "103": {"x": 5.999999999999999, "y": 7.000000000000001, "z": 1.0150475812901982}, "104": {"x": 6.000000000000002, "y": 8.000000000000004, "z": 1.103455507583042}, "105": {"x": 6.000000000000004, "y": 9.000000000000009, "z": 1.1019969392187465}, "106": {"x": 6.000000000000007, "y": 10.000000000000014, "z": 1.0267444904128693}, "107": {"x": 6.000000000000007, "y": 11.000000000000016, "z": 0.8731812762368266}, "108": {"x": 6.000000000000005, "y": 12.000000000000012, "z": 0.7782238742106629}, "109": {"x": 6.000000000000002, "y": 13.000000000000005, "z": 0.6071498978881266}, "110": {"x": 6.000000000000001, "y": 14.0, "z": 0.33641732099639776}, "111": {"x": 6.0, "y": 15.0, "z": 0.0}, "112": {"x": 7.0, "y": 0.0, "z": 0.0}, "113": {"x": 7.0, "y": 0.9999999999999996,