{"attributes": {"name": "Mesh"}, "dva": {"x": 0.0, "y": 0.0, "z": 0.0}, "dea": {}, "dfa": {}, "vertex": {"0": {"x": 0.0, "y": 0.0, "z": 0.0}, "1": {"x": 0.0, "y": 1.0, "z": 0.0}, "2": {"x": 0.0, "y": 2.0, "z": 0.0}, "3": {"x": 0.0, "y": 3.0, "z": 0.0}, "4": {"x": 0.0, "y": 4.0, "z": 0.0}, "5": {"x": 0.0, "y": 5.0, "z": 0.0}, "6": {"x": 0.0, "y": 6.0, "z": 0.0}, "7": {"x": 0.0, "y": 7.0, "z": 0.0}, "8": {"x": 0.0, "y": 8.0, "z": 0.0}, "9": {"x": 0.0, "y": 9.0, "z": 0.0}, "10": {"x": 0.0, "y": 10.0, "z": 0.0}, "11": {"x": 0.0, "y": 11.0, "z": 0.0}, "12": {"x": 0.0, "y": 12.0, "z": 0.0}, "13": {"x": 0.0, "y": 13.0, "z": 0.0}, "14": {"x": 0.0, "y": 14.0, "z": 0.0}, "15": {"x": 0.0, "y": 15.0, "z": 0.0}, "16": {"x": 1.0, "y": 0.0, "z": 0.0}, "17": {"x": 1.0, "y": 1.0000000000000002, "z": 0.27638601231281534}, "18": {"x": 1.0000000000000002, "y": 2.0000000000000004, "z": 0.4229439466947358}, "19": {"x": 1.0000000000000004, "y": 3.0000000000000004, "z": 0.9195151747669968}, "20": {"x": 1.0000000000000004, "y": 4.000000000000001, "z": 0.8334564588958512}, "21": {"x": 1.0000000000000002, "y": 4.999999999999999, "z": 0.6593583996001351}, "22": {"x": 1.0000000000000002, "y": 6.0, "z": 0.6658865083344975}, "23": {"x": 1.0000000000000002, "y": 7.000000000000001, "z": 0.6862134187784037}, "24": {"x": 1.0000000000000004, "y": 8.0, "z": 0.5455203094450175}, "25": {"x": 1.0000000000000002, "y": 9.0, "z": 0.436145350994701}, "26": {"x": 1.0000000000000002, "y": 10.0, "z": 0.39110093506669513}, "27": {"x": 1.0000000000000004, "y": 11.000000000000002, "z": 0.6581247557911809}, "28": {"x": 1.0000000000000009, "y": 12.000000000000005, "z": 0.5969882902197117}, "29": {"x": 1.0000000000000007, "y": 13.000000000000005, "z": 0.31489675379577486}, "30": {"x": 1.0000000000000002, "y": 14.0, "z": 0.19192603048804902}, "31": {"x": 1.0, "y": 15.0, "z": 0.0}, "32": {"x": 2.0, "y": 0.0, "z": 0.0}, "33": {"x": 2.0, "y": 1.0000000000000002, "z": 0.3901161365632034}, "34": {"x": 2.0, "y": 2.0000000000000004, "z": 0.684291956531311}, "35": {"x": 2.000000000000001, "y": 3.000000000000001, "z": 0.9202535146975469}, "36": {"x": 2.000000000000001, "y": 4.000000000000002, "z": 1.0662757586934632}, "37": {"x": 2.000000000000001, "y": 5.000000000000002, "z": 1.104813787816477}, "38": {"x": 2.0000000000000004, "y": 6.000000000000001, "z": 1.1061010940193872}, "39": {"x": 2.0000000000000004, "y": 7.000000000000003, "z": 1.0604830365089806}, "40": {"x": 2.000000000000001, "y": 8.000000000000002, "z": 0.937672778928042}, "41": {"x": 2.0000000000000004, "y": 9.0, "z": 0.7928557493718019}, "42": {"x": 2.0, "y": 10.0, "z": 0.7154820298255359}, "43": {"x": 2.000000000000001, "y": 11.000000000000004, "z": 0.7555209089894283}, "44": {"x": 2.0000000000000018, "y": 12.000000000000004, "z": 0.693026216912107}, "45": {"x": 2.0000000000000013, "y": 13.000000000000005, "z": 0.5213787108324013}, "46": {"x": 2.0000000000000004, "y": 14.0, "z": 0.29903134562693606}, "47": {"x": 2.0, "y": 15.0, "z": 0.0}, "48": {"x": 3.0, "y": 0.0, "z": 0.0}, "49": {"x": 2.999999999999999, "y": 1.0, "z": 0.5600737415819331}, "50": {"x": 3.0, "y": 2.0000000000000004, "z": 0.920815912376613}, "51": {"x": 2.9999999999999996, "y": 3.0000000000000013, "z": 1.4921404980929303}, "52": {"x": 3.0000000000000004, "y": 4.000000000000002, "z": 1.5997863256805278}, "53": {"x": 3.0000000000000004, "y": 5.000000000000001, "z": 1.461893133263289}, "54": {"x": 2.999999999999999, "y": 5.999999999999999, "z": 1.4648095486220054}, "55": {"x": 3.0000000000000004, "y": 7.000000000000002, "z": 1.4507887307927694}, "56": {"x": 3.0000000000000004, "y": 8.000000000000004, "z": 1.2256906442135207}, "57": {"x": 3.000000000000001, "y": 9.000000000000004, "z": 1.008048763664855}, "58": {"x": 3.0, "y": 10.0, "z": 0.9122053427282217}, "59": {"x": 3.0, "y": 11.000000000000002, "z": 1.1944310281933488}, "60": {"x": 3.0000000000000013, "y": 12.000000000000005, "z": 1.104772802959294}, "61": {"x": 3.0000000000000013, "y": 13.000000000000004, "z": 0.6988444010366369}, "62": {"x": 3.0000000000000004, "y": 14.000000000000004, "z": 0.4093765445074191}, "63": {"x": 3.0, "y": 15.0, "z": 0.0}, "64": {"x": 4.0, "y": 0.0, "z": 0.0}, "65": {"x": 3.999999999999999, "y": 1.0, "z": 0.6107450028342057}, "66": {"x": 3.9999999999999996, "y": 2.0000000000000004, "z": 0.9956190533838779}, "67": {"x": 3.9999999999999996, "y": 3.0000000000000004, "z": 1.7157546054652475}, "68": {"x": 4.0, "y": 4.000000000000001, "z": 1.77355400100697}, "69": {"x": 3.9999999999999996, "y": 5.0, "z": 1.5942581650070042}, "70": {"x": 3.9999999999999987, "y": 5.999999999999998, "z": 1.608352961497383}, "71": {"x": 3.9999999999999996, "y": 6.999999999999999, "z": 1.6109115218027574}, "72": {"x": 4.000000000000001, "y": 8.000000000000002, "z": 1.3634891930090225}, "73": {"x": 4.000000000000001, "y": 9.000000000000002, "z": 1.13225125115994}, "74": {"x": 4.0, "y": 10.000000000000002, "z": 1.0245395408406215}, "75": {"x": 4.000000000000001, "y": 11.000000000000002, "z": 1.3642587763403513}, "76": {"x": 4.000000000000002, "y": 12.000000000000002, "z": 1.2451904432005667}, "77": {"x": 4.000000000000002, "y": 13.000000000000002, "z": 0.7642766638741874}, "78": {"x": 4.000000000000001, "y": 14.000000000000005, "z": 0.44844163211977595}, "79": {"x": 4.0, "y": 15.0, "z": 0.0}, "80": {"x": 5.0, "y": 0.0, "z": 0.0}, "81": {"x": 4.999999999999998, "y": 0.9999999999999998, "z": 0.5193409919569737}, "82": {"x": 4.999999999999997, "y": 2.0, "z": 0.9107504043362836}, "83": {"x": 4.999999999999997, "y": 2.999999999999999, "z": 1.2597105157898356}, "84": {"x": 4.999999999999997, "y": 3.999999999999999, "z": 1.4584764333230105}, "85": {"x": 4.999999999999999, "y": 4.999999999999999, "z": 1.5101672924748728}, "86": {"x": 4.999999999999999, "y": 5.999999999999998, "z": 1.53255821119679}, "87": {"x": 5.000000000000001, "y": 7.0, "z": 1.4972165986171255}, "88": {"x": 5.000000000000002, "y": 8.000000000000002, "z": 1.3504421958322677}, "89": {"x": 5.000000000000001, "y": 9.000000000000002, "z": 1.1720858119534712}, "90": {"x": 5.0, "y": 10.0, "z": 1.0626337481359134}, "91": {"x": 5.0, "y": 11.000000000000002, "z": 1.1039852042379785}, "92": {"x": 5.0, "y": 11.999999999999998, "z": 0.9903255014151181}, "93": {"x": 5.0, "y": 13.0, "z": 0.7206777919054422}, "94": {"x": 5.000000000000001, "y": 14.0, "z": 0.40927062091935423}, "95": {"x": 5.0, "y": 15.0, "z": 0.0}, "96": {"x": 6.0, "y": 0.0, "z": 0.0}, "97": {"x": 5.9999999999999964, "y": 0.9999999999999994, "z": 0.41108222003038053}, "98": {"x": 5.999999999999995, "y": 1.9999999999999991, "z": 0.7450065401114164}, "99": {"x": 5.999999999999996, "y": 2.9999999999999987, "z": 0.9906894439349313}, "100": {"x": 5.999999999999996, "y": 3.999999999999998, "z": 1.175338726283618}, "101": {"x": 5.999999999999997, "y": 5.0, "z": 1.2854119000428943}, "102": {"x": 6.000000000000001, "y": 6.000000000000002, "z": 1.3259510799014793}, "103": {"x": 6.000000000000003, "y": 7.000000000000002, "z": 1.3050297250360674}, "104": {"x": 6.0, "y": 8.0, "z": 1.2225835861065213}, "105": {"x": 6.000000000000001, "y": 9.0, "z": 1.101480129751718}, "106": {"x": 5.999999999999999, "y": 10.0, "z": 0.9982847416323256}, "107": {"x": 5.999999999999998, "y": 10.999999999999996, "z": 0.93656008310458}, "108": {"x": 5.999999999999999, "y": 11.999999999999996, "z": 0.809736924725376}, "109": {"x": 6.000000000000002, "y": 13.0, "z": 0.6124845441223928}, "110": {"x": 6.000000000000002, "y": 14.0, "z": 0.34226301944532544}, "111": {"x": 6.0, "y": 15.0, "z": 0.0}, "112": {"x": 7.0, "y": 0.0, "z": 0.0}, "113": {"x": 6.999999999999999, "y": 1.0, "z": 0.3823999074503039}, "114": {"x": 6.999999999999997, "y": 1.9999999999999996, "z": 0.6513132293627175}, "115": {"x": 6.999999999999998, "y": 2.9999999999999996, "z": 1.0456491576799527}, "116": {"x": 6.999999999999997, "y": 3.999999999999999, "z": 1.1390916827978435}, "117": {"x": 6.999999999999999, "y": 4.999999999999999, "z": 1.11002310990873}, "118": {"x": 7.000000000000003,