{"attributes": {"name": "Mesh"}, "dva": {"x": 0.0, "y": 0.0, "z": 0.0}, "dea": {}, "dfa": {}, "vertex": {"0": {"x": 0.0, "y": 0.0, "z": 0.0}, "1": {"x": 0.0, "y": 1.0, "z": 0.0}, "2": {"x": 0.0, "y": 2.0, "z": 0.0}, "3": {"x": 0.0, "y": 3.0, "z": 0.0}, "4": {"x": 0.0, "y": 4.0, "z": 0.0}, "5": {"x": 0.0, "y": 5.0, "z": 0.0}, "6": {"x": 0.0, "y": 6.0, "z": 0.0}, "7": {"x": 0.0, "y": 7.0, "z": 0.0}, "8": {"x": 0.0, "y": 8.0, "z": 0.0}, "9": {"x": 0.0, "y": 9.0, "z": 0.0}, "10": {"x": 0.0, "y": 10.0, "z": 0.0}, "11": {"x": 0.0, "y": 11.0, "z": 0.0}, "12": {"x": 0.0, "y": 12.0, "z": 0.0}, "13": {"x": 0.0, "y": 13.0, "z": 0.0}, "14": {"x": 0.0, "y": 14.0, "z": 0.0}, "15": {"x": 0.0, "y": 15.0, "z": 0.0}, "16": {"x": 1.0, "y": 0.0, "z": 0.0}, "17": {"x": 0.9999999999999998, "y": 1.0, "z": 0.36043432086714394}, "18": {"x": 0.9999999999999997, "y": 2.0, "z": 0.6237276365513823}, "19": {"x": 0.9999999999999997, "y": 3.0000000000000004, "z": 0.8174134467599632}, "20": {"x": 0.9999999999999998, "y": 4.000000000000001, "z": 0.9400037339825711}, "21": {"x": 0.9999999999999999, "y": 5.000000000000001, "z": 1.0632758336821588}, "22": {"x": 0.9999999999999996, "y": 5.999999999999999, "z": 1.135828332273043}, "23": {"x": 0.9999999999999997, "y": 7.0, "z": 1.1219511993488076}, "24": {"x": 0.9999999999999999, "y": 8.0, "z": 1.050935724455881}, "25": {"x": 1.0000000000000002, "y": 9.000000000000004, "z": 1.050703513315416}, "26": {"x": 1.0000000000000004, "y": 10.000000000000004, "z": 0.9534092094200997}, "27": {"x": 1.0000000000000002, "y": 11.0, "z": 0.7833239171317086}, "28": {"x": 0.9999999999999997, "y": 11.999999999999996, "z": 0.6099488337210526}, "29": {"x": 0.9999999999999999, "y": 13.0, "z": 0.4058011155571782}, "30": {"x": 1.0000000000000002, "y": 14.000000000000005, "z": 0.2549287157067329}, "31": {"x": 1.0, "y": 15.0, "z": 0.0}, "32": {"x": 2.0, "y": 0.0, "z": 0.0}, "33": {"x": 2.0, "y": 1.0000000000000004, "z": 0.6414881293696124}, "34": {"x": 1.9999999999999996, "y": 2.0000000000000004, "z": 1.1151011259920185}, "35": {"x": 1.9999999999999993, "y": 3.0000000000000004, "z": 1.4569711751164562}, "36": {"x": 1.9999999999999996, "y": 4.000000000000001, "z": 1.6735680849965915}, "37": {"x": 1.9999999999999996, "y": 4.999999999999999, "z": 1.893438894206136}, "38": {"x": 1.9999999999999996, "y": 5.9999999999999964, "z": 2.018693725151748}, "39": {"x": 1.9999999999999998, "y": 6.999999999999998, "z": 1.9962607752077401}, "40": {"x": 2.0000000000000004, "y": 8.000000000000002, "z": 1.8683846983602785}, "41": {"x": 2.0000000000000004, "y": 9.0, "z": 1.8612926788354207}, "42": {"x": 2.0000000000000004, "y": 10.0, "z": 1.6950954296302503}, "43": {"x": 2.0, "y": 10.999999999999998, "z": 1.3943530416894139}, "44": {"x": 1.9999999999999998, "y": 11.999999999999998, "z": 1.0843726104538058}, "45": {"x": 1.9999999999999996, "y": 12.999999999999998, "z": 0.7207261032847563}, "46": {"x": 1.9999999999999993, "y": 13.999999999999996, "z": 0.44459866115398955}, "47": {"x": 2.0, "y": 15.0, "z": 0.0}, "48": {"x": 3.0, "y": 0.0, "z": 0.0}, "49": {"x": 2.9999999999999982, "y": 0.9999999999999994, "z": 0.9289870903016246}, "50": {"x": 2.999999999999998, "y": 1.9999999999999991, "z": 1.5266489716184855}, "51": {"x": 2.9999999999999982, "y": 3.0, "z": 1.9640696157213835}, "52": {"x": 2.999999999999999, "y": 4.000000000000001, "z": 2.1979748163231325}, "53": {"x": 2.9999999999999996, "y": 5.000000000000001, "z": 2.5314667856561566}, "54": {"x": 3.0000000000000004, "y": 6.000000000000001, "z": 2.749728031814078}, "55": {"x": 3.000000000000001, "y": 7.000000000000002, "z": 2.6746550238243945}, "56": {"x": 3.000000000000002, "y": 8.000000000000005, "z": 2.443769904694765}, "57": {"x": 3.000000000000001, "y": 8.999999999999998, "z": 2.550898852573761}, "58": {"x": 2.999999999999999, "y": 9.999999999999995, "z": 2.308295538116396}, "59": {"x": 2.9999999999999996, "y": 10.999999999999995, "z": 1.8374583013170975}, "60": {"x": 3.0, "y": 12.0, "z": 1.4296528549200163}, "61": {"x": 2.999999999999999, "y": 12.999999999999998, "z": 0.9432199158468981}, "62": {"x": 2.9999999999999987, "y": 13.999999999999996, "z": 0.6631414443061469}, "63": {"x": 3.0, "y": 15.0, "z": 0.0}, "64": {"x": 4.0, "y": 0.0, "z": 0.0}, "65": {"x": 3.9999999999999973, "y": 0.9999999999999992, "z": 1.1006893166425316}, "66": {"x": 3.999999999999996, "y": 1.9999999999999984, "z": 1.7174856735065342}, "67": {"x": 3.999999999999997, "y": 2.9999999999999996, "z": 2.2227563438945883}, "68": {"x": 3.9999999999999973, "y": 3.9999999999999987, "z": 2.4636296978200125}, "69": {"x": 3.999999999999999, "y": 5.000000000000001, "z": 2.8594860763660184}, "70": {"x": 4.000000000000001, "y": 6.000000000000004, "z": 3.1740988946596964}, "71": {"x": 4.000000000000002, "y": 7.000000000000005, "z": 3.037852894703643}, "72": {"x": 4.000000000000003, "y": 8.000000000000007, "z": 2.754272735464668}, "73": {"x": 4.000000000000002, "y": 9.000000000000004, "z": 3.0219641959999684}, "74": {"x": 4.000000000000001, "y": 10.000000000000002, "z": 2.654238344034265}, "75": {"x": 4.000000000000001, "y": 10.999999999999998, "z": 2.0733709476459694}, "76": {"x": 4.0, "y": 12.0, "z": 1.623770655248054}, "77": {"x": 4.0, "y": 13.000000000000002, "z": 1.072278547968285}, "78": {"x": 4.000000000000001, "y": 14.000000000000004, "z": 0.8964583701494094}, "79": {"x": 4.0, "y": 15.0, "z": 0.0}, "80": {"x": 5.0, "y": 0.0, "z": 0.0}, "81": {"x": 4.999999999999997, "y": 0.9999999999999988, "z": 0.8673956138730778}, "82": {"x": 4.999999999999995, "y": 1.9999999999999978, "z": 1.575166717217609}, "83": {"x": 4.999999999999996, "y": 2.9999999999999987, "z": 2.106748128612036}, "84": {"x": 4.9999999999999964, "y": 3.9999999999999987, "z": 2.488391060814709}, "85": {"x": 4.999999999999998, "y": 5.0, "z": 2.783682702757598}, "86": {"x": 4.999999999999999, "y": 6.000000000000003, "z": 2.9414246515465754}, "87": {"x": 5.0, "y": 7.000000000000004, "z": 2.9561179278193084}, "88": {"x": 5.000000000000002, "y": 8.000000000000005, "z": 2.837381801708809}, "89": {"x": 5.000000000000002, "y": 9.000000000000004, "z": 2.7326148102625236}, "90": {"x": 5.0, "y": 10.000000000000002, "z": 2.4933706416024104}, "91": {"x": 5.0, "y": 11.0, "z": 2.1052523953989866}, "92": {"x": 5.0, "y": 12.0, "z": 1.649246225431727}, "93": {"x": 5.0, "y": 13.000000000000002, "z": 1.1151171242930957}, "94": {"x": 5.0, "y": 14.000000000000002, "z": 0.625023206317606}, "95": {"x": 5.0, "y": 15.0, "z": 0.0}, "96": {"x": 6.0, "y": 0.0, "z": 0.0}, "97": {"x": 5.999999999999997, "y": 0.9999999999999988, "z": 0.9157927660907472}, "98": {"x": 5.999999999999994, "y": 1.999999999999998, "z": 1.6056344118194898}, "99": {"x": 5.999999999999994, "y": 2.999999999999998, "z": 2.1171358884398686}, "100": {"x": 5.999999999999994, "y": 3.999999999999997, "z": 2.4541571714285255}, "101": {"x": 5.999999999999995, "y": 4.9999999999999964, "z": 2.7677837596024095}, "102": {"x": 5.999999999999996, "y": 5.999999999999999, "z": 2.948952472778803}, "103": {"x": 5.999999999999998, "y": 7.000000000000001, "z": 2.9281389980878636}, "104": {"x": 6.000000000000001, "y": 8.000000000000004, "z": 2.763965203254033}, "105": {"x": 5.999999999999998, "y": 9.0, "z": 2.735096656562633}, "106": {"x": 6.0, "y": 10.000000000000002, "z": 2.4846436989920946}, "107": {"x": 6.000000000000001, "y": 11.000000000000004, "z": 2.0589250202278535}, "108": {"x": 6.000000000000001, "y": 11.999999999999998, "z": 1.6070102112656508}, "109": {"x": 6.0, "y": 13.0, "z": 1.0753320484302749}, "110": {"x": 5.999999999999999, "y": 13.999999999999995, "z": 0.6553657193456848}, "111": {"x": 6.0, "y": 15.0, "z": 0.0}, "112": {"x": 7.0, "y": 0.0, "z": 0.0}, "113": {"x": 7.0, "y": 0.9999999999999991, "z": 0.9037884707468773}, "114": {"x": 6.9999999999999964, "y": 1.9999999999999982, "z": 1.5353985626392783}, "115": {"x": 6.999999999999995, "y": 2.9999999999999973, "z": 1.9780467409241544}, "116": {"x": 6.999999999999994, "y": 3.9999999999999964, "z": 2.234590587911254},