{"attributes": {"name": "Mesh"}, "dva": {"x": 0.0, "y": 0.0, "z": 0.0}, "dea": {}, "dfa": {}, "vertex": {"0": {"x": 0.0, "y": 0.0, "z": 0.0}, "1": {"x": 0.0, "y": 1.0, "z": 0.0}, "2": {"x": 0.0, "y": 2.0, "z": 0.0}, "3": {"x": 0.0, "y": 3.0, "z": 0.0}, "4": {"x": 0.0, "y": 4.0, "z": 0.0}, "5": {"x": 0.0, "y": 5.0, "z": 0.0}, "6": {"x": 0.0, "y": 6.0, "z": 0.0}, "7": {"x": 0.0, "y": 7.0, "z": 0.0}, "8": {"x": 0.0, "y": 8.0, "z": 0.0}, "9": {"x": 0.0, "y": 9.0, "z": 0.0}, "10": {"x": 0.0, "y": 10.0, "z": 0.0}, "11": {"x": 0.0, "y": 11.0, "z": 0.0}, "12": {"x": 0.0, "y": 12.0, "z": 0.0}, "13": {"x": 0.0, "y": 13.0, "z": 0.0}, "14": {"x": 0.0, "y": 14.0, "z": 0.0}, "15": {"x": 0.0, "y": 15.0, "z": 0.0}, "16": {"x": 1.0, "y": 0.0, "z": 0.0}, "17": {"x": 1.0, "y": 0.9999999999999997, "z": 0.3293186042412397}, "18": {"x": 1.0, "y": 1.9999999999999993, "z": 0.5764408135924267}, "19": {"x": 0.9999999999999998, "y": 2.9999999999999987, "z": 0.6821906813817422}, "20": {"x": 0.9999999999999998, "y": 3.999999999999999, "z": 0.5149618645936089}, "21": {"x": 0.9999999999999998, "y": 4.999999999999997, "z": 0.8438476724160208}, "22": {"x": 1.0000000000000004, "y": 6.000000000000002, "z": 0.7441596356039804}, "23": {"x": 1.0000000000000002, "y": 7.0000000000000036, "z": 0.787134777094228}, "24": {"x": 1.0000000000000002, "y": 8.000000000000002, "z": 0.4718358706933128}, "25": {"x": 1.0000000000000002, "y": 9.0, "z": 0.47287953029288554}, "26": {"x": 1.0000000000000004, "y": 10.000000000000004, "z": 0.5190279612288815}, "27": {"x": 1.0000000000000002, "y": 11.000000000000005, "z": 0.42824694828832277}, "28": {"x": 1.0, "y": 12.000000000000005, "z": 0.43716142156659515}, "29": {"x": 1.0, "y": 13.0, "z": 0.3113291209546386}, "30": {"x": 1.0000000000000002, "y": 14.000000000000004, "z": 0.18508764253734822}, "31": {"x": 1.0, "y": 15.0, "z": 0.0}, "32": {"x": 2.0, "y": 0.0, "z": 0.0}, "33": {"x": 2.0, "y": 0.9999999999999996, "z": 0.4330687392608391}, "34": {"x": 1.9999999999999996, "y": 1.9999999999999991, "z": 0.760920635413392}, "35": {"x": 2.0, "y": 2.999999999999999, "z": 0.9304569481703433}, "36": {"x": 1.9999999999999996, "y": 4.0, "z": 0.8392852184568699}, "37": {"x": 2.000000000000001, "y": 5.000000000000002, "z": 1.1638979013376385}, "38": {"x": 2.000000000000001, "y": 6.0000000000000036, "z": 1.1127656536326154}, "39": {"x": 2.000000000000001, "y": 7.0000000000000036, "z": 1.1366213405830299}, "40": {"x": 2.0000000000000004, "y": 8.000000000000004, "z": 0.8347389337797254}, "41": {"x": 2.0000000000000004, "y": 9.000000000000004, "z": 0.8200116465271283}, "42": {"x": 2.000000000000001, "y": 10.000000000000007, "z": 0.8398539777293738}, "43": {"x": 2.0000000000000004, "y": 11.000000000000007, "z": 0.7188789358044357}, "44": {"x": 2.0, "y": 12.000000000000004, "z": 0.6750295634116381}, "45": {"x": 2.0000000000000004, "y": 13.000000000000005, "z": 0.48942720302727744}, "46": {"x": 2.0000000000000004, "y": 14.000000000000005, "z": 0.2823072907759417}, "47": {"x": 2.0, "y": 15.0, "z": 0.0}, "48": {"x": 3.0, "y": 0.0, "z": 0.0}, "49": {"x": 3.0, "y": 0.9999999999999997, "z": 0.3332823134787437}, "50": {"x": 3.0, "y": 1.9999999999999998, "z": 0.6020458239757462}, "51": {"x": 3.0, "y": 2.9999999999999996, "z": 0.8112504110109054}, "52": {"x": 3.0, "y": 4.0, "z": 0.9724466040893118}, "53": {"x": 3.0, "y": 5.0, "z": 1.0717510471073437}, "54": {"x": 3.0000000000000004, "y": 6.000000000000003, "z": 1.135083418927995}, "55": {"x": 2.9999999999999996, "y": 7.000000000000002, "z": 1.1299888519996544}, "56": {"x": 3.0000000000000004, "y": 8.000000000000005, "z": 1.0850882177899606}, "57": {"x": 3.0000000000000004, "y": 9.000000000000005, "z": 1.0421835724398183}, "58": {"x": 3.000000000000001, "y": 10.000000000000009, "z": 0.9785037514395087}, "59": {"x": 3.0000000000000004, "y": 11.000000000000009, "z": 0.8734491544570918}, "60": {"x": 3.0000000000000004, "y": 12.000000000000009, "z": 0.7312828313849529}, "61": {"x": 3.0000000000000004, "y": 13.000000000000009, "z": 0.5406472173266754}, "62": {"x": 3.000000000000001, "y": 14.000000000000007, "z": 0.29746981325457106}, "63": {"x": 3.0, "y": 15.0, "z": 0.0}, "64": {"x": 4.0, "y": 0.0, "z": 0.0}, "65": {"x": 4.0, "y": 0.9999999999999997, "z": 0.579757849356524}, "66": {"x": 4.000000000000001, "y": 2.0, "z": 1.0414572249797893}, "67": {"x": 4.000000000000001, "y": 3.0, "z": 1.323420793593091}, "68": {"x": 4.0, "y": 4.0, "z": 1.2246098263539353}, "69": {"x": 3.9999999999999996, "y": 5.0, "z": 1.730284289961576}, "70": {"x": 3.9999999999999987, "y": 6.0, "z": 1.5833892413886572}, "71": {"x": 3.999999999999998, "y": 6.999999999999999, "z": 1.6808112259472205}, "72": {"x": 3.9999999999999987, "y": 8.000000000000002, "z": 1.2621994092790643}, "73": {"x": 4.0, "y": 9.000000000000005, "z": 1.2342239774872583}, "74": {"x": 3.9999999999999982, "y": 10.000000000000004, "z": 1.2435472303129926}, "75": {"x": 3.9999999999999996, "y": 11.000000000000004, "z": 1.065364908407876}, "76": {"x": 3.999999999999999, "y": 12.000000000000002, "z": 0.9813276970599147}, "77": {"x": 4.000000000000001, "y": 13.000000000000005, "z": 0.7081074008584178}, "78": {"x": 4.000000000000001, "y": 14.000000000000007, "z": 0.40489575075792866}, "79": {"x": 4.0, "y": 15.0, "z": 0.0}, "80": {"x": 5.0, "y": 0.0, "z": 0.0}, "81": {"x": 4.999999999999999, "y": 0.9999999999999997, "z": 0.5949842606876152}, "82": {"x": 5.0, "y": 2.0, "z": 1.0553767768564764}, "83": {"x": 5.0, "y": 2.9999999999999996, "z": 1.3274768231388445}, "84": {"x": 4.999999999999998, "y": 3.9999999999999987, "z": 1.310842568647927}, "85": {"x": 4.999999999999999, "y": 4.999999999999999, "z": 1.6798594026908205}, "86": {"x": 4.999999999999997, "y": 5.999999999999999, "z": 1.653959756509196}, "87": {"x": 4.999999999999997, "y": 6.999999999999997, "z": 1.6723509684015325}, "88": {"x": 4.9999999999999964, "y": 7.999999999999998, "z": 1.3408855797093036}, "89": {"x": 4.999999999999997, "y": 8.999999999999998, "z": 1.3054573077295109}, "90": {"x": 4.9999999999999964, "y": 9.999999999999998, "z": 1.2981757149390658}, "91": {"x": 4.999999999999998, "y": 11.0, "z": 1.1290588363439586}, "92": {"x": 4.999999999999998, "y": 12.0, "z": 1.0214608215242709}, "93": {"x": 5.0, "y": 13.000000000000004, "z": 0.7467329541416755}, "94": {"x": 5.000000000000002, "y": 14.000000000000005, "z": 0.424854489568903}, "95": {"x": 5.0, "y": 15.0, "z": 0.0}, "96": {"x": 6.0, "y": 0.0, "z": 0.0}, "97": {"x": 5.999999999999999, "y": 0.9999999999999998, "z": 0.4242990520632925}, "98": {"x": 6.0, "y": 1.9999999999999991, "z": 0.7619139592636219}, "99": {"x": 5.999999999999998, "y": 2.9999999999999982, "z": 1.0201125653422791}, "100": {"x": 5.999999999999997, "y": 3.9999999999999973, "z": 1.2126096369467507}, "101": {"x": 5.999999999999998, "y": 4.999999999999997, "z": 1.332266730100503}, "102": {"x": 5.9999999999999964, "y": 5.999999999999996, "z": 1.3987067366174633}, "103": {"x": 5.9999999999999964, "y": 6.999999999999996, "z": 1.3801271792762095}, "104": {"x": 5.9999999999999964, "y": 7.999999999999996, "z": 1.3056515099615613}, "105": {"x": 5.999999999999997, "y": 8.999999999999998, "z": 1.253405997023818}, "106": {"x": 5.999999999999997, "y": 9.999999999999996, "z": 1.1832387043812709}, "107": {"x": 5.999999999999997, "y": 10.999999999999996, "z": 1.0607623360487721}, "108": {"x": 5.999999999999997, "y": 11.999999999999998, "z": 0.8952051908597054}, "109": {"x": 5.999999999999999, "y": 13.0, "z": 0.6661703532486527}, "110": {"x": 6.000000000000001, "y": 14.000000000000005, "z": 0.368931357391363}, "111": {"x": 6.0, "y": 15.0, "z": 0.0}, "112": {"x": 7.0, "y": 0.0, "z": 0.0}, "113": {"x": 6.999999999999999, "y": 0.9999999999999993, "z": 0.481046802491192}, "114": {"x": 6.999999999999998, "y": 1.9999999999999984, "z": 0.8404636411244951}, "115": {"x": 6.999999999999998, "y": 2.9999999999999973, "z": 1.072188573666346}, "116": {"x": 6.9999999999999964, "y": 3.999999999999996, "z": 1.1693845609872184}, "117": {"x": 6.999999999999993,