{"attributes": {"name": "Mesh"}, "dva": {"x": 0.0, "y": 0.0, "z": 0.0}, "dea": {}, "dfa": {}, "vertex": {"0": {"x": 0.0, "y": 0.0, "z": 0.0}, "1": {"x": 0.0, "y": 1.0, "z": 0.0}, "2": {"x": 0.0, "y": 2.0, "z": 0.0}, "3": {"x": 0.0, "y": 3.0, "z": 0.0}, "4": {"x": 0.0, "y": 4.0, "z": 0.0}, "5": {"x": 0.0, "y": 5.0, "z": 0.0}, "6": {"x": 0.0, "y": 6.0, "z": 0.0}, "7": {"x": 0.0, "y": 7.0, "z": 0.0}, "8": {"x": 0.0, "y": 8.0, "z": 0.0}, "9": {"x": 0.0, "y": 9.0, "z": 0.0}, "10": {"x": 0.0, "y": 10.0, "z": 0.0}, "11": {"x": 0.0, "y": 11.0, "z": 0.0}, "12": {"x": 0.0, "y": 12.0, "z": 0.0}, "13": {"x": 0.0, "y": 13.0, "z": 0.0}, "14": {"x": 0.0, "y": 14.0, "z": 0.0}, "15": {"x": 0.0, "y": 15.0, "z": 0.0}, "16": {"x": 1.0, "y": 0.0, "z": 0.0}, "17": {"x": 0.9999999999999999, "y": 1.0, "z": 0.08920648630178146}, "18": {"x": 1.0, "y": 2.0, "z": 0.13576773441820736}, "19": {"x": 0.9999999999999999, "y": 2.9999999999999996, "z": 0.3111712270376309}, "20": {"x": 0.9999999999999997, "y": 3.9999999999999987, "z": 0.44264878964859744}, "21": {"x": 0.9999999999999996, "y": 4.999999999999998, "z": 0.5269245967653525}, "22": {"x": 0.9999999999999997, "y": 5.999999999999999, "z": 0.5665977725791279}, "23": {"x": 0.9999999999999994, "y": 6.999999999999998, "z": 0.5605110549935318}, "24": {"x": 0.9999999999999993, "y": 7.999999999999998, "z": 0.512977086370829}, "25": {"x": 0.9999999999999991, "y": 8.999999999999998, "z": 0.4773219619679703}, "26": {"x": 0.9999999999999989, "y": 9.999999999999998, "z": 0.4109407955740762}, "27": {"x": 0.999999999999999, "y": 10.999999999999996, "z": 0.36298776397223487}, "28": {"x": 0.9999999999999993, "y": 11.999999999999996, "z": 0.3144655976271552}, "29": {"x": 0.9999999999999996, "y": 13.0, "z": 0.2536406855043649}, "30": {"x": 0.9999999999999998, "y": 14.0, "z": 0.15186407227023496}, "31": {"x": 1.0, "y": 15.0, "z": 0.0}, "32": {"x": 2.0, "y": 0.0, "z": 0.0}, "33": {"x": 2.0, "y": 0.9999999999999999, "z": 0.27036456197785214}, "34": {"x": 2.0, "y": 1.9999999999999993, "z": 0.23314084578866215}, "35": {"x": 1.9999999999999998, "y": 2.999999999999999, "z": 0.695186954858633}, "36": {"x": 1.9999999999999998, "y": 3.999999999999998, "z": 0.944323025540588}, "37": {"x": 2.0, "y": 4.999999999999998, "z": 1.190820824610353}, "38": {"x": 2.000000000000001, "y": 6.0, "z": 1.2313487407362464}, "39": {"x": 2.0, "y": 7.0, "z": 1.159660840965806}, "40": {"x": 1.999999999999999, "y": 7.999999999999997, "z": 0.9263454036606324}, "41": {"x": 1.9999999999999984, "y": 8.999999999999996, "z": 0.8999869470074173}, "42": {"x": 1.9999999999999971, "y": 9.999999999999993, "z": 0.7258277382867303}, "43": {"x": 1.9999999999999982, "y": 10.999999999999995, "z": 0.648699164139081}, "44": {"x": 1.9999999999999991, "y": 11.999999999999995, "z": 0.5834867650541947}, "45": {"x": 1.9999999999999993, "y": 12.999999999999995, "z": 0.6662820810244992}, "46": {"x": 1.9999999999999998, "y": 13.999999999999996, "z": 0.41649500265826683}, "47": {"x": 2.0, "y": 15.0, "z": 0.0}, "48": {"x": 3.0, "y": 0.0, "z": 0.0}, "49": {"x": 3.000000000000001, "y": 0.9999999999999997, "z": 0.28033973115479877}, "50": {"x": 3.0, "y": 1.999999999999999, "z": 0.3100436732937322}, "51": {"x": 2.9999999999999996, "y": 2.9999999999999987, "z": 0.8439434030895238}, "52": {"x": 2.9999999999999996, "y": 3.9999999999999982, "z": 1.181177384894445}, "53": {"x": 3.0000000000000004, "y": 4.999999999999999, "z": 1.4464245571021643}, "54": {"x": 3.0000000000000004, "y": 5.999999999999998, "z": 1.5198685178148978}, "55": {"x": 3.0000000000000004, "y": 6.999999999999999, "z": 1.451755846153373}, "56": {"x": 2.9999999999999987, "y": 7.999999999999997, "z": 1.2221318486295683}, "57": {"x": 2.9999999999999982, "y": 8.999999999999996, "z": 1.159445791827428}, "58": {"x": 2.9999999999999964, "y": 9.999999999999993, "z": 0.9591078246901671}, "59": {"x": 2.999999999999998, "y": 10.999999999999993, "z": 0.8535258615969269}, "60": {"x": 2.999999999999999, "y": 11.999999999999996, "z": 0.7599399156799092}, "61": {"x": 2.999999999999999, "y": 12.999999999999996, "z": 0.7403335702337257}, "62": {"x": 2.9999999999999996, "y": 13.999999999999998, "z": 0.4668814763859523}, "63": {"x": 3.0, "y": 15.0, "z": 0.0}, "64": {"x": 4.0, "y": 0.0, "z": 0.0}, "65": {"x": 4.0, "y": 0.9999999999999992, "z": 0.23687864149574053}, "66": {"x": 3.9999999999999996, "y": 1.9999999999999984, "z": 0.36133645248240615}, "67": {"x": 3.9999999999999996, "y": 2.9999999999999982, "z": 0.8526980139688222}, "68": {"x": 3.999999999999999, "y": 3.999999999999999, "z": 1.223351887178837}, "69": {"x": 4.0, "y": 5.0, "z": 1.452483439021705}, "70": {"x": 4.000000000000001, "y": 6.0, "z": 1.5581682263087315}, "71": {"x": 4.000000000000001, "y": 7.0, "z": 1.5335401697321673}, "72": {"x": 3.999999999999999, "y": 7.999999999999997, "z": 1.3940312629161233}, "73": {"x": 3.999999999999998, "y": 8.999999999999996, "z": 1.2898898803158918}, "74": {"x": 3.9999999999999964, "y": 9.999999999999996, "z": 1.1042360401885587}, "75": {"x": 3.9999999999999982, "y": 10.999999999999995, "z": 0.9763929461598057}, "76": {"x": 3.9999999999999987, "y": 11.999999999999996, "z": 0.8512314995212483}, "77": {"x": 3.9999999999999982, "y": 12.999999999999995, "z": 0.686175876792186}, "78": {"x": 3.999999999999999, "y": 14.0, "z": 0.41264325850151196}, "79": {"x": 4.0, "y": 15.0, "z": 0.0}, "80": {"x": 5.0, "y": 0.0, "z": 0.0}, "81": {"x": 5.000000000000001, "y": 0.9999999999999992, "z": 0.2788425273597762}, "82": {"x": 5.000000000000001, "y": 1.9999999999999987, "z": 0.3720771912070928}, "83": {"x": 5.0, "y": 2.999999999999999, "z": 0.955799270552075}, "84": {"x": 5.0, "y": 3.999999999999999, "z": 1.366817758351145}, "85": {"x": 5.000000000000001, "y": 5.0, "z": 1.639525391536312}, "86": {"x": 5.000000000000001, "y": 6.0, "z": 1.7407613895599017}, "87": {"x": 5.000000000000001, "y": 7.0, "z": 1.67937158122292}, "88": {"x": 4.999999999999999, "y": 7.999999999999998, "z": 1.463467183023313}, "89": {"x": 4.999999999999998, "y": 8.999999999999996, "z": 1.365599691708154}, "90": {"x": 4.999999999999998, "y": 9.999999999999996, "z": 1.1476631321447612}, "91": {"x": 4.999999999999998, "y": 10.999999999999996, "z": 1.018777986639986}, "92": {"x": 5.000000000000001, "y": 12.000000000000002, "z": 0.9017876311547494}, "93": {"x": 5.000000000000003, "y": 13.000000000000005, "z": 0.7857534012858876}, "94": {"x": 5.000000000000002, "y": 14.000000000000004, "z": 0.4941493233049464}, "95": {"x": 5.0, "y": 15.0, "z": 0.0}, "96": {"x": 6.0, "y": 0.0, "z": 0.0}, "97": {"x": 6.000000000000001, "y": 0.9999999999999996, "z": 0.42182612973470757}, "98": {"x": 6.0, "y": 1.999999999999999, "z": 0.3478861514778615}, "99": {"x": 6.0, "y": 2.9999999999999996, "z": 1.0782186867489143}, "100": {"x": 6.000000000000001, "y": 4.0, "z": 1.464914330239031}, "101": {"x": 6.000000000000002, "y": 5.0, "z": 1.8521938426904365}, "102": {"x": 6.000000000000002, "y": 6.0, "z": 1.910423799831571}, "103": {"x": 6.0, "y": 6.999999999999999, "z": 1.7863163469407395}, "104": {"x": 6.0, "y": 7.999999999999999, "z": 1.4027528980785653}, "105": {"x": 5.999999999999997, "y": 8.999999999999998, "z": 1.3667533456309249}, "106": {"x": 5.999999999999998, "y": 9.999999999999996, "z": 1.091297802354511}, "107": {"x": 5.9999999999999964, "y": 10.999999999999996, "z": 0.9771341063266576}, "108": {"x": 6.0, "y": 12.0, "z": 0.8852946458750334}, "109": {"x": 5.999999999999999, "y": 12.999999999999996, "z": 1.0277818289061935}, "110": {"x": 6.000000000000001, "y": 13.999999999999996, "z": 0.6576635678965823}, "111": {"x": 6.0, "y": 15.0, "z": 0.0}, "112": {"x": 7.0, "y": 0.0, "z": 0.0}, "113": {"x": 7.0, "y": 0.9999999999999993, "z": 0.5021976898733391}, "114": {"x": 7.000000000000002, "y": 1.9999999999999993, "z": 0.3014757455216995}, "115": {"x": 7.000000000000002, "y": 3.0, "z": 1.010941661393356}, "116": {"x": 7.000000000000001, "y": 4.0, "z": 1.2960523009796057}, "117": {"x": 7.0, "y": 4.999999999999999, "z": 1.7243893304727909},