{"attributes": {"name": "Mesh"}, "dva": {"x": 0.0, "y": 0.0, "z": 0.0}, "dea": {}, "dfa": {}, "vertex": {"0": {"x": 0.0, "y": 0.0, "z": 0.0}, "1": {"x": 0.0, "y": 1.0, "z": 0.0}, "2": {"x": 0.0, "y": 2.0, "z": 0.0}, "3": {"x": 0.0, "y": 3.0, "z": 0.0}, "4": {"x": 0.0, "y": 4.0, "z": 0.0}, "5": {"x": 0.0, "y": 5.0, "z": 0.0}, "6": {"x": 0.0, "y": 6.0, "z": 0.0}, "7": {"x": 0.0, "y": 7.0, "z": 0.0}, "8": {"x": 0.0, "y": 8.0, "z": 0.0}, "9": {"x": 0.0, "y": 9.0, "z": 0.0}, "10": {"x": 0.0, "y": 10.0, "z": 0.0}, "11": {"x": 0.0, "y": 11.0, "z": 0.0}, "12": {"x": 0.0, "y": 12.0, "z": 0.0}, "13": {"x": 0.0, "y": 13.0, "z": 0.0}, "14": {"x": 0.0, "y": 14.0, "z": 0.0}, "15": {"x": 0.0, "y": 15.0, "z": 0.0}, "16": {"x": 1.0, "y": 0.0, "z": 0.0}, "17": {"x": 1.0, "y": 0.9999999999999999, "z": 0.15301657517191194}, "18": {"x": 0.9999999999999999, "y": 1.9999999999999993, "z": 0.3130089978203696}, "19": {"x": 0.9999999999999994, "y": 2.9999999999999987, "z": 0.422673438755413}, "20": {"x": 0.9999999999999993, "y": 3.9999999999999982, "z": 0.4709100457482853}, "21": {"x": 0.9999999999999987, "y": 4.9999999999999964, "z": 0.55845758309704}, "22": {"x": 0.9999999999999988, "y": 5.999999999999994, "z": 0.4257900783373449}, "23": {"x": 0.999999999999999, "y": 6.999999999999998, "z": 0.451715417972164}, "24": {"x": 0.9999999999999987, "y": 7.999999999999997, "z": 0.8327415647975839}, "25": {"x": 0.999999999999998, "y": 8.999999999999996, "z": 0.360529815254812}, "26": {"x": 0.9999999999999981, "y": 9.999999999999995, "z": 0.2917365203901181}, "27": {"x": 0.9999999999999988, "y": 11.0, "z": 0.3371698308315493}, "28": {"x": 0.9999999999999991, "y": 12.000000000000002, "z": 0.4545865437099626}, "29": {"x": 0.9999999999999994, "y": 13.0, "z": 0.1878995955775368}, "30": {"x": 0.9999999999999998, "y": 14.0, "z": 0.4249216304361924}, "31": {"x": 1.0, "y": 15.0, "z": 0.0}, "32": {"x": 2.0, "y": 0.0, "z": 0.0}, "33": {"x": 2.0, "y": 0.9999999999999997, "z": 0.2464638534189404}, "34": {"x": 2.0, "y": 1.999999999999999, "z": 0.44273151683789375}, "35": {"x": 1.999999999999999, "y": 2.9999999999999973, "z": 0.5909657776325935}, "36": {"x": 1.9999999999999982, "y": 3.9999999999999947, "z": 0.6922484071894403}, "37": {"x": 1.9999999999999978, "y": 4.999999999999993, "z": 0.7458757357857851}, "38": {"x": 1.9999999999999976, "y": 5.999999999999992, "z": 0.7611603883275477}, "39": {"x": 1.999999999999998, "y": 6.999999999999995, "z": 0.7499368231694249}, "40": {"x": 1.9999999999999971, "y": 7.999999999999991, "z": 0.7052922556648843}, "41": {"x": 1.9999999999999967, "y": 8.999999999999993, "z": 0.6319954362526287}, "42": {"x": 1.999999999999996, "y": 9.999999999999991, "z": 0.5477308200730889}, "43": {"x": 1.9999999999999976, "y": 10.999999999999998, "z": 0.5090082809842378}, "44": {"x": 1.9999999999999984, "y": 12.0, "z": 0.4345582512586785}, "45": {"x": 1.999999999999999, "y": 12.999999999999998, "z": 0.3254692646804321}, "46": {"x": 1.9999999999999996, "y": 13.999999999999996, "z": 0.17845359283389955}, "47": {"x": 2.0, "y": 15.0, "z": 0.0}, "48": {"x": 3.0, "y": 0.0, "z": 0.0}, "49": {"x": 2.9999999999999996, "y": 0.9999999999999993, "z": 0.4033536701844555}, "50": {"x": 2.999999999999999, "y": 1.9999999999999982, "z": 0.7593831517126477}, "51": {"x": 2.999999999999999, "y": 2.9999999999999973, "z": 1.0090593934594891}, "52": {"x": 2.9999999999999982, "y": 3.999999999999996, "z": 1.1477155358113738}, "53": {"x": 2.9999999999999973, "y": 4.999999999999995, "z": 1.191798505030766}, "54": {"x": 2.999999999999998, "y": 5.999999999999994, "z": 1.1040833431759556}, "55": {"x": 2.9999999999999987, "y": 6.999999999999997, "z": 1.0940511188866526}, "56": {"x": 2.999999999999997, "y": 7.999999999999993, "z": 1.062923989714201}, "57": {"x": 2.9999999999999956, "y": 8.999999999999991, "z": 0.8660198002692797}, "58": {"x": 2.999999999999993, "y": 9.999999999999986, "z": 0.7089560438715864}, "59": {"x": 2.9999999999999942, "y": 10.99999999999999, "z": 0.75516186662935}, "60": {"x": 2.9999999999999964, "y": 11.999999999999993, "z": 0.7004346055896226}, "61": {"x": 2.9999999999999982, "y": 12.999999999999996, "z": 0.4836590531373655}, "62": {"x": 2.9999999999999987, "y": 13.999999999999998, "z": 0.32773787620345723}, "63": {"x": 3.0, "y": 15.0, "z": 0.0}, "64": {"x": 4.0, "y": 0.0, "z": 0.0}, "65": {"x": 3.999999999999999, "y": 0.9999999999999996, "z": 0.517810605879605}, "66": {"x": 4.0, "y": 1.9999999999999987, "z": 1.0071051558613269}, "67": {"x": 4.000000000000001, "y": 2.9999999999999982, "z": 1.3381185016516493}, "68": {"x": 4.0, "y": 3.9999999999999973, "z": 1.4983194011108707}, "69": {"x": 3.999999999999999, "y": 4.999999999999996, "z": 1.5447385126958442}, "70": {"x": 3.999999999999999, "y": 5.999999999999996, "z": 1.3285337626390679}, "71": {"x": 3.999999999999999, "y": 6.999999999999997, "z": 1.3322950423976843}, "72": {"x": 3.999999999999997, "y": 7.999999999999994, "z": 1.406322021456372}, "73": {"x": 3.9999999999999947, "y": 8.999999999999991, "z": 1.0153233028648458}, "74": {"x": 3.999999999999992, "y": 9.999999999999984, "z": 0.7971074413348502}, "75": {"x": 3.9999999999999925, "y": 10.999999999999984, "z": 0.9394485507505328}, "76": {"x": 3.999999999999996, "y": 11.999999999999993, "z": 0.9478374589040172}, "77": {"x": 3.9999999999999987, "y": 12.999999999999998, "z": 0.5919812159099123}, "78": {"x": 4.0, "y": 14.000000000000002, "z": 0.5182224203960748}, "79": {"x": 4.0, "y": 15.0, "z": 0.0}, "80": {"x": 5.0, "y": 0.0, "z": 0.0}, "81": {"x": 4.999999999999999, "y": 0.9999999999999998, "z": 0.5761767329708155}, "82": {"x": 5.000000000000002, "y": 2.0, "z": 1.120879971030744}, "83": {"x": 5.000000000000003, "y": 3.0000000000000004, "z": 1.485917166342693}, "84": {"x": 5.000000000000002, "y": 3.9999999999999996, "z": 1.6582180184744206}, "85": {"x": 5.000000000000001, "y": 4.999999999999998, "z": 1.67208729395127}, "86": {"x": 5.000000000000003, "y": 5.999999999999998, "z": 1.438847914958434}, "87": {"x": 5.000000000000001, "y": 6.999999999999998, "z": 1.4333573675829425}, "88": {"x": 4.999999999999998, "y": 7.9999999999999964, "z": 1.4081818747829482}, "89": {"x": 4.999999999999995, "y": 8.999999999999991, "z": 1.074099088743122}, "90": {"x": 4.999999999999989, "y": 9.99999999999998, "z": 0.8300804249537306}, "91": {"x": 4.999999999999991, "y": 10.999999999999982, "z": 1.006270196027265}, "92": {"x": 4.999999999999994, "y": 11.99999999999999, "z": 0.9838800844862313}, "93": {"x": 5.0, "y": 13.0, "z": 0.6444519553390619}, "94": {"x": 5.0, "y": 13.999999999999998, "z": 0.4865326934609517}, "95": {"x": 5.0, "y": 15.0, "z": 0.0}, "96": {"x": 6.0, "y": 0.0, "z": 0.0}, "97": {"x": 6.000000000000001, "y": 1.0, "z": 0.5815782997849444}, "98": {"x": 6.0000000000000036, "y": 2.000000000000001, "z": 1.1596781946333856}, "99": {"x": 6.000000000000005, "y": 3.0000000000000018, "z": 1.5405118732292695}, "100": {"x": 6.000000000000004, "y": 4.000000000000001, "z": 1.705318228858628}, "101": {"x": 6.000000000000004, "y": 5.000000000000001, "z": 1.7256546124667798}, "102": {"x": 6.000000000000004, "y": 6.0, "z": 1.4062406687558977}, "103": {"x": 6.0, "y": 6.999999999999998, "z": 1.4212605037751935}, "104": {"x": 5.999999999999998, "y": 7.999999999999995, "z": 1.523540700601345}, "105": {"x": 5.999999999999995, "y": 8.99999999999999, "z": 1.0437147780336904}, "106": {"x": 5.999999999999988, "y": 9.999999999999977, "z": 0.7834417717771415}, "107": {"x": 5.99999999999999, "y": 10.999999999999982, "z": 1.021359622296024}, "108": {"x": 5.999999999999995, "y": 11.999999999999995, "z": 1.066591583015585}, "109": {"x": 6.000000000000001, "y": 13.0, "z": 0.6380152088491949}, "110": {"x": 6.000000000000001, "y": 14.000000000000002, "z": 0.6002700753152821}, "111": {"x": 6.0, "y": 15.0, "z": 0.0}, "112": {"x": 7.0, "y": 0.0, "z": 0.0}, "113": {"x": 7.000000000000003, "y": 1.0000000000000002, "z": 0.528029798889725}, "114": {"x": 7.000000000000004, "y": 2.0000000000000013, "z": 1.0643620038319959},