{"attributes": {"name": "Mesh"}, "dva": {"x": 0.0, "y": 0.0, "z": 0.0}, "dea": {}, "dfa": {}, "vertex": {"0": {"x": 0.0, "y": 0.0, "z": 0.0}, "1": {"x": 0.0, "y": 1.0, "z": 0.0}, "2": {"x": 0.0, "y": 2.0, "z": 0.0}, "3": {"x": 0.0, "y": 3.0, "z": 0.0}, "4": {"x": 0.0, "y": 4.0, "z": 0.0}, "5": {"x": 0.0, "y": 5.0, "z": 0.0}, "6": {"x": 0.0, "y": 6.0, "z": 0.0}, "7": {"x": 0.0, "y": 7.0, "z": 0.0}, "8": {"x": 0.0, "y": 8.0, "z": 0.0}, "9": {"x": 0.0, "y": 9.0, "z": 0.0}, "10": {"x": 0.0, "y": 10.0, "z": 0.0}, "11": {"x": 0.0, "y": 11.0, "z": 0.0}, "12": {"x": 0.0, "y": 12.0, "z": 0.0}, "13": {"x": 0.0, "y": 13.0, "z": 0.0}, "14": {"x": 0.0, "y": 14.0, "z": 0.0}, "15": {"x": 0.0, "y": 15.0, "z": 0.0}, "16": {"x": 1.0, "y": 0.0, "z": 0.0}, "17": {"x": 1.0000000000000002, "y": 1.0000000000000002, "z": 0.42101512918828243}, "18": {"x": 1.0000000000000002, "y": 2.0, "z": 0.4185498528551309}, "19": {"x": 1.0000000000000016, "y": 3.000000000000001, "z": 0.4988621931048729}, "20": {"x": 1.0000000000000016, "y": 3.9999999999999996, "z": 0.4400713762973036}, "21": {"x": 1.0000000000000016, "y": 5.000000000000002, "z": 1.1976801049500334}, "22": {"x": 1.0000000000000018, "y": 6.000000000000004, "z": 0.8967443982723253}, "23": {"x": 1.0000000000000013, "y": 7.000000000000002, "z": 0.6551532830152575}, "24": {"x": 1.0000000000000016, "y": 8.000000000000004, "z": 1.3211385901413564}, "25": {"x": 1.0000000000000013, "y": 9.0, "z": 0.9348810825876321}, "26": {"x": 1.000000000000001, "y": 10.000000000000002, "z": 1.0779283400663278}, "27": {"x": 1.0000000000000007, "y": 10.999999999999998, "z": 1.163877972723384}, "28": {"x": 1.0000000000000004, "y": 12.000000000000004, "z": 1.1791830529349858}, "29": {"x": 1.0000000000000002, "y": 13.0, "z": 0.5193542712698954}, "30": {"x": 1.0000000000000002, "y": 14.0, "z": 0.311418904731398}, "31": {"x": 1.0, "y": 15.0, "z": 0.0}, "32": {"x": 2.0, "y": 0.0, "z": 0.0}, "33": {"x": 2.0000000000000004, "y": 1.0000000000000002, "z": 0.5820722790017365}, "34": {"x": 2.0000000000000004, "y": 2.0, "z": 0.6600858369707334}, "35": {"x": 2.0000000000000027, "y": 3.000000000000002, "z": 0.8139966667826654}, "36": {"x": 2.0000000000000036, "y": 4.000000000000002, "z": 0.7905705493115393}, "37": {"x": 2.0000000000000036, "y": 5.000000000000003, "z": 1.8457824138942756}, "38": {"x": 2.0000000000000036, "y": 6.0000000000000036, "z": 1.3955808180435145}, "39": {"x": 2.0000000000000027, "y": 7.000000000000003, "z": 1.1557610656362738}, "40": {"x": 2.000000000000003, "y": 8.000000000000002, "z": 2.080096142975691}, "41": {"x": 2.0000000000000027, "y": 9.0, "z": 1.4972345455021137}, "42": {"x": 2.0000000000000027, "y": 10.000000000000004, "z": 1.6453623967279773}, "43": {"x": 2.0000000000000018, "y": 10.999999999999998, "z": 1.6964115550028287}, "44": {"x": 2.0000000000000004, "y": 11.999999999999996, "z": 1.7001666344133304}, "45": {"x": 2.0000000000000004, "y": 12.999999999999996, "z": 0.8286818662503879}, "46": {"x": 2.0000000000000004, "y": 14.0, "z": 0.48618783222497014}, "47": {"x": 2.0, "y": 15.0, "z": 0.0}, "48": {"x": 3.0, "y": 0.0, "z": 0.0}, "49": {"x": 3.0000000000000004, "y": 1.0000000000000002, "z": 0.4341854365817724}, "50": {"x": 3.000000000000001, "y": 2.000000000000001, "z": 0.7302115749294859}, "51": {"x": 3.000000000000004, "y": 3.0000000000000027, "z": 0.937644238969411}, "52": {"x": 3.0000000000000058, "y": 4.0000000000000036, "z": 1.0630425421440972}, "53": {"x": 3.0000000000000053, "y": 5.000000000000004, "z": 1.3326315166053482}, "54": {"x": 3.000000000000005, "y": 6.000000000000004, "z": 1.4834103077989627}, "55": {"x": 3.000000000000005, "y": 7.000000000000006, "z": 1.5242715552775201}, "56": {"x": 3.0000000000000053, "y": 8.000000000000007, "z": 1.6795837039563533}, "57": {"x": 3.0000000000000036, "y": 9.000000000000004, "z": 1.7198223968799846}, "58": {"x": 3.0000000000000027, "y": 10.000000000000002, "z": 1.6988788586464953}, "59": {"x": 3.0000000000000018, "y": 10.999999999999996, "z": 1.5741019903316935}, "60": {"x": 3.000000000000001, "y": 11.999999999999996, "z": 1.325436806345065}, "61": {"x": 3.000000000000001, "y": 13.0, "z": 0.9500296141247516}, "62": {"x": 3.0000000000000004, "y": 14.000000000000002, "z": 0.5207916003592582}, "63": {"x": 3.0, "y": 15.0, "z": 0.0}, "64": {"x": 4.0, "y": 0.0, "z": 0.0}, "65": {"x": 4.000000000000001, "y": 1.0000000000000007, "z": 0.4579834061456631}, "66": {"x": 4.000000000000003, "y": 2.0000000000000018, "z": 0.7887092262602019}, "67": {"x": 4.000000000000004, "y": 3.000000000000003, "z": 1.032852998660774}, "68": {"x": 4.000000000000007, "y": 4.000000000000005, "z": 1.1958477545039365}, "69": {"x": 4.000000000000006, "y": 5.000000000000005, "z": 1.4794990841435771}, "70": {"x": 4.000000000000006, "y": 6.000000000000005, "z": 1.6299575914622548}, "71": {"x": 4.000000000000007, "y": 7.000000000000007, "z": 1.6903237035299956}, "72": {"x": 4.000000000000006, "y": 8.000000000000009, "z": 1.8344613594160093}, "73": {"x": 4.000000000000005, "y": 9.000000000000009, "z": 1.8470538288311262}, "74": {"x": 4.000000000000004, "y": 10.000000000000005, "z": 1.8005286356870305}, "75": {"x": 4.000000000000002, "y": 11.000000000000002, "z": 1.6523439686966772}, "76": {"x": 4.000000000000002, "y": 12.0, "z": 1.3917617602150623}, "77": {"x": 4.000000000000001, "y": 13.000000000000002, "z": 1.0031771465049018}, "78": {"x": 4.0, "y": 13.999999999999998, "z": 0.5496639106023651}, "79": {"x": 4.0, "y": 15.0, "z": 0.0}, "80": {"x": 5.0, "y": 0.0, "z": 0.0}, "81": {"x": 5.000000000000001, "y": 1.0000000000000009, "z": 0.44624244255593964}, "82": {"x": 5.000000000000004, "y": 2.0000000000000027, "z": 0.7833563925845868}, "83": {"x": 5.000000000000006, "y": 3.0000000000000036, "z": 1.0415359620386069}, "84": {"x": 5.000000000000007, "y": 4.000000000000005, "z": 1.2253375175137804}, "85": {"x": 5.000000000000008, "y": 5.000000000000006, "z": 1.4903636091134302}, "86": {"x": 5.000000000000006, "y": 6.000000000000006, "z": 1.640088995568569}, "87": {"x": 5.000000000000008, "y": 7.000000000000009, "z": 1.7095370242233718}, "88": {"x": 5.000000000000006, "y": 8.000000000000009, "z": 1.822030891156026}, "89": {"x": 5.000000000000006, "y": 9.000000000000007, "z": 1.8199421529781046}, "90": {"x": 5.000000000000005, "y": 10.000000000000005, "z": 1.755151080010009}, "91": {"x": 5.000000000000002, "y": 11.0, "z": 1.5978076024784884}, "92": {"x": 5.000000000000001, "y": 11.999999999999996, "z": 1.340776230422907}, "93": {"x": 4.999999999999999, "y": 12.999999999999993, "z": 0.9720292174137862}, "94": {"x": 4.999999999999999, "y": 13.999999999999995, "z": 0.5318804515471427}, "95": {"x": 5.0, "y": 15.0, "z": 0.0}, "96": {"x": 6.0, "y": 0.0, "z": 0.0}, "97": {"x": 6.000000000000003, "y": 1.0000000000000016, "z": 0.3965243602424695}, "98": {"x": 6.000000000000005, "y": 2.0000000000000027, "z": 0.7198716655324175}, "99": {"x": 6.000000000000006, "y": 3.000000000000004, "z": 0.9709612054832061}, "100": {"x": 6.000000000000007, "y": 4.000000000000004, "z": 1.1620438125776833}, "101": {"x": 6.000000000000007, "y": 5.000000000000005, "z": 1.3711769805958542}, "102": {"x": 6.000000000000007, "y": 6.000000000000007, "z": 1.521568286094987}, "103": {"x": 6.000000000000008, "y": 7.000000000000009, "z": 1.6041408584071135}, "104": {"x": 6.000000000000007, "y": 8.000000000000007, "z": 1.6637510686620185}, "105": {"x": 6.0000000000000036, "y": 9.000000000000004, "z": 1.6641089469967978}, "106": {"x": 6.000000000000003, "y": 10.000000000000002, "z": 1.583670771078722}, "107": {"x": 6.000000000000002, "y": 10.999999999999998, "z": 1.4248879894759716}, "108": {"x": 6.000000000000001, "y": 11.999999999999995, "z": 1.1853294177863503}, "109": {"x": 6.0, "y": 12.999999999999993, "z": 0.8764208116284856}, "110": {"x": 5.999999999999997, "y": 13.999999999999993, "z": 0.4780653490643821}, "111": {"x": 6.0, "y": 15.0, "z": 0.0}, "112": {"x": 7.0, "y": 0.0, "z": 0.0}, "113": {"x": 7.0000000000000036, "y": 1.0000000000000016,