{"attributes": {"name": "Mesh"}, "dva": {"x": 0.0, "y": 0.0, "z": 0.0}, "dea": {}, "dfa": {}, "vertex": {"0": {"x": 0.0, "y": 0.0, "z": 0.0}, "1": {"x": 0.0, "y": 1.0, "z": 0.0}, "2": {"x": 0.0, "y": 2.0, "z": 0.0}, "3": {"x": 0.0, "y": 3.0, "z": 0.0}, "4": {"x": 0.0, "y": 4.0, "z": 0.0}, "5": {"x": 0.0, "y": 5.0, "z": 0.0}, "6": {"x": 0.0, "y": 6.0, "z": 0.0}, "7": {"x": 0.0, "y": 7.0, "z": 0.0}, "8": {"x": 0.0, "y": 8.0, "z": 0.0}, "9": {"x": 0.0, "y": 9.0, "z": 0.0}, "10": {"x": 0.0, "y": 10.0, "z": 0.0}, "11": {"x": 0.0, "y": 11.0, "z": 0.0}, "12": {"x": 0.0, "y": 12.0, "z": 0.0}, "13": {"x": 0.0, "y": 13.0, "z": 0.0}, "14": {"x": 0.0, "y": 14.0, "z": 0.0}, "15": {"x": 0.0, "y": 15.0, "z": 0.0}, "16": {"x": 1.0, "y": 0.0, "z": 0.0}, "17": {"x": 1.0, "y": 1.0000000000000004, "z": 0.5797101242641811}, "18": {"x": 1.0, "y": 2.000000000000001, "z": 0.3695138568031413}, "19": {"x": 1.0000000000000009, "y": 3.0000000000000013, "z": 0.6133421502615298}, "20": {"x": 1.000000000000001, "y": 4.000000000000002, "z": 0.3866964705852699}, "21": {"x": 1.0000000000000022, "y": 5.000000000000007, "z": 0.3610364016899704}, "22": {"x": 1.000000000000002, "y": 6.000000000000004, "z": 0.6716809547305834}, "23": {"x": 1.0000000000000013, "y": 7.000000000000002, "z": 0.2857649543093708}, "24": {"x": 1.0000000000000009, "y": 8.000000000000002, "z": 0.6721240962280366}, "25": {"x": 1.0000000000000009, "y": 9.000000000000004, "z": 1.1416186946192515}, "26": {"x": 1.0000000000000004, "y": 10.000000000000002, "z": 1.027588208466244}, "27": {"x": 1.0000000000000002, "y": 11.0, "z": 1.1605983817521175}, "28": {"x": 0.9999999999999996, "y": 11.999999999999998, "z": 0.9877680453567143}, "29": {"x": 0.9999999999999994, "y": 12.999999999999996, "z": 0.6418370920980214}, "30": {"x": 0.9999999999999998, "y": 14.0, "z": 0.7093919972731704}, "31": {"x": 1.0, "y": 15.0, "z": 0.0}, "32": {"x": 2.0, "y": 0.0, "z": 0.0}, "33": {"x": 2.0000000000000004, "y": 1.0000000000000007, "z": 0.8624727570373585}, "34": {"x": 2.0, "y": 2.000000000000001, "z": 0.6301428392975}, "35": {"x": 2.0000000000000018, "y": 3.0000000000000027, "z": 0.9756353510705152}, "36": {"x": 2.000000000000002, "y": 4.0000000000000036, "z": 0.6799751269131242}, "37": {"x": 2.000000000000003, "y": 5.000000000000007, "z": 0.6403932359916203}, "38": {"x": 2.0000000000000036, "y": 6.000000000000007, "z": 1.054869406320571}, "39": {"x": 2.0000000000000027, "y": 7.000000000000004, "z": 0.5266335834503966}, "40": {"x": 2.0000000000000018, "y": 8.000000000000004, "z": 1.1359572613071935}, "41": {"x": 2.0000000000000013, "y": 9.000000000000004, "z": 1.8251916827215027}, "42": {"x": 2.000000000000001, "y": 10.000000000000004, "z": 1.7143975524341575}, "43": {"x": 2.0000000000000004, "y": 11.0, "z": 1.8839104790985257}, "44": {"x": 1.999999999999999, "y": 11.999999999999993, "z": 1.6176419547006284}, "45": {"x": 1.9999999999999987, "y": 12.999999999999991, "z": 1.0883179720976333}, "46": {"x": 1.9999999999999998, "y": 13.999999999999996, "z": 1.0829580352246317}, "47": {"x": 2.0, "y": 15.0, "z": 0.0}, "48": {"x": 3.0, "y": 0.0, "z": 0.0}, "49": {"x": 3.0, "y": 1.0000000000000004, "z": 0.6681740726983032}, "50": {"x": 3.0000000000000004, "y": 2.000000000000001, "z": 0.7874661048812532}, "51": {"x": 3.0000000000000013, "y": 3.000000000000003, "z": 1.0610563129183297}, "52": {"x": 3.0000000000000036, "y": 4.000000000000005, "z": 0.8824302594370231}, "53": {"x": 3.000000000000005, "y": 5.000000000000008, "z": 0.8403104527562134}, "54": {"x": 3.0000000000000053, "y": 6.000000000000009, "z": 1.047436517776351}, "55": {"x": 3.000000000000004, "y": 7.000000000000007, "z": 0.7229816209867321}, "56": {"x": 3.000000000000002, "y": 8.000000000000004, "z": 1.397898415401944}, "57": {"x": 3.000000000000002, "y": 9.000000000000005, "z": 1.9754598891920758}, "58": {"x": 3.0000000000000013, "y": 10.000000000000005, "z": 2.078478818345061}, "59": {"x": 3.0000000000000004, "y": 11.000000000000002, "z": 2.1584466353093994}, "60": {"x": 2.9999999999999987, "y": 11.999999999999991, "z": 1.890756572335131}, "61": {"x": 2.9999999999999987, "y": 12.999999999999991, "z": 1.349069114190913}, "62": {"x": 2.999999999999999, "y": 13.999999999999993, "z": 0.9450536032126869}, "63": {"x": 3.0, "y": 15.0, "z": 0.0}, "64": {"x": 4.0, "y": 0.0, "z": 0.0}, "65": {"x": 4.000000000000001, "y": 1.0000000000000004, "z": 0.5516189242693487}, "66": {"x": 4.000000000000001, "y": 2.000000000000001, "z": 0.8518661935477825}, "67": {"x": 4.000000000000002, "y": 3.0000000000000027, "z": 1.0653602029511928}, "68": {"x": 4.0000000000000036, "y": 4.000000000000005, "z": 0.9891940233703749}, "69": {"x": 4.000000000000005, "y": 5.000000000000007, "z": 0.9532744245169971}, "70": {"x": 4.000000000000004, "y": 6.000000000000008, "z": 1.0356227004231873}, "71": {"x": 4.000000000000004, "y": 7.000000000000007, "z": 0.8502888916519791}, "72": {"x": 4.000000000000003, "y": 8.000000000000004, "z": 1.5041331363866044}, "73": {"x": 4.000000000000002, "y": 9.000000000000004, "z": 1.9787511239221784}, "74": {"x": 4.000000000000001, "y": 10.0, "z": 2.187418973683622}, "75": {"x": 3.999999999999999, "y": 10.999999999999995, "z": 2.200888474776863}, "76": {"x": 3.9999999999999987, "y": 11.999999999999996, "z": 1.947757908166816}, "77": {"x": 3.999999999999999, "y": 12.999999999999993, "z": 1.4420689361593624}, "78": {"x": 3.9999999999999996, "y": 13.999999999999995, "z": 0.845672965706381}, "79": {"x": 4.0, "y": 15.0, "z": 0.0}, "80": {"x": 5.0, "y": 0.0, "z": 0.0}, "81": {"x": 4.999999999999999, "y": 1.0000000000000002, "z": 1.0362286240556222}, "82": {"x": 4.999999999999998, "y": 2.0000000000000004, "z": 0.8746750852334636}, "83": {"x": 5.0000000000000036, "y": 3.000000000000003, "z": 1.2894472510097161}, "84": {"x": 5.000000000000004, "y": 4.000000000000004, "z": 1.0048185811287724}, "85": {"x": 5.000000000000006, "y": 5.000000000000007, "z": 0.9728128620879797}, "86": {"x": 5.000000000000006, "y": 6.000000000000009, "z": 1.4304091001397754}, "87": {"x": 5.000000000000005, "y": 7.000000000000008, "z": 0.8552900239186448}, "88": {"x": 5.000000000000003, "y": 8.000000000000004, "z": 1.5863160485799082}, "89": {"x": 5.0000000000000036, "y": 9.000000000000005, "z": 2.3773849208507953}, "90": {"x": 5.0, "y": 10.0, "z": 2.2834503156241768}, "91": {"x": 4.999999999999999, "y": 10.999999999999996, "z": 2.44311386761335}, "92": {"x": 4.999999999999998, "y": 11.999999999999995, "z": 2.1075246779151056}, "93": {"x": 4.999999999999998, "y": 12.999999999999991, "z": 1.46069497378407}, "94": {"x": 5.0, "y": 13.999999999999996, "z": 1.3202265998276033}, "95": {"x": 5.0, "y": 15.0, "z": 0.0}, "96": {"x": 6.0, "y": 0.0, "z": 0.0}, "97": {"x": 5.999999999999999, "y": 1.0000000000000002, "z": 1.2497359829307924}, "98": {"x": 5.999999999999997, "y": 2.0000000000000004, "z": 0.7942591640579696}, "99": {"x": 6.000000000000003, "y": 3.0000000000000036, "z": 1.2599612999977845}, "100": {"x": 6.000000000000005, "y": 4.000000000000004, "z": 0.9298170655058282}, "101": {"x": 6.000000000000006, "y": 5.000000000000007, "z": 0.9113319534178099}, "102": {"x": 6.0000000000000036, "y": 6.000000000000004, "z": 1.5245774807959571}, "103": {"x": 6.000000000000003, "y": 7.000000000000006, "z": 0.8127329861994411}, "104": {"x": 6.000000000000002, "y": 8.000000000000004, "z": 1.4694452206385036}, "105": {"x": 6.0, "y": 9.000000000000002, "z": 2.327688861943582}, "106": {"x": 5.999999999999998, "y": 10.0, "z": 2.0620953594549065}, "107": {"x": 6.000000000000001, "y": 11.000000000000002, "z": 2.2662989646268796}, "108": {"x": 6.0, "y": 11.999999999999998, "z": 1.9265938413632155}, "109": {"x": 5.999999999999999, "y": 12.999999999999995, "z": 1.2953515450579882}, "110": {"x": 5.999999999999999, "y": 14.0, "z": 1.4876300190244314}, "111": {"x": 6.0, "y": 15.0, "z": 0.0}, "112": {"x": 7.0, "y": 0.0, "z": 0.0}, "113": {"x": 6.999999999999998, "y": 1.0000000000000002, "z": 0.5017894769429105}, "114": {"x": 6.999999999999999,