{"attributes": {"name": "Mesh"}, "dva": {"x": 0.0, "y": 0.0, "z": 0.0}, "dea": {}, "dfa": {}, "vertex": {"0": {"x": 0.0, "y": 0.0, "z": 0.0}, "1": {"x": 0.0, "y": 1.0, "z": 0.0}, "2": {"x": 0.0, "y": 2.0, "z": 0.0}, "3": {"x": 0.0, "y": 3.0, "z": 0.0}, "4": {"x": 0.0, "y": 4.0, "z": 0.0}, "5": {"x": 0.0, "y": 5.0, "z": 0.0}, "6": {"x": 0.0, "y": 6.0, "z": 0.0}, "7": {"x": 0.0, "y": 7.0, "z": 0.0}, "8": {"x": 0.0, "y": 8.0, "z": 0.0}, "9": {"x": 0.0, "y": 9.0, "z": 0.0}, "10": {"x": 0.0, "y": 10.0, "z": 0.0}, "11": {"x": 0.0, "y": 11.0, "z": 0.0}, "12": {"x": 0.0, "y": 12.0, "z": 0.0}, "13": {"x": 0.0, "y": 13.0, "z": 0.0}, "14": {"x": 0.0, "y": 14.0, "z": 0.0}, "15": {"x": 0.0, "y": 15.0, "z": 0.0}, "16": {"x": 1.0, "y": 0.0, "z": 0.0}, "17": {"x": 1.0, "y": 1.0000000000000002, "z": 0.09939950566329982}, "18": {"x": 1.0, "y": 2.0, "z": 0.18523829264465272}, "19": {"x": 1.0, "y": 3.0, "z": 0.25999689248678853}, "20": {"x": 1.0, "y": 3.999999999999999, "z": 0.320669543250881}, "21": {"x": 1.0, "y": 4.999999999999998, "z": 0.36928981776223074}, "22": {"x": 1.0, "y": 5.999999999999998, "z": 0.40483200296276073}, "23": {"x": 0.9999999999999998, "y": 6.9999999999999964, "z": 0.4250547984396445}, "24": {"x": 1.0, "y": 7.9999999999999964, "z": 0.4322456259485015}, "25": {"x": 1.0, "y": 8.999999999999996, "z": 0.419509304567186}, "26": {"x": 1.0000000000000002, "y": 9.999999999999998, "z": 0.39322256099561115}, "27": {"x": 0.9999999999999999, "y": 10.999999999999995, "z": 0.3476959232831406}, "28": {"x": 0.9999999999999998, "y": 11.999999999999993, "z": 0.28240877260284813}, "29": {"x": 0.9999999999999997, "y": 12.999999999999991, "z": 0.2024613826425516}, "30": {"x": 0.9999999999999998, "y": 13.999999999999993, "z": 0.10645990091511516}, "31": {"x": 1.0, "y": 15.0, "z": 0.0}, "32": {"x": 2.0, "y": 0.0, "z": 0.0}, "33": {"x": 2.0000000000000004, "y": 1.0000000000000002, "z": 0.446438208828396}, "34": {"x": 2.0000000000000004, "y": 2.0000000000000004, "z": 0.703796807936979}, "35": {"x": 2.0, "y": 3.0, "z": 0.5749565338487358}, "36": {"x": 2.0000000000000013, "y": 4.000000000000001, "z": 0.6994163679008454}, "37": {"x": 2.0000000000000004, "y": 4.999999999999997, "z": 0.8669873589331679}, "38": {"x": 2.0000000000000004, "y": 5.999999999999998, "z": 0.9687547294571671}, "39": {"x": 2.0000000000000004, "y": 6.999999999999998, "z": 1.1412344211351488}, "40": {"x": 2.0000000000000013, "y": 8.0, "z": 1.0908429560312833}, "41": {"x": 2.0000000000000004, "y": 8.999999999999996, "z": 1.2840257579377716}, "42": {"x": 1.9999999999999998, "y": 9.999999999999993, "z": 1.2143386338108846}, "43": {"x": 2.0000000000000013, "y": 10.999999999999998, "z": 1.1917116815348414}, "44": {"x": 2.000000000000001, "y": 11.999999999999998, "z": 1.2212374735594014}, "45": {"x": 2.0000000000000004, "y": 12.999999999999995, "z": 1.030694857539271}, "46": {"x": 1.9999999999999996, "y": 13.999999999999995, "z": 0.767331131872911}, "47": {"x": 2.0, "y": 15.0, "z": 0.0}, "48": {"x": 3.0, "y": 0.0, "z": 0.0}, "49": {"x": 3.000000000000001, "y": 1.0000000000000004, "z": 0.5602071522704669}, "50": {"x": 3.000000000000001, "y": 2.0000000000000004, "z": 0.8453378114602578}, "51": {"x": 3.0, "y": 3.0, "z": 0.8120396526859622}, "52": {"x": 3.0000000000000018, "y": 4.000000000000001, "z": 0.9817493947022818}, "53": {"x": 3.0000000000000004, "y": 4.999999999999998, "z": 1.2103564122827488}, "54": {"x": 3.000000000000001, "y": 6.0, "z": 1.372743920944428}, "55": {"x": 3.000000000000001, "y": 7.0, "z": 1.571977872927636}, "56": {"x": 3.0000000000000018, "y": 8.000000000000004, "z": 1.5795708127291785}, "57": {"x": 3.0000000000000018, "y": 9.0, "z": 1.7729308335950502}, "58": {"x": 3.000000000000001, "y": 9.999999999999998, "z": 1.75466998840424}, "59": {"x": 3.0000000000000018, "y": 11.0, "z": 1.7220468953900443}, "60": {"x": 3.0000000000000018, "y": 12.0, "z": 1.6584508138828054}, "61": {"x": 3.0000000000000004, "y": 12.999999999999998, "z": 1.3692876648903938}, "62": {"x": 2.9999999999999996, "y": 13.999999999999995, "z": 0.8508201388072005}, "63": {"x": 3.0, "y": 15.0, "z": 0.0}, "64": {"x": 4.0, "y": 0.0, "z": 0.0}, "65": {"x": 4.000000000000001, "y": 1.0000000000000007, "z": 0.6833203472836588}, "66": {"x": 4.0, "y": 2.0000000000000004, "z": 1.1162841932270853}, "67": {"x": 4.0, "y": 3.0000000000000004, "z": 0.942378551646534}, "68": {"x": 4.000000000000003, "y": 4.000000000000002, "z": 1.1518189931482659}, "69": {"x": 4.000000000000001, "y": 4.999999999999999, "z": 1.428445992039906}, "70": {"x": 4.000000000000003, "y": 6.000000000000003, "z": 1.6081147179938022}, "71": {"x": 4.000000000000002, "y": 7.000000000000002, "z": 1.8955418183129804}, "72": {"x": 4.000000000000003, "y": 8.000000000000004, "z": 1.8420817955615756}, "73": {"x": 4.000000000000003, "y": 9.000000000000002, "z": 2.151744308032357}, "74": {"x": 4.0, "y": 9.999999999999998, "z": 2.0426969241543143}, "75": {"x": 4.000000000000001, "y": 11.000000000000002, "z": 1.9905002446078879}, "76": {"x": 4.000000000000003, "y": 12.000000000000004, "z": 1.9929151562524738}, "77": {"x": 4.000000000000002, "y": 13.0, "z": 1.6331558930897478}, "78": {"x": 4.0, "y": 13.999999999999996, "z": 1.2627388760281935}, "79": {"x": 4.0, "y": 15.0, "z": 0.0}, "80": {"x": 5.0, "y": 0.0, "z": 0.0}, "81": {"x": 5.0, "y": 1.0000000000000004, "z": 0.5379546350383578}, "82": {"x": 5.0, "y": 2.0000000000000004, "z": 0.8722812802082411}, "83": {"x": 5.0, "y": 3.0000000000000004, "z": 1.0033989790219016}, "84": {"x": 5.000000000000002, "y": 4.000000000000001, "z": 1.227617790764712}, "85": {"x": 5.000000000000001, "y": 5.000000000000001, "z": 1.4859287971890056}, "86": {"x": 5.000000000000002, "y": 6.000000000000003, "z": 1.6893507905414011}, "87": {"x": 5.0000000000000036, "y": 7.000000000000004, "z": 1.886851543184598}, "88": {"x": 5.000000000000003, "y": 8.000000000000004, "z": 1.9531033182995294}, "89": {"x": 5.000000000000001, "y": 9.000000000000002, "z": 2.080966428406095}, "90": {"x": 5.000000000000001, "y": 10.000000000000002, "z": 2.058372122804561}, "91": {"x": 5.000000000000002, "y": 11.000000000000002, "z": 1.956589342952655}, "92": {"x": 5.000000000000003, "y": 12.000000000000005, "z": 1.751256375657302}, "93": {"x": 5.000000000000002, "y": 13.000000000000002, "z": 1.3658223387355337}, "94": {"x": 5.000000000000001, "y": 14.0, "z": 0.7874852093991733}, "95": {"x": 5.0, "y": 15.0, "z": 0.0}, "96": {"x": 6.0, "y": 0.0, "z": 0.0}, "97": {"x": 5.999999999999997, "y": 0.9999999999999994, "z": 0.45829794181849215}, "98": {"x": 5.999999999999997, "y": 1.9999999999999993, "z": 0.7744474859476217}, "99": {"x": 5.999999999999999, "y": 3.0, "z": 0.9699583956351544}, "100": {"x": 6.000000000000001, "y": 4.000000000000001, "z": 1.192653078671834}, "101": {"x": 6.000000000000002, "y": 5.000000000000002, "z": 1.4316339487433374}, "102": {"x": 6.0000000000000036, "y": 6.0000000000000036, "z": 1.6277020400156956}, "103": {"x": 6.000000000000002, "y": 7.000000000000003, "z": 1.7972065500255814}, "104": {"x": 6.000000000000002, "y": 8.000000000000002, "z": 1.8815024397108424}, "105": {"x": 6.000000000000002, "y": 9.000000000000004, "z": 1.95831894571242}, "106": {"x": 6.000000000000003, "y": 10.000000000000002, "z": 1.9340822135887372}, "107": {"x": 6.000000000000002, "y": 11.0, "z": 1.8104713671228103}, "108": {"x": 6.000000000000002, "y": 12.000000000000002, "z": 1.5633352069011222}, "109": {"x": 6.000000000000002, "y": 13.000000000000004, "z": 1.18244534677468}, "110": {"x": 6.000000000000001, "y": 14.0, "z": 0.6520828499393223}, "111": {"x": 6.0, "y": 15.0, "z": 0.0}, "112": {"x": 7.0, "y": 0.0, "z": 0.0}, "113": {"x": 7.0, "y": 1.0, "z": 0.4772016125505602}, "114": {"x": 6.9999999999999964, "y": 1.9999999999999996, "z": 0.7639384902803185}, "115": {"x": 6.999999999999997, "y": 2.9999999999999996, "z": 0.8604664258757859}, "116": {"x": 6.999999999999999, "y": 4.0, "z": 1.0516945271811187}, "117": {"x": 7.0, "y": 5.0, "z": 1.2777236505046652},