{"attributes": {"name": "Mesh"}, "dva": {"x": 0.0, "y": 0.0, "z": 0.0}, "dea": {}, "dfa": {}, "vertex": {"0": {"x": 0.0, "y": 0.0, "z": 0.0}, "1": {"x": 0.0, "y": 1.0, "z": 0.0}, "2": {"x": 0.0, "y": 2.0, "z": 0.0}, "3": {"x": 0.0, "y": 3.0, "z": 0.0}, "4": {"x": 0.0, "y": 4.0, "z": 0.0}, "5": {"x": 0.0, "y": 5.0, "z": 0.0}, "6": {"x": 0.0, "y": 6.0, "z": 0.0}, "7": {"x": 0.0, "y": 7.0, "z": 0.0}, "8": {"x": 0.0, "y": 8.0, "z": 0.0}, "9": {"x": 0.0, "y": 9.0, "z": 0.0}, "10": {"x": 0.0, "y": 10.0, "z": 0.0}, "11": {"x": 0.0, "y": 11.0, "z": 0.0}, "12": {"x": 0.0, "y": 12.0, "z": 0.0}, "13": {"x": 0.0, "y": 13.0, "z": 0.0}, "14": {"x": 0.0, "y": 14.0, "z": 0.0}, "15": {"x": 0.0, "y": 15.0, "z": 0.0}, "16": {"x": 1.0, "y": 0.0, "z": 0.0}, "17": {"x": 1.0, "y": 1.0, "z": 0.184938474884395}, "18": {"x": 1.0000000000000002, "y": 2.0, "z": 0.34909918558796743}, "19": {"x": 1.0000000000000004, "y": 3.0000000000000004, "z": 0.46726354151098953}, "20": {"x": 1.0000000000000007, "y": 4.000000000000001, "z": 0.5464865940149644}, "21": {"x": 1.0000000000000004, "y": 5.0, "z": 0.6262177344770897}, "22": {"x": 1.0000000000000002, "y": 6.0, "z": 0.6767372336146791}, "23": {"x": 1.0000000000000004, "y": 6.999999999999998, "z": 0.6808344051938081}, "24": {"x": 1.0000000000000004, "y": 7.999999999999999, "z": 0.6509164298418987}, "25": {"x": 1.0000000000000004, "y": 9.0, "z": 0.571312836911017}, "26": {"x": 1.0000000000000007, "y": 10.000000000000002, "z": 0.520573093033728}, "27": {"x": 1.0000000000000004, "y": 11.000000000000002, "z": 0.4159523820801699}, "28": {"x": 1.0000000000000009, "y": 12.000000000000004, "z": 0.26829034386317574}, "29": {"x": 1.0000000000000007, "y": 13.000000000000005, "z": 0.1965932845701145}, "30": {"x": 1.0000000000000002, "y": 14.0, "z": 0.1268298777361912}, "31": {"x": 1.0, "y": 15.0, "z": 0.0}, "32": {"x": 2.0, "y": 0.0, "z": 0.0}, "33": {"x": 2.0000000000000004, "y": 1.0000000000000004, "z": 0.3296056177099609}, "34": {"x": 2.000000000000001, "y": 2.000000000000001, "z": 0.6235945334831969}, "35": {"x": 2.0000000000000013, "y": 3.0000000000000013, "z": 0.8329373038209191}, "36": {"x": 2.0000000000000013, "y": 4.000000000000002, "z": 0.9707217959943174}, "37": {"x": 2.0000000000000013, "y": 5.000000000000001, "z": 1.1172211882479253}, "38": {"x": 2.0000000000000013, "y": 6.000000000000003, "z": 1.2090589855953724}, "39": {"x": 2.0000000000000013, "y": 7.0000000000000036, "z": 1.2196706785413745}, "40": {"x": 2.0000000000000013, "y": 8.000000000000004, "z": 1.1582282344794952}, "41": {"x": 2.0000000000000013, "y": 9.000000000000004, "z": 1.0147050327227325}, "42": {"x": 2.0000000000000013, "y": 10.000000000000005, "z": 0.9201346119501755}, "43": {"x": 2.0000000000000018, "y": 11.000000000000005, "z": 0.7406788966838357}, "44": {"x": 2.0000000000000013, "y": 12.000000000000005, "z": 0.4725271012185234}, "45": {"x": 2.0000000000000018, "y": 13.000000000000004, "z": 0.34877235902203735}, "46": {"x": 2.0000000000000013, "y": 14.000000000000004, "z": 0.22076793011751272}, "47": {"x": 2.0, "y": 15.0, "z": 0.0}, "48": {"x": 3.0, "y": 0.0, "z": 0.0}, "49": {"x": 3.0000000000000004, "y": 1.0000000000000004, "z": 0.4437324816268961}, "50": {"x": 3.000000000000001, "y": 2.0000000000000013, "z": 0.9668257388637835}, "51": {"x": 3.0000000000000027, "y": 3.0000000000000027, "z": 1.204449722083921}, "52": {"x": 3.000000000000003, "y": 4.0000000000000036, "z": 1.2586918675320962}, "53": {"x": 3.000000000000002, "y": 5.000000000000003, "z": 1.5492720359955066}, "54": {"x": 3.000000000000001, "y": 6.000000000000001, "z": 1.8463620627231199}, "55": {"x": 3.0000000000000027, "y": 7.000000000000005, "z": 1.7674307693430438}, "56": {"x": 3.000000000000002, "y": 8.000000000000004, "z": 1.816340747696723}, "57": {"x": 3.0000000000000018, "y": 9.000000000000004, "z": 1.312069088403271}, "58": {"x": 3.000000000000002, "y": 10.000000000000004, "z": 1.5991833929151675}, "59": {"x": 3.0000000000000027, "y": 11.000000000000007, "z": 1.1533784588992864}, "60": {"x": 3.000000000000002, "y": 12.000000000000005, "z": 0.5909348618277441}, "61": {"x": 3.000000000000002, "y": 13.000000000000007, "z": 0.46054532747781174}, "62": {"x": 3.0000000000000018, "y": 14.000000000000002, "z": 0.6008214423077939}, "63": {"x": 3.0, "y": 15.0, "z": 0.0}, "64": {"x": 4.0, "y": 0.0, "z": 0.0}, "65": {"x": 4.000000000000001, "y": 1.0000000000000004, "z": 0.4921526428022813}, "66": {"x": 4.000000000000001, "y": 2.0000000000000013, "z": 1.048090929415224}, "67": {"x": 4.0000000000000036, "y": 3.0000000000000036, "z": 1.320417363555507}, "68": {"x": 4.000000000000004, "y": 4.000000000000004, "z": 1.4039645430381869}, "69": {"x": 4.000000000000003, "y": 5.0000000000000036, "z": 1.7133542454235804}, "70": {"x": 4.000000000000003, "y": 6.000000000000004, "z": 2.005009133238047}, "71": {"x": 4.0000000000000036, "y": 7.000000000000005, "z": 1.94989720887794}, "72": {"x": 4.000000000000003, "y": 8.000000000000005, "z": 1.954352130456483}, "73": {"x": 4.0000000000000036, "y": 9.000000000000007, "z": 1.4723544797522823}, "74": {"x": 4.0000000000000036, "y": 10.000000000000007, "z": 1.6778180790746042}, "75": {"x": 4.0000000000000036, "y": 11.000000000000007, "z": 1.2619043535453183}, "76": {"x": 4.000000000000003, "y": 12.000000000000007, "z": 0.672176571993703}, "77": {"x": 4.000000000000003, "y": 13.000000000000009, "z": 0.5205763932718684}, "78": {"x": 4.000000000000003, "y": 14.000000000000005, "z": 0.5860511037010371}, "79": {"x": 4.0, "y": 15.0, "z": 0.0}, "80": {"x": 5.0, "y": 0.0, "z": 0.0}, "81": {"x": 5.0, "y": 1.0000000000000007, "z": 0.47410713890560485}, "82": {"x": 5.000000000000003, "y": 2.000000000000002, "z": 0.9023772313105793}, "83": {"x": 5.0000000000000036, "y": 3.0000000000000036, "z": 1.2030151269499978}, "84": {"x": 5.000000000000004, "y": 4.000000000000004, "z": 1.397228389663604}, "85": {"x": 5.0000000000000036, "y": 5.000000000000004, "z": 1.6160902325562658}, "86": {"x": 5.0000000000000036, "y": 6.000000000000004, "z": 1.7570646462172392}, "87": {"x": 5.000000000000004, "y": 7.000000000000007, "z": 1.776692747852509}, "88": {"x": 5.000000000000005, "y": 8.000000000000007, "z": 1.6899271966100995}, "89": {"x": 5.000000000000004, "y": 9.000000000000009, "z": 1.4800898576578663}, "90": {"x": 5.0000000000000036, "y": 10.000000000000007, "z": 1.3551854191781179}, "91": {"x": 5.000000000000004, "y": 11.000000000000009, "z": 1.1022771858663911}, "92": {"x": 5.0000000000000036, "y": 12.000000000000007, "z": 0.7115124982106512}, "93": {"x": 5.0000000000000036, "y": 13.00000000000001, "z": 0.5270930827091561}, "94": {"x": 5.0000000000000036, "y": 14.000000000000004, "z": 0.33391769033559676}, "95": {"x": 5.0, "y": 15.0, "z": 0.0}, "96": {"x": 6.0, "y": 0.0, "z": 0.0}, "97": {"x": 5.999999999999999, "y": 1.0000000000000007, "z": 0.4206955767728611}, "98": {"x": 6.000000000000002, "y": 2.000000000000002, "z": 0.8221808147649634}, "99": {"x": 6.000000000000003, "y": 3.000000000000004, "z": 1.0849405743976681}, "100": {"x": 6.000000000000005, "y": 4.000000000000005, "z": 1.2412703648734278}, "101": {"x": 6.0000000000000036, "y": 5.000000000000006, "z": 1.4468781261015071}, "102": {"x": 6.000000000000005, "y": 6.000000000000006, "z": 1.600867942690412}, "103": {"x": 6.000000000000005, "y": 7.000000000000009, "z": 1.6026351187364911}, "104": {"x": 6.000000000000005, "y": 8.000000000000009, "z": 1.5622116047900236}, "105": {"x": 6.000000000000006, "y": 9.000000000000009, "z": 1.3333094556125211}, "106": {"x": 6.000000000000005, "y": 10.00000000000001, "z": 1.2992668613480334}, "107": {"x": 6.000000000000004, "y": 11.000000000000009, "z": 1.0401181046791708}, "108": {"x": 6.000000000000004, "y": 12.000000000000009, "z": 0.6684768615799911}, "109": {"x": 6.000000000000004, "y": 13.000000000000009, "z": 0.4941296552937814}, "110": {"x": 6.000000000000002, "y": 14.000000000000004, "z": 0.3657478710982458}, "111": {"x": 6.0, "y": 15.0, "z": 0.0}, "112": {"x": 7.0, "y": 0.0, "z": 0.0},