{"attributes": {"name": "Mesh"}, "dva": {"x": 0.0, "y": 0.0, "z": 0.0}, "dea": {}, "dfa": {}, "vertex": {"0": {"x": 0.0, "y": 0.0, "z": 0.0}, "1": {"x": 0.0, "y": 1.0, "z": 0.0}, "2": {"x": 0.0, "y": 2.0, "z": 0.0}, "3": {"x": 0.0, "y": 3.0, "z": 0.0}, "4": {"x": 0.0, "y": 4.0, "z": 0.0}, "5": {"x": 0.0, "y": 5.0, "z": 0.0}, "6": {"x": 0.0, "y": 6.0, "z": 0.0}, "7": {"x": 0.0, "y": 7.0, "z": 0.0}, "8": {"x": 0.0, "y": 8.0, "z": 0.0}, "9": {"x": 0.0, "y": 9.0, "z": 0.0}, "10": {"x": 0.0, "y": 10.0, "z": 0.0}, "11": {"x": 0.0, "y": 11.0, "z": 0.0}, "12": {"x": 0.0, "y": 12.0, "z": 0.0}, "13": {"x": 0.0, "y": 13.0, "z": 0.0}, "14": {"x": 0.0, "y": 14.0, "z": 0.0}, "15": {"x": 0.0, "y": 15.0, "z": 0.0}, "16": {"x": 1.0, "y": 0.0, "z": 0.0}, "17": {"x": 1.0000000000000002, "y": 1.0, "z": 0.1671715156160417}, "18": {"x": 1.0000000000000004, "y": 2.0, "z": 0.2843297327309986}, "19": {"x": 1.0000000000000002, "y": 2.9999999999999996, "z": 0.3503901449773207}, "20": {"x": 0.9999999999999994, "y": 3.999999999999998, "z": 0.4631868130171666}, "21": {"x": 0.999999999999999, "y": 4.999999999999996, "z": 0.5280113475874234}, "22": {"x": 0.9999999999999989, "y": 5.999999999999996, "z": 0.5496455825729418}, "23": {"x": 0.9999999999999989, "y": 6.999999999999996, "z": 0.5259644270156141}, "24": {"x": 0.9999999999999992, "y": 7.999999999999999, "z": 0.46696446330692415}, "25": {"x": 0.9999999999999991, "y": 9.000000000000002, "z": 0.36007417047194035}, "26": {"x": 0.9999999999999994, "y": 10.000000000000004, "z": 0.4172931382899381}, "27": {"x": 0.9999999999999998, "y": 11.000000000000007, "z": 0.42336277256284705}, "28": {"x": 0.9999999999999998, "y": 12.000000000000005, "z": 0.37671679972813216}, "29": {"x": 0.9999999999999996, "y": 13.0, "z": 0.278241641958149}, "30": {"x": 0.9999999999999997, "y": 13.999999999999998, "z": 0.15417378206690338}, "31": {"x": 1.0, "y": 15.0, "z": 0.0}, "32": {"x": 2.0, "y": 0.0, "z": 0.0}, "33": {"x": 1.9999999999999998, "y": 0.9999999999999994, "z": 0.4184077821250834}, "34": {"x": 1.9999999999999993, "y": 1.999999999999999, "z": 0.5891898370488886}, "35": {"x": 2.0, "y": 2.9999999999999996, "z": 0.6134942776994667}, "36": {"x": 1.9999999999999996, "y": 3.9999999999999987, "z": 0.91697385075458}, "37": {"x": 1.9999999999999991, "y": 4.999999999999997, "z": 1.023667118563064}, "38": {"x": 1.999999999999999, "y": 5.9999999999999964, "z": 1.0702378006775324}, "39": {"x": 1.9999999999999991, "y": 6.999999999999996, "z": 0.9962263756972488}, "40": {"x": 1.9999999999999982, "y": 7.999999999999995, "z": 0.9175796442535936}, "41": {"x": 1.999999999999998, "y": 8.999999999999998, "z": 0.61758100758791}, "42": {"x": 1.9999999999999987, "y": 10.000000000000002, "z": 0.8834351693509468}, "43": {"x": 1.999999999999998, "y": 10.999999999999996, "z": 0.9630714072520147}, "44": {"x": 1.9999999999999984, "y": 11.999999999999995, "z": 0.845402851842805}, "45": {"x": 1.9999999999999987, "y": 12.999999999999996, "z": 0.5205099110592339}, "46": {"x": 1.9999999999999991, "y": 13.999999999999996, "z": 0.2836929068897705}, "47": {"x": 2.0, "y": 15.0, "z": 0.0}, "48": {"x": 3.0, "y": 0.0, "z": 0.0}, "49": {"x": 2.9999999999999996, "y": 0.9999999999999994, "z": 0.4792346539802412}, "50": {"x": 3.0, "y": 1.999999999999999, "z": 0.722351295090437}, "51": {"x": 3.0000000000000004, "y": 2.999999999999999, "z": 0.785624777243079}, "52": {"x": 3.0000000000000004, "y": 3.9999999999999987, "z": 1.1378263504252033}, "53": {"x": 2.999999999999999, "y": 4.999999999999997, "z": 1.2898294662357581}, "54": {"x": 2.9999999999999982, "y": 5.999999999999996, "z": 1.3473557528289315}, "55": {"x": 2.9999999999999987, "y": 6.999999999999994, "z": 1.2649257396071174}, "56": {"x": 2.999999999999997, "y": 7.999999999999993, "z": 1.1416210179770747}, "57": {"x": 2.9999999999999973, "y": 8.999999999999996, "z": 0.8020598214498985}, "58": {"x": 2.999999999999997, "y": 9.999999999999996, "z": 1.0814147243962942}, "59": {"x": 2.9999999999999964, "y": 10.999999999999991, "z": 1.1559706751592402}, "60": {"x": 2.999999999999997, "y": 11.999999999999991, "z": 1.016877497495952}, "61": {"x": 2.999999999999998, "y": 12.999999999999996, "z": 0.6614231506515263}, "62": {"x": 2.9999999999999987, "y": 13.999999999999998, "z": 0.3596045283110866}, "63": {"x": 3.0, "y": 15.0, "z": 0.0}, "64": {"x": 4.0, "y": 0.0, "z": 0.0}, "65": {"x": 3.999999999999999, "y": 0.9999999999999994, "z": 0.4706930007392339}, "66": {"x": 4.0, "y": 1.9999999999999991, "z": 0.7571710505414749}, "67": {"x": 4.000000000000001, "y": 2.999999999999999, "z": 0.8603406823201749}, "68": {"x": 4.0, "y": 3.999999999999999, "z": 1.2038509715693568}, "69": {"x": 4.0, "y": 4.999999999999998, "z": 1.375167197766734}, "70": {"x": 3.9999999999999987, "y": 5.999999999999997, "z": 1.4366158101966977}, "71": {"x": 3.9999999999999982, "y": 6.999999999999997, "z": 1.3630831901188205}, "72": {"x": 3.999999999999996, "y": 7.999999999999996, "z": 1.2217396703014587}, "73": {"x": 3.999999999999996, "y": 8.999999999999995, "z": 0.903426847935782}, "74": {"x": 3.999999999999996, "y": 9.999999999999993, "z": 1.1414348818920665}, "75": {"x": 3.999999999999995, "y": 10.99999999999999, "z": 1.1906068160774206}, "76": {"x": 3.9999999999999956, "y": 11.99999999999999, "z": 1.0450052403120278}, "77": {"x": 3.999999999999997, "y": 12.999999999999993, "z": 0.7092889720663752}, "78": {"x": 3.9999999999999973, "y": 13.999999999999993, "z": 0.38597903507412085}, "79": {"x": 4.0, "y": 15.0, "z": 0.0}, "80": {"x": 5.0, "y": 0.0, "z": 0.0}, "81": {"x": 4.999999999999999, "y": 0.9999999999999996, "z": 0.7429238958234509}, "82": {"x": 4.999999999999999, "y": 1.9999999999999993, "z": 0.830029094808226}, "83": {"x": 5.0, "y": 2.9999999999999987, "z": 0.8265213009606981}, "84": {"x": 5.000000000000001, "y": 3.9999999999999987, "z": 1.2993550401009113}, "85": {"x": 5.000000000000001, "y": 4.999999999999998, "z": 1.3595288352545927}, "86": {"x": 5.0, "y": 5.999999999999997, "z": 1.4413813764742622}, "87": {"x": 4.9999999999999964, "y": 6.999999999999994, "z": 1.3395720044124522}, "88": {"x": 4.999999999999995, "y": 7.999999999999992, "z": 1.384279409679031}, "89": {"x": 4.999999999999994, "y": 8.999999999999991, "z": 0.90332194137063}, "90": {"x": 4.999999999999995, "y": 9.999999999999991, "z": 1.319692015943911}, "91": {"x": 4.999999999999996, "y": 10.999999999999991, "z": 1.4500977032682454}, "92": {"x": 4.999999999999996, "y": 11.99999999999999, "z": 1.2607171896368525}, "93": {"x": 4.999999999999996, "y": 12.999999999999995, "z": 0.6752928515749085}, "94": {"x": 4.999999999999996, "y": 13.999999999999991, "z": 0.3717691248284525}, "95": {"x": 5.0, "y": 15.0, "z": 0.0}, "96": {"x": 6.0, "y": 0.0, "z": 0.0}, "97": {"x": 5.999999999999999, "y": 0.9999999999999994, "z": 0.3159442147570276}, "98": {"x": 6.0, "y": 1.9999999999999993, "z": 0.5607688979078687}, "99": {"x": 6.000000000000001, "y": 2.999999999999999, "z": 0.7244403985073897}, "100": {"x": 6.000000000000001, "y": 3.9999999999999982, "z": 0.9186301637301091}, "101": {"x": 6.000000000000001, "y": 4.999999999999998, "z": 1.040367927757492}, "102": {"x": 5.999999999999999, "y": 5.999999999999997, "z": 1.0935334549481222}, "103": {"x": 5.999999999999997, "y": 6.999999999999996, "z": 1.0771210495790202}, "104": {"x": 5.999999999999995, "y": 7.999999999999994, "z": 1.0019831260857401}, "105": {"x": 5.999999999999992, "y": 8.999999999999991, "z": 0.8562113392325684}, "106": {"x": 5.999999999999994, "y": 9.999999999999993, "z": 0.8950246483558137}, "107": {"x": 5.999999999999996, "y": 10.999999999999995, "z": 0.8559345585593277}, "108": {"x": 5.999999999999996, "y": 11.999999999999993, "z": 0.7371615422741703}, "109": {"x": 5.999999999999996, "y": 12.999999999999996, "z": 0.5409433453516381}, "110": {"x": 5.999999999999995, "y": 13.999999999999993, "z": 0.2975121298895971}, "111": {"x": 6.0, "y": 15.0, "z": 0.0}, "112": {"x": 7.0, "y": 0.0, "z": 0.0}, "113": {"x": 6.999999999999999, "y": 0.9999999999999998,