{"attributes": {"name": "Mesh"}, "dva": {"x": 0.0, "y": 0.0, "z": 0.0}, "dea": {}, "dfa": {}, "vertex": {"0": {"x": 0.0, "y": 0.0, "z": 0.0}, "1": {"x": 0.0, "y": 1.0, "z": 0.0}, "2": {"x": 0.0, "y": 2.0, "z": 0.0}, "3": {"x": 0.0, "y": 3.0, "z": 0.0}, "4": {"x": 0.0, "y": 4.0, "z": 0.0}, "5": {"x": 0.0, "y": 5.0, "z": 0.0}, "6": {"x": 0.0, "y": 6.0, "z": 0.0}, "7": {"x": 0.0, "y": 7.0, "z": 0.0}, "8": {"x": 0.0, "y": 8.0, "z": 0.0}, "9": {"x": 0.0, "y": 9.0, "z": 0.0}, "10": {"x": 0.0, "y": 10.0, "z": 0.0}, "11": {"x": 0.0, "y": 11.0, "z": 0.0}, "12": {"x": 0.0, "y": 12.0, "z": 0.0}, "13": {"x": 0.0, "y": 13.0, "z": 0.0}, "14": {"x": 0.0, "y": 14.0, "z": 0.0}, "15": {"x": 0.0, "y": 15.0, "z": 0.0}, "16": {"x": 1.0, "y": 0.0, "z": 0.0}, "17": {"x": 0.9999999999999996, "y": 0.9999999999999997, "z": 0.40003099337917536}, "18": {"x": 0.9999999999999989, "y": 1.999999999999999, "z": 0.42084622464796334}, "19": {"x": 0.9999999999999989, "y": 2.999999999999999, "z": 0.806410837673527}, "20": {"x": 0.999999999999999, "y": 3.9999999999999996, "z": 0.44278644737260464}, "21": {"x": 0.9999999999999988, "y": 4.999999999999999, "z": 0.8642550244246542}, "22": {"x": 0.9999999999999989, "y": 6.0, "z": 1.000920904160785}, "23": {"x": 0.9999999999999988, "y": 7.0, "z": 1.382915068342938}, "24": {"x": 0.9999999999999993, "y": 8.0, "z": 0.47765879377825227}, "25": {"x": 0.9999999999999996, "y": 8.999999999999998, "z": 1.303415413249539}, "26": {"x": 0.9999999999999998, "y": 10.0, "z": 0.7604657754440209}, "27": {"x": 0.9999999999999993, "y": 10.999999999999996, "z": 0.7489315321823281}, "28": {"x": 0.9999999999999996, "y": 12.0, "z": 0.8900693482311429}, "29": {"x": 1.0000000000000002, "y": 13.000000000000002, "z": 0.3493259337950655}, "30": {"x": 1.0, "y": 14.0, "z": 0.2945975564465174}, "31": {"x": 1.0, "y": 15.0, "z": 0.0}, "32": {"x": 2.0, "y": 0.0, "z": 0.0}, "33": {"x": 1.999999999999999, "y": 0.9999999999999992, "z": 0.5141306236888158}, "34": {"x": 1.9999999999999978, "y": 1.9999999999999984, "z": 0.7098917515383856}, "35": {"x": 1.9999999999999982, "y": 2.9999999999999982, "z": 0.9736624542336603}, "36": {"x": 1.9999999999999978, "y": 3.999999999999998, "z": 0.8260597976069397}, "37": {"x": 1.9999999999999967, "y": 4.999999999999997, "z": 1.2521372549791587}, "38": {"x": 1.9999999999999971, "y": 5.999999999999997, "z": 1.4194428180990315}, "39": {"x": 1.9999999999999973, "y": 6.999999999999997, "z": 1.3864139087660479}, "40": {"x": 1.999999999999998, "y": 7.999999999999998, "z": 0.8966818600804692}, "41": {"x": 1.9999999999999987, "y": 8.999999999999998, "z": 1.308870417109216}, "42": {"x": 1.9999999999999993, "y": 9.999999999999998, "z": 1.254424712453834}, "43": {"x": 1.9999999999999982, "y": 10.999999999999995, "z": 1.2159291917669386}, "44": {"x": 1.9999999999999993, "y": 11.999999999999996, "z": 1.1185435510683615}, "45": {"x": 2.0, "y": 13.000000000000005, "z": 0.6343114246563718}, "46": {"x": 2.0, "y": 14.0, "z": 0.43752026991999127}, "47": {"x": 2.0, "y": 15.0, "z": 0.0}, "48": {"x": 3.0, "y": 0.0, "z": 0.0}, "49": {"x": 2.9999999999999982, "y": 0.9999999999999987, "z": 0.5336740425445571}, "50": {"x": 2.999999999999997, "y": 1.9999999999999976, "z": 0.865253621222682}, "51": {"x": 2.9999999999999973, "y": 2.9999999999999964, "z": 1.0747719005488956}, "52": {"x": 2.999999999999997, "y": 3.9999999999999964, "z": 1.1040099176574765}, "53": {"x": 2.999999999999995, "y": 4.999999999999995, "z": 1.4172124253031468}, "54": {"x": 2.9999999999999956, "y": 5.999999999999994, "z": 1.5450327656473712}, "55": {"x": 2.9999999999999964, "y": 6.999999999999993, "z": 1.4634649186380626}, "56": {"x": 2.999999999999997, "y": 7.999999999999996, "z": 1.2079957223699846}, "57": {"x": 2.999999999999998, "y": 8.999999999999996, "z": 1.447464324406999}, "58": {"x": 2.9999999999999982, "y": 9.999999999999998, "z": 1.5181863352571807}, "59": {"x": 2.999999999999998, "y": 10.999999999999993, "z": 1.4515942566918922}, "60": {"x": 2.999999999999999, "y": 11.999999999999998, "z": 1.2318218364435165}, "61": {"x": 3.0, "y": 13.000000000000004, "z": 0.8296782931356306}, "62": {"x": 3.0000000000000004, "y": 14.000000000000002, "z": 0.5040497349206525}, "63": {"x": 3.0, "y": 15.0, "z": 0.0}, "64": {"x": 4.0, "y": 0.0, "z": 0.0}, "65": {"x": 3.9999999999999987, "y": 0.999999999999999, "z": 0.6493348637831339}, "66": {"x": 3.9999999999999973, "y": 1.9999999999999976, "z": 0.9948926831815799}, "67": {"x": 3.999999999999996, "y": 2.999999999999997, "z": 1.308580610541827}, "68": {"x": 3.999999999999996, "y": 3.999999999999997, "z": 1.252752054849441}, "69": {"x": 3.999999999999995, "y": 4.999999999999995, "z": 1.67925363111872}, "70": {"x": 3.999999999999995, "y": 5.999999999999994, "z": 1.8492092168643888}, "71": {"x": 3.999999999999994, "y": 6.999999999999991, "z": 1.8301721992425044}, "72": {"x": 3.9999999999999956, "y": 7.999999999999993, "z": 1.3715681281547896}, "73": {"x": 3.999999999999995, "y": 8.999999999999993, "z": 1.7880836152142814}, "74": {"x": 3.999999999999997, "y": 9.999999999999995, "z": 1.754254029176887}, "75": {"x": 3.999999999999997, "y": 10.999999999999995, "z": 1.6809992358114294}, "76": {"x": 3.9999999999999982, "y": 12.0, "z": 1.4896475969336755}, "77": {"x": 3.999999999999999, "y": 13.000000000000002, "z": 0.9440773776710909}, "78": {"x": 3.9999999999999996, "y": 14.000000000000002, "z": 0.5934850335044262}, "79": {"x": 4.0, "y": 15.0, "z": 0.0}, "80": {"x": 5.0, "y": 0.0, "z": 0.0}, "81": {"x": 5.000000000000001, "y": 0.999999999999999, "z": 0.6215230044288071}, "82": {"x": 4.9999999999999964, "y": 1.9999999999999971, "z": 1.015517953554579}, "83": {"x": 4.999999999999995, "y": 2.999999999999996, "z": 1.269361236733592}, "84": {"x": 4.999999999999995, "y": 3.9999999999999956, "z": 1.313936996757354}, "85": {"x": 4.999999999999995, "y": 4.999999999999995, "z": 1.6645074941245706}, "86": {"x": 4.999999999999993, "y": 5.999999999999992, "z": 1.8090449381156246}, "87": {"x": 4.999999999999994, "y": 6.999999999999992, "z": 1.7280480805094363}, "88": {"x": 4.999999999999995, "y": 7.999999999999991, "z": 1.4412436745075585}, "89": {"x": 4.999999999999995, "y": 8.999999999999991, "z": 1.713761604839331}, "90": {"x": 4.9999999999999964, "y": 9.999999999999996, "z": 1.7845266705943987}, "91": {"x": 4.999999999999997, "y": 10.999999999999998, "z": 1.7027859710204474}, "92": {"x": 4.999999999999998, "y": 12.0, "z": 1.4489487691763305}, "93": {"x": 4.999999999999998, "y": 13.000000000000002, "z": 0.9841589919586683}, "94": {"x": 4.999999999999998, "y": 13.999999999999998, "z": 0.5921576308395834}, "95": {"x": 5.0, "y": 15.0, "z": 0.0}, "96": {"x": 6.0, "y": 0.0, "z": 0.0}, "97": {"x": 5.999999999999998, "y": 0.9999999999999987, "z": 0.6585519085214584}, "98": {"x": 5.999999999999996, "y": 1.9999999999999976, "z": 1.0055109046487944}, "99": {"x": 5.999999999999992, "y": 2.999999999999995, "z": 1.317834748760974}, "100": {"x": 5.999999999999994, "y": 3.9999999999999947, "z": 1.255284128501904}, "101": {"x": 5.999999999999994, "y": 4.999999999999995, "z": 1.6933205732503416}, "102": {"x": 5.999999999999993, "y": 5.999999999999993, "z": 1.8670433705058058}, "103": {"x": 5.999999999999992, "y": 6.99999999999999, "z": 1.840562972649356}, "104": {"x": 5.999999999999996, "y": 7.999999999999994, "z": 1.3709568291891583}, "105": {"x": 5.999999999999993, "y": 8.999999999999991, "z": 1.797313031871585}, "106": {"x": 5.999999999999994, "y": 9.999999999999993, "z": 1.7705004826735424}, "107": {"x": 5.999999999999995, "y": 10.999999999999995, "z": 1.69884114274103}, "108": {"x": 5.999999999999997, "y": 11.999999999999996, "z": 1.5038064042733066}, "109": {"x": 5.999999999999997, "y": 12.999999999999998, "z": 0.9490221472248836}, "110": {"x": 5.999999999999998, "y": 13.999999999999991, "z": 0.5993002975135103}, "111": {"x": 6.0, "y": 15.0, "z": 0.0}, "112": {"x": 7.0, "y": 0.0, "z": 0.0}, "113": {"x": 6.999999999999998, "y": 0.9999999999999992, "z": 0.5569930495271032},