{"attributes": {"name": "Mesh"}, "dva": {"x": 0.0, "y": 0.0, "z": 0.0}, "dea": {}, "dfa": {}, "vertex": {"0": {"x": 0.0, "y": 0.0, "z": 0.0}, "1": {"x": 0.0, "y": 1.0, "z": 0.0}, "2": {"x": 0.0, "y": 2.0, "z": 0.0}, "3": {"x": 0.0, "y": 3.0, "z": 0.0}, "4": {"x": 0.0, "y": 4.0, "z": 0.0}, "5": {"x": 0.0, "y": 5.0, "z": 0.0}, "6": {"x": 0.0, "y": 6.0, "z": 0.0}, "7": {"x": 0.0, "y": 7.0, "z": 0.0}, "8": {"x": 0.0, "y": 8.0, "z": 0.0}, "9": {"x": 0.0, "y": 9.0, "z": 0.0}, "10": {"x": 0.0, "y": 10.0, "z": 0.0}, "11": {"x": 0.0, "y": 11.0, "z": 0.0}, "12": {"x": 0.0, "y": 12.0, "z": 0.0}, "13": {"x": 0.0, "y": 13.0, "z": 0.0}, "14": {"x": 0.0, "y": 14.0, "z": 0.0}, "15": {"x": 0.0, "y": 15.0, "z": 0.0}, "16": {"x": 1.0, "y": 0.0, "z": 0.0}, "17": {"x": 1.0, "y": 1.0000000000000004, "z": 0.06355538958692772}, "18": {"x": 1.0, "y": 2.0000000000000013, "z": 0.10652354537199016}, "19": {"x": 1.0000000000000002, "y": 3.0000000000000018, "z": 0.12903876111596552}, "20": {"x": 1.0000000000000002, "y": 4.000000000000003, "z": 0.1567853378705491}, "21": {"x": 1.0, "y": 5.000000000000002, "z": 0.1672158416142041}, "22": {"x": 1.0000000000000002, "y": 6.000000000000002, "z": 0.19162505009434266}, "23": {"x": 1.0000000000000004, "y": 7.000000000000001, "z": 0.19761821002607907}, "24": {"x": 1.0000000000000002, "y": 8.000000000000002, "z": 0.18473347337357207}, "25": {"x": 1.0000000000000004, "y": 9.000000000000004, "z": 0.15784005405116758}, "26": {"x": 1.0000000000000002, "y": 10.000000000000002, "z": 0.176514925191909}, "27": {"x": 1.0, "y": 11.000000000000002, "z": 0.17641444642252174}, "28": {"x": 0.9999999999999999, "y": 12.000000000000002, "z": 0.15466511365396396}, "29": {"x": 1.0000000000000002, "y": 13.000000000000005, "z": 0.11317271064583155}, "30": {"x": 1.0, "y": 14.000000000000002, "z": 0.06659819691146752}, "31": {"x": 1.0, "y": 15.0, "z": 0.0}, "32": {"x": 2.0, "y": 0.0, "z": 0.0}, "33": {"x": 2.0000000000000004, "y": 1.0000000000000007, "z": 0.23101432094076432}, "34": {"x": 2.0000000000000004, "y": 2.0000000000000018, "z": 0.28553727222462394}, "35": {"x": 2.0, "y": 3.000000000000001, "z": 0.2344937859667274}, "36": {"x": 1.9999999999999993, "y": 4.000000000000001, "z": 0.46364616750792026}, "37": {"x": 1.9999999999999991, "y": 5.000000000000002, "z": 0.2976739986948358}, "38": {"x": 2.0000000000000004, "y": 6.000000000000004, "z": 0.4264649049917325}, "39": {"x": 2.0, "y": 7.000000000000003, "z": 0.4764980554407292}, "40": {"x": 1.9999999999999996, "y": 8.000000000000002, "z": 0.36532112428756985}, "41": {"x": 2.0000000000000004, "y": 9.000000000000005, "z": 0.27001221335429754}, "42": {"x": 2.000000000000001, "y": 10.000000000000005, "z": 0.49560911381511946}, "43": {"x": 2.000000000000001, "y": 11.000000000000007, "z": 0.4646586249526825}, "44": {"x": 2.0000000000000004, "y": 12.000000000000004, "z": 0.43605679537318115}, "45": {"x": 2.0000000000000004, "y": 13.000000000000005, "z": 0.2136505898717719}, "46": {"x": 2.000000000000001, "y": 14.000000000000004, "z": 0.16792218290485988}, "47": {"x": 2.0, "y": 15.0, "z": 0.0}, "48": {"x": 3.0, "y": 0.0, "z": 0.0}, "49": {"x": 3.0, "y": 1.0000000000000002, "z": 0.20240313349069602}, "50": {"x": 3.0000000000000004, "y": 2.000000000000001, "z": 0.3042366478987116}, "51": {"x": 3.0000000000000004, "y": 3.000000000000001, "z": 0.31519423475302516}, "52": {"x": 2.999999999999999, "y": 4.0, "z": 0.4084508420621055}, "53": {"x": 2.999999999999998, "y": 5.0, "z": 0.40085755317187455}, "54": {"x": 2.9999999999999982, "y": 6.0, "z": 0.5045290503374508}, "55": {"x": 2.9999999999999996, "y": 7.000000000000002, "z": 0.5307305297155971}, "56": {"x": 2.999999999999999, "y": 8.000000000000002, "z": 0.46790481098596143}, "57": {"x": 3.000000000000001, "y": 9.000000000000005, "z": 0.36558651588329705}, "58": {"x": 3.0000000000000004, "y": 10.000000000000007, "z": 0.4866078805636035}, "59": {"x": 3.0000000000000013, "y": 11.000000000000009, "z": 0.5096245031375332}, "60": {"x": 3.0000000000000013, "y": 12.000000000000007, "z": 0.44724145380967933}, "61": {"x": 3.0000000000000013, "y": 13.000000000000009, "z": 0.2896837019904322}, "62": {"x": 3.0000000000000013, "y": 14.000000000000009, "z": 0.18858351841992355}, "63": {"x": 3.0, "y": 15.0, "z": 0.0}, "64": {"x": 4.0, "y": 0.0, "z": 0.0}, "65": {"x": 3.9999999999999996, "y": 1.0000000000000002, "z": 0.19877717471373452}, "66": {"x": 4.0, "y": 2.0000000000000004, "z": 0.32070282588641963}, "67": {"x": 4.0, "y": 3.0000000000000013, "z": 0.3628663288997484}, "68": {"x": 3.999999999999999, "y": 4.0, "z": 0.4392489576540773}, "69": {"x": 3.999999999999998, "y": 5.0, "z": 0.46224433132065057}, "70": {"x": 3.999999999999997, "y": 6.0, "z": 0.5545907856277562}, "71": {"x": 3.999999999999997, "y": 6.999999999999999, "z": 0.5755321238192421}, "72": {"x": 3.999999999999997, "y": 8.0, "z": 0.5270204419172438}, "73": {"x": 4.0, "y": 9.000000000000005, "z": 0.42274268059560394}, "74": {"x": 4.000000000000002, "y": 10.000000000000009, "z": 0.5127008181957389}, "75": {"x": 4.0000000000000036, "y": 11.000000000000012, "z": 0.5373107284573887}, "76": {"x": 4.0000000000000036, "y": 12.000000000000012, "z": 0.4717689273295696}, "77": {"x": 4.000000000000001, "y": 13.000000000000009, "z": 0.3345288710230048}, "78": {"x": 4.000000000000001, "y": 14.000000000000005, "z": 0.20444300371151908}, "79": {"x": 4.0, "y": 15.0, "z": 0.0}, "80": {"x": 5.0, "y": 0.0, "z": 0.0}, "81": {"x": 5.000000000000001, "y": 1.0000000000000002, "z": 0.3972788428705079}, "82": {"x": 5.0, "y": 2.0000000000000004, "z": 0.4942278875208476}, "83": {"x": 5.000000000000002, "y": 3.000000000000002, "z": 0.37946630973361095}, "84": {"x": 4.999999999999999, "y": 4.000000000000001, "z": 0.666699037808191}, "85": {"x": 4.999999999999997, "y": 5.0, "z": 0.4747156301379434}, "86": {"x": 4.9999999999999964, "y": 5.999999999999999, "z": 0.7172555486771381}, "87": {"x": 4.999999999999997, "y": 6.999999999999999, "z": 0.7947745578157623}, "88": {"x": 4.999999999999997, "y": 8.0, "z": 0.6071379065037117}, "89": {"x": 4.999999999999999, "y": 9.000000000000002, "z": 0.4189112129512093}, "90": {"x": 5.000000000000001, "y": 10.000000000000004, "z": 0.8027087960240573}, "91": {"x": 5.000000000000003, "y": 11.00000000000001, "z": 0.8225049290582371}, "92": {"x": 5.000000000000003, "y": 12.000000000000012, "z": 0.7401431007404322}, "93": {"x": 5.000000000000001, "y": 13.000000000000007, "z": 0.3568880096543711}, "94": {"x": 5.0, "y": 14.000000000000009, "z": 0.2895291058081282}, "95": {"x": 5.0, "y": 15.0, "z": 0.0}, "96": {"x": 6.0, "y": 0.0, "z": 0.0}, "97": {"x": 6.000000000000002, "y": 1.0000000000000007, "z": 0.47927874347069865}, "98": {"x": 6.000000000000001, "y": 2.0000000000000004, "z": 0.5528876952639342}, "99": {"x": 6.000000000000003, "y": 3.000000000000002, "z": 0.3655000278486777}, "100": {"x": 6.000000000000001, "y": 4.000000000000001, "z": 0.8039537886481292}, "101": {"x": 5.9999999999999964, "y": 5.0, "z": 0.45286577081542145}, "102": {"x": 5.9999999999999964, "y": 6.0, "z": 0.7571495037489325}, "103": {"x": 5.999999999999997, "y": 7.0, "z": 0.865029395766361}, "104": {"x": 5.9999999999999964, "y": 8.0, "z": 0.6111491866483394}, "105": {"x": 5.9999999999999964, "y": 9.0, "z": 0.39185794677827107}, "106": {"x": 5.999999999999998, "y": 10.000000000000002, "z": 0.9233848905577107}, "107": {"x": 6.000000000000003, "y": 11.000000000000007, "z": 0.9117103242130179}, "108": {"x": 6.000000000000002, "y": 12.000000000000009, "z": 0.8424886523190968}, "109": {"x": 6.0, "y": 13.000000000000005, "z": 0.3484779627577245}, "110": {"x": 6.000000000000002, "y": 14.000000000000004, "z": 0.3169924057989135}, "111": {"x": 6.0, "y": 15.0, "z": 0.0}, "112": {"x": 7.0, "y": 0.0, "z": 0.0}, "113": {"x": 7.000000000000001, "y": 1.0000000000000004, "z": 0.3757459357397154}, "114": {"x": 7.0, "y": 2.0000000000000004, "z": 0.4583565438463293}, "115": {"x": 7.0, "y": 3.0000000000000013, "z": 0.3259236183618091}, "116": {"x": 6.999999999999997,