{"attributes": {"name": "Mesh"}, "dva": {"x": 0.0, "y": 0.0, "z": 0.0}, "dea": {}, "dfa": {}, "vertex": {"0": {"x": 0.0, "y": 0.0, "z": 0.0}, "1": {"x": 0.0, "y": 1.0, "z": 0.0}, "2": {"x": 0.0, "y": 2.0, "z": 0.0}, "3": {"x": 0.0, "y": 3.0, "z": 0.0}, "4": {"x": 0.0, "y": 4.0, "z": 0.0}, "5": {"x": 0.0, "y": 5.0, "z": 0.0}, "6": {"x": 0.0, "y": 6.0, "z": 0.0}, "7": {"x": 0.0, "y": 7.0, "z": 0.0}, "8": {"x": 0.0, "y": 8.0, "z": 0.0}, "9": {"x": 0.0, "y": 9.0, "z": 0.0}, "10": {"x": 0.0, "y": 10.0, "z": 0.0}, "11": {"x": 0.0, "y": 11.0, "z": 0.0}, "12": {"x": 0.0, "y": 12.0, "z": 0.0}, "13": {"x": 0.0, "y": 13.0, "z": 0.0}, "14": {"x": 0.0, "y": 14.0, "z": 0.0}, "15": {"x": 0.0, "y": 15.0, "z": 0.0}, "16": {"x": 1.0, "y": 0.0, "z": 0.0}, "17": {"x": 0.9999999999999998, "y": 0.9999999999999997, "z": 0.5066834763576129}, "18": {"x": 0.9999999999999998, "y": 1.9999999999999996, "z": 0.6539492007453518}, "19": {"x": 0.9999999999999999, "y": 2.9999999999999996, "z": 0.37499633147565803}, "20": {"x": 1.0000000000000002, "y": 4.000000000000001, "z": 0.689811596462154}, "21": {"x": 1.0000000000000004, "y": 5.0000000000000036, "z": 0.9412882633311769}, "22": {"x": 1.0000000000000009, "y": 6.000000000000004, "z": 0.782484177276184}, "23": {"x": 1.0000000000000009, "y": 7.000000000000003, "z": 0.5902562446386201}, "24": {"x": 1.0000000000000002, "y": 8.0, "z": 0.8291814688818018}, "25": {"x": 1.0000000000000002, "y": 9.000000000000002, "z": 0.7859706800388874}, "26": {"x": 1.0000000000000004, "y": 10.000000000000004, "z": 0.45592665849811526}, "27": {"x": 1.0000000000000002, "y": 11.0, "z": 0.28952576981265155}, "28": {"x": 1.0000000000000002, "y": 12.0, "z": 0.30096148567449754}, "29": {"x": 1.0, "y": 13.000000000000002, "z": 0.4270639231541857}, "30": {"x": 1.0000000000000002, "y": 14.000000000000004, "z": 0.45072761846236264}, "31": {"x": 1.0, "y": 15.0, "z": 0.0}, "32": {"x": 2.0, "y": 0.0, "z": 0.0}, "33": {"x": 1.9999999999999998, "y": 0.9999999999999997, "z": 0.6037017331195028}, "34": {"x": 1.9999999999999998, "y": 1.9999999999999998, "z": 0.8270022554722352}, "35": {"x": 1.9999999999999993, "y": 2.9999999999999996, "z": 0.6736026750165975}, "36": {"x": 2.0000000000000004, "y": 4.000000000000001, "z": 1.111477384680222}, "37": {"x": 2.000000000000001, "y": 5.000000000000003, "z": 1.369804699177052}, "38": {"x": 2.0000000000000013, "y": 6.0000000000000036, "z": 1.2835271011816585}, "39": {"x": 2.0000000000000013, "y": 7.000000000000003, "z": 1.0550473665861073}, "40": {"x": 2.0000000000000004, "y": 8.0, "z": 1.273832284183033}, "41": {"x": 2.0, "y": 9.0, "z": 1.1921079261089655}, "42": {"x": 2.0000000000000004, "y": 10.000000000000005, "z": 0.8011453437266336}, "43": {"x": 2.0000000000000004, "y": 11.000000000000004, "z": 0.5293748766127162}, "44": {"x": 2.0000000000000004, "y": 12.0, "z": 0.5324711146125942}, "45": {"x": 2.0, "y": 13.0, "z": 0.6489540555828601}, "46": {"x": 2.0000000000000004, "y": 14.000000000000004, "z": 0.5169045311324708}, "47": {"x": 2.0, "y": 15.0, "z": 0.0}, "48": {"x": 3.0, "y": 0.0, "z": 0.0}, "49": {"x": 3.0, "y": 0.9999999999999996, "z": 0.6994339261149681}, "50": {"x": 3.0, "y": 1.9999999999999993, "z": 0.985172336695079}, "51": {"x": 2.999999999999999, "y": 2.999999999999999, "z": 0.8690940685953932}, "52": {"x": 3.0, "y": 4.000000000000001, "z": 1.3764948506206112}, "53": {"x": 3.0000000000000004, "y": 5.000000000000002, "z": 1.6711049954123764}, "54": {"x": 3.0000000000000013, "y": 6.0000000000000036, "z": 1.5988753905909578}, "55": {"x": 3.0000000000000018, "y": 7.0000000000000036, "z": 1.3541950819046231}, "56": {"x": 3.000000000000001, "y": 8.000000000000004, "z": 1.5777076652418378}, "57": {"x": 3.0000000000000004, "y": 9.000000000000004, "z": 1.4727453980518415}, "58": {"x": 2.9999999999999996, "y": 10.000000000000004, "z": 1.0296636465036322}, "59": {"x": 3.000000000000001, "y": 11.000000000000004, "z": 0.7017131951412628}, "60": {"x": 3.0000000000000004, "y": 12.000000000000002, "z": 0.6870835527182604}, "61": {"x": 2.9999999999999996, "y": 12.999999999999998, "z": 0.7865769690368004}, "62": {"x": 2.9999999999999996, "y": 13.999999999999996, "z": 0.5967406338565299}, "63": {"x": 3.0, "y": 15.0, "z": 0.0}, "64": {"x": 4.0, "y": 0.0, "z": 0.0}, "65": {"x": 3.9999999999999996, "y": 0.9999999999999994, "z": 1.009465271647832}, "66": {"x": 4.0, "y": 1.9999999999999991, "z": 1.4172757993037752}, "67": {"x": 3.999999999999999, "y": 2.9999999999999987, "z": 0.9486082035731904}, "68": {"x": 3.9999999999999996, "y": 4.000000000000002, "z": 1.534363253361106}, "69": {"x": 4.0, "y": 5.000000000000001, "z": 2.106430956767104}, "70": {"x": 4.000000000000001, "y": 6.000000000000002, "z": 1.7712168982505523}, "71": {"x": 4.000000000000001, "y": 7.000000000000002, "z": 1.470136802855851}, "72": {"x": 4.000000000000002, "y": 8.000000000000007, "z": 1.871866080688399}, "73": {"x": 4.000000000000001, "y": 9.000000000000004, "z": 1.7629551720444754}, "74": {"x": 3.9999999999999987, "y": 9.999999999999998, "z": 1.1385913803421848}, "75": {"x": 4.000000000000001, "y": 11.000000000000005, "z": 0.7979745557553745}, "76": {"x": 4.0, "y": 12.000000000000004, "z": 0.7621481877883931}, "77": {"x": 3.999999999999999, "y": 12.999999999999996, "z": 0.8921972775201785}, "78": {"x": 3.9999999999999982, "y": 13.999999999999993, "z": 0.9708605979522934}, "79": {"x": 4.0, "y": 15.0, "z": 0.0}, "80": {"x": 5.0, "y": 0.0, "z": 0.0}, "81": {"x": 5.0, "y": 0.9999999999999997, "z": 0.6311593096224365}, "82": {"x": 4.999999999999998, "y": 1.9999999999999987, "z": 0.9542849902724019}, "83": {"x": 4.999999999999999, "y": 2.999999999999999, "z": 0.971742197457273}, "84": {"x": 4.999999999999999, "y": 4.000000000000001, "z": 1.3974561760699622}, "85": {"x": 4.999999999999999, "y": 5.000000000000001, "z": 1.6620644657497732}, "86": {"x": 5.000000000000001, "y": 6.000000000000002, "z": 1.6434694470447566}, "87": {"x": 5.000000000000002, "y": 7.000000000000003, "z": 1.4898077798101106}, "88": {"x": 5.000000000000002, "y": 8.000000000000004, "z": 1.6270178760874112}, "89": {"x": 5.000000000000001, "y": 9.000000000000004, "z": 1.5153615001350347}, "90": {"x": 4.999999999999999, "y": 10.0, "z": 1.1491719930546662}, "91": {"x": 5.0, "y": 11.000000000000002, "z": 0.8505380174976253}, "92": {"x": 4.999999999999999, "y": 12.0, "z": 0.7742674423170716}, "93": {"x": 4.999999999999999, "y": 12.999999999999996, "z": 0.7600647771520115}, "94": {"x": 4.999999999999998, "y": 13.999999999999996, "z": 0.5364091879069284}, "95": {"x": 5.0, "y": 15.0, "z": 0.0}, "96": {"x": 6.0, "y": 0.0, "z": 0.0}, "97": {"x": 6.0, "y": 0.9999999999999998, "z": 0.3907432219497212}, "98": {"x": 5.999999999999999, "y": 1.999999999999999, "z": 0.6863032152331685}, "99": {"x": 5.999999999999997, "y": 2.9999999999999987, "z": 0.8926150643573424}, "100": {"x": 5.999999999999998, "y": 3.9999999999999982, "z": 1.1432591235190528}, "101": {"x": 5.999999999999997, "y": 4.999999999999998, "z": 1.3003811833232455}, "102": {"x": 5.999999999999998, "y": 5.999999999999999, "z": 1.3694997534644737}, "103": {"x": 6.0, "y": 7.000000000000001, "z": 1.3501820624276228}, "104": {"x": 6.0, "y": 8.000000000000002, "z": 1.337669185393947}, "105": {"x": 6.000000000000001, "y": 9.000000000000002, "z": 1.237433989378907}, "106": {"x": 6.0, "y": 10.0, "z": 1.048345206370483}, "107": {"x": 6.000000000000001, "y": 11.000000000000002, "z": 0.8311852929100009}, "108": {"x": 5.999999999999999, "y": 11.999999999999998, "z": 0.7133345686941587}, "109": {"x": 5.999999999999998, "y": 12.999999999999993, "z": 0.5759197835232595}, "110": {"x": 5.999999999999999, "y": 13.999999999999996, "z": 0.3323924378374571}, "111": {"x": 6.0, "y": 15.0, "z": 0.0}, "112": {"x": 7.0, "y": 0.0, "z": 0.0}, "113": {"x": 6.999999999999999, "y": 0.9999999999999992, "z": 0.30845376071712866}, "114": {"x": 6.999999999999998, "y": 1.9999999999999984, "z": 0.5575824854886131}, "115": {"x": 6.999999999999996, "y": 2.999999999999997, "z": 0.7509177858346033},