{"attributes": {"name": "Mesh"}, "dva": {"x": 0.0, "y": 0.0, "z": 0.0}, "dea": {}, "dfa": {}, "vertex": {"0": {"x": 0.0, "y": 0.0, "z": 0.0}, "1": {"x": 0.0, "y": 1.0, "z": 0.0}, "2": {"x": 0.0, "y": 2.0, "z": 0.0}, "3": {"x": 0.0, "y": 3.0, "z": 0.0}, "4": {"x": 0.0, "y": 4.0, "z": 0.0}, "5": {"x": 0.0, "y": 5.0, "z": 0.0}, "6": {"x": 0.0, "y": 6.0, "z": 0.0}, "7": {"x": 0.0, "y": 7.0, "z": 0.0}, "8": {"x": 0.0, "y": 8.0, "z": 0.0}, "9": {"x": 0.0, "y": 9.0, "z": 0.0}, "10": {"x": 0.0, "y": 10.0, "z": 0.0}, "11": {"x": 0.0, "y": 11.0, "z": 0.0}, "12": {"x": 0.0, "y": 12.0, "z": 0.0}, "13": {"x": 0.0, "y": 13.0, "z": 0.0}, "14": {"x": 0.0, "y": 14.0, "z": 0.0}, "15": {"x": 0.0, "y": 15.0, "z": 0.0}, "16": {"x": 1.0, "y": 0.0, "z": 0.0}, "17": {"x": 1.0, "y": 0.9999999999999996, "z": 0.09870290391286358}, "18": {"x": 0.9999999999999998, "y": 1.9999999999999991, "z": 0.15694935651878675}, "19": {"x": 0.9999999999999999, "y": 2.999999999999999, "z": 0.1875235673383558}, "20": {"x": 0.9999999999999998, "y": 3.999999999999999, "z": 0.17784279177078904}, "21": {"x": 0.9999999999999994, "y": 4.999999999999998, "z": 0.13682880051120558}, "22": {"x": 0.9999999999999997, "y": 6.0, "z": 0.208491124226172}, "23": {"x": 0.9999999999999997, "y": 6.999999999999999, "z": 0.2970167787566245}, "24": {"x": 0.9999999999999998, "y": 8.0, "z": 0.35893731843349513}, "25": {"x": 0.9999999999999996, "y": 8.999999999999998, "z": 0.39522121404916644}, "26": {"x": 0.9999999999999997, "y": 9.999999999999998, "z": 0.40667907230657413}, "27": {"x": 0.9999999999999998, "y": 10.999999999999998, "z": 0.38817657306645376}, "28": {"x": 1.0, "y": 11.999999999999998, "z": 0.33841346317922066}, "29": {"x": 1.0000000000000004, "y": 13.000000000000004, "z": 0.25688022963245244}, "30": {"x": 1.0000000000000004, "y": 14.000000000000002, "z": 0.14552224894292443}, "31": {"x": 1.0, "y": 15.0, "z": 0.0}, "32": {"x": 2.0, "y": 0.0, "z": 0.0}, "33": {"x": 1.9999999999999996, "y": 0.9999999999999994, "z": 0.30457350910774117}, "34": {"x": 1.9999999999999996, "y": 1.9999999999999993, "z": 0.49747295036538197}, "35": {"x": 2.0, "y": 2.999999999999999, "z": 0.4393774360335952}, "36": {"x": 1.9999999999999996, "y": 3.999999999999999, "z": 0.38866526293046333}, "37": {"x": 1.9999999999999991, "y": 4.999999999999999, "z": 0.2260831773255935}, "38": {"x": 1.9999999999999996, "y": 6.000000000000001, "z": 0.3663662744217494}, "39": {"x": 2.0, "y": 7.000000000000001, "z": 0.6676937207655285}, "40": {"x": 2.0, "y": 8.000000000000002, "z": 0.7165013564268241}, "41": {"x": 1.9999999999999998, "y": 9.0, "z": 0.7843543826113613}, "42": {"x": 2.0, "y": 10.0, "z": 0.8832331705429377}, "43": {"x": 2.0000000000000004, "y": 11.000000000000002, "z": 0.8455001748811497}, "44": {"x": 2.0000000000000004, "y": 12.000000000000005, "z": 0.7104744858176334}, "45": {"x": 2.0000000000000004, "y": 13.000000000000004, "z": 0.6150810315243004}, "46": {"x": 2.0, "y": 14.0, "z": 0.32043253110768194}, "47": {"x": 2.0, "y": 15.0, "z": 0.0}, "48": {"x": 3.0, "y": 0.0, "z": 0.0}, "49": {"x": 2.9999999999999996, "y": 0.9999999999999996, "z": 0.3997351151479286}, "50": {"x": 3.0, "y": 1.999999999999999, "z": 0.6812794334395864}, "51": {"x": 3.0000000000000004, "y": 2.9999999999999987, "z": 0.5720791273830426}, "52": {"x": 3.0, "y": 3.999999999999999, "z": 0.5084308198754738}, "53": {"x": 2.9999999999999987, "y": 4.999999999999997, "z": 0.2963531591610583}, "54": {"x": 2.9999999999999996, "y": 6.0, "z": 0.47507923888005194}, "55": {"x": 3.0000000000000004, "y": 7.000000000000003, "z": 0.896902102932597}, "56": {"x": 2.999999999999999, "y": 8.0, "z": 0.9236906274780962}, "57": {"x": 2.9999999999999987, "y": 8.999999999999998, "z": 1.0081028687214966}, "58": {"x": 2.999999999999999, "y": 9.999999999999998, "z": 1.1430291303237983}, "59": {"x": 3.0, "y": 11.000000000000004, "z": 1.0911063101146727}, "60": {"x": 3.0000000000000004, "y": 12.000000000000005, "z": 0.91236945210224}, "61": {"x": 2.9999999999999996, "y": 13.000000000000002, "z": 0.8047527820576952}, "62": {"x": 3.0, "y": 14.0, "z": 0.4122798353498177}, "63": {"x": 3.0, "y": 15.0, "z": 0.0}, "64": {"x": 4.0, "y": 0.0, "z": 0.0}, "65": {"x": 4.0, "y": 0.9999999999999997, "z": 0.3550737293646131}, "66": {"x": 4.0, "y": 1.9999999999999991, "z": 0.5428869959363355}, "67": {"x": 4.000000000000002, "y": 2.9999999999999996, "z": 0.5769556596907286}, "68": {"x": 3.9999999999999996, "y": 3.9999999999999987, "z": 0.5237204622660377}, "69": {"x": 3.999999999999999, "y": 4.999999999999998, "z": 0.3499181772989662}, "70": {"x": 3.9999999999999982, "y": 5.999999999999997, "z": 0.5363755668709063}, "71": {"x": 3.9999999999999982, "y": 6.999999999999999, "z": 0.8296498554752678}, "72": {"x": 3.9999999999999987, "y": 7.999999999999998, "z": 0.9723320581686274}, "73": {"x": 3.9999999999999982, "y": 8.999999999999998, "z": 1.0668651998971836}, "74": {"x": 3.9999999999999987, "y": 9.999999999999998, "z": 1.1452297274716412}, "75": {"x": 4.0, "y": 11.000000000000005, "z": 1.0984896403673428}, "76": {"x": 4.0, "y": 12.000000000000002, "z": 0.9424095409160689}, "77": {"x": 3.9999999999999996, "y": 13.0, "z": 0.7550422809194224}, "78": {"x": 4.0, "y": 14.000000000000002, "z": 0.4162710935638493}, "79": {"x": 4.0, "y": 15.0, "z": 0.0}, "80": {"x": 5.0, "y": 0.0, "z": 0.0}, "81": {"x": 5.000000000000002, "y": 0.9999999999999998, "z": 0.34693249546688715}, "82": {"x": 5.000000000000001, "y": 1.9999999999999996, "z": 0.6589753452956765}, "83": {"x": 5.000000000000003, "y": 3.0000000000000004, "z": 0.538010743986933}, "84": {"x": 5.000000000000001, "y": 3.999999999999999, "z": 0.5168988103412233}, "85": {"x": 4.999999999999999, "y": 4.999999999999998, "z": 0.3717778604938477}, "86": {"x": 5.0, "y": 5.999999999999999, "z": 0.5436927253412704}, "87": {"x": 4.999999999999998, "y": 6.999999999999998, "z": 0.9569805736603106}, "88": {"x": 5.0, "y": 8.0, "z": 0.9287716726309797}, "89": {"x": 4.999999999999998, "y": 9.0, "z": 0.9945462534207156}, "90": {"x": 4.999999999999998, "y": 9.999999999999996, "z": 1.099150493324436}, "91": {"x": 4.999999999999999, "y": 10.999999999999998, "z": 1.0322221666107452}, "92": {"x": 4.999999999999999, "y": 12.000000000000002, "z": 0.8573268177129763}, "93": {"x": 5.0, "y": 13.000000000000002, "z": 0.7578337680693843}, "94": {"x": 5.0, "y": 14.0, "z": 0.3790841294085905}, "95": {"x": 5.0, "y": 15.0, "z": 0.0}, "96": {"x": 6.0, "y": 0.0, "z": 0.0}, "97": {"x": 6.000000000000003, "y": 1.0, "z": 0.1607756588208628}, "98": {"x": 6.0, "y": 1.9999999999999993, "z": 0.2734342836760181}, "99": {"x": 6.000000000000001, "y": 2.9999999999999996, "z": 0.36141669763175305}, "100": {"x": 6.000000000000002, "y": 4.0, "z": 0.38968765337768324}, "101": {"x": 5.999999999999999, "y": 5.0, "z": 0.37946472455492714}, "102": {"x": 5.999999999999999, "y": 6.000000000000001, "z": 0.5064865322711202}, "103": {"x": 6.0, "y": 7.000000000000002, "z": 0.6251283719205459}, "104": {"x": 6.000000000000001, "y": 8.000000000000004, "z": 0.7201279146848054}, "105": {"x": 5.999999999999999, "y": 8.999999999999998, "z": 0.7632931423755485}, "106": {"x": 5.999999999999997, "y": 9.999999999999996, "z": 0.7515706202472967}, "107": {"x": 5.999999999999997, "y": 10.999999999999996, "z": 0.700100748385863}, "108": {"x": 5.999999999999997, "y": 11.999999999999995, "z": 0.6031508632355752}, "109": {"x": 5.999999999999999, "y": 12.999999999999996, "z": 0.4430293248241809}, "110": {"x": 5.999999999999999, "y": 13.999999999999998, "z": 0.25000081308341154}, "111": {"x": 6.0, "y": 15.0, "z": 0.0}, "112": {"x": 7.0, "y": 0.0, "z": 0.0}, "113": {"x": 7.0, "y": 0.9999999999999998, "z": 0.22063286838756518}, "114": {"x": 7.0, "y": 1.9999999999999996, "z": 0.3551053396160835}, "115": {"x": 7.000000000000001, "y": 2.9999999999999996, "z": 0.3985917176234666}, "116": {"x": 7.000000000000002, "y": 4.000000000000001, "z": 0.3931857125057006}, "117": {"x": 6.999999999999999, "y": 4.999999999999999, "z": 0.3201624279256291},