{"attributes": {"name": "Mesh"}, "dva": {"x": 0.0, "y": 0.0, "z": 0.0}, "dea": {}, "dfa": {}, "vertex": {"0": {"x": 0.0, "y": 0.0, "z": 0.0}, "1": {"x": 0.0, "y": 1.0, "z": 0.0}, "2": {"x": 0.0, "y": 2.0, "z": 0.0}, "3": {"x": 0.0, "y": 3.0, "z": 0.0}, "4": {"x": 0.0, "y": 4.0, "z": 0.0}, "5": {"x": 0.0, "y": 5.0, "z": 0.0}, "6": {"x": 0.0, "y": 6.0, "z": 0.0}, "7": {"x": 0.0, "y": 7.0, "z": 0.0}, "8": {"x": 0.0, "y": 8.0, "z": 0.0}, "9": {"x": 0.0, "y": 9.0, "z": 0.0}, "10": {"x": 0.0, "y": 10.0, "z": 0.0}, "11": {"x": 0.0, "y": 11.0, "z": 0.0}, "12": {"x": 0.0, "y": 12.0, "z": 0.0}, "13": {"x": 0.0, "y": 13.0, "z": 0.0}, "14": {"x": 0.0, "y": 14.0, "z": 0.0}, "15": {"x": 0.0, "y": 15.0, "z": 0.0}, "16": {"x": 1.0, "y": 0.0, "z": 0.0}, "17": {"x": 1.0000000000000002, "y": 1.0000000000000002, "z": 0.18440012177095494}, "18": {"x": 1.0000000000000004, "y": 2.0000000000000004, "z": 0.30880336462843305}, "19": {"x": 1.0000000000000004, "y": 3.000000000000001, "z": 0.3730314717940266}, "20": {"x": 1.0000000000000002, "y": 4.000000000000002, "z": 0.41284056965757926}, "21": {"x": 1.0000000000000002, "y": 5.000000000000003, "z": 0.39238009251567074}, "22": {"x": 0.9999999999999994, "y": 6.0, "z": 0.39309325826794983}, "23": {"x": 0.9999999999999996, "y": 6.999999999999998, "z": 0.4441054131472155}, "24": {"x": 0.9999999999999997, "y": 7.999999999999998, "z": 0.4403543368839781}, "25": {"x": 0.999999999999999, "y": 8.999999999999995, "z": 0.40771479472994754}, "26": {"x": 0.9999999999999986, "y": 9.999999999999993, "z": 0.34730251388768685}, "27": {"x": 0.9999999999999983, "y": 10.999999999999993, "z": 0.22898398287341282}, "28": {"x": 0.9999999999999992, "y": 11.999999999999996, "z": 0.2610596656211838}, "29": {"x": 0.9999999999999994, "y": 12.999999999999996, "z": 0.22760654899659957}, "30": {"x": 0.9999999999999998, "y": 13.999999999999998, "z": 0.14300772390445873}, "31": {"x": 1.0, "y": 15.0, "z": 0.0}, "32": {"x": 2.0, "y": 0.0, "z": 0.0}, "33": {"x": 2.0000000000000004, "y": 1.0, "z": 0.3421210925291504}, "34": {"x": 2.0, "y": 2.0, "z": 0.5656744814586078}, "35": {"x": 2.0000000000000004, "y": 3.0, "z": 0.6692490211069152}, "36": {"x": 2.000000000000001, "y": 4.000000000000001, "z": 0.7403865838324197}, "37": {"x": 2.0000000000000004, "y": 5.0, "z": 0.6897976882087958}, "38": {"x": 1.999999999999998, "y": 5.999999999999995, "z": 0.6887151367078551}, "39": {"x": 1.9999999999999984, "y": 6.999999999999996, "z": 0.792983342101122}, "40": {"x": 1.9999999999999996, "y": 7.999999999999998, "z": 0.7862631718282718}, "41": {"x": 1.999999999999999, "y": 8.999999999999995, "z": 0.7289986383967038}, "42": {"x": 1.9999999999999976, "y": 9.999999999999988, "z": 0.6245216958181478}, "43": {"x": 1.9999999999999967, "y": 10.999999999999986, "z": 0.4023113297394637}, "44": {"x": 1.9999999999999973, "y": 11.99999999999999, "z": 0.4766046394699055}, "45": {"x": 1.999999999999998, "y": 12.999999999999991, "z": 0.4186931963482344}, "46": {"x": 1.9999999999999996, "y": 14.0, "z": 0.26537102817304553}, "47": {"x": 2.0, "y": 15.0, "z": 0.0}, "48": {"x": 3.0, "y": 0.0, "z": 0.0}, "49": {"x": 3.000000000000001, "y": 1.0, "z": 0.47031080382006546}, "50": {"x": 3.0000000000000004, "y": 2.0, "z": 0.7691276620800492}, "51": {"x": 3.0000000000000004, "y": 2.9999999999999996, "z": 0.873742610046594}, "52": {"x": 3.0000000000000018, "y": 4.0, "z": 0.9905534314458927}, "53": {"x": 3.0000000000000013, "y": 4.999999999999998, "z": 0.8883830258175879}, "54": {"x": 2.9999999999999973, "y": 5.999999999999992, "z": 0.8848853108862856}, "55": {"x": 2.9999999999999987, "y": 6.999999999999995, "z": 1.0524814403861635}, "56": {"x": 2.9999999999999996, "y": 7.999999999999997, "z": 1.0286857940542953}, "57": {"x": 2.999999999999999, "y": 8.999999999999996, "z": 0.9545925663008537}, "58": {"x": 2.999999999999997, "y": 9.99999999999999, "z": 0.8393412384157876}, "59": {"x": 2.999999999999995, "y": 10.999999999999984, "z": 0.5205313677410968}, "60": {"x": 2.999999999999996, "y": 11.999999999999986, "z": 0.6695780036942147}, "61": {"x": 2.999999999999997, "y": 12.999999999999988, "z": 0.5651650104294983}, "62": {"x": 2.9999999999999987, "y": 13.999999999999993, "z": 0.3611287407722862}, "63": {"x": 3.0, "y": 15.0, "z": 0.0}, "64": {"x": 4.0, "y": 0.0, "z": 0.0}, "65": {"x": 4.0, "y": 0.9999999999999999, "z": 0.5033277940043953}, "66": {"x": 4.0, "y": 1.9999999999999996, "z": 0.8276513299550349}, "67": {"x": 4.000000000000001, "y": 2.999999999999999, "z": 0.951480498941082}, "68": {"x": 4.000000000000002, "y": 3.999999999999999, "z": 1.0817688135958192}, "69": {"x": 4.000000000000001, "y": 4.9999999999999964, "z": 0.9882279965713338}, "70": {"x": 3.999999999999998, "y": 5.999999999999992, "z": 0.9898553785859988}, "71": {"x": 3.9999999999999987, "y": 6.999999999999995, "z": 1.1614297570013643}, "72": {"x": 3.999999999999999, "y": 7.9999999999999964, "z": 1.1358777380021352}, "73": {"x": 3.9999999999999987, "y": 8.999999999999996, "z": 1.054903957241091}, "74": {"x": 3.9999999999999956, "y": 9.99999999999999, "z": 0.9279445332593429}, "75": {"x": 3.999999999999994, "y": 10.999999999999982, "z": 0.5916665869418022}, "76": {"x": 3.9999999999999942, "y": 11.999999999999984, "z": 0.7304809934302036}, "77": {"x": 3.999999999999996, "y": 12.999999999999986, "z": 0.6133760067024268}, "78": {"x": 3.9999999999999987, "y": 13.999999999999996, "z": 0.38840258115178156}, "79": {"x": 4.0, "y": 15.0, "z": 0.0}, "80": {"x": 5.0, "y": 0.0, "z": 0.0}, "81": {"x": 5.000000000000001, "y": 1.0000000000000002, "z": 0.44868237557581414}, "82": {"x": 5.000000000000001, "y": 2.0000000000000004, "z": 0.7538303984258738}, "83": {"x": 5.000000000000002, "y": 3.0, "z": 0.9050702913194987}, "84": {"x": 5.000000000000002, "y": 3.9999999999999987, "z": 1.0301924124542656}, "85": {"x": 5.000000000000002, "y": 4.999999999999997, "z": 0.9902797603775616}, "86": {"x": 5.0, "y": 5.999999999999995, "z": 1.003864266480011}, "87": {"x": 4.999999999999999, "y": 6.999999999999993, "z": 1.1312975351124206}, "88": {"x": 4.999999999999997, "y": 7.999999999999995, "z": 1.1110416163844425}, "89": {"x": 4.999999999999997, "y": 8.999999999999993, "z": 1.0326147796002374}, "90": {"x": 4.999999999999996, "y": 9.999999999999988, "z": 0.9018515394411485}, "91": {"x": 4.999999999999994, "y": 10.999999999999984, "z": 0.6152531510481098}, "92": {"x": 4.999999999999995, "y": 11.999999999999984, "z": 0.6839112486613076}, "93": {"x": 4.9999999999999964, "y": 12.99999999999999, "z": 0.5681762807142976}, "94": {"x": 4.999999999999999, "y": 13.999999999999998, "z": 0.35115297711532023}, "95": {"x": 5.0, "y": 15.0, "z": 0.0}, "96": {"x": 6.0, "y": 0.0, "z": 0.0}, "97": {"x": 6.000000000000002, "y": 1.0000000000000002, "z": 0.3283183842966228}, "98": {"x": 6.000000000000002, "y": 2.0, "z": 0.5776188974413965}, "99": {"x": 6.000000000000002, "y": 3.0, "z": 0.754068362695976}, "100": {"x": 6.000000000000002, "y": 3.9999999999999982, "z": 0.8598893974106885}, "101": {"x": 6.000000000000002, "y": 4.9999999999999964, "z": 0.9000172841520373}, "102": {"x": 5.999999999999999, "y": 5.999999999999995, "z": 0.9291117097472293}, "103": {"x": 5.999999999999997, "y": 6.999999999999995, "z": 0.981361704499229}, "104": {"x": 5.9999999999999964, "y": 7.999999999999994, "z": 0.9704383813992822}, "105": {"x": 5.999999999999997, "y": 8.999999999999993, "z": 0.9028835453250337}, "106": {"x": 5.9999999999999964, "y": 9.999999999999991, "z": 0.7787636273446812}, "107": {"x": 5.999999999999996, "y": 10.99999999999999, "z": 0.5898637057265075}, "108": {"x": 5.9999999999999964, "y": 11.999999999999993, "z": 0.5521777550686533}, "109": {"x": 5.9999999999999964, "y": 12.999999999999991, "z": 0.4495277331062206}, "110": {"x": 5.999999999999999, "y": 13.999999999999996, "z": 0.2646001707389919}, "111": {"x": 6.0, "y": 15.0, "z": 0.0}, "112": {"x": 7.0, "y": 0.0, "z": 0.0}, "113": {"x": 7.0000000000000036, "y": 1.0000000000000004, "z": 0.27316278518853065}, "114": {"x": 7.000000000000005,