{"attributes": {"name": "Mesh"}, "dva": {"x": 0.0, "y": 0.0, "z": 0.0}, "dea": {}, "dfa": {}, "vertex": {"0": {"x": 0.0, "y": 0.0, "z": 0.0}, "1": {"x": 0.0, "y": 1.0, "z": 0.0}, "2": {"x": 0.0, "y": 2.0, "z": 0.0}, "3": {"x": 0.0, "y": 3.0, "z": 0.0}, "4": {"x": 0.0, "y": 4.0, "z": 0.0}, "5": {"x": 0.0, "y": 5.0, "z": 0.0}, "6": {"x": 0.0, "y": 6.0, "z": 0.0}, "7": {"x": 0.0, "y": 7.0, "z": 0.0}, "8": {"x": 0.0, "y": 8.0, "z": 0.0}, "9": {"x": 0.0, "y": 9.0, "z": 0.0}, "10": {"x": 0.0, "y": 10.0, "z": 0.0}, "11": {"x": 0.0, "y": 11.0, "z": 0.0}, "12": {"x": 0.0, "y": 12.0, "z": 0.0}, "13": {"x": 0.0, "y": 13.0, "z": 0.0}, "14": {"x": 0.0, "y": 14.0, "z": 0.0}, "15": {"x": 0.0, "y": 15.0, "z": 0.0}, "16": {"x": 1.0, "y": 0.0, "z": 0.0}, "17": {"x": 1.0000000000000009, "y": 1.0000000000000009, "z": 0.36765893080844136}, "18": {"x": 1.0000000000000016, "y": 2.0000000000000013, "z": 0.7096769868990485}, "19": {"x": 1.0000000000000018, "y": 3.000000000000003, "z": 0.3759464141107623}, "20": {"x": 1.0000000000000024, "y": 4.0000000000000036, "z": 0.8550835080688138}, "21": {"x": 1.0000000000000024, "y": 5.0000000000000036, "z": 0.9537801936089605}, "22": {"x": 1.0000000000000024, "y": 6.000000000000004, "z": 0.7710478263293051}, "23": {"x": 1.0000000000000018, "y": 7.000000000000003, "z": 0.9105885682110384}, "24": {"x": 1.000000000000001, "y": 8.0, "z": 0.4753861757070648}, "25": {"x": 1.0000000000000007, "y": 9.000000000000002, "z": 0.08819247320622338}, "26": {"x": 1.0000000000000007, "y": 10.0, "z": 0.7246878588270756}, "27": {"x": 1.0, "y": 10.999999999999995, "z": 1.1763964229023907}, "28": {"x": 1.0, "y": 11.999999999999996, "z": 1.2487328757278857}, "29": {"x": 0.9999999999999998, "y": 12.999999999999998, "z": 1.0685615807744475}, "30": {"x": 1.0, "y": 13.999999999999998, "z": 0.35134818047690947}, "31": {"x": 1.0, "y": 15.0, "z": 0.0}, "32": {"x": 2.0, "y": 0.0, "z": 0.0}, "33": {"x": 2.0000000000000018, "y": 1.0000000000000016, "z": 0.49522460780335253}, "34": {"x": 2.000000000000003, "y": 2.000000000000003, "z": 0.7557146278688394}, "35": {"x": 2.0000000000000036, "y": 3.000000000000005, "z": 0.6999594799616289}, "36": {"x": 2.0000000000000044, "y": 4.000000000000006, "z": 1.138610451575437}, "37": {"x": 2.0000000000000053, "y": 5.000000000000008, "z": 1.3112509837562052}, "38": {"x": 2.000000000000005, "y": 6.000000000000009, "z": 1.2432016750758046}, "39": {"x": 2.0000000000000036, "y": 7.000000000000004, "z": 1.1238692923284235}, "40": {"x": 2.000000000000002, "y": 8.000000000000002, "z": 0.7245494050249798}, "41": {"x": 2.0000000000000018, "y": 9.000000000000002, "z": 0.17049921155632497}, "42": {"x": 2.000000000000001, "y": 10.0, "z": 0.8289057563738681}, "43": {"x": 2.0000000000000004, "y": 10.999999999999996, "z": 1.2091455680963583}, "44": {"x": 1.9999999999999998, "y": 11.999999999999995, "z": 1.2903862920119047}, "45": {"x": 1.9999999999999996, "y": 12.999999999999996, "z": 1.072310880887612}, "46": {"x": 2.0, "y": 13.999999999999998, "z": 0.5510697666294543}, "47": {"x": 2.0, "y": 15.0, "z": 0.0}, "48": {"x": 3.0, "y": 0.0, "z": 0.0}, "49": {"x": 3.000000000000003, "y": 1.000000000000002, "z": 0.5937611221357174}, "50": {"x": 3.000000000000004, "y": 2.0000000000000036, "z": 0.9670139398587311}, "51": {"x": 3.000000000000005, "y": 3.0000000000000053, "z": 0.9103795926501542}, "52": {"x": 3.0000000000000067, "y": 4.000000000000007, "z": 1.4204968269979918}, "53": {"x": 3.0000000000000067, "y": 5.000000000000008, "z": 1.6037797093897028}, "54": {"x": 3.0000000000000075, "y": 6.0000000000000115, "z": 1.4999719312226172}, "55": {"x": 3.0000000000000058, "y": 7.000000000000008, "z": 1.3815528094104608}, "56": {"x": 3.000000000000003, "y": 8.000000000000004, "z": 0.8804323339250155}, "57": {"x": 3.000000000000002, "y": 9.0, "z": 0.22921546497894862}, "58": {"x": 3.0000000000000013, "y": 9.999999999999998, "z": 0.9618738199916247}, "59": {"x": 3.0000000000000018, "y": 11.0, "z": 1.4035568189917158}, "60": {"x": 3.0000000000000004, "y": 12.0, "z": 1.4952870501617854}, "61": {"x": 2.9999999999999996, "y": 12.999999999999998, "z": 1.2585553633367728}, "62": {"x": 2.9999999999999996, "y": 14.0, "z": 0.6323723456343139}, "63": {"x": 3.0, "y": 15.0, "z": 0.0}, "64": {"x": 4.0, "y": 0.0, "z": 0.0}, "65": {"x": 4.0000000000000036, "y": 1.0000000000000024, "z": 0.5300582320120957}, "66": {"x": 4.000000000000006, "y": 2.000000000000005, "z": 0.8626072495351889}, "67": {"x": 4.000000000000007, "y": 3.0000000000000067, "z": 1.0471627949970033}, "68": {"x": 4.000000000000009, "y": 4.000000000000009, "z": 1.3625508877100052}, "69": {"x": 4.000000000000009, "y": 5.000000000000009, "z": 1.516732428915332}, "70": {"x": 4.000000000000008, "y": 6.00000000000001, "z": 1.4959200581607903}, "71": {"x": 4.000000000000007, "y": 7.000000000000008, "z": 1.2606159091679943}, "72": {"x": 4.000000000000004, "y": 8.000000000000005, "z": 0.8641251717563698}, "73": {"x": 4.000000000000003, "y": 9.0, "z": 0.2748501114438344}, "74": {"x": 4.000000000000003, "y": 9.999999999999998, "z": 0.7191505729553}, "75": {"x": 4.000000000000001, "y": 10.999999999999993, "z": 0.9645402722137819}, "76": {"x": 4.0, "y": 11.999999999999991, "z": 1.0237783109684966}, "77": {"x": 3.9999999999999987, "y": 12.999999999999993, "z": 0.8903691742074922}, "78": {"x": 3.999999999999999, "y": 13.999999999999996, "z": 0.5815794568922112}, "79": {"x": 4.0, "y": 15.0, "z": 0.0}, "80": {"x": 5.0, "y": 0.0, "z": 0.0}, "81": {"x": 5.0000000000000036, "y": 1.0000000000000022, "z": 0.7446372103897835}, "82": {"x": 5.000000000000006, "y": 2.000000000000005, "z": 1.299915233581781}, "83": {"x": 5.00000000000001, "y": 3.000000000000007, "z": 1.0875159893296569}, "84": {"x": 5.000000000000009, "y": 4.000000000000008, "z": 1.8066857801859921}, "85": {"x": 5.000000000000008, "y": 5.000000000000009, "z": 2.03172434348334}, "86": {"x": 5.000000000000005, "y": 6.000000000000006, "z": 1.8472276753232333}, "87": {"x": 5.000000000000007, "y": 7.000000000000005, "z": 1.8089271414186407}, "88": {"x": 5.000000000000004, "y": 8.000000000000005, "z": 1.0914912343760348}, "89": {"x": 5.0000000000000036, "y": 9.000000000000002, "z": 0.268426772582464}, "90": {"x": 5.000000000000003, "y": 10.0, "z": 1.251863685586438}, "91": {"x": 5.0, "y": 10.999999999999993, "z": 1.8913894694071427}, "92": {"x": 4.999999999999998, "y": 11.999999999999993, "z": 2.0123202834198057}, "93": {"x": 4.999999999999999, "y": 12.999999999999993, "z": 1.7318680697818911}, "94": {"x": 4.999999999999999, "y": 13.999999999999998, "z": 0.7929983572033242}, "95": {"x": 5.0, "y": 15.0, "z": 0.0}, "96": {"x": 6.0, "y": 0.0, "z": 0.0}, "97": {"x": 6.0000000000000036, "y": 1.000000000000002, "z": 0.734006417906664}, "98": {"x": 6.000000000000007, "y": 2.000000000000005, "z": 1.1042267512208586}, "99": {"x": 6.000000000000009, "y": 3.0000000000000067, "z": 1.0741641731880545}, "100": {"x": 6.000000000000009, "y": 4.000000000000007, "z": 1.7076868128850597}, "101": {"x": 6.00000000000001, "y": 5.00000000000001, "z": 1.9824333992490457}, "102": {"x": 6.000000000000009, "y": 6.000000000000008, "z": 1.9172490123934598}, "103": {"x": 6.000000000000008, "y": 7.000000000000008, "z": 1.6947279424930695}, "104": {"x": 6.000000000000004, "y": 8.000000000000004, "z": 1.1054374543360581}, "105": {"x": 6.000000000000005, "y": 9.000000000000005, "z": 0.25486919442051276}, "106": {"x": 6.000000000000003, "y": 10.0, "z": 1.2038879138467269}, "107": {"x": 6.000000000000001, "y": 10.999999999999996, "z": 1.744202818171192}, "108": {"x": 6.000000000000001, "y": 11.999999999999995, "z": 1.868220436363072}, "109": {"x": 6.0, "y": 12.999999999999995, "z": 1.5692423814932828}, "110": {"x": 6.000000000000001, "y": 14.000000000000002, "z": 0.8637903564123419}, "111": {"x": 6.0, "y": 15.0, "z": 0.0}, "112": {"x": 7.0, "y": 0.0, "z": 0.0}, "113": {"x": 7.000000000000003, "y": 1.0000000000000013, "z": 0.8116660053560923}, "114": {"x": 7.000000000000004, "y": 2.0000000000000036,