{"attributes": {"name": "Mesh"}, "dva": {"x": 0.0, "y": 0.0, "z": 0.0}, "dea": {}, "dfa": {}, "vertex": {"0": {"x": 0.0, "y": 0.0, "z": 0.0}, "1": {"x": 0.0, "y": 1.0, "z": 0.0}, "2": {"x": 0.0, "y": 2.0, "z": 0.0}, "3": {"x": 0.0, "y": 3.0, "z": 0.0}, "4": {"x": 0.0, "y": 4.0, "z": 0.0}, "5": {"x": 0.0, "y": 5.0, "z": 0.0}, "6": {"x": 0.0, "y": 6.0, "z": 0.0}, "7": {"x": 0.0, "y": 7.0, "z": 0.0}, "8": {"x": 0.0, "y": 8.0, "z": 0.0}, "9": {"x": 0.0, "y": 9.0, "z": 0.0}, "10": {"x": 0.0, "y": 10.0, "z": 0.0}, "11": {"x": 0.0, "y": 11.0, "z": 0.0}, "12": {"x": 0.0, "y": 12.0, "z": 0.0}, "13": {"x": 0.0, "y": 13.0, "z": 0.0}, "14": {"x": 0.0, "y": 14.0, "z": 0.0}, "15": {"x": 0.0, "y": 15.0, "z": 0.0}, "16": {"x": 1.0, "y": 0.0, "z": 0.0}, "17": {"x": 0.9999999999999998, "y": 0.9999999999999997, "z": 0.9580239918318184}, "18": {"x": 0.9999999999999993, "y": 1.9999999999999991, "z": 0.8145624511133561}, "19": {"x": 0.9999999999999998, "y": 2.999999999999999, "z": 0.30224715114566947}, "20": {"x": 1.0000000000000004, "y": 4.000000000000002, "z": 0.05741809541457791}, "21": {"x": 0.9999999999999997, "y": 4.999999999999998, "z": 0.40225358496921154}, "22": {"x": 0.9999999999999997, "y": 5.999999999999998, "z": 0.5881007385718297}, "23": {"x": 0.9999999999999988, "y": 6.9999999999999964, "z": 0.7178469399684904}, "24": {"x": 0.9999999999999987, "y": 7.999999999999994, "z": 1.6190986245940178}, "25": {"x": 0.9999999999999986, "y": 8.999999999999995, "z": 1.6601061455219945}, "26": {"x": 0.9999999999999989, "y": 9.999999999999996, "z": 0.8932118222719959}, "27": {"x": 0.9999999999999992, "y": 10.999999999999996, "z": 0.5098939459307242}, "28": {"x": 0.9999999999999993, "y": 12.000000000000002, "z": 1.2168221883749621}, "29": {"x": 0.9999999999999994, "y": 12.999999999999998, "z": 0.6965838614833856}, "30": {"x": 0.9999999999999997, "y": 13.999999999999998, "z": 0.31797002993890516}, "31": {"x": 1.0, "y": 15.0, "z": 0.0}, "32": {"x": 2.0, "y": 0.0, "z": 0.0}, "33": {"x": 1.9999999999999996, "y": 0.9999999999999993, "z": 0.35086684954725106}, "34": {"x": 1.9999999999999993, "y": 1.9999999999999987, "z": 0.4802184485179914}, "35": {"x": 2.0, "y": 2.9999999999999996, "z": 0.3787902322218575}, "36": {"x": 2.0000000000000004, "y": 4.0, "z": 0.11116501697126131}, "37": {"x": 1.9999999999999993, "y": 4.9999999999999964, "z": 0.5955339757122019}, "38": {"x": 1.999999999999999, "y": 5.999999999999995, "z": 0.9388773212835946}, "39": {"x": 1.9999999999999978, "y": 6.999999999999992, "z": 1.1901101549444426}, "40": {"x": 1.9999999999999973, "y": 7.999999999999991, "z": 1.431774746218921}, "41": {"x": 1.9999999999999973, "y": 8.999999999999991, "z": 1.4614474685552976}, "42": {"x": 1.9999999999999973, "y": 9.99999999999999, "z": 1.2780497922814258}, "43": {"x": 1.9999999999999982, "y": 10.999999999999991, "z": 0.9475395690642913}, "44": {"x": 1.9999999999999982, "y": 11.999999999999993, "z": 0.9941442794190709}, "45": {"x": 1.9999999999999987, "y": 12.999999999999993, "z": 0.8315094905640187}, "46": {"x": 1.9999999999999993, "y": 13.999999999999995, "z": 0.47551003233238426}, "47": {"x": 2.0, "y": 15.0, "z": 0.0}, "48": {"x": 3.0, "y": 0.0, "z": 0.0}, "49": {"x": 2.9999999999999996, "y": 0.9999999999999997, "z": 0.3997717992436775}, "50": {"x": 2.999999999999999, "y": 1.9999999999999993, "z": 0.5433897270908512}, "51": {"x": 3.0000000000000004, "y": 3.0, "z": 0.44197087619421993}, "52": {"x": 3.0000000000000004, "y": 4.0, "z": 0.149188624800166}, "53": {"x": 2.9999999999999987, "y": 4.999999999999996, "z": 0.7428741606949056}, "54": {"x": 2.9999999999999987, "y": 5.999999999999995, "z": 1.1728349050854967}, "55": {"x": 2.9999999999999973, "y": 6.999999999999992, "z": 1.4821488677153158}, "56": {"x": 2.9999999999999964, "y": 7.99999999999999, "z": 1.7576622352486855}, "57": {"x": 2.9999999999999964, "y": 8.99999999999999, "z": 1.7921781040756573}, "58": {"x": 2.9999999999999973, "y": 9.999999999999988, "z": 1.58622468520457}, "59": {"x": 2.999999999999998, "y": 10.999999999999986, "z": 1.2251199870008318}, "60": {"x": 2.9999999999999973, "y": 11.99999999999999, "z": 1.2433921919439912}, "61": {"x": 2.999999999999998, "y": 12.99999999999999, "z": 1.0131957944410659}, "62": {"x": 2.9999999999999987, "y": 13.999999999999993, "z": 0.5816377961873093}, "63": {"x": 3.0, "y": 15.0, "z": 0.0}, "64": {"x": 4.0, "y": 0.0, "z": 0.0}, "65": {"x": 4.0, "y": 0.9999999999999993, "z": 0.34354879623847606}, "66": {"x": 4.0, "y": 1.999999999999999, "z": 0.4984115660494047}, "67": {"x": 4.000000000000001, "y": 2.9999999999999996, "z": 0.447225930805625}, "68": {"x": 4.000000000000001, "y": 3.9999999999999996, "z": 0.17421184419665292}, "69": {"x": 4.0, "y": 4.999999999999997, "z": 0.8044294497088443}, "70": {"x": 4.0, "y": 5.9999999999999964, "z": 1.2740471389729493}, "71": {"x": 3.9999999999999982, "y": 6.999999999999992, "z": 1.6078546722217488}, "72": {"x": 3.9999999999999964, "y": 7.999999999999988, "z": 1.8268580446757634}, "73": {"x": 3.999999999999997, "y": 8.999999999999986, "z": 1.8609349499099404}, "74": {"x": 3.9999999999999973, "y": 9.999999999999986, "z": 1.7085405992376885}, "75": {"x": 3.999999999999998, "y": 10.999999999999984, "z": 1.3784612568963028}, "76": {"x": 3.999999999999997, "y": 11.999999999999984, "z": 1.3106594622630972}, "77": {"x": 3.9999999999999973, "y": 12.999999999999988, "z": 1.0642719664864424}, "78": {"x": 3.9999999999999973, "y": 13.999999999999993, "z": 0.6191850490227554}, "79": {"x": 4.0, "y": 15.0, "z": 0.0}, "80": {"x": 5.0, "y": 0.0, "z": 0.0}, "81": {"x": 5.000000000000001, "y": 1.0, "z": 0.6396355494073694}, "82": {"x": 5.000000000000001, "y": 2.0, "z": 0.7684873121122926}, "83": {"x": 5.000000000000001, "y": 2.9999999999999996, "z": 0.5203724127382925}, "84": {"x": 5.000000000000002, "y": 3.9999999999999996, "z": 0.17993588237487004}, "85": {"x": 5.000000000000002, "y": 4.999999999999998, "z": 0.8578957381646767}, "86": {"x": 5.000000000000002, "y": 5.999999999999997, "z": 1.3303771755493308}, "87": {"x": 4.999999999999999, "y": 6.999999999999993, "z": 1.6742890414460314}, "88": {"x": 5.0, "y": 7.999999999999992, "z": 2.1882106629535913}, "89": {"x": 4.999999999999999, "y": 8.999999999999991, "z": 2.2465652235804185}, "90": {"x": 4.999999999999999, "y": 9.99999999999999, "z": 1.8602387132773874}, "91": {"x": 5.0, "y": 10.999999999999988, "z": 1.3998196915995138}, "92": {"x": 4.999999999999999, "y": 11.999999999999988, "z": 1.5686312842107182}, "93": {"x": 4.999999999999999, "y": 12.999999999999988, "z": 1.2178529545969905}, "94": {"x": 4.999999999999997, "y": 13.99999999999999, "z": 0.6637266217569328}, "95": {"x": 5.0, "y": 15.0, "z": 0.0}, "96": {"x": 6.0, "y": 0.0, "z": 0.0}, "97": {"x": 6.0, "y": 1.0, "z": 0.31219078271938094}, "98": {"x": 6.0, "y": 1.9999999999999996, "z": 0.45916304899969357}, "99": {"x": 6.000000000000002, "y": 3.0000000000000004, "z": 0.4167973452318081}, "100": {"x": 6.000000000000002, "y": 3.9999999999999996, "z": 0.17806098908603019}, "101": {"x": 6.000000000000001, "y": 4.999999999999998, "z": 0.7576326105333375}, "102": {"x": 6.000000000000001, "y": 5.999999999999998, "z": 1.1910355411516333}, "103": {"x": 6.000000000000001, "y": 6.999999999999996, "z": 1.5016730043053077}, "104": {"x": 6.0, "y": 7.999999999999994, "z": 1.7051648580876793}, "105": {"x": 6.0, "y": 8.999999999999993, "z": 1.7442531143036661}, "106": {"x": 6.000000000000002, "y": 9.999999999999995, "z": 1.616887390455871}, "107": {"x": 6.000000000000002, "y": 10.999999999999993, "z": 1.3214937200753598}, "108": {"x": 6.0, "y": 11.99999999999999, "z": 1.2382961283913987}, "109": {"x": 6.0, "y": 12.999999999999993, "z": 1.0007790119552693}, "110": {"x": 6.0, "y": 13.999999999999996, "z": 0.5771937526676302}, "111": {"x": 6.0, "y": 15.0, "z": 0.0}, "112": {"x": 7.0, "y": 0.0, "z": 0.0}, "113": {"x": 7.000000000000002, "y": 1.0, "z": 0.7876681945851597}, "114": {"x": 7.000000000000001, "y": 2.0, "z": 0.8045541380598421}, "115": {"x": 7.000000000000002,