{"attributes": {"name": "Mesh"}, "dva": {"x": 0.0, "y": 0.0, "z": 0.0}, "dea": {}, "dfa": {}, "vertex": {"0": {"x": 0.0, "y": 0.0, "z": 0.0}, "1": {"x": 0.0, "y": 1.0, "z": 0.0}, "2": {"x": 0.0, "y": 2.0, "z": 0.0}, "3": {"x": 0.0, "y": 3.0, "z": 0.0}, "4": {"x": 0.0, "y": 4.0, "z": 0.0}, "5": {"x": 0.0, "y": 5.0, "z": 0.0}, "6": {"x": 0.0, "y": 6.0, "z": 0.0}, "7": {"x": 0.0, "y": 7.0, "z": 0.0}, "8": {"x": 0.0, "y": 8.0, "z": 0.0}, "9": {"x": 0.0, "y": 9.0, "z": 0.0}, "10": {"x": 0.0, "y": 10.0, "z": 0.0}, "11": {"x": 0.0, "y": 11.0, "z": 0.0}, "12": {"x": 0.0, "y": 12.0, "z": 0.0}, "13": {"x": 0.0, "y": 13.0, "z": 0.0}, "14": {"x": 0.0, "y": 14.0, "z": 0.0}, "15": {"x": 0.0, "y": 15.0, "z": 0.0}, "16": {"x": 1.0, "y": 0.0, "z": 0.0}, "17": {"x": 1.0000000000000004, "y": 1.0000000000000009, "z": 0.3963648905313325}, "18": {"x": 1.0000000000000007, "y": 2.000000000000002, "z": 0.539679376402649}, "19": {"x": 1.0000000000000007, "y": 3.000000000000002, "z": 0.5460314596008368}, "20": {"x": 1.0000000000000007, "y": 4.0000000000000036, "z": 0.7832313802116968}, "21": {"x": 1.0000000000000009, "y": 5.000000000000004, "z": 0.6199111642615445}, "22": {"x": 1.000000000000001, "y": 6.0000000000000036, "z": 0.7785385206185576}, "23": {"x": 1.0000000000000009, "y": 7.000000000000002, "z": 0.625725976726268}, "24": {"x": 1.0000000000000007, "y": 8.000000000000004, "z": 0.4971020396586792}, "25": {"x": 1.0000000000000002, "y": 9.000000000000002, "z": 0.687744599490551}, "26": {"x": 0.9999999999999998, "y": 10.000000000000004, "z": 0.4462908137737723}, "27": {"x": 0.9999999999999993, "y": 11.0, "z": 0.4345908423861591}, "28": {"x": 0.9999999999999996, "y": 12.0, "z": 0.48879834759186674}, "29": {"x": 0.9999999999999998, "y": 13.0, "z": 0.29513705299378773}, "30": {"x": 0.9999999999999996, "y": 13.999999999999996, "z": 0.16404877022950323}, "31": {"x": 1.0, "y": 15.0, "z": 0.0}, "32": {"x": 2.0, "y": 0.0, "z": 0.0}, "33": {"x": 2.0, "y": 1.0000000000000013, "z": 0.32559156660713623}, "34": {"x": 2.000000000000001, "y": 2.0000000000000027, "z": 0.5838950894800419}, "35": {"x": 2.0000000000000013, "y": 3.0000000000000044, "z": 0.7736540980575045}, "36": {"x": 2.000000000000002, "y": 4.000000000000007, "z": 0.9023967765617893}, "37": {"x": 2.000000000000002, "y": 5.000000000000008, "z": 0.9725470455104329}, "38": {"x": 2.000000000000002, "y": 6.000000000000008, "z": 1.0023434585270368}, "39": {"x": 2.0000000000000018, "y": 7.000000000000007, "z": 0.972690983373519}, "40": {"x": 2.000000000000001, "y": 8.000000000000007, "z": 0.8950645641740103}, "41": {"x": 2.0, "y": 9.000000000000004, "z": 0.8693042600576846}, "42": {"x": 1.9999999999999996, "y": 10.000000000000002, "z": 0.7865973014833085}, "43": {"x": 1.999999999999999, "y": 11.0, "z": 0.7193714822906547}, "44": {"x": 1.9999999999999991, "y": 12.0, "z": 0.6207660282718}, "45": {"x": 1.9999999999999991, "y": 12.999999999999996, "z": 0.4607292483425475}, "46": {"x": 1.9999999999999993, "y": 13.999999999999996, "z": 0.2545132984195779}, "47": {"x": 2.0, "y": 15.0, "z": 0.0}, "48": {"x": 3.0, "y": 0.0, "z": 0.0}, "49": {"x": 2.9999999999999996, "y": 1.0000000000000007, "z": 0.46496740145315196}, "50": {"x": 2.999999999999999, "y": 2.0000000000000013, "z": 0.8011144360099449}, "51": {"x": 2.9999999999999987, "y": 3.000000000000002, "z": 1.0282045287574249}, "52": {"x": 2.9999999999999996, "y": 4.000000000000004, "z": 1.2259235744716277}, "53": {"x": 3.0000000000000004, "y": 5.000000000000005, "z": 1.2820999438845253}, "54": {"x": 3.0000000000000013, "y": 6.0000000000000036, "z": 1.3493128232701501}, "55": {"x": 3.0000000000000013, "y": 7.000000000000005, "z": 1.2880616491794596}, "56": {"x": 3.0, "y": 8.000000000000004, "z": 1.1719083373930004}, "57": {"x": 3.0, "y": 9.000000000000002, "z": 1.174583322402617}, "58": {"x": 3.0, "y": 10.000000000000002, "z": 1.031758164293649}, "59": {"x": 2.999999999999999, "y": 11.0, "z": 0.9476988941860096}, "60": {"x": 2.9999999999999996, "y": 11.999999999999996, "z": 0.8386007846874394}, "61": {"x": 2.9999999999999987, "y": 12.999999999999998, "z": 0.6087611246924147}, "62": {"x": 2.9999999999999987, "y": 13.999999999999996, "z": 0.33615145630574517}, "63": {"x": 3.0, "y": 15.0, "z": 0.0}, "64": {"x": 4.0, "y": 0.0, "z": 0.0}, "65": {"x": 3.9999999999999982, "y": 0.9999999999999999, "z": 0.44543642648964665}, "66": {"x": 3.999999999999997, "y": 1.9999999999999993, "z": 0.8151591185627624}, "67": {"x": 3.999999999999998, "y": 3.0000000000000004, "z": 1.1021417205322663}, "68": {"x": 3.999999999999998, "y": 4.000000000000002, "z": 1.2890092028369866}, "69": {"x": 3.999999999999999, "y": 5.0000000000000036, "z": 1.4132598837459287}, "70": {"x": 4.000000000000001, "y": 6.0000000000000036, "z": 1.4548933092286094}, "71": {"x": 3.9999999999999987, "y": 6.999999999999999, "z": 1.4300992824015386}, "72": {"x": 3.9999999999999987, "y": 8.0, "z": 1.339757977770131}, "73": {"x": 3.999999999999999, "y": 9.000000000000002, "z": 1.2866981510968225}, "74": {"x": 3.9999999999999996, "y": 10.000000000000002, "z": 1.1750943948070656}, "75": {"x": 3.999999999999998, "y": 10.999999999999998, "z": 1.0639759862303226}, "76": {"x": 3.9999999999999987, "y": 12.000000000000002, "z": 0.9029204640463433}, "77": {"x": 3.9999999999999987, "y": 12.999999999999998, "z": 0.6724635869549469}, "78": {"x": 3.999999999999999, "y": 14.0, "z": 0.37112913560243077}, "79": {"x": 4.0, "y": 15.0, "z": 0.0}, "80": {"x": 5.0, "y": 0.0, "z": 0.0}, "81": {"x": 4.999999999999998, "y": 0.9999999999999996, "z": 0.9503396050791568}, "82": {"x": 4.999999999999998, "y": 1.9999999999999998, "z": 1.320898395899487}, "83": {"x": 4.9999999999999964, "y": 2.9999999999999996, "z": 1.421060581853876}, "84": {"x": 4.9999999999999964, "y": 4.0, "z": 2.191969042699269}, "85": {"x": 4.999999999999997, "y": 5.0, "z": 1.6669135509325796}, "86": {"x": 4.999999999999999, "y": 6.000000000000001, "z": 2.087109126526744}, "87": {"x": 4.999999999999997, "y": 6.999999999999999, "z": 1.6725350046612435}, "88": {"x": 4.999999999999997, "y": 7.999999999999999, "z": 1.397039491814233}, "89": {"x": 4.9999999999999964, "y": 8.999999999999996, "z": 2.010606371645483}, "90": {"x": 4.999999999999999, "y": 10.0, "z": 1.2436015659150514}, "91": {"x": 4.999999999999997, "y": 11.0, "z": 1.186743663041567}, "92": {"x": 4.999999999999999, "y": 12.0, "z": 1.2721924454424165}, "93": {"x": 4.999999999999999, "y": 12.999999999999996, "z": 0.7927955053894816}, "94": {"x": 4.999999999999999, "y": 14.0, "z": 0.44263139287936787}, "95": {"x": 5.0, "y": 15.0, "z": 0.0}, "96": {"x": 6.0, "y": 0.0, "z": 0.0}, "97": {"x": 6.000000000000002, "y": 1.0, "z": 0.7596141661993873}, "98": {"x": 5.999999999999997, "y": 1.9999999999999993, "z": 1.2275701577860303}, "99": {"x": 5.999999999999996, "y": 2.9999999999999987, "z": 1.4618616980456798}, "100": {"x": 5.999999999999996, "y": 3.999999999999998, "z": 1.724226168506968}, "101": {"x": 5.999999999999995, "y": 4.999999999999997, "z": 1.6948223597425112}, "102": {"x": 5.999999999999993, "y": 5.9999999999999964, "z": 1.8033764592213761}, "103": {"x": 5.999999999999995, "y": 6.999999999999998, "z": 1.6343961993524332}, "104": {"x": 5.999999999999996, "y": 7.9999999999999964, "z": 1.371629632385197}, "105": {"x": 5.9999999999999964, "y": 8.999999999999993, "z": 1.4484196110891612}, "106": {"x": 5.999999999999998, "y": 9.999999999999996, "z": 1.2183083600918254}, "107": {"x": 5.999999999999998, "y": 10.999999999999998, "z": 1.169062672255761}, "108": {"x": 6.0, "y": 12.0, "z": 1.1160091907852687}, "109": {"x": 5.999999999999999, "y": 12.999999999999998, "z": 0.791566576249691}, "110": {"x": 5.999999999999998, "y": 14.000000000000002, "z": 0.43842190350049876}, "111": {"x": 6.0, "y": 15.0, "z": 0.0}, "112": {"x": 7.0, "y": 0.0, "z": 0.0}, "113": {"x": 6.999999999999998, "y": 0.9999999999999996, "z": 0.6521937538065408}, "114": {"x": 6.999999999999997, "y": 1.9999999999999991, "z": 1.05173638132339}, "115": {"x": 6.999999999999995,