{"attributes": {"name": "Mesh"}, "dva": {"x": 0.0, "y": 0.0, "z": 0.0}, "dea": {}, "dfa": {}, "vertex": {"0": {"x": 0.0, "y": 0.0, "z": 0.0}, "1": {"x": 0.0, "y": 1.0, "z": 0.0}, "2": {"x": 0.0, "y": 2.0, "z": 0.0}, "3": {"x": 0.0, "y": 3.0, "z": 0.0}, "4": {"x": 0.0, "y": 4.0, "z": 0.0}, "5": {"x": 0.0, "y": 5.0, "z": 0.0}, "6": {"x": 0.0, "y": 6.0, "z": 0.0}, "7": {"x": 0.0, "y": 7.0, "z": 0.0}, "8": {"x": 0.0, "y": 8.0, "z": 0.0}, "9": {"x": 0.0, "y": 9.0, "z": 0.0}, "10": {"x": 0.0, "y": 10.0, "z": 0.0}, "11": {"x": 0.0, "y": 11.0, "z": 0.0}, "12": {"x": 0.0, "y": 12.0, "z": 0.0}, "13": {"x": 0.0, "y": 13.0, "z": 0.0}, "14": {"x": 0.0, "y": 14.0, "z": 0.0}, "15": {"x": 0.0, "y": 15.0, "z": 0.0}, "16": {"x": 1.0, "y": 0.0, "z": 0.0}, "17": {"x": 1.0, "y": 1.0, "z": 0.0663346870962911}, "18": {"x": 1.0000000000000004, "y": 2.0, "z": 0.11859469366147536}, "19": {"x": 1.0000000000000007, "y": 3.0000000000000004, "z": 0.1491757642313111}, "20": {"x": 1.0000000000000009, "y": 4.000000000000001, "z": 0.165243150978311}, "21": {"x": 1.0000000000000016, "y": 5.000000000000003, "z": 0.17379963695551098}, "22": {"x": 1.0000000000000018, "y": 6.000000000000004, "z": 0.1919021040999161}, "23": {"x": 1.0000000000000013, "y": 7.000000000000002, "z": 0.19705498734626414}, "24": {"x": 1.000000000000001, "y": 8.000000000000002, "z": 0.1885919268808399}, "25": {"x": 1.0000000000000009, "y": 9.0, "z": 0.21519464143009184}, "26": {"x": 1.0000000000000009, "y": 10.0, "z": 0.22632734892017167}, "27": {"x": 1.0000000000000007, "y": 10.999999999999998, "z": 0.2208446202638773}, "28": {"x": 1.0000000000000007, "y": 11.999999999999998, "z": 0.20071912798524782}, "29": {"x": 1.0000000000000004, "y": 12.999999999999996, "z": 0.148144157938309}, "30": {"x": 1.0000000000000002, "y": 13.999999999999995, "z": 0.08105168151550729}, "31": {"x": 1.0, "y": 15.0, "z": 0.0}, "32": {"x": 2.0, "y": 0.0, "z": 0.0}, "33": {"x": 2.0000000000000004, "y": 1.0000000000000002, "z": 0.1716173926421664}, "34": {"x": 2.0000000000000004, "y": 2.0000000000000004, "z": 0.28596207021127246}, "35": {"x": 2.000000000000001, "y": 3.000000000000001, "z": 0.3310518642198846}, "36": {"x": 2.0000000000000018, "y": 4.000000000000002, "z": 0.3165090808338817}, "37": {"x": 2.0000000000000027, "y": 5.0000000000000036, "z": 0.31249746775387727}, "38": {"x": 2.000000000000003, "y": 6.000000000000005, "z": 0.3767293178725537}, "39": {"x": 2.0000000000000027, "y": 7.000000000000005, "z": 0.3825523318214699}, "40": {"x": 2.0000000000000018, "y": 8.000000000000004, "z": 0.33398161378655017}, "41": {"x": 2.0000000000000027, "y": 9.000000000000009, "z": 0.4653877538473741}, "42": {"x": 2.000000000000003, "y": 10.000000000000014, "z": 0.5345608952512426}, "43": {"x": 2.0000000000000027, "y": 11.000000000000009, "z": 0.5360253603721019}, "44": {"x": 2.0000000000000018, "y": 12.000000000000005, "z": 0.47933147933546705}, "45": {"x": 2.0000000000000013, "y": 13.000000000000007, "z": 0.37841185418992}, "46": {"x": 2.0000000000000004, "y": 14.000000000000005, "z": 0.21748168944193327}, "47": {"x": 2.0, "y": 15.0, "z": 0.0}, "48": {"x": 3.0, "y": 0.0, "z": 0.0}, "49": {"x": 3.0000000000000004, "y": 1.0000000000000002, "z": 0.40402099921774687}, "50": {"x": 3.000000000000001, "y": 2.000000000000001, "z": 0.4803710841022735}, "51": {"x": 3.000000000000002, "y": 3.0000000000000018, "z": 0.5878469203001994}, "52": {"x": 3.000000000000003, "y": 4.000000000000003, "z": 0.4305220298490735}, "53": {"x": 3.0000000000000044, "y": 5.000000000000004, "z": 0.40354349010418633}, "54": {"x": 3.0000000000000044, "y": 6.000000000000006, "z": 0.5771657305447455}, "55": {"x": 3.000000000000003, "y": 7.000000000000004, "z": 0.6754633408056445}, "56": {"x": 3.0000000000000018, "y": 8.000000000000004, "z": 0.42552818055794406}, "57": {"x": 3.0000000000000027, "y": 9.000000000000007, "z": 0.7663024927484618}, "58": {"x": 3.000000000000003, "y": 10.000000000000012, "z": 0.9551481306918522}, "59": {"x": 3.000000000000002, "y": 11.00000000000001, "z": 1.000910594163091}, "60": {"x": 3.000000000000002, "y": 12.000000000000007, "z": 0.7491958792577684}, "61": {"x": 3.0000000000000013, "y": 13.000000000000004, "z": 0.8056149769704023}, "62": {"x": 3.0, "y": 14.000000000000002, "z": 0.5713727900929668}, "63": {"x": 3.0, "y": 15.0, "z": 0.0}, "64": {"x": 4.0, "y": 0.0, "z": 0.0}, "65": {"x": 4.000000000000002, "y": 1.0000000000000007, "z": 0.4499394726262645}, "66": {"x": 4.000000000000002, "y": 2.000000000000001, "z": 0.5846380065601353}, "67": {"x": 4.000000000000003, "y": 3.0000000000000013, "z": 0.6820296603558532}, "68": {"x": 4.000000000000004, "y": 4.000000000000003, "z": 0.502917640240889}, "69": {"x": 4.000000000000005, "y": 5.000000000000004, "z": 0.46303236417569854}, "70": {"x": 4.000000000000006, "y": 6.000000000000007, "z": 0.6706324304464849}, "71": {"x": 4.000000000000003, "y": 7.000000000000005, "z": 0.7393370766833484}, "72": {"x": 4.000000000000003, "y": 8.000000000000004, "z": 0.48615823381236434}, "73": {"x": 4.000000000000003, "y": 9.000000000000005, "z": 0.9069006369558723}, "74": {"x": 4.000000000000003, "y": 10.000000000000007, "z": 1.137866159652233}, "75": {"x": 4.0000000000000036, "y": 11.00000000000001, "z": 1.1736326189387087}, "76": {"x": 4.0000000000000036, "y": 12.000000000000009, "z": 0.9164304205632113}, "77": {"x": 4.000000000000003, "y": 13.000000000000007, "z": 0.9167992624827928}, "78": {"x": 4.000000000000002, "y": 14.000000000000005, "z": 0.6185114465860551}, "79": {"x": 4.0, "y": 15.0, "z": 0.0}, "80": {"x": 5.0, "y": 0.0, "z": 0.0}, "81": {"x": 5.0, "y": 1.0000000000000004, "z": 0.42348836747102336}, "82": {"x": 5.000000000000002, "y": 2.0000000000000013, "z": 0.614898315719202}, "83": {"x": 5.0000000000000036, "y": 3.0000000000000027, "z": 0.6852849453352656}, "84": {"x": 5.000000000000005, "y": 4.000000000000003, "z": 0.5313541736668342}, "85": {"x": 5.000000000000007, "y": 5.000000000000005, "z": 0.48650147541500544}, "86": {"x": 5.000000000000006, "y": 6.000000000000004, "z": 0.6863239650284597}, "87": {"x": 5.000000000000004, "y": 7.000000000000003, "z": 0.7116120587571689}, "88": {"x": 5.000000000000003, "y": 8.000000000000004, "z": 0.5101608478177728}, "89": {"x": 5.000000000000002, "y": 9.000000000000004, "z": 0.9326536188543335}, "90": {"x": 5.000000000000002, "y": 10.000000000000005, "z": 1.1627164515572446}, "91": {"x": 5.0000000000000036, "y": 11.000000000000007, "z": 1.1848959410288857}, "92": {"x": 5.000000000000003, "y": 12.000000000000009, "z": 0.9830854940170093}, "93": {"x": 5.000000000000003, "y": 13.000000000000007, "z": 0.8892768459271276}, "94": {"x": 5.000000000000002, "y": 14.000000000000004, "z": 0.5607724819270171}, "95": {"x": 5.0, "y": 15.0, "z": 0.0}, "96": {"x": 6.0, "y": 0.0, "z": 0.0}, "97": {"x": 6.0000000000000036, "y": 1.0000000000000007, "z": 0.45617444431951876}, "98": {"x": 6.000000000000003, "y": 2.0000000000000013, "z": 0.6072090360319783}, "99": {"x": 6.0000000000000036, "y": 3.0000000000000027, "z": 0.6935686600641321}, "100": {"x": 6.000000000000006, "y": 4.0000000000000036, "z": 0.5135627588641063}, "101": {"x": 6.000000000000006, "y": 5.000000000000005, "z": 0.46653826943686993}, "102": {"x": 6.000000000000008, "y": 6.000000000000007, "z": 0.6734028038079483}, "103": {"x": 6.000000000000005, "y": 7.000000000000003, "z": 0.7380920301815886}, "104": {"x": 6.0000000000000036, "y": 8.000000000000004, "z": 0.48800894159418967}, "105": {"x": 6.000000000000001, "y": 9.000000000000004, "z": 0.9226558600865079}, "106": {"x": 6.000000000000003, "y": 10.000000000000005, "z": 1.1629858080491957}, "107": {"x": 6.0000000000000036, "y": 11.000000000000009, "z": 1.2067655486868332}, "108": {"x": 6.000000000000003, "y": 12.000000000000009, "z": 0.965428051433986}, "109": {"x": 6.000000000000002, "y": 13.000000000000005, "z": 0.936595391499502}, "110": {"x": 5.999999999999999, "y": 13.999999999999998, "z": 0.6235842657241857}, "111": {"x": 6.0, "y": 15.0, "z": 0.0}, "112": {"x": 7.0,