{"attributes": {"name": "Mesh"}, "dva": {"x": 0.0, "y": 0.0, "z": 0.0}, "dea": {}, "dfa": {}, "vertex": {"0": {"x": 0.0, "y": 0.0, "z": 0.0}, "1": {"x": 0.0, "y": 1.0, "z": 0.0}, "2": {"x": 0.0, "y": 2.0, "z": 0.0}, "3": {"x": 0.0, "y": 3.0, "z": 0.0}, "4": {"x": 0.0, "y": 4.0, "z": 0.0}, "5": {"x": 0.0, "y": 5.0, "z": 0.0}, "6": {"x": 0.0, "y": 6.0, "z": 0.0}, "7": {"x": 0.0, "y": 7.0, "z": 0.0}, "8": {"x": 0.0, "y": 8.0, "z": 0.0}, "9": {"x": 0.0, "y": 9.0, "z": 0.0}, "10": {"x": 0.0, "y": 10.0, "z": 0.0}, "11": {"x": 0.0, "y": 11.0, "z": 0.0}, "12": {"x": 0.0, "y": 12.0, "z": 0.0}, "13": {"x": 0.0, "y": 13.0, "z": 0.0}, "14": {"x": 0.0, "y": 14.0, "z": 0.0}, "15": {"x": 0.0, "y": 15.0, "z": 0.0}, "16": {"x": 1.0, "y": 0.0, "z": 0.0}, "17": {"x": 1.0000000000000002, "y": 1.0000000000000004, "z": 0.05840138640366523}, "18": {"x": 1.0000000000000002, "y": 2.000000000000001, "z": 0.10369902830447832}, "19": {"x": 1.0000000000000007, "y": 3.000000000000002, "z": 0.13492479655842654}, "20": {"x": 1.000000000000001, "y": 4.0000000000000036, "z": 0.15603115970074002}, "21": {"x": 1.0000000000000016, "y": 5.000000000000006, "z": 0.17410691004666537}, "22": {"x": 1.0000000000000018, "y": 6.000000000000007, "z": 0.17887348247050408}, "23": {"x": 1.0000000000000016, "y": 7.000000000000006, "z": 0.19086018300158286}, "24": {"x": 1.000000000000001, "y": 8.000000000000004, "z": 0.20183511252114597}, "25": {"x": 1.0000000000000009, "y": 9.000000000000004, "z": 0.21190485831982905}, "26": {"x": 1.0000000000000002, "y": 9.999999999999998, "z": 0.2084803750450931}, "27": {"x": 0.9999999999999998, "y": 10.999999999999996, "z": 0.19097040063214507}, "28": {"x": 0.9999999999999998, "y": 11.999999999999996, "z": 0.16213085812752798}, "29": {"x": 0.9999999999999996, "y": 12.999999999999996, "z": 0.11912997931555998}, "30": {"x": 1.0, "y": 14.000000000000002, "z": 0.06660612610929556}, "31": {"x": 1.0, "y": 15.0, "z": 0.0}, "32": {"x": 2.0, "y": 0.0, "z": 0.0}, "33": {"x": 2.000000000000001, "y": 1.000000000000002, "z": 0.09815093175817494}, "34": {"x": 2.0000000000000004, "y": 2.0000000000000036, "z": 0.17571303561062454}, "35": {"x": 2.0000000000000013, "y": 3.0000000000000058, "z": 0.23806652427628386}, "36": {"x": 2.000000000000002, "y": 4.000000000000008, "z": 0.27915601784937294}, "37": {"x": 2.0000000000000036, "y": 5.000000000000011, "z": 0.30732006987720234}, "38": {"x": 2.0000000000000036, "y": 6.000000000000012, "z": 0.32068779488076654}, "39": {"x": 2.000000000000002, "y": 7.000000000000009, "z": 0.34236339728036763}, "40": {"x": 2.0000000000000013, "y": 8.000000000000007, "z": 0.3613107728676502}, "41": {"x": 2.0000000000000004, "y": 9.000000000000004, "z": 0.3670649539449369}, "42": {"x": 1.9999999999999993, "y": 9.999999999999998, "z": 0.356109943992761}, "43": {"x": 1.9999999999999987, "y": 10.999999999999995, "z": 0.3300592949272105}, "44": {"x": 1.9999999999999987, "y": 11.999999999999993, "z": 0.27744226644830344}, "45": {"x": 1.999999999999999, "y": 12.999999999999995, "z": 0.20998132101481284}, "46": {"x": 1.9999999999999996, "y": 14.0, "z": 0.11273019234995496}, "47": {"x": 2.0, "y": 15.0, "z": 0.0}, "48": {"x": 3.0, "y": 0.0, "z": 0.0}, "49": {"x": 3.0000000000000013, "y": 1.000000000000002, "z": 0.24318844656310723}, "50": {"x": 3.000000000000001, "y": 2.000000000000003, "z": 0.4048379978888893}, "51": {"x": 3.0000000000000004, "y": 3.0000000000000044, "z": 0.40125130685322485}, "52": {"x": 3.0000000000000013, "y": 4.000000000000006, "z": 0.40019837406369685}, "53": {"x": 3.0000000000000027, "y": 5.000000000000009, "z": 0.4872159157255984}, "54": {"x": 3.0000000000000036, "y": 6.00000000000001, "z": 0.42273349028834406}, "55": {"x": 3.0000000000000018, "y": 7.000000000000009, "z": 0.46002638598054524}, "56": {"x": 2.9999999999999996, "y": 8.000000000000004, "z": 0.5194169324902982}, "57": {"x": 3.0000000000000004, "y": 9.000000000000005, "z": 0.7250033079393677}, "58": {"x": 3.0000000000000004, "y": 10.000000000000007, "z": 0.7958181124952296}, "59": {"x": 3.0, "y": 11.000000000000002, "z": 0.7000885254360243}, "60": {"x": 2.999999999999999, "y": 12.000000000000002, "z": 0.635494731200789}, "61": {"x": 2.9999999999999996, "y": 12.999999999999998, "z": 0.3999642016728571}, "62": {"x": 2.9999999999999996, "y": 13.999999999999998, "z": 0.28126419712806766}, "63": {"x": 3.0, "y": 15.0, "z": 0.0}, "64": {"x": 4.0, "y": 0.0, "z": 0.0}, "65": {"x": 4.000000000000001, "y": 1.0000000000000018, "z": 0.27090887418772275}, "66": {"x": 4.000000000000002, "y": 2.000000000000003, "z": 0.4572833233639465}, "67": {"x": 4.000000000000001, "y": 3.0000000000000044, "z": 0.4563505181456629}, "68": {"x": 4.000000000000002, "y": 4.000000000000006, "z": 0.460308647325104}, "69": {"x": 4.000000000000003, "y": 5.000000000000007, "z": 0.5579783361182973}, "70": {"x": 4.0000000000000036, "y": 6.00000000000001, "z": 0.4868947304877823}, "71": {"x": 4.0, "y": 7.000000000000006, "z": 0.5304507432821133}, "72": {"x": 3.9999999999999982, "y": 8.000000000000002, "z": 0.5976348163194363}, "73": {"x": 3.9999999999999982, "y": 9.000000000000002, "z": 0.8229867705465446}, "74": {"x": 3.999999999999999, "y": 10.000000000000002, "z": 0.9004810969419703}, "75": {"x": 3.9999999999999996, "y": 11.0, "z": 0.7880661408355427}, "76": {"x": 3.999999999999998, "y": 11.999999999999996, "z": 0.7199948233843639}, "77": {"x": 3.9999999999999987, "y": 12.999999999999996, "z": 0.45550039431744327}, "78": {"x": 3.9999999999999996, "y": 13.999999999999998, "z": 0.3195422117392562}, "79": {"x": 4.0, "y": 15.0, "z": 0.0}, "80": {"x": 5.0, "y": 0.0, "z": 0.0}, "81": {"x": 5.0, "y": 1.0000000000000016, "z": 0.17153287361782435}, "82": {"x": 5.000000000000002, "y": 2.0000000000000036, "z": 0.30023884187271505}, "83": {"x": 5.000000000000003, "y": 3.0000000000000044, "z": 0.4024354142605265}, "84": {"x": 5.000000000000002, "y": 4.000000000000005, "z": 0.46118133649226584}, "85": {"x": 5.000000000000002, "y": 5.000000000000005, "z": 0.5004153297945623}, "86": {"x": 5.0, "y": 6.000000000000005, "z": 0.5136268772819904}, "87": {"x": 4.999999999999998, "y": 7.0000000000000036, "z": 0.5540464753522121}, "88": {"x": 4.999999999999997, "y": 8.000000000000002, "z": 0.5984852214885049}, "89": {"x": 4.999999999999997, "y": 9.000000000000002, "z": 0.6235118555915624}, "90": {"x": 4.999999999999999, "y": 10.0, "z": 0.6173888047442821}, "91": {"x": 5.0, "y": 11.000000000000002, "z": 0.5852446352778199}, "92": {"x": 5.0, "y": 12.0, "z": 0.4949055882901756}, "93": {"x": 4.999999999999999, "y": 13.0, "z": 0.3795021611954211}, "94": {"x": 4.999999999999999, "y": 13.999999999999998, "z": 0.2032674541058326}, "95": {"x": 5.0, "y": 15.0, "z": 0.0}, "96": {"x": 6.0, "y": 0.0, "z": 0.0}, "97": {"x": 5.999999999999999, "y": 1.0000000000000007, "z": 0.27553145753539643}, "98": {"x": 6.0, "y": 2.0000000000000018, "z": 0.4534435708070635}, "99": {"x": 6.000000000000002, "y": 3.0000000000000027, "z": 0.45736886848284}, "100": {"x": 5.999999999999999, "y": 4.000000000000002, "z": 0.45819172129355656}, "101": {"x": 5.999999999999998, "y": 5.000000000000002, "z": 0.5548756463462268}, "102": {"x": 5.999999999999997, "y": 6.000000000000003, "z": 0.48442879316015125}, "103": {"x": 5.999999999999994, "y": 6.999999999999999, "z": 0.5274034609642234}, "104": {"x": 5.999999999999994, "y": 8.0, "z": 0.5949362236991761}, "105": {"x": 5.999999999999996, "y": 8.999999999999998, "z": 0.8226683630283188}, "106": {"x": 5.999999999999993, "y": 9.999999999999995, "z": 0.8942485546585026}, "107": {"x": 5.999999999999995, "y": 10.999999999999996, "z": 0.7960138702619047}, "108": {"x": 5.999999999999995, "y": 11.999999999999996, "z": 0.7111328198109911}, "109": {"x": 5.999999999999996, "y": 12.999999999999996, "z": 0.45589180472004764}, "110": {"x": 5.999999999999998, "y": 14.0, "z": 0.3154573509216109}, "111": {"x": 6.0, "y": 15.0, "z": 0.0}, "112": {"x": 7.0, "y": 0.0, "z": 0.0}, "113": {"x": 6.999999999999999, "y": 1.0000000000000002,