{"attributes": {"name": "Mesh"}, "dva": {"x": 0.0, "y": 0.0, "z": 0.0}, "dea": {}, "dfa": {}, "vertex": {"0": {"x": 0.0, "y": 0.0, "z": 0.0}, "1": {"x": 0.0, "y": 1.0, "z": 0.0}, "2": {"x": 0.0, "y": 2.0, "z": 0.0}, "3": {"x": 0.0, "y": 3.0, "z": 0.0}, "4": {"x": 0.0, "y": 4.0, "z": 0.0}, "5": {"x": 0.0, "y": 5.0, "z": 0.0}, "6": {"x": 0.0, "y": 6.0, "z": 0.0}, "7": {"x": 0.0, "y": 7.0, "z": 0.0}, "8": {"x": 0.0, "y": 8.0, "z": 0.0}, "9": {"x": 0.0, "y": 9.0, "z": 0.0}, "10": {"x": 0.0, "y": 10.0, "z": 0.0}, "11": {"x": 0.0, "y": 11.0, "z": 0.0}, "12": {"x": 0.0, "y": 12.0, "z": 0.0}, "13": {"x": 0.0, "y": 13.0, "z": 0.0}, "14": {"x": 0.0, "y": 14.0, "z": 0.0}, "15": {"x": 0.0, "y": 15.0, "z": 0.0}, "16": {"x": 1.0, "y": 0.0, "z": 0.0}, "17": {"x": 0.9999999999999998, "y": 0.9999999999999999, "z": 0.38441529536215596}, "18": {"x": 0.9999999999999999, "y": 1.9999999999999998, "z": 0.1898051783844421}, "19": {"x": 0.9999999999999993, "y": 3.0, "z": 0.5017179309788556}, "20": {"x": 0.9999999999999998, "y": 4.0, "z": 0.6515433612405013}, "21": {"x": 0.9999999999999997, "y": 5.000000000000001, "z": 0.7404264192652528}, "22": {"x": 1.0000000000000007, "y": 6.000000000000003, "z": 0.6945006427373267}, "23": {"x": 1.0000000000000004, "y": 7.000000000000003, "z": 1.2622940270175123}, "24": {"x": 1.0, "y": 8.000000000000002, "z": 0.5667479396842244}, "25": {"x": 0.9999999999999998, "y": 9.0, "z": 0.45333120903306756}, "26": {"x": 1.0000000000000007, "y": 10.000000000000005, "z": 0.5023492039438977}, "27": {"x": 1.000000000000001, "y": 11.000000000000005, "z": 0.10896483655267906}, "28": {"x": 1.000000000000001, "y": 12.000000000000009, "z": 0.8572354814354872}, "29": {"x": 1.0000000000000004, "y": 13.000000000000004, "z": 0.29402644268938943}, "30": {"x": 1.0000000000000002, "y": 14.000000000000002, "z": 0.25585521228682606}, "31": {"x": 1.0, "y": 15.0, "z": 0.0}, "32": {"x": 2.0, "y": 0.0, "z": 0.0}, "33": {"x": 1.9999999999999993, "y": 0.9999999999999997, "z": 0.2469202771426127}, "34": {"x": 1.9999999999999996, "y": 1.9999999999999996, "z": 0.3585958565288922}, "35": {"x": 1.999999999999999, "y": 3.0, "z": 0.7251492681428339}, "36": {"x": 1.9999999999999993, "y": 4.0, "z": 0.9773711856772808}, "37": {"x": 1.9999999999999998, "y": 5.0, "z": 1.1191588625142215}, "38": {"x": 2.0, "y": 6.000000000000003, "z": 1.1546880120835972}, "39": {"x": 2.0000000000000004, "y": 7.000000000000004, "z": 1.1212608589818318}, "40": {"x": 2.0, "y": 8.000000000000004, "z": 0.9710560782010089}, "41": {"x": 2.0, "y": 9.0, "z": 0.7836580097083675}, "42": {"x": 2.000000000000001, "y": 10.000000000000004, "z": 0.5598455470148715}, "43": {"x": 2.000000000000002, "y": 11.00000000000001, "z": 0.20884059988592926}, "44": {"x": 2.000000000000002, "y": 12.00000000000001, "z": 0.3592839798332137}, "45": {"x": 2.000000000000001, "y": 13.000000000000007, "z": 0.38857135569064116}, "46": {"x": 2.0000000000000004, "y": 14.000000000000004, "z": 0.2668121560954118}, "47": {"x": 2.0, "y": 15.0, "z": 0.0}, "48": {"x": 3.0, "y": 0.0, "z": 0.0}, "49": {"x": 3.0, "y": 0.9999999999999998, "z": 0.3894714765507355}, "50": {"x": 3.0, "y": 1.9999999999999998, "z": 0.4624643759379701}, "51": {"x": 2.999999999999999, "y": 3.0, "z": 1.007982290591168}, "52": {"x": 2.999999999999999, "y": 3.9999999999999996, "z": 1.356385519221998}, "53": {"x": 2.9999999999999987, "y": 5.0, "z": 1.5419730338810704}, "54": {"x": 2.9999999999999982, "y": 5.999999999999999, "z": 1.5623117962959578}, "55": {"x": 2.9999999999999982, "y": 7.0, "z": 1.5833345992930952}, "56": {"x": 2.999999999999999, "y": 8.000000000000002, "z": 1.2941014861810056}, "57": {"x": 2.9999999999999987, "y": 9.0, "z": 1.0423733482513746}, "58": {"x": 3.0, "y": 10.0, "z": 0.7962864695910107}, "59": {"x": 3.0000000000000027, "y": 11.00000000000001, "z": 0.2688423302244276}, "60": {"x": 3.0000000000000013, "y": 12.000000000000007, "z": 0.5870339260802659}, "61": {"x": 3.000000000000001, "y": 13.000000000000004, "z": 0.5807811090673753}, "62": {"x": 3.0000000000000004, "y": 14.000000000000004, "z": 0.41725071143784165}, "63": {"x": 3.0, "y": 15.0, "z": 0.0}, "64": {"x": 4.0, "y": 0.0, "z": 0.0}, "65": {"x": 3.9999999999999996, "y": 1.0, "z": 0.4983131636191938}, "66": {"x": 3.999999999999999, "y": 2.0, "z": 0.5236384133020522}, "67": {"x": 3.9999999999999996, "y": 3.0, "z": 1.1697320709853103}, "68": {"x": 3.9999999999999982, "y": 4.0, "z": 1.56488223340514}, "69": {"x": 3.9999999999999987, "y": 5.000000000000001, "z": 1.7726905411460352}, "70": {"x": 3.9999999999999982, "y": 5.999999999999999, "z": 1.779068509699415}, "71": {"x": 3.999999999999999, "y": 7.0, "z": 1.860789001811509}, "72": {"x": 3.9999999999999982, "y": 8.0, "z": 1.4688115707546847}, "73": {"x": 3.999999999999998, "y": 9.0, "z": 1.1831844806717384}, "74": {"x": 4.0, "y": 10.000000000000004, "z": 0.9495656759637687}, "75": {"x": 4.0000000000000036, "y": 11.00000000000001, "z": 0.3063339112826251}, "76": {"x": 4.000000000000003, "y": 12.000000000000009, "z": 0.7436725086104847}, "77": {"x": 4.000000000000001, "y": 13.000000000000004, "z": 0.6849629860857646}, "78": {"x": 3.999999999999999, "y": 14.0, "z": 0.5039988511602512}, "79": {"x": 4.0, "y": 15.0, "z": 0.0}, "80": {"x": 5.0, "y": 0.0, "z": 0.0}, "81": {"x": 4.999999999999999, "y": 0.9999999999999996, "z": 0.6499700549254881}, "82": {"x": 4.999999999999998, "y": 1.9999999999999996, "z": 0.5424861121583919}, "83": {"x": 4.999999999999997, "y": 2.9999999999999996, "z": 1.2024812185921077}, "84": {"x": 4.9999999999999964, "y": 3.999999999999999, "z": 1.58055200526415}, "85": {"x": 4.999999999999999, "y": 5.000000000000001, "z": 1.79511024390506}, "86": {"x": 4.999999999999997, "y": 5.999999999999999, "z": 1.7730593796729466}, "87": {"x": 4.999999999999997, "y": 6.999999999999999, "z": 2.313764276676769}, "88": {"x": 4.999999999999998, "y": 8.0, "z": 1.4782832197028675}, "89": {"x": 4.999999999999997, "y": 9.000000000000002, "z": 1.1944862053131233}, "90": {"x": 5.000000000000001, "y": 10.000000000000005, "z": 1.0610471009710025}, "91": {"x": 5.000000000000002, "y": 11.000000000000009, "z": 0.32198757148468726}, "92": {"x": 5.000000000000002, "y": 12.000000000000007, "z": 1.2099331435895149}, "93": {"x": 5.000000000000001, "y": 13.000000000000005, "z": 0.6683236760877846}, "94": {"x": 4.999999999999998, "y": 13.999999999999998, "z": 0.5179011539568371}, "95": {"x": 5.0, "y": 15.0, "z": 0.0}, "96": {"x": 6.0, "y": 0.0, "z": 0.0}, "97": {"x": 5.999999999999997, "y": 0.9999999999999994, "z": 0.3243237789882623}, "98": {"x": 5.999999999999999, "y": 1.9999999999999996, "z": 0.5385911241546822}, "99": {"x": 5.999999999999996, "y": 2.9999999999999987, "z": 0.9702589943205725}, "100": {"x": 5.999999999999995, "y": 3.9999999999999982, "z": 1.2833275122937187}, "101": {"x": 5.999999999999996, "y": 4.999999999999998, "z": 1.4703788661221346}, "102": {"x": 5.9999999999999964, "y": 5.999999999999998, "z": 1.536377219082006}, "103": {"x": 5.999999999999997, "y": 7.000000000000001, "z": 1.4762588388530873}, "104": {"x": 5.999999999999997, "y": 8.0, "z": 1.3268373331885093}, "105": {"x": 5.999999999999997, "y": 9.0, "z": 1.0833086005321477}, "106": {"x": 6.000000000000001, "y": 10.000000000000004, "z": 0.7603192776737415}, "107": {"x": 6.000000000000002, "y": 11.000000000000007, "z": 0.3273938050321961}, "108": {"x": 6.000000000000002, "y": 12.000000000000007, "z": 0.4390821515084368}, "109": {"x": 6.000000000000002, "y": 13.000000000000007, "z": 0.4605685153374643}, "110": {"x": 6.0, "y": 14.000000000000002, "z": 0.30188465326934544}, "111": {"x": 6.0, "y": 15.0, "z": 0.0}, "112": {"x": 7.0, "y": 0.0, "z": 0.0}, "113": {"x": 6.999999999999997, "y": 0.9999999999999993, "z": 0.5151174999691768}, "114": {"x": 6.999999999999998, "y": 1.9999999999999993, "z": 0.45512733322617854}, "115": {"x": 6.999999999999997, "y": 2.999999999999999, "z": 1.0083818231180777}, "116": {"x": 6.999999999999997, "y": 4.0, "z": 1.3301119432678785}, "117": {"x": 6.999999999999997,