{"attributes": {"name": "Mesh"}, "dva": {"x": 0.0, "y": 0.0, "z": 0.0}, "dea": {}, "dfa": {}, "vertex": {"0": {"x": 0.0, "y": 0.0, "z": 0.0}, "1": {"x": 0.0, "y": 1.0, "z": 0.0}, "2": {"x": 0.0, "y": 2.0, "z": 0.0}, "3": {"x": 0.0, "y": 3.0, "z": 0.0}, "4": {"x": 0.0, "y": 4.0, "z": 0.0}, "5": {"x": 0.0, "y": 5.0, "z": 0.0}, "6": {"x": 0.0, "y": 6.0, "z": 0.0}, "7": {"x": 0.0, "y": 7.0, "z": 0.0}, "8": {"x": 0.0, "y": 8.0, "z": 0.0}, "9": {"x": 0.0, "y": 9.0, "z": 0.0}, "10": {"x": 0.0, "y": 10.0, "z": 0.0}, "11": {"x": 0.0, "y": 11.0, "z": 0.0}, "12": {"x": 0.0, "y": 12.0, "z": 0.0}, "13": {"x": 0.0, "y": 13.0, "z": 0.0}, "14": {"x": 0.0, "y": 14.0, "z": 0.0}, "15": {"x": 0.0, "y": 15.0, "z": 0.0}, "16": {"x": 1.0, "y": 0.0, "z": 0.0}, "17": {"x": 0.9999999999999996, "y": 0.9999999999999996, "z": 0.20647589766009625}, "18": {"x": 0.9999999999999992, "y": 1.9999999999999991, "z": 0.3812487013151414}, "19": {"x": 0.9999999999999991, "y": 2.999999999999999, "z": 0.43529945552130667}, "20": {"x": 0.999999999999999, "y": 3.9999999999999996, "z": 0.33164717187514103}, "21": {"x": 0.9999999999999994, "y": 5.0, "z": 0.2551251791408838}, "22": {"x": 0.9999999999999999, "y": 6.0, "z": 0.345404776858164}, "23": {"x": 0.9999999999999998, "y": 7.000000000000001, "z": 0.3972305957319104}, "24": {"x": 0.9999999999999999, "y": 8.0, "z": 0.36701284349283236}, "25": {"x": 0.9999999999999998, "y": 8.999999999999998, "z": 0.3263540567978861}, "26": {"x": 1.0000000000000002, "y": 9.999999999999998, "z": 0.29358593491942286}, "27": {"x": 1.0000000000000002, "y": 11.0, "z": 0.2921269745231617}, "28": {"x": 1.0000000000000002, "y": 11.999999999999998, "z": 0.1453105549901943}, "29": {"x": 1.0000000000000002, "y": 13.0, "z": 0.2469774411235275}, "30": {"x": 1.0000000000000002, "y": 14.0, "z": 0.20108692465653183}, "31": {"x": 1.0, "y": 15.0, "z": 0.0}, "32": {"x": 2.0, "y": 0.0, "z": 0.0}, "33": {"x": 1.9999999999999991, "y": 0.9999999999999992, "z": 0.32297608021244884}, "34": {"x": 1.9999999999999984, "y": 1.999999999999999, "z": 0.6154746275333652}, "35": {"x": 1.9999999999999982, "y": 2.9999999999999982, "z": 0.7271808500132405}, "36": {"x": 1.999999999999998, "y": 3.9999999999999982, "z": 0.5440346775480821}, "37": {"x": 1.9999999999999991, "y": 5.000000000000001, "z": 0.4361463011443888}, "38": {"x": 1.9999999999999996, "y": 6.000000000000002, "z": 0.5768425423179877}, "39": {"x": 1.9999999999999993, "y": 7.000000000000002, "z": 0.6590642385776735}, "40": {"x": 1.9999999999999998, "y": 8.0, "z": 0.6090451812170261}, "41": {"x": 1.9999999999999998, "y": 9.0, "z": 0.5452882172984495}, "42": {"x": 2.0000000000000013, "y": 10.000000000000005, "z": 0.49118358952424285}, "43": {"x": 2.000000000000001, "y": 11.000000000000004, "z": 0.49901711892648243}, "44": {"x": 2.0000000000000004, "y": 12.0, "z": 0.25266454108137437}, "45": {"x": 2.000000000000001, "y": 13.000000000000004, "z": 0.4175178259817042}, "46": {"x": 2.0000000000000004, "y": 14.0, "z": 0.3409991374350341}, "47": {"x": 2.0, "y": 15.0, "z": 0.0}, "48": {"x": 3.0, "y": 0.0, "z": 0.0}, "49": {"x": 2.9999999999999987, "y": 0.9999999999999991, "z": 0.33852432928420123}, "50": {"x": 2.9999999999999973, "y": 1.9999999999999982, "z": 0.6056349401639216}, "51": {"x": 2.999999999999997, "y": 2.999999999999998, "z": 0.711214737398778}, "52": {"x": 2.999999999999997, "y": 3.9999999999999982, "z": 0.6307018357149315}, "53": {"x": 2.999999999999998, "y": 5.0, "z": 0.5525098730467132}, "54": {"x": 2.999999999999999, "y": 6.000000000000003, "z": 0.6861208462580689}, "55": {"x": 2.999999999999999, "y": 7.000000000000002, "z": 0.7600238176530363}, "56": {"x": 2.9999999999999996, "y": 8.000000000000002, "z": 0.7232393482310581}, "57": {"x": 2.999999999999999, "y": 9.0, "z": 0.6586883256520272}, "58": {"x": 3.0000000000000013, "y": 10.000000000000007, "z": 0.5929578524903281}, "59": {"x": 3.0000000000000013, "y": 11.000000000000007, "z": 0.5476128111578317}, "60": {"x": 3.0000000000000013, "y": 12.000000000000007, "z": 0.32598244963752504}, "61": {"x": 3.0000000000000018, "y": 13.000000000000007, "z": 0.4041354910672138}, "62": {"x": 3.0000000000000013, "y": 14.000000000000007, "z": 0.2973036583602854}, "63": {"x": 3.0, "y": 15.0, "z": 0.0}, "64": {"x": 4.0, "y": 0.0, "z": 0.0}, "65": {"x": 3.9999999999999973, "y": 0.999999999999999, "z": 0.2846194696474562}, "66": {"x": 3.9999999999999956, "y": 1.999999999999998, "z": 0.5147481976667637}, "67": {"x": 3.9999999999999964, "y": 2.9999999999999973, "z": 0.6338797429794932}, "68": {"x": 3.999999999999996, "y": 3.999999999999998, "z": 0.6135551549246481}, "69": {"x": 3.999999999999998, "y": 5.0, "z": 0.5906525037131944}, "70": {"x": 3.9999999999999982, "y": 6.000000000000002, "z": 0.6936905590183038}, "71": {"x": 4.0, "y": 7.000000000000004, "z": 0.7492791472054557}, "72": {"x": 3.9999999999999996, "y": 8.000000000000005, "z": 0.7235367691216938}, "73": {"x": 3.9999999999999987, "y": 9.000000000000002, "z": 0.6701594202167857}, "74": {"x": 4.0, "y": 10.000000000000004, "z": 0.6052756696298824}, "75": {"x": 4.000000000000002, "y": 11.000000000000009, "z": 0.5465404573798491}, "76": {"x": 4.000000000000002, "y": 12.000000000000012, "z": 0.36007959071958084}, "77": {"x": 4.000000000000001, "y": 13.000000000000007, "z": 0.3715335489642163}, "78": {"x": 4.000000000000001, "y": 14.000000000000005, "z": 0.2535878101123132}, "79": {"x": 4.0, "y": 15.0, "z": 0.0}, "80": {"x": 5.0, "y": 0.0, "z": 0.0}, "81": {"x": 4.999999999999998, "y": 0.9999999999999991, "z": 0.16047155512071168}, "82": {"x": 4.999999999999996, "y": 1.9999999999999982, "z": 0.29011797957995483}, "83": {"x": 4.999999999999996, "y": 2.999999999999998, "z": 0.4000884825098881}, "84": {"x": 4.9999999999999964, "y": 3.9999999999999987, "z": 0.49562918452483734}, "85": {"x": 4.9999999999999964, "y": 5.0, "z": 0.5602729207134979}, "86": {"x": 4.999999999999997, "y": 6.000000000000001, "z": 0.6005615907483478}, "87": {"x": 4.999999999999997, "y": 7.000000000000001, "z": 0.6182635493788532}, "88": {"x": 4.999999999999998, "y": 8.000000000000002, "z": 0.6153723304180283}, "89": {"x": 4.999999999999998, "y": 9.000000000000002, "z": 0.5870323826126685}, "90": {"x": 5.0, "y": 10.000000000000004, "z": 0.5334316577776093}, "91": {"x": 5.000000000000001, "y": 11.000000000000009, "z": 0.45356688178125604}, "92": {"x": 5.000000000000002, "y": 12.00000000000001, "z": 0.3585816831447513}, "93": {"x": 5.0000000000000036, "y": 13.000000000000016, "z": 0.2545635771289754}, "94": {"x": 5.000000000000004, "y": 14.000000000000014, "z": 0.13483550053791313}, "95": {"x": 5.0, "y": 15.0, "z": 0.0}, "96": {"x": 6.0, "y": 0.0, "z": 0.0}, "97": {"x": 5.999999999999999, "y": 0.9999999999999989, "z": 0.18722614010533883}, "98": {"x": 5.999999999999994, "y": 1.9999999999999967, "z": 0.3349320265556531}, "99": {"x": 5.999999999999992, "y": 2.9999999999999947, "z": 0.4433099420303926}, "100": {"x": 5.999999999999993, "y": 3.9999999999999956, "z": 0.5175614588133434}, "101": {"x": 5.999999999999996, "y": 4.999999999999999, "z": 0.5618623214458943}, "102": {"x": 5.999999999999996, "y": 5.999999999999998, "z": 0.6152672035794806}, "103": {"x": 5.999999999999995, "y": 6.999999999999998, "z": 0.6406821077487205}, "104": {"x": 5.999999999999995, "y": 7.999999999999998, "z": 0.6334515925952855}, "105": {"x": 5.999999999999992, "y": 8.999999999999996, "z": 0.5995411852928609}, "106": {"x": 5.999999999999995, "y": 10.0, "z": 0.5431391541143439}, "107": {"x": 5.999999999999998, "y": 11.000000000000005, "z": 0.46506819416372386}, "108": {"x": 5.999999999999999, "y": 12.000000000000007, "z": 0.35237546950537657}, "109": {"x": 6.0, "y": 13.000000000000005, "z": 0.27213543796667067}, "110": {"x": 5.999999999999999, "y": 14.000000000000004, "z": 0.15449913046047561}, "111": {"x": 6.0, "y": 15.0, "z": 0.0}, "112": {"x": 7.0, "y": 0.0, "z": 0.0}, "113": {"x": 6.999999999999998, "y": 0.999999999999999, "z": 0.2395438245358145}, "114": {"x": 6.999999999999997,