{"attributes": {"name": "Mesh"}, "dva": {"x": 0.0, "y": 0.0, "z": 0.0}, "dea": {}, "dfa": {}, "vertex": {"0": {"x": 0.0, "y": 0.0, "z": 0.0}, "1": {"x": 0.0, "y": 1.0, "z": 0.0}, "2": {"x": 0.0, "y": 2.0, "z": 0.0}, "3": {"x": 0.0, "y": 3.0, "z": 0.0}, "4": {"x": 0.0, "y": 4.0, "z": 0.0}, "5": {"x": 0.0, "y": 5.0, "z": 0.0}, "6": {"x": 0.0, "y": 6.0, "z": 0.0}, "7": {"x": 0.0, "y": 7.0, "z": 0.0}, "8": {"x": 0.0, "y": 8.0, "z": 0.0}, "9": {"x": 0.0, "y": 9.0, "z": 0.0}, "10": {"x": 0.0, "y": 10.0, "z": 0.0}, "11": {"x": 0.0, "y": 11.0, "z": 0.0}, "12": {"x": 0.0, "y": 12.0, "z": 0.0}, "13": {"x": 0.0, "y": 13.0, "z": 0.0}, "14": {"x": 0.0, "y": 14.0, "z": 0.0}, "15": {"x": 0.0, "y": 15.0, "z": 0.0}, "16": {"x": 1.0, "y": 0.0, "z": 0.0}, "17": {"x": 0.9999999999999998, "y": 0.9999999999999998, "z": 0.1979846161682492}, "18": {"x": 0.9999999999999998, "y": 1.9999999999999996, "z": 0.34131158780753884}, "19": {"x": 1.0, "y": 3.0, "z": 0.3347106949255647}, "20": {"x": 0.9999999999999998, "y": 3.9999999999999996, "z": 0.5528135497511014}, "21": {"x": 1.0, "y": 5.000000000000001, "z": 0.46993571953758856}, "22": {"x": 1.0000000000000002, "y": 5.999999999999999, "z": 0.6366571721629426}, "23": {"x": 1.0000000000000002, "y": 6.999999999999998, "z": 0.7896124046653332}, "24": {"x": 1.0000000000000002, "y": 7.999999999999997, "z": 0.9683052636373901}, "25": {"x": 1.0000000000000002, "y": 8.999999999999998, "z": 0.807215853870071}, "26": {"x": 1.0000000000000002, "y": 9.999999999999998, "z": 0.6949380179991687}, "27": {"x": 1.0, "y": 10.999999999999998, "z": 0.6778835115932201}, "28": {"x": 0.9999999999999999, "y": 11.999999999999998, "z": 0.7635568985410017}, "29": {"x": 1.0, "y": 12.999999999999998, "z": 0.5019386302592218}, "30": {"x": 1.0000000000000002, "y": 13.999999999999996, "z": 0.09849542857514597}, "31": {"x": 1.0, "y": 15.0, "z": 0.0}, "32": {"x": 2.0, "y": 0.0, "z": 0.0}, "33": {"x": 2.0, "y": 1.0, "z": 0.2896637414504571}, "34": {"x": 2.0, "y": 2.0, "z": 0.5059132276611694}, "35": {"x": 1.9999999999999996, "y": 2.999999999999999, "z": 0.5802016308975353}, "36": {"x": 1.9999999999999996, "y": 4.0, "z": 0.8186995806914134}, "37": {"x": 2.0, "y": 5.0, "z": 0.8208925143980379}, "38": {"x": 2.0000000000000004, "y": 5.999999999999998, "z": 1.0149074097329966}, "39": {"x": 2.0, "y": 6.999999999999997, "z": 1.17621160569}, "40": {"x": 2.0, "y": 7.999999999999997, "z": 1.30863747304437}, "41": {"x": 2.0, "y": 8.999999999999998, "z": 1.191640834876547}, "42": {"x": 2.0000000000000004, "y": 10.0, "z": 1.0660753716526992}, "43": {"x": 2.0000000000000004, "y": 11.0, "z": 0.9909854646543238}, "44": {"x": 2.0000000000000004, "y": 12.0, "z": 0.9441970617927067}, "45": {"x": 2.000000000000001, "y": 13.0, "z": 0.6407338472678662}, "46": {"x": 2.000000000000001, "y": 13.999999999999998, "z": 0.18058080859072903}, "47": {"x": 2.0, "y": 15.0, "z": 0.0}, "48": {"x": 3.0, "y": 0.0, "z": 0.0}, "49": {"x": 3.0, "y": 1.0, "z": 0.29016384993680294}, "50": {"x": 3.0, "y": 2.0, "z": 0.5316131755250447}, "51": {"x": 2.9999999999999996, "y": 2.9999999999999996, "z": 0.7335913982987444}, "52": {"x": 2.999999999999999, "y": 3.9999999999999987, "z": 0.9046117710045972}, "53": {"x": 2.999999999999999, "y": 4.999999999999999, "z": 1.0463331857921532}, "54": {"x": 3.0000000000000004, "y": 5.999999999999999, "z": 1.155930610076544}, "55": {"x": 3.0, "y": 6.999999999999998, "z": 1.218987705394244}, "56": {"x": 2.9999999999999996, "y": 7.999999999999998, "z": 1.2271055654844174}, "57": {"x": 3.000000000000001, "y": 9.0, "z": 1.20613049571696}, "58": {"x": 3.0000000000000004, "y": 10.0, "z": 1.125118058036637}, "59": {"x": 3.000000000000001, "y": 11.0, "z": 0.9794896172823733}, "60": {"x": 3.0, "y": 11.999999999999998, "z": 0.7682438633467574}, "61": {"x": 3.0000000000000004, "y": 13.0, "z": 0.5282374144173109}, "62": {"x": 3.000000000000001, "y": 13.999999999999998, "z": 0.24375079905359548}, "63": {"x": 3.0, "y": 15.0, "z": 0.0}, "64": {"x": 4.0, "y": 0.0, "z": 0.0}, "65": {"x": 3.9999999999999987, "y": 0.9999999999999994, "z": 0.46395327986369284}, "66": {"x": 3.9999999999999987, "y": 1.9999999999999993, "z": 0.8156121241556649}, "67": {"x": 3.999999999999999, "y": 2.9999999999999987, "z": 0.9192195521967749}, "68": {"x": 3.999999999999998, "y": 3.9999999999999987, "z": 1.400555540140064}, "69": {"x": 3.9999999999999973, "y": 4.999999999999998, "z": 1.3176545449078199}, "70": {"x": 3.9999999999999996, "y": 6.000000000000001, "z": 1.6492735190104066}, "71": {"x": 4.0, "y": 6.999999999999999, "z": 1.92465689346912}, "72": {"x": 4.0, "y": 7.999999999999998, "z": 2.348266662322653}, "73": {"x": 4.000000000000001, "y": 9.0, "z": 1.9803777659494395}, "74": {"x": 4.0, "y": 10.000000000000002, "z": 1.7768869186373224}, "75": {"x": 4.000000000000002, "y": 11.000000000000002, "z": 1.6413755461829902}, "76": {"x": 4.000000000000003, "y": 12.000000000000005, "z": 1.7507964324136445}, "77": {"x": 4.000000000000003, "y": 13.000000000000005, "z": 1.065580075384976}, "78": {"x": 4.000000000000003, "y": 14.0, "z": 0.27741520471386116}, "79": {"x": 4.0, "y": 15.0, "z": 0.0}, "80": {"x": 5.0, "y": 0.0, "z": 0.0}, "81": {"x": 4.999999999999998, "y": 0.9999999999999992, "z": 0.5267391736304362}, "82": {"x": 4.999999999999997, "y": 1.999999999999999, "z": 0.8825546893697904}, "83": {"x": 4.9999999999999964, "y": 2.999999999999998, "z": 1.0288005108398934}, "84": {"x": 4.999999999999996, "y": 3.999999999999997, "z": 1.3837684091703302}, "85": {"x": 4.999999999999995, "y": 4.999999999999996, "z": 1.4890985724424488}, "86": {"x": 4.999999999999997, "y": 5.999999999999997, "z": 1.8871968812063762}, "87": {"x": 4.999999999999999, "y": 6.999999999999998, "z": 2.207023302193095}, "88": {"x": 4.999999999999997, "y": 7.9999999999999964, "z": 2.3857584229477156}, "89": {"x": 4.999999999999999, "y": 8.999999999999998, "z": 2.326701784069224}, "90": {"x": 4.999999999999999, "y": 10.0, "z": 2.148393217599784}, "91": {"x": 5.000000000000001, "y": 11.000000000000004, "z": 1.9525357879684253}, "92": {"x": 5.000000000000001, "y": 12.000000000000002, "z": 1.6559568213325069}, "93": {"x": 5.0000000000000036, "y": 13.000000000000005, "z": 1.1107688084762863}, "94": {"x": 5.0000000000000036, "y": 14.0, "z": 0.2976191505252905}, "95": {"x": 5.0, "y": 15.0, "z": 0.0}, "96": {"x": 6.0, "y": 0.0, "z": 0.0}, "97": {"x": 5.999999999999997, "y": 0.9999999999999993, "z": 0.5770825466612015}, "98": {"x": 5.999999999999997, "y": 1.999999999999999, "z": 0.9762281598942011}, "99": {"x": 5.9999999999999964, "y": 2.9999999999999982, "z": 1.014186452978316}, "100": {"x": 5.999999999999996, "y": 3.999999999999997, "z": 1.6430684862505265}, "101": {"x": 5.999999999999994, "y": 4.999999999999995, "z": 1.4672448655898789}, "102": {"x": 6.0, "y": 6.0, "z": 1.9680342196237721}, "103": {"x": 6.000000000000001, "y": 7.000000000000001, "z": 2.3906199304288864}, "104": {"x": 5.999999999999999, "y": 7.999999999999999, "z": 3.0856681517696867}, "105": {"x": 5.999999999999997, "y": 8.999999999999998, "z": 2.530577276418525}, "106": {"x": 5.999999999999998, "y": 9.999999999999998, "z": 2.277801258322266}, "107": {"x": 5.999999999999999, "y": 11.0, "z": 2.124077679909099}, "108": {"x": 5.999999999999999, "y": 11.999999999999998, "z": 2.3749771906689365}, "109": {"x": 6.000000000000002, "y": 13.000000000000002, "z": 1.3729168144996333}, "110": {"x": 6.000000000000003, "y": 14.0, "z": 0.28174976140742575}, "111": {"x": 6.0, "y": 15.0, "z": 0.0}, "112": {"x": 7.0, "y": 0.0, "z": 0.0}, "113": {"x": 6.999999999999997, "y": 0.9999999999999992, "z": 0.5143018409084004}, "114": {"x": 6.9999999999999964, "y": 1.9999999999999987, "z": 0.8393536957668337}, "115": {"x": 6.9999999999999964, "y": 2.9999999999999982, "z": 0.9271814971866329}, "116": {"x": 6.999999999999995, "y": 3.999999999999997, "z": 1.2817148924194535}, "117": {"x": 6.9999999999999964, "y": 4.999999999999997, "z": 1.3498688832698462}, "118": {"x": 7.000000000000001, "y": 6.0,