{"attributes": {"name": "Mesh"}, "dva": {"x": 0.0, "y": 0.0, "z": 0.0}, "dea": {}, "dfa": {}, "vertex": {"0": {"x": 0.0, "y": 0.0, "z": 0.0}, "1": {"x": 0.0, "y": 1.0, "z": 0.0}, "2": {"x": 0.0, "y": 2.0, "z": 0.0}, "3": {"x": 0.0, "y": 3.0, "z": 0.0}, "4": {"x": 0.0, "y": 4.0, "z": 0.0}, "5": {"x": 0.0, "y": 5.0, "z": 0.0}, "6": {"x": 0.0, "y": 6.0, "z": 0.0}, "7": {"x": 0.0, "y": 7.0, "z": 0.0}, "8": {"x": 0.0, "y": 8.0, "z": 0.0}, "9": {"x": 0.0, "y": 9.0, "z": 0.0}, "10": {"x": 0.0, "y": 10.0, "z": 0.0}, "11": {"x": 0.0, "y": 11.0, "z": 0.0}, "12": {"x": 0.0, "y": 12.0, "z": 0.0}, "13": {"x": 0.0, "y": 13.0, "z": 0.0}, "14": {"x": 0.0, "y": 14.0, "z": 0.0}, "15": {"x": 0.0, "y": 15.0, "z": 0.0}, "16": {"x": 1.0, "y": 0.0, "z": 0.0}, "17": {"x": 0.9999999999999994, "y": 0.9999999999999997, "z": 0.04441485402754994}, "18": {"x": 0.9999999999999987, "y": 1.9999999999999996, "z": 0.09058372330360857}, "19": {"x": 0.9999999999999992, "y": 3.0, "z": 0.2613402477740619}, "20": {"x": 0.9999999999999996, "y": 4.0, "z": 0.3869303123352133}, "21": {"x": 0.9999999999999999, "y": 5.0, "z": 0.4845523056848189}, "22": {"x": 0.9999999999999998, "y": 5.999999999999999, "z": 0.5024952650150178}, "23": {"x": 0.9999999999999998, "y": 6.999999999999998, "z": 0.4323729781888113}, "24": {"x": 1.0000000000000002, "y": 8.000000000000002, "z": 0.4683508396263245}, "25": {"x": 1.0000000000000007, "y": 9.000000000000004, "z": 0.44858667941367714}, "26": {"x": 1.000000000000001, "y": 10.000000000000007, "z": 0.3527753603541446}, "27": {"x": 1.0000000000000013, "y": 11.000000000000004, "z": 0.18688843072528877}, "28": {"x": 1.0000000000000018, "y": 12.000000000000007, "z": 0.11809605179620135}, "29": {"x": 1.000000000000001, "y": 13.000000000000002, "z": 0.07909565373923078}, "30": {"x": 1.0000000000000007, "y": 14.000000000000002, "z": 0.08305295692701972}, "31": {"x": 1.0, "y": 15.0, "z": 0.0}, "32": {"x": 2.0, "y": 0.0, "z": 0.0}, "33": {"x": 1.9999999999999993, "y": 0.9999999999999997, "z": 0.07883877750777116}, "34": {"x": 1.9999999999999973, "y": 1.9999999999999996, "z": 0.16037370929826317}, "35": {"x": 1.9999999999999978, "y": 3.0, "z": 0.4473005328094063}, "36": {"x": 1.999999999999999, "y": 4.000000000000001, "z": 0.6578860870746869}, "37": {"x": 1.9999999999999991, "y": 4.999999999999999, "z": 0.8504463846683457}, "38": {"x": 1.9999999999999993, "y": 5.999999999999999, "z": 0.8922160018991276}, "39": {"x": 2.0, "y": 6.999999999999999, "z": 0.7371110460150775}, "40": {"x": 2.000000000000001, "y": 8.000000000000004, "z": 0.805433174401148}, "41": {"x": 2.0000000000000018, "y": 9.000000000000007, "z": 0.7818485938006058}, "42": {"x": 2.000000000000002, "y": 10.000000000000009, "z": 0.6149115835431045}, "43": {"x": 2.0000000000000027, "y": 11.000000000000007, "z": 0.32651471802850895}, "44": {"x": 2.0000000000000036, "y": 12.000000000000009, "z": 0.20944487547150833}, "45": {"x": 2.000000000000002, "y": 13.000000000000004, "z": 0.1400781593175139}, "46": {"x": 2.0000000000000013, "y": 14.000000000000004, "z": 0.15176900152031794}, "47": {"x": 2.0, "y": 15.0, "z": 0.0}, "48": {"x": 3.0, "y": 0.0, "z": 0.0}, "49": {"x": 2.9999999999999996, "y": 0.9999999999999999, "z": 0.10333983143630371}, "50": {"x": 2.9999999999999956, "y": 1.9999999999999993, "z": 0.21317240599717444}, "51": {"x": 2.999999999999997, "y": 3.0, "z": 0.5360068491938442}, "52": {"x": 2.999999999999998, "y": 4.0, "z": 0.7756941376512101}, "53": {"x": 2.999999999999999, "y": 5.000000000000001, "z": 0.9306142962144918}, "54": {"x": 2.999999999999999, "y": 6.0, "z": 0.9777649494945576}, "55": {"x": 3.0000000000000004, "y": 7.000000000000003, "z": 0.9230092987767189}, "56": {"x": 3.000000000000001, "y": 8.000000000000004, "z": 0.947042239322557}, "57": {"x": 3.0000000000000018, "y": 9.000000000000005, "z": 0.8785011304917454}, "58": {"x": 3.000000000000003, "y": 10.000000000000009, "z": 0.7043123205061307}, "59": {"x": 3.0000000000000044, "y": 11.00000000000001, "z": 0.42542901445105846}, "60": {"x": 3.0000000000000044, "y": 12.00000000000001, "z": 0.27625503108997634}, "61": {"x": 3.0000000000000036, "y": 13.000000000000009, "z": 0.18421178819696257}, "62": {"x": 3.0000000000000018, "y": 14.000000000000004, "z": 0.14997019191469585}, "63": {"x": 3.0, "y": 15.0, "z": 0.0}, "64": {"x": 4.0, "y": 0.0, "z": 0.0}, "65": {"x": 3.9999999999999982, "y": 0.9999999999999999, "z": 0.11739246355957897}, "66": {"x": 3.9999999999999942, "y": 1.9999999999999991, "z": 0.23809786719994916}, "67": {"x": 3.999999999999996, "y": 3.0000000000000004, "z": 0.6012857495390896}, "68": {"x": 3.9999999999999982, "y": 4.000000000000001, "z": 0.8698800532573334}, "69": {"x": 3.9999999999999987, "y": 5.000000000000001, "z": 1.0918188664206896}, "70": {"x": 3.999999999999999, "y": 6.000000000000003, "z": 1.1481174383667532}, "71": {"x": 4.0, "y": 7.0000000000000036, "z": 1.0023751375208947}, "72": {"x": 4.000000000000002, "y": 8.000000000000007, "z": 1.0677553875568262}, "73": {"x": 4.000000000000003, "y": 9.000000000000009, "z": 1.0216089833111395}, "74": {"x": 4.000000000000004, "y": 10.000000000000014, "z": 0.8165823042132554}, "75": {"x": 4.000000000000006, "y": 11.000000000000014, "z": 0.4711638420856389}, "76": {"x": 4.000000000000006, "y": 12.000000000000012, "z": 0.31117733322886465}, "77": {"x": 4.000000000000005, "y": 13.000000000000014, "z": 0.20877453223772216}, "78": {"x": 4.000000000000003, "y": 14.000000000000005, "z": 0.19397192384996587}, "79": {"x": 4.0, "y": 15.0, "z": 0.0}, "80": {"x": 5.0, "y": 0.0, "z": 0.0}, "81": {"x": 4.999999999999996, "y": 0.9999999999999997, "z": 0.12149501499301542}, "82": {"x": 4.999999999999994, "y": 1.9999999999999993, "z": 0.24455824094890966}, "83": {"x": 4.999999999999997, "y": 3.000000000000001, "z": 0.5814788874834516}, "84": {"x": 4.999999999999997, "y": 4.000000000000002, "z": 0.8323909201129555}, "85": {"x": 4.999999999999998, "y": 5.000000000000002, "z": 1.0266955126071695}, "86": {"x": 4.999999999999998, "y": 6.000000000000004, "z": 1.076293734075352}, "87": {"x": 5.0, "y": 7.000000000000007, "z": 0.9661823701040008}, "88": {"x": 5.000000000000002, "y": 8.000000000000009, "z": 1.022425183880189}, "89": {"x": 5.0000000000000036, "y": 9.000000000000012, "z": 0.9746909940204598}, "90": {"x": 5.000000000000005, "y": 10.000000000000016, "z": 0.7885715350189691}, "91": {"x": 5.000000000000007, "y": 11.000000000000016, "z": 0.47472754811748846}, "92": {"x": 5.000000000000006, "y": 12.000000000000014, "z": 0.32066273263249334}, "93": {"x": 5.000000000000005, "y": 13.000000000000014, "z": 0.21612491989928123}, "94": {"x": 5.0000000000000036, "y": 14.000000000000005, "z": 0.18631016767322062}, "95": {"x": 5.0, "y": 15.0, "z": 0.0}, "96": {"x": 6.0, "y": 0.0, "z": 0.0}, "97": {"x": 5.9999999999999964, "y": 1.0, "z": 0.11570139715412571}, "98": {"x": 5.999999999999994, "y": 1.9999999999999993, "z": 0.2308583981550721}, "99": {"x": 5.999999999999996, "y": 3.0000000000000004, "z": 0.4899759785285875}, "100": {"x": 5.9999999999999964, "y": 4.000000000000002, "z": 0.6848425604372017}, "101": {"x": 5.999999999999997, "y": 5.0000000000000036, "z": 0.8444505820435945}, "102": {"x": 5.999999999999998, "y": 6.0000000000000036, "z": 0.8931567301498301}, "103": {"x": 6.0, "y": 7.000000000000004, "z": 0.8115821913398329}, "104": {"x": 6.000000000000002, "y": 8.000000000000009, "z": 0.851715654142054}, "105": {"x": 6.000000000000005, "y": 9.000000000000014, "z": 0.8146474146301587}, "106": {"x": 6.000000000000005, "y": 10.000000000000014, "z": 0.6715501629294224}, "107": {"x": 6.000000000000005, "y": 11.000000000000012, "z": 0.4332642419999375}, "108": {"x": 6.000000000000005, "y": 12.00000000000001, "z": 0.3039428387732796}, "109": {"x": 6.000000000000006, "y": 13.000000000000014, "z": 0.20559458702944639}, "110": {"x": 6.0000000000000036, "y": 14.000000000000005, "z": 0.1623744095452645}, "111": {"x": 6.0, "y": 15.0, "z": 0.0}, "112": {"x": 7.0, "y": 0.0, "z": 0.0}, "113": {"x": 6.999999999999994,