{"attributes": {"name": "Mesh"}, "dva": {"x": 0.0, "y": 0.0, "z": 0.0}, "dea": {}, "dfa": {}, "vertex": {"0": {"x": 0.0, "y": 0.0, "z": 0.0}, "1": {"x": 0.0, "y": 1.0, "z": 0.0}, "2": {"x": 0.0, "y": 2.0, "z": 0.0}, "3": {"x": 0.0, "y": 3.0, "z": 0.0}, "4": {"x": 0.0, "y": 4.0, "z": 0.0}, "5": {"x": 0.0, "y": 5.0, "z": 0.0}, "6": {"x": 0.0, "y": 6.0, "z": 0.0}, "7": {"x": 0.0, "y": 7.0, "z": 0.0}, "8": {"x": 0.0, "y": 8.0, "z": 0.0}, "9": {"x": 0.0, "y": 9.0, "z": 0.0}, "10": {"x": 0.0, "y": 10.0, "z": 0.0}, "11": {"x": 0.0, "y": 11.0, "z": 0.0}, "12": {"x": 0.0, "y": 12.0, "z": 0.0}, "13": {"x": 0.0, "y": 13.0, "z": 0.0}, "14": {"x": 0.0, "y": 14.0, "z": 0.0}, "15": {"x": 0.0, "y": 15.0, "z": 0.0}, "16": {"x": 1.0, "y": 0.0, "z": 0.0}, "17": {"x": 0.9999999999999998, "y": 1.0, "z": 0.14271850022974578}, "18": {"x": 0.9999999999999999, "y": 2.0, "z": 0.33369248911700833}, "19": {"x": 0.9999999999999998, "y": 3.0, "z": 0.33897434727108444}, "20": {"x": 1.0, "y": 4.000000000000001, "z": 0.4410072129448971}, "21": {"x": 1.0, "y": 5.0, "z": 0.3928826915820895}, "22": {"x": 0.9999999999999998, "y": 5.999999999999998, "z": 0.43207674305110844}, "23": {"x": 1.0000000000000002, "y": 7.0, "z": 0.3756633516005739}, "24": {"x": 1.0000000000000002, "y": 8.000000000000002, "z": 0.370514854086721}, "25": {"x": 1.0000000000000007, "y": 9.000000000000005, "z": 0.40036194892430355}, "26": {"x": 1.0000000000000004, "y": 10.000000000000004, "z": 0.45988960380492383}, "27": {"x": 1.0, "y": 11.000000000000002, "z": 0.33896902587588196}, "28": {"x": 1.0, "y": 12.0, "z": 0.31992554943806034}, "29": {"x": 1.0, "y": 13.0, "z": 0.2639758882337883}, "30": {"x": 1.0, "y": 13.999999999999998, "z": 0.15902865421305856}, "31": {"x": 1.0, "y": 15.0, "z": 0.0}, "32": {"x": 2.0, "y": 0.0, "z": 0.0}, "33": {"x": 1.9999999999999996, "y": 0.9999999999999998, "z": 0.24336493411871063}, "34": {"x": 2.0, "y": 2.0000000000000004, "z": 0.45936723536681134}, "35": {"x": 2.0, "y": 3.0000000000000004, "z": 0.5771128094236889}, "36": {"x": 2.0, "y": 4.000000000000001, "z": 0.6790273440370252}, "37": {"x": 2.0000000000000004, "y": 5.000000000000001, "z": 0.6903135155900538}, "38": {"x": 2.000000000000001, "y": 6.0000000000000036, "z": 0.7173366865975286}, "39": {"x": 2.000000000000001, "y": 7.000000000000002, "z": 0.6744081198685249}, "40": {"x": 2.0000000000000004, "y": 8.000000000000004, "z": 0.6665999964043579}, "41": {"x": 2.000000000000001, "y": 9.000000000000005, "z": 0.6898663857323074}, "42": {"x": 2.0000000000000018, "y": 10.000000000000012, "z": 0.6925338390230538}, "43": {"x": 1.9999999999999998, "y": 11.000000000000002, "z": 0.600645913321762}, "44": {"x": 1.9999999999999996, "y": 12.0, "z": 0.5415598539093506}, "45": {"x": 2.0, "y": 13.000000000000002, "z": 0.43123844166368436}, "46": {"x": 2.0000000000000004, "y": 14.0, "z": 0.25331446328389684}, "47": {"x": 2.0, "y": 15.0, "z": 0.0}, "48": {"x": 3.0, "y": 0.0, "z": 0.0}, "49": {"x": 2.9999999999999996, "y": 0.9999999999999998, "z": 0.318644584071357}, "50": {"x": 2.9999999999999996, "y": 2.0000000000000004, "z": 0.5804636374487333}, "51": {"x": 2.9999999999999996, "y": 3.000000000000001, "z": 0.7547315796386971}, "52": {"x": 3.0, "y": 4.000000000000001, "z": 0.8731073023214834}, "53": {"x": 3.0000000000000004, "y": 5.000000000000001, "z": 0.9063873487575782}, "54": {"x": 3.0000000000000004, "y": 6.000000000000002, "z": 0.931872107618334}, "55": {"x": 3.0000000000000004, "y": 7.000000000000003, "z": 0.8870833968313028}, "56": {"x": 3.0000000000000004, "y": 8.000000000000002, "z": 0.8771807847694624}, "57": {"x": 2.9999999999999996, "y": 9.0, "z": 0.9012043264787488}, "58": {"x": 2.9999999999999987, "y": 9.999999999999998, "z": 0.8872875962806293}, "59": {"x": 2.999999999999998, "y": 10.999999999999996, "z": 0.789826534309143}, "60": {"x": 2.9999999999999987, "y": 11.999999999999998, "z": 0.7073979783733022}, "61": {"x": 3.0, "y": 13.000000000000002, "z": 0.5602556595915172}, "62": {"x": 3.000000000000001, "y": 14.000000000000004, "z": 0.3278776606592441}, "63": {"x": 3.0, "y": 15.0, "z": 0.0}, "64": {"x": 4.0, "y": 0.0, "z": 0.0}, "65": {"x": 3.9999999999999987, "y": 0.9999999999999998, "z": 0.3827630539653286}, "66": {"x": 3.9999999999999987, "y": 2.0, "z": 0.7465496699741645}, "67": {"x": 3.999999999999998, "y": 3.0, "z": 0.9086174946527056}, "68": {"x": 3.9999999999999987, "y": 4.0, "z": 1.0784662552514312}, "69": {"x": 4.0, "y": 5.000000000000002, "z": 1.0588501960236336}, "70": {"x": 4.000000000000001, "y": 6.000000000000003, "z": 1.108415197917552}, "71": {"x": 4.000000000000002, "y": 7.0000000000000036, "z": 1.0096867255590145}, "72": {"x": 4.0, "y": 8.000000000000002, "z": 0.9962419734432809}, "73": {"x": 3.9999999999999996, "y": 9.0, "z": 1.0587430833129798}, "74": {"x": 3.9999999999999982, "y": 9.999999999999998, "z": 1.0842920035652308}, "75": {"x": 3.999999999999997, "y": 10.999999999999993, "z": 0.9147682397902523}, "76": {"x": 3.9999999999999973, "y": 11.999999999999995, "z": 0.8473306134634951}, "77": {"x": 3.9999999999999982, "y": 13.0, "z": 0.6920399274352115}, "78": {"x": 4.000000000000002, "y": 14.000000000000005, "z": 0.4146071864282291}, "79": {"x": 4.0, "y": 15.0, "z": 0.0}, "80": {"x": 5.0, "y": 0.0, "z": 0.0}, "81": {"x": 4.999999999999998, "y": 0.9999999999999999, "z": 0.4162882240770661}, "82": {"x": 4.999999999999998, "y": 1.9999999999999998, "z": 1.2340595615924763}, "83": {"x": 4.999999999999998, "y": 3.0, "z": 0.9866460174172549}, "84": {"x": 4.999999999999999, "y": 4.0, "z": 1.432565226223532}, "85": {"x": 5.0, "y": 5.000000000000002, "z": 1.108367628372385}, "86": {"x": 5.000000000000002, "y": 6.000000000000005, "z": 1.2851960945692738}, "87": {"x": 5.0000000000000036, "y": 7.000000000000007, "z": 1.0322478249763185}, "88": {"x": 4.999999999999997, "y": 7.999999999999999, "z": 1.0169204259608928}, "89": {"x": 4.999999999999999, "y": 8.999999999999998, "z": 1.1421512011267436}, "90": {"x": 4.9999999999999964, "y": 9.999999999999995, "z": 1.56284362612432}, "91": {"x": 4.9999999999999964, "y": 10.999999999999991, "z": 0.947787146480859}, "92": {"x": 4.999999999999995, "y": 11.99999999999999, "z": 0.9400757880302453}, "93": {"x": 4.9999999999999964, "y": 12.999999999999995, "z": 0.8025464826857197}, "94": {"x": 5.000000000000001, "y": 14.000000000000007, "z": 0.49516400441333164}, "95": {"x": 5.0, "y": 15.0, "z": 0.0}, "96": {"x": 6.0, "y": 0.0, "z": 0.0}, "97": {"x": 5.999999999999998, "y": 1.0, "z": 0.40944300234531655}, "98": {"x": 5.999999999999998, "y": 1.9999999999999996, "z": 1.1877421915521098}, "99": {"x": 5.999999999999997, "y": 2.999999999999999, "z": 0.9738637450561783}, "100": {"x": 6.0, "y": 4.000000000000001, "z": 1.4073542251937843}, "101": {"x": 6.0, "y": 5.000000000000003, "z": 1.0745247257023285}, "102": {"x": 6.000000000000002, "y": 6.000000000000004, "z": 1.2586233611412845}, "103": {"x": 6.000000000000003, "y": 7.000000000000005, "z": 0.9856592211259029}, "104": {"x": 5.999999999999995, "y": 7.999999999999994, "z": 0.9691299799212381}, "105": {"x": 6.0, "y": 8.999999999999995, "z": 1.1158508627739006}, "106": {"x": 5.9999999999999964, "y": 9.999999999999993, "z": 1.4977559946748658}, "107": {"x": 5.999999999999996, "y": 10.99999999999999, "z": 0.9139894860722918}, "108": {"x": 5.999999999999996, "y": 11.999999999999991, "z": 0.9225231921720936}, "109": {"x": 5.9999999999999964, "y": 12.999999999999993, "z": 0.7995615154935554}, "110": {"x": 6.0, "y": 14.000000000000004, "z": 0.4982556617570053}, "111": {"x": 6.0, "y": 15.0, "z": 0.0}, "112": {"x": 7.0, "y": 0.0, "z": 0.0}, "113": {"x": 6.999999999999999, "y": 0.9999999999999999, "z": 0.3578033195558088}, "114": {"x": 6.999999999999999, "y": 1.9999999999999993, "z": 0.9139876897580042}, "115": {"x": 6.999999999999999, "y": 2.9999999999999996, "z": 0.8540164856698655}, "116": {"x": 7.000000000000002, "y": 4.000000000000001, "z": 1.155337882682328}, "117": {"x": 7.000000000000001, "y": 5.000000000000001, "z": 0.9432996404920745},