{"attributes": {"name": "Mesh"}, "dva": {"x": 0.0, "y": 0.0, "z": 0.0}, "dea": {}, "dfa": {}, "vertex": {"0": {"x": 0.0, "y": 0.0, "z": 0.0}, "1": {"x": 0.0, "y": 1.0, "z": 0.0}, "2": {"x": 0.0, "y": 2.0, "z": 0.0}, "3": {"x": 0.0, "y": 3.0, "z": 0.0}, "4": {"x": 0.0, "y": 4.0, "z": 0.0}, "5": {"x": 0.0, "y": 5.0, "z": 0.0}, "6": {"x": 0.0, "y": 6.0, "z": 0.0}, "7": {"x": 0.0, "y": 7.0, "z": 0.0}, "8": {"x": 0.0, "y": 8.0, "z": 0.0}, "9": {"x": 0.0, "y": 9.0, "z": 0.0}, "10": {"x": 0.0, "y": 10.0, "z": 0.0}, "11": {"x": 0.0, "y": 11.0, "z": 0.0}, "12": {"x": 0.0, "y": 12.0, "z": 0.0}, "13": {"x": 0.0, "y": 13.0, "z": 0.0}, "14": {"x": 0.0, "y": 14.0, "z": 0.0}, "15": {"x": 0.0, "y": 15.0, "z": 0.0}, "16": {"x": 1.0, "y": 0.0, "z": 0.0}, "17": {"x": 1.0000000000000004, "y": 1.0000000000000007, "z": 0.36209701066200245}, "18": {"x": 1.0000000000000004, "y": 2.0000000000000013, "z": 0.41620523510717267}, "19": {"x": 1.0000000000000004, "y": 3.0000000000000013, "z": 0.22889364085308983}, "20": {"x": 1.0000000000000004, "y": 4.000000000000001, "z": 0.3986027774892461}, "21": {"x": 1.0000000000000007, "y": 5.000000000000003, "z": 0.24514371855864442}, "22": {"x": 1.0000000000000016, "y": 6.000000000000005, "z": 0.0812201721487636}, "23": {"x": 1.000000000000001, "y": 7.000000000000004, "z": 0.3798217412451712}, "24": {"x": 1.000000000000001, "y": 8.000000000000005, "z": 0.44488322599007757}, "25": {"x": 1.0000000000000009, "y": 9.000000000000004, "z": 0.3886876511974622}, "26": {"x": 1.0000000000000007, "y": 10.000000000000004, "z": 0.4793073139777916}, "27": {"x": 1.0000000000000004, "y": 11.000000000000004, "z": 0.4468681425081931}, "28": {"x": 1.0000000000000002, "y": 12.000000000000004, "z": 0.434590735288061}, "29": {"x": 1.0, "y": 13.0, "z": 0.3779115044401569}, "30": {"x": 1.0, "y": 14.000000000000002, "z": 0.24548639169841976}, "31": {"x": 1.0, "y": 15.0, "z": 0.0}, "32": {"x": 2.0, "y": 0.0, "z": 0.0}, "33": {"x": 2.0000000000000004, "y": 1.0000000000000016, "z": 0.21344885817516374}, "34": {"x": 2.0000000000000013, "y": 2.000000000000003, "z": 0.34404650232839745}, "35": {"x": 2.000000000000001, "y": 3.000000000000003, "z": 0.3795174062077199}, "36": {"x": 2.0000000000000013, "y": 4.000000000000004, "z": 0.39271625727913256}, "37": {"x": 2.0000000000000018, "y": 5.000000000000006, "z": 0.328198983722807}, "38": {"x": 2.0000000000000027, "y": 6.000000000000008, "z": 0.15315678694656698}, "39": {"x": 2.000000000000002, "y": 7.000000000000007, "z": 0.4156814570882898}, "40": {"x": 2.000000000000002, "y": 8.000000000000007, "z": 0.5867885769961525}, "41": {"x": 2.0000000000000018, "y": 9.000000000000007, "z": 0.6619261358425095}, "42": {"x": 2.0000000000000004, "y": 10.000000000000002, "z": 0.7329577745909363}, "43": {"x": 2.0000000000000004, "y": 11.000000000000004, "z": 0.7285716369920961}, "44": {"x": 2.0000000000000004, "y": 12.000000000000005, "z": 0.6728603121367668}, "45": {"x": 2.0, "y": 13.000000000000004, "z": 0.5421784595393304}, "46": {"x": 2.0, "y": 14.000000000000002, "z": 0.3204966275813952}, "47": {"x": 2.0, "y": 15.0, "z": 0.0}, "48": {"x": 3.0, "y": 0.0, "z": 0.0}, "49": {"x": 2.9999999999999996, "y": 1.0000000000000009, "z": 1.1264386700085092}, "50": {"x": 2.999999999999999, "y": 2.0000000000000018, "z": 1.0789060923792906}, "51": {"x": 3.0000000000000004, "y": 3.000000000000002, "z": 0.504922621709157}, "52": {"x": 3.000000000000001, "y": 4.000000000000004, "z": 1.2173886786505743}, "53": {"x": 3.000000000000001, "y": 5.000000000000005, "z": 0.5554389287763123}, "54": {"x": 3.0000000000000036, "y": 6.00000000000001, "z": 0.1899406097978688}, "55": {"x": 3.0000000000000027, "y": 7.000000000000008, "z": 0.9339155375504226}, "56": {"x": 3.0000000000000018, "y": 8.000000000000007, "z": 1.0040211915190747}, "57": {"x": 3.0000000000000027, "y": 9.000000000000009, "z": 0.857605237291937}, "58": {"x": 3.0000000000000013, "y": 10.000000000000007, "z": 1.0774998938241271}, "59": {"x": 2.999999999999999, "y": 10.999999999999998, "z": 0.9892731761745486}, "60": {"x": 2.999999999999999, "y": 12.000000000000004, "z": 0.97004714579615}, "61": {"x": 2.9999999999999987, "y": 12.999999999999996, "z": 0.8492786550940822}, "62": {"x": 2.999999999999999, "y": 14.0, "z": 0.5573249667724645}, "63": {"x": 3.0, "y": 15.0, "z": 0.0}, "64": {"x": 4.0, "y": 0.0, "z": 0.0}, "65": {"x": 3.999999999999999, "y": 1.0000000000000007, "z": 0.5467330628129158}, "66": {"x": 3.9999999999999987, "y": 2.0000000000000013, "z": 0.7436577956173085}, "67": {"x": 3.9999999999999996, "y": 3.0000000000000018, "z": 0.5704321372972878}, "68": {"x": 4.0, "y": 4.000000000000004, "z": 0.7498102401710288}, "69": {"x": 4.000000000000001, "y": 5.000000000000006, "z": 0.5974839927321624}, "70": {"x": 4.0000000000000036, "y": 6.000000000000012, "z": 0.22078710574131263}, "71": {"x": 4.000000000000002, "y": 7.000000000000009, "z": 0.787883820384967}, "72": {"x": 4.000000000000001, "y": 8.000000000000005, "z": 1.0128962962968504}, "73": {"x": 4.000000000000003, "y": 9.000000000000009, "z": 0.958503798821802}, "74": {"x": 4.000000000000002, "y": 10.000000000000005, "z": 1.1272238514967055}, "75": {"x": 3.9999999999999982, "y": 10.999999999999998, "z": 1.0890531063018336}, "76": {"x": 3.999999999999998, "y": 11.999999999999998, "z": 1.0534736289269502}, "77": {"x": 3.9999999999999996, "y": 13.0, "z": 0.9068307037441229}, "78": {"x": 4.0, "y": 14.000000000000002, "z": 0.5758537252166412}, "79": {"x": 4.0, "y": 15.0, "z": 0.0}, "80": {"x": 5.0, "y": 0.0, "z": 0.0}, "81": {"x": 5.000000000000002, "y": 1.0000000000000009, "z": 0.7984440890358858}, "82": {"x": 4.999999999999999, "y": 2.0000000000000013, "z": 0.9258281211440628}, "83": {"x": 4.999999999999998, "y": 3.0000000000000013, "z": 0.5421128001792932}, "84": {"x": 5.0, "y": 4.000000000000004, "z": 0.9326086381508861}, "85": {"x": 5.0, "y": 5.000000000000005, "z": 0.6130940397413353}, "86": {"x": 5.0, "y": 6.000000000000009, "z": 0.23260120752907748}, "87": {"x": 5.000000000000001, "y": 7.000000000000007, "z": 0.8932440101031919}, "88": {"x": 5.0, "y": 8.000000000000005, "z": 1.0430019122750698}, "89": {"x": 5.000000000000001, "y": 9.000000000000007, "z": 0.9063463550964731}, "90": {"x": 4.999999999999999, "y": 10.000000000000002, "z": 1.1022279731731683}, "91": {"x": 4.999999999999998, "y": 10.999999999999998, "z": 1.0304460161428517}, "92": {"x": 4.999999999999997, "y": 11.999999999999998, "z": 1.007230763008815}, "93": {"x": 5.0, "y": 13.000000000000002, "z": 0.8820501390721512}, "94": {"x": 5.000000000000001, "y": 14.000000000000004, "z": 0.5745734654994479}, "95": {"x": 5.0, "y": 15.0, "z": 0.0}, "96": {"x": 6.0, "y": 0.0, "z": 0.0}, "97": {"x": 5.999999999999999, "y": 1.0, "z": 0.39666861937531317}, "98": {"x": 5.999999999999997, "y": 2.0000000000000004, "z": 0.5413141429469036}, "99": {"x": 5.999999999999998, "y": 3.0000000000000013, "z": 0.43819800634196904}, "100": {"x": 5.999999999999999, "y": 4.0000000000000036, "z": 0.5787716786075067}, "101": {"x": 6.0, "y": 5.0000000000000036, "z": 0.473470838921849}, "102": {"x": 5.999999999999999, "y": 6.000000000000004, "z": 0.23531142005422323}, "103": {"x": 6.0, "y": 7.0000000000000036, "z": 0.6206002113347653}, "104": {"x": 5.999999999999999, "y": 8.000000000000002, "z": 0.7718698134840817}, "105": {"x": 5.999999999999999, "y": 9.000000000000004, "z": 0.7396802178576269}, "106": {"x": 5.999999999999999, "y": 10.000000000000002, "z": 0.8442726021814277}, "107": {"x": 5.999999999999998, "y": 11.0, "z": 0.8064055860806045}, "108": {"x": 5.999999999999998, "y": 11.999999999999998, "z": 0.7642570175691149}, "109": {"x": 6.0, "y": 13.0, "z": 0.6452917226243244}, "110": {"x": 6.0, "y": 14.000000000000002, "z": 0.40371354297439693}, "111": {"x": 6.0, "y": 15.0, "z": 0.0}, "112": {"x": 7.0, "y": 0.0, "z": 0.0}, "113": {"x": 6.999999999999998, "y": 1.0, "z": 0.10048053688902628}, "114": {"x": 6.999999999999997, "y": 2.0, "z": 0.1861559623872982}, "115": {"x": 6.999999999999997,