{"attributes": {"name": "Mesh"}, "dva": {"x": 0.0, "y": 0.0, "z": 0.0}, "dea": {}, "dfa": {}, "vertex": {"0": {"x": 0.0, "y": 0.0, "z": 0.0}, "1": {"x": 0.0, "y": 1.0, "z": 0.0}, "2": {"x": 0.0, "y": 2.0, "z": 0.0}, "3": {"x": 0.0, "y": 3.0, "z": 0.0}, "4": {"x": 0.0, "y": 4.0, "z": 0.0}, "5": {"x": 0.0, "y": 5.0, "z": 0.0}, "6": {"x": 0.0, "y": 6.0, "z": 0.0}, "7": {"x": 0.0, "y": 7.0, "z": 0.0}, "8": {"x": 0.0, "y": 8.0, "z": 0.0}, "9": {"x": 0.0, "y": 9.0, "z": 0.0}, "10": {"x": 0.0, "y": 10.0, "z": 0.0}, "11": {"x": 0.0, "y": 11.0, "z": 0.0}, "12": {"x": 0.0, "y": 12.0, "z": 0.0}, "13": {"x": 0.0, "y": 13.0, "z": 0.0}, "14": {"x": 0.0, "y": 14.0, "z": 0.0}, "15": {"x": 0.0, "y": 15.0, "z": 0.0}, "16": {"x": 1.0, "y": 0.0, "z": 0.0}, "17": {"x": 1.0, "y": 1.0000000000000002, "z": 0.09145931456861595}, "18": {"x": 1.0, "y": 2.0000000000000004, "z": 0.1687726708009558}, "19": {"x": 0.9999999999999998, "y": 3.0, "z": 0.2247282022461403}, "20": {"x": 0.9999999999999999, "y": 4.000000000000001, "z": 0.2646798061107741}, "21": {"x": 1.0000000000000002, "y": 5.000000000000003, "z": 0.2922429924832414}, "22": {"x": 1.0000000000000004, "y": 6.000000000000004, "z": 0.3019191287544619}, "23": {"x": 1.0000000000000009, "y": 7.000000000000006, "z": 0.2995112773553006}, "24": {"x": 1.0000000000000009, "y": 8.000000000000007, "z": 0.2790803112319666}, "25": {"x": 1.000000000000001, "y": 9.000000000000007, "z": 0.24412305295906078}, "26": {"x": 1.000000000000001, "y": 10.000000000000007, "z": 0.19325039481755885}, "27": {"x": 1.0000000000000007, "y": 11.000000000000004, "z": 0.12744872200989232}, "28": {"x": 1.0000000000000004, "y": 12.000000000000004, "z": 0.046066089015199346}, "29": {"x": 1.0000000000000004, "y": 13.0, "z": 0.04332681060136333}, "30": {"x": 1.0000000000000002, "y": 13.999999999999998, "z": 0.028403673830002942}, "31": {"x": 1.0, "y": 15.0, "z": 0.0}, "32": {"x": 2.0, "y": 0.0, "z": 0.0}, "33": {"x": 2.0000000000000004, "y": 1.0000000000000004, "z": 0.25913256902953874}, "34": {"x": 2.0000000000000004, "y": 2.000000000000001, "z": 0.4079905712457097}, "35": {"x": 2.0000000000000004, "y": 3.0000000000000013, "z": 0.6371670994795942}, "36": {"x": 2.000000000000001, "y": 4.000000000000002, "z": 0.7987478911983121}, "37": {"x": 2.000000000000001, "y": 5.0000000000000036, "z": 0.8091380145848907}, "38": {"x": 2.0000000000000013, "y": 6.000000000000005, "z": 0.8010766687227663}, "39": {"x": 2.000000000000001, "y": 7.000000000000007, "z": 0.6372323528763686}, "40": {"x": 2.0000000000000013, "y": 8.000000000000009, "z": 0.6551686940616634}, "41": {"x": 2.0000000000000018, "y": 9.000000000000009, "z": 0.5987744161371833}, "42": {"x": 2.000000000000002, "y": 10.000000000000009, "z": 0.495439515786908}, "43": {"x": 2.0000000000000018, "y": 11.000000000000007, "z": 0.31189860500081884}, "44": {"x": 2.000000000000001, "y": 12.000000000000004, "z": 0.07661495901923351}, "45": {"x": 2.0000000000000004, "y": 13.000000000000002, "z": 0.19710750323603057}, "46": {"x": 2.0, "y": 13.999999999999998, "z": 0.16245147090632983}, "47": {"x": 2.0, "y": 15.0, "z": 0.0}, "48": {"x": 3.0, "y": 0.0, "z": 0.0}, "49": {"x": 3.0000000000000004, "y": 1.0000000000000009, "z": 0.31430047188311144}, "50": {"x": 3.0000000000000013, "y": 2.000000000000002, "z": 0.5333424553100999}, "51": {"x": 3.0000000000000018, "y": 3.000000000000003, "z": 0.7741508935565206}, "52": {"x": 3.0000000000000027, "y": 4.000000000000004, "z": 0.9340093346012758}, "53": {"x": 3.0000000000000036, "y": 5.000000000000005, "z": 0.9846195184099515}, "54": {"x": 3.000000000000003, "y": 6.000000000000007, "z": 0.9703120917885026}, "55": {"x": 3.0000000000000018, "y": 7.000000000000005, "z": 0.8465397016797686}, "56": {"x": 3.0000000000000018, "y": 8.000000000000005, "z": 0.8372936543888542}, "57": {"x": 3.000000000000002, "y": 9.000000000000005, "z": 0.7571700462873316}, "58": {"x": 3.000000000000002, "y": 10.000000000000005, "z": 0.6146815729900738}, "59": {"x": 3.000000000000002, "y": 11.000000000000004, "z": 0.39131928583984404}, "60": {"x": 3.0000000000000013, "y": 12.000000000000005, "z": 0.10133476163824044}, "61": {"x": 3.0000000000000004, "y": 13.000000000000002, "z": 0.18116918663609874}, "62": {"x": 3.0000000000000004, "y": 13.999999999999998, "z": 0.1465522503792106}, "63": {"x": 3.0, "y": 15.0, "z": 0.0}, "64": {"x": 4.0, "y": 0.0, "z": 0.0}, "65": {"x": 4.000000000000001, "y": 1.0000000000000009, "z": 0.3166104378282579}, "66": {"x": 4.000000000000001, "y": 2.0000000000000018, "z": 0.5655386003299722}, "67": {"x": 4.000000000000002, "y": 3.000000000000004, "z": 0.776998565795385}, "68": {"x": 4.000000000000003, "y": 4.000000000000004, "z": 0.9153140277673986}, "69": {"x": 4.000000000000003, "y": 5.000000000000004, "z": 0.9924493612673263}, "70": {"x": 4.0000000000000036, "y": 6.000000000000006, "z": 0.9905750083951211}, "71": {"x": 4.000000000000003, "y": 7.000000000000006, "z": 0.9296381802099183}, "72": {"x": 4.000000000000002, "y": 8.000000000000004, "z": 0.8898582687132099}, "73": {"x": 4.000000000000002, "y": 9.000000000000002, "z": 0.7923381997210047}, "74": {"x": 4.000000000000003, "y": 10.000000000000002, "z": 0.6331025116872002}, "75": {"x": 4.000000000000002, "y": 11.000000000000004, "z": 0.40772023254080986}, "76": {"x": 4.000000000000002, "y": 12.000000000000007, "z": 0.11791727183317288}, "77": {"x": 4.000000000000001, "y": 13.000000000000005, "z": 0.14808819113241758}, "78": {"x": 4.0, "y": 14.0, "z": 0.11222214148144144}, "79": {"x": 4.0, "y": 15.0, "z": 0.0}, "80": {"x": 5.0, "y": 0.0, "z": 0.0}, "81": {"x": 4.999999999999999, "y": 1.0000000000000007, "z": 0.421197506622309}, "82": {"x": 5.000000000000001, "y": 2.0000000000000013, "z": 0.5777096799456483}, "83": {"x": 5.000000000000003, "y": 3.0000000000000027, "z": 0.9815115744481588}, "84": {"x": 5.000000000000003, "y": 4.000000000000002, "z": 1.4724988632874125}, "85": {"x": 5.000000000000002, "y": 5.000000000000003, "z": 1.2175430199898967}, "86": {"x": 5.000000000000002, "y": 6.000000000000003, "z": 1.4744824499239437}, "87": {"x": 5.000000000000002, "y": 7.0000000000000036, "z": 0.92254658133157}, "88": {"x": 5.000000000000001, "y": 8.000000000000002, "z": 0.9916180931119}, "89": {"x": 5.000000000000001, "y": 9.000000000000002, "z": 0.8879324674084881}, "90": {"x": 5.000000000000003, "y": 10.000000000000004, "z": 0.7564112831718752}, "91": {"x": 5.000000000000003, "y": 11.000000000000005, "z": 0.46565614902396435}, "92": {"x": 5.000000000000003, "y": 12.000000000000009, "z": 0.1202060585706899}, "93": {"x": 5.000000000000002, "y": 13.000000000000005, "z": 0.5316535394762568}, "94": {"x": 5.000000000000001, "y": 14.000000000000002, "z": 0.3539332726532709}, "95": {"x": 5.0, "y": 15.0, "z": 0.0}, "96": {"x": 6.0, "y": 0.0, "z": 0.0}, "97": {"x": 5.999999999999998, "y": 1.0000000000000002, "z": 0.28830724207539027}, "98": {"x": 6.0, "y": 2.0000000000000004, "z": 0.4969029328252946}, "99": {"x": 6.0, "y": 3.000000000000001, "z": 0.7125183405442406}, "100": {"x": 6.0, "y": 4.0, "z": 0.8549032964143001}, "101": {"x": 6.0, "y": 5.0, "z": 0.9154285054082111}, "102": {"x": 6.0, "y": 6.0, "z": 0.9094738218389418}, "103": {"x": 5.999999999999998, "y": 7.000000000000001, "z": 0.82239113894341}, "104": {"x": 5.999999999999999, "y": 8.000000000000002, "z": 0.8032338685481921}, "105": {"x": 6.000000000000001, "y": 9.000000000000005, "z": 0.7224271801359449}, "106": {"x": 6.000000000000003, "y": 10.000000000000007, "z": 0.5861952088010409}, "107": {"x": 6.000000000000003, "y": 11.000000000000007, "z": 0.38152113472623317}, "108": {"x": 6.0000000000000036, "y": 12.000000000000009, "z": 0.11945008069831295}, "109": {"x": 6.000000000000003, "y": 13.000000000000005, "z": 0.17105330221531534}, "110": {"x": 6.000000000000002, "y": 14.000000000000002, "z": 0.13279627282388098}, "111": {"x": 6.0, "y": 15.0, "z": 0.0}, "112": {"x": 7.0, "y": 0.0, "z": 0.0}, "113": {"x": 6.999999999999998, "y": 0.9999999999999997, "z": 0.17796688653411874},