{"attributes": {"name": "Mesh"}, "dva": {"x": 0.0, "y": 0.0, "z": 0.0}, "dea": {}, "dfa": {}, "vertex": {"0": {"x": 0.0, "y": 0.0, "z": 0.0}, "1": {"x": 0.0, "y": 1.0, "z": 0.0}, "2": {"x": 0.0, "y": 2.0, "z": 0.0}, "3": {"x": 0.0, "y": 3.0, "z": 0.0}, "4": {"x": 0.0, "y": 4.0, "z": 0.0}, "5": {"x": 0.0, "y": 5.0, "z": 0.0}, "6": {"x": 0.0, "y": 6.0, "z": 0.0}, "7": {"x": 0.0, "y": 7.0, "z": 0.0}, "8": {"x": 0.0, "y": 8.0, "z": 0.0}, "9": {"x": 0.0, "y": 9.0, "z": 0.0}, "10": {"x": 0.0, "y": 10.0, "z": 0.0}, "11": {"x": 0.0, "y": 11.0, "z": 0.0}, "12": {"x": 0.0, "y": 12.0, "z": 0.0}, "13": {"x": 0.0, "y": 13.0, "z": 0.0}, "14": {"x": 0.0, "y": 14.0, "z": 0.0}, "15": {"x": 0.0, "y": 15.0, "z": 0.0}, "16": {"x": 1.0, "y": 0.0, "z": 0.0}, "17": {"x": 0.9999999999999997, "y": 1.0, "z": 0.2287665710480104}, "18": {"x": 0.9999999999999992, "y": 2.0, "z": 0.294147404386875}, "19": {"x": 0.9999999999999989, "y": 3.0000000000000004, "z": 0.3918658785610527}, "20": {"x": 0.9999999999999988, "y": 3.999999999999999, "z": 0.5432048051351344}, "21": {"x": 0.9999999999999989, "y": 5.0, "z": 0.508137896887225}, "22": {"x": 0.9999999999999996, "y": 6.000000000000001, "z": 0.5241828375925824}, "23": {"x": 0.9999999999999997, "y": 7.000000000000001, "z": 0.6195829853659864}, "24": {"x": 0.9999999999999998, "y": 8.000000000000002, "z": 0.6066914999704361}, "25": {"x": 0.9999999999999998, "y": 9.000000000000004, "z": 0.6247940969740315}, "26": {"x": 1.0, "y": 10.000000000000002, "z": 0.4923535899819018}, "27": {"x": 0.9999999999999998, "y": 11.0, "z": 0.558646516082204}, "28": {"x": 0.9999999999999996, "y": 12.0, "z": 0.47208727610731177}, "29": {"x": 1.0, "y": 13.000000000000002, "z": 0.41233441866087406}, "30": {"x": 1.0000000000000002, "y": 14.000000000000004, "z": 0.22003064574068087}, "31": {"x": 1.0, "y": 15.0, "z": 0.0}, "32": {"x": 2.0, "y": 0.0, "z": 0.0}, "33": {"x": 1.999999999999999, "y": 0.9999999999999994, "z": 0.3218701229840779}, "34": {"x": 1.9999999999999982, "y": 1.9999999999999991, "z": 0.5025432532869238}, "35": {"x": 1.9999999999999976, "y": 2.999999999999999, "z": 0.6716073388599246}, "36": {"x": 1.999999999999998, "y": 4.0, "z": 0.8430187962894878}, "37": {"x": 1.9999999999999982, "y": 5.000000000000001, "z": 0.877479097813653}, "38": {"x": 1.9999999999999993, "y": 6.0000000000000036, "z": 0.9208386283385692}, "39": {"x": 1.9999999999999991, "y": 7.000000000000003, "z": 1.0293533981535967}, "40": {"x": 1.9999999999999993, "y": 8.000000000000004, "z": 1.0328188977140746}, "41": {"x": 1.9999999999999998, "y": 9.000000000000007, "z": 1.0130527557073172}, "42": {"x": 1.9999999999999996, "y": 10.000000000000005, "z": 0.8680360400333972}, "43": {"x": 1.9999999999999998, "y": 11.000000000000004, "z": 0.8907635296013622}, "44": {"x": 1.9999999999999996, "y": 12.000000000000002, "z": 0.7854824659232251}, "45": {"x": 1.9999999999999996, "y": 13.000000000000004, "z": 0.6359678842201788}, "46": {"x": 2.0000000000000004, "y": 14.000000000000004, "z": 0.35769638719563573}, "47": {"x": 2.0, "y": 15.0, "z": 0.0}, "48": {"x": 3.0, "y": 0.0, "z": 0.0}, "49": {"x": 2.9999999999999982, "y": 0.9999999999999993, "z": 0.41899272348933114}, "50": {"x": 2.999999999999997, "y": 1.999999999999999, "z": 0.6429920239425392}, "51": {"x": 2.999999999999996, "y": 2.9999999999999982, "z": 0.8609732414274182}, "52": {"x": 2.9999999999999964, "y": 3.999999999999999, "z": 1.078238082979736}, "53": {"x": 2.999999999999997, "y": 4.999999999999999, "z": 1.1286639646700425}, "54": {"x": 2.9999999999999987, "y": 6.000000000000002, "z": 1.1828524806990801}, "55": {"x": 2.9999999999999987, "y": 7.000000000000003, "z": 1.3273353889695025}, "56": {"x": 2.9999999999999987, "y": 8.000000000000004, "z": 1.3280483262289369}, "57": {"x": 2.999999999999999, "y": 9.000000000000005, "z": 1.3056761587770753}, "58": {"x": 2.9999999999999987, "y": 10.000000000000004, "z": 1.1136338997235042}, "59": {"x": 2.999999999999999, "y": 11.000000000000004, "z": 1.144712491456943}, "60": {"x": 2.999999999999998, "y": 11.999999999999998, "z": 1.002760296571065}, "61": {"x": 2.999999999999998, "y": 13.0, "z": 0.8155442946678375}, "62": {"x": 3.0, "y": 14.000000000000002, "z": 0.4540194946000224}, "63": {"x": 3.0, "y": 15.0, "z": 0.0}, "64": {"x": 4.0, "y": 0.0, "z": 0.0}, "65": {"x": 3.999999999999999, "y": 0.9999999999999994, "z": 0.8244157725085336}, "66": {"x": 3.9999999999999947, "y": 1.9999999999999978, "z": 0.7127100999509299}, "67": {"x": 3.999999999999994, "y": 2.999999999999997, "z": 0.9619278390610634}, "68": {"x": 3.999999999999996, "y": 3.9999999999999996, "z": 1.9835699002435385}, "69": {"x": 3.9999999999999973, "y": 4.999999999999999, "z": 1.2656021917997122}, "70": {"x": 3.999999999999999, "y": 6.000000000000003, "z": 1.2906403154218546}, "71": {"x": 3.999999999999998, "y": 7.000000000000002, "z": 1.6601061720442538}, "72": {"x": 3.9999999999999973, "y": 8.000000000000002, "z": 1.4935739563649326}, "73": {"x": 3.999999999999996, "y": 9.0, "z": 1.8405446169693351}, "74": {"x": 3.999999999999997, "y": 10.000000000000002, "z": 1.200807677582347}, "75": {"x": 3.9999999999999964, "y": 10.999999999999996, "z": 1.6633111418857485}, "76": {"x": 3.999999999999997, "y": 11.999999999999996, "z": 1.1273333626757642}, "77": {"x": 3.999999999999998, "y": 12.999999999999998, "z": 1.1590225644405148}, "78": {"x": 3.9999999999999996, "y": 13.999999999999996, "z": 0.5211721457178904}, "79": {"x": 4.0, "y": 15.0, "z": 0.0}, "80": {"x": 5.0, "y": 0.0, "z": 0.0}, "81": {"x": 4.999999999999998, "y": 0.9999999999999991, "z": 0.797202516127603}, "82": {"x": 4.999999999999994, "y": 1.9999999999999976, "z": 0.6983284515611429}, "83": {"x": 4.999999999999993, "y": 2.9999999999999964, "z": 0.948246070403409}, "84": {"x": 4.999999999999995, "y": 3.9999999999999982, "z": 1.961844820466975}, "85": {"x": 4.9999999999999964, "y": 4.999999999999999, "z": 1.260470731482189}, "86": {"x": 4.999999999999999, "y": 6.000000000000003, "z": 1.2945973087768035}, "87": {"x": 4.9999999999999964, "y": 6.999999999999999, "z": 1.6377655227248467}, "88": {"x": 4.999999999999995, "y": 7.999999999999998, "z": 1.4720307898567866}, "89": {"x": 4.999999999999994, "y": 8.999999999999996, "z": 1.8154267196031706}, "90": {"x": 4.999999999999995, "y": 9.999999999999995, "z": 1.2042279649888104}, "91": {"x": 4.999999999999996, "y": 10.999999999999995, "z": 1.6258479845967937}, "92": {"x": 4.9999999999999964, "y": 11.999999999999995, "z": 1.0816783420624954}, "93": {"x": 4.999999999999997, "y": 12.999999999999996, "z": 1.103075424977334}, "94": {"x": 4.999999999999999, "y": 13.999999999999996, "z": 0.4889196204189225}, "95": {"x": 5.0, "y": 15.0, "z": 0.0}, "96": {"x": 6.0, "y": 0.0, "z": 0.0}, "97": {"x": 5.9999999999999964, "y": 0.9999999999999989, "z": 0.32734173825352136}, "98": {"x": 5.999999999999993, "y": 1.9999999999999971, "z": 0.600184071224817}, "99": {"x": 5.999999999999994, "y": 2.999999999999998, "z": 0.8202193751494895}, "100": {"x": 5.999999999999993, "y": 3.999999999999997, "z": 0.9884259130720958}, "101": {"x": 5.9999999999999964, "y": 4.999999999999998, "z": 1.1135822989585797}, "102": {"x": 5.999999999999997, "y": 6.0, "z": 1.195943670982784}, "103": {"x": 5.999999999999995, "y": 6.9999999999999964, "z": 1.2557975867636795}, "104": {"x": 5.999999999999994, "y": 7.999999999999995, "z": 1.2636760157438702}, "105": {"x": 5.999999999999993, "y": 8.999999999999993, "z": 1.2196181614683654}, "106": {"x": 5.999999999999995, "y": 9.999999999999993, "z": 1.1254374648199628}, "107": {"x": 5.999999999999996, "y": 10.999999999999993, "z": 1.021425825799711}, "108": {"x": 5.999999999999997, "y": 11.999999999999995, "z": 0.8659057744957634}, "109": {"x": 5.999999999999998, "y": 12.999999999999995, "z": 0.6409055296754701}, "110": {"x": 5.999999999999999, "y": 13.999999999999995, "z": 0.3569562790197349}, "111": {"x": 6.0, "y": 15.0, "z": 0.0}, "112": {"x": 7.0, "y": 0.0, "z": 0.0}, "113": {"x": 6.999999999999999, "y": 0.9999999999999996,