{"attributes": {"name": "Mesh"}, "dva": {"x": 0.0, "y": 0.0, "z": 0.0}, "dea": {}, "dfa": {}, "vertex": {"0": {"x": 0.0, "y": 0.0, "z": 0.0}, "1": {"x": 0.0, "y": 1.0, "z": 0.0}, "2": {"x": 0.0, "y": 2.0, "z": 0.0}, "3": {"x": 0.0, "y": 3.0, "z": 0.0}, "4": {"x": 0.0, "y": 4.0, "z": 0.0}, "5": {"x": 0.0, "y": 5.0, "z": 0.0}, "6": {"x": 0.0, "y": 6.0, "z": 0.0}, "7": {"x": 0.0, "y": 7.0, "z": 0.0}, "8": {"x": 0.0, "y": 8.0, "z": 0.0}, "9": {"x": 0.0, "y": 9.0, "z": 0.0}, "10": {"x": 0.0, "y": 10.0, "z": 0.0}, "11": {"x": 0.0, "y": 11.0, "z": 0.0}, "12": {"x": 0.0, "y": 12.0, "z": 0.0}, "13": {"x": 0.0, "y": 13.0, "z": 0.0}, "14": {"x": 0.0, "y": 14.0, "z": 0.0}, "15": {"x": 0.0, "y": 15.0, "z": 0.0}, "16": {"x": 1.0, "y": 0.0, "z": 0.0}, "17": {"x": 1.0000000000000002, "y": 1.0000000000000002, "z": 0.18611618613495917}, "18": {"x": 1.0000000000000004, "y": 2.0000000000000004, "z": 0.29699868992102696}, "19": {"x": 0.9999999999999999, "y": 3.0, "z": 0.42419838557278033}, "20": {"x": 0.9999999999999994, "y": 3.999999999999999, "z": 0.18542347424478192}, "21": {"x": 0.9999999999999996, "y": 5.0, "z": 0.4621306165336396}, "22": {"x": 0.9999999999999997, "y": 5.999999999999999, "z": 0.48148320133715317}, "23": {"x": 1.0000000000000004, "y": 7.0000000000000036, "z": 0.12821765995440315}, "24": {"x": 1.0000000000000004, "y": 8.000000000000004, "z": 0.22565876041054578}, "25": {"x": 0.9999999999999999, "y": 9.000000000000002, "z": 0.1363630498896034}, "26": {"x": 0.9999999999999982, "y": 9.999999999999988, "z": 0.17278120229722269}, "27": {"x": 0.9999999999999993, "y": 10.999999999999995, "z": 0.44432835888854116}, "28": {"x": 0.9999999999999998, "y": 12.0, "z": 0.40036696264134236}, "29": {"x": 1.0000000000000002, "y": 13.000000000000004, "z": 0.5907056147999116}, "30": {"x": 1.0000000000000002, "y": 14.000000000000004, "z": 0.246483162223605}, "31": {"x": 1.0, "y": 15.0, "z": 0.0}, "32": {"x": 2.0, "y": 0.0, "z": 0.0}, "33": {"x": 2.0000000000000004, "y": 1.0000000000000004, "z": 0.29065540891574243}, "34": {"x": 2.0, "y": 2.0000000000000004, "z": 0.46390521631208204}, "35": {"x": 2.0, "y": 2.9999999999999996, "z": 0.547704711458646}, "36": {"x": 1.9999999999999993, "y": 3.9999999999999987, "z": 0.33658176819149077}, "37": {"x": 1.9999999999999993, "y": 5.000000000000001, "z": 0.5968115457222213}, "38": {"x": 1.9999999999999996, "y": 6.000000000000003, "z": 0.5709016820337693}, "39": {"x": 2.000000000000001, "y": 7.000000000000006, "z": 0.2365709055353741}, "40": {"x": 2.0000000000000004, "y": 8.000000000000005, "z": 0.35027965646539005}, "41": {"x": 1.9999999999999993, "y": 9.0, "z": 0.250086656076486}, "42": {"x": 1.9999999999999982, "y": 9.999999999999988, "z": 0.3127698347453414}, "43": {"x": 1.9999999999999993, "y": 10.999999999999995, "z": 0.6077302267145629}, "44": {"x": 1.9999999999999996, "y": 12.0, "z": 0.62912121764984}, "45": {"x": 2.0, "y": 13.000000000000002, "z": 0.6529889818726599}, "46": {"x": 2.0000000000000004, "y": 14.000000000000004, "z": 0.37066137132411103}, "47": {"x": 2.0, "y": 15.0, "z": 0.0}, "48": {"x": 3.0, "y": 0.0, "z": 0.0}, "49": {"x": 3.0000000000000004, "y": 1.0000000000000004, "z": 0.339676829869214}, "50": {"x": 3.0000000000000004, "y": 2.000000000000001, "z": 0.5421634638260567}, "51": {"x": 3.000000000000001, "y": 3.0000000000000004, "z": 0.6681198571087138}, "52": {"x": 2.999999999999999, "y": 3.999999999999999, "z": 0.4376759958059704}, "53": {"x": 2.999999999999999, "y": 5.000000000000002, "z": 0.7132104957719978}, "54": {"x": 2.9999999999999996, "y": 6.0000000000000036, "z": 0.6966940122713271}, "55": {"x": 3.000000000000001, "y": 7.000000000000007, "z": 0.3151507181673566}, "56": {"x": 3.0000000000000004, "y": 8.000000000000004, "z": 0.4358715575309506}, "57": {"x": 2.9999999999999987, "y": 8.999999999999998, "z": 0.3342920317048935}, "58": {"x": 2.9999999999999982, "y": 9.99999999999999, "z": 0.40951154368100606}, "59": {"x": 2.999999999999999, "y": 10.999999999999998, "z": 0.7302236830683513}, "60": {"x": 2.9999999999999996, "y": 12.000000000000002, "z": 0.729829871408121}, "61": {"x": 2.9999999999999996, "y": 13.000000000000002, "z": 0.8043640552210594}, "62": {"x": 3.000000000000001, "y": 14.000000000000007, "z": 0.4199730676371527}, "63": {"x": 3.0, "y": 15.0, "z": 0.0}, "64": {"x": 4.0, "y": 0.0, "z": 0.0}, "65": {"x": 4.000000000000001, "y": 1.0000000000000007, "z": 0.32039770988803695}, "66": {"x": 4.0, "y": 2.000000000000001, "z": 0.5116590702307101}, "67": {"x": 4.0, "y": 3.000000000000001, "z": 0.5673686543238654}, "68": {"x": 3.9999999999999987, "y": 3.999999999999999, "z": 0.5011140026015332}, "69": {"x": 3.9999999999999987, "y": 5.000000000000002, "z": 0.5883270959551384}, "70": {"x": 3.999999999999999, "y": 6.000000000000004, "z": 0.5419754712921625}, "71": {"x": 4.0, "y": 7.000000000000005, "z": 0.3707172537593192}, "72": {"x": 3.9999999999999996, "y": 8.000000000000002, "z": 0.4396126775060683}, "73": {"x": 3.9999999999999973, "y": 8.999999999999998, "z": 0.39313553693560455}, "74": {"x": 3.9999999999999987, "y": 9.999999999999995, "z": 0.47085207258282696}, "75": {"x": 3.999999999999999, "y": 10.999999999999998, "z": 0.6404897571363816}, "76": {"x": 4.0, "y": 12.0, "z": 0.6857143992600916}, "77": {"x": 4.000000000000001, "y": 13.000000000000004, "z": 0.5836983188870201}, "78": {"x": 4.000000000000002, "y": 14.000000000000007, "z": 0.36973451329417684}, "79": {"x": 4.0, "y": 15.0, "z": 0.0}, "80": {"x": 5.0, "y": 0.0, "z": 0.0}, "81": {"x": 5.000000000000002, "y": 1.0000000000000007, "z": 0.32494198375212857}, "82": {"x": 5.000000000000001, "y": 2.0000000000000013, "z": 0.5219965583411157}, "83": {"x": 5.000000000000001, "y": 3.0000000000000004, "z": 0.592718317673019}, "84": {"x": 4.999999999999997, "y": 3.999999999999999, "z": 0.5163141250591174}, "85": {"x": 4.9999999999999964, "y": 5.0, "z": 0.6246468964911682}, "86": {"x": 4.9999999999999964, "y": 6.0, "z": 0.5808918462962915}, "87": {"x": 4.999999999999999, "y": 7.0000000000000036, "z": 0.3866808500626769}, "88": {"x": 4.999999999999998, "y": 8.0, "z": 0.46088116619596853}, "89": {"x": 4.999999999999997, "y": 8.999999999999998, "z": 0.4098668832496977}, "90": {"x": 4.999999999999998, "y": 9.999999999999996, "z": 0.48622336022799945}, "91": {"x": 4.999999999999999, "y": 11.0, "z": 0.6643703185062713}, "92": {"x": 5.000000000000002, "y": 12.000000000000005, "z": 0.6969128375049028}, "93": {"x": 5.0000000000000036, "y": 13.000000000000009, "z": 0.6070067716003751}, "94": {"x": 5.000000000000003, "y": 14.000000000000007, "z": 0.3748308282939213}, "95": {"x": 5.0, "y": 15.0, "z": 0.0}, "96": {"x": 6.0, "y": 0.0, "z": 0.0}, "97": {"x": 6.000000000000002, "y": 1.0000000000000004, "z": 0.3257304478436741}, "98": {"x": 6.0, "y": 2.000000000000001, "z": 0.5256668863789019}, "99": {"x": 5.999999999999999, "y": 2.9999999999999996, "z": 0.6870310740845302}, "100": {"x": 5.9999999999999964, "y": 3.9999999999999987, "z": 0.4854171029689791}, "101": {"x": 5.9999999999999964, "y": 4.999999999999997, "z": 0.7359846502015743}, "102": {"x": 5.999999999999996, "y": 5.999999999999998, "z": 0.7339589726697865}, "103": {"x": 5.9999999999999964, "y": 7.000000000000001, "z": 0.36693381119267987}, "104": {"x": 5.999999999999998, "y": 8.0, "z": 0.4736036188292681}, "105": {"x": 5.999999999999997, "y": 8.999999999999996, "z": 0.38935478766980425}, "106": {"x": 6.0, "y": 9.999999999999998, "z": 0.4588448633943896}, "107": {"x": 6.000000000000001, "y": 11.000000000000002, "z": 0.7373353036613894}, "108": {"x": 6.000000000000002, "y": 12.000000000000005, "z": 0.6977448486733577}, "109": {"x": 6.0000000000000036, "y": 13.000000000000007, "z": 0.8090461056855824}, "110": {"x": 6.0000000000000036, "y": 14.000000000000005, "z": 0.38738438461697267}, "111": {"x": 6.0, "y": 15.0, "z": 0.0}, "112": {"x": 7.0, "y": 0.0, "z": 0.0}, "113": {"x": 7.000000000000001, "y": 1.0, "z": 0.2519157867823616}, "114": {"x": 6.999999999999998, "y": 1.9999999999999996, "z": 0.4097001828286752},