{"attributes": {"name": "Mesh"}, "dva": {"x": 0.0, "y": 0.0, "z": 0.0}, "dea": {}, "dfa": {}, "vertex": {"0": {"x": 0.0, "y": 0.0, "z": 0.0}, "1": {"x": 0.0, "y": 1.0, "z": 0.0}, "2": {"x": 0.0, "y": 2.0, "z": 0.0}, "3": {"x": 0.0, "y": 3.0, "z": 0.0}, "4": {"x": 0.0, "y": 4.0, "z": 0.0}, "5": {"x": 0.0, "y": 5.0, "z": 0.0}, "6": {"x": 0.0, "y": 6.0, "z": 0.0}, "7": {"x": 0.0, "y": 7.0, "z": 0.0}, "8": {"x": 0.0, "y": 8.0, "z": 0.0}, "9": {"x": 0.0, "y": 9.0, "z": 0.0}, "10": {"x": 0.0, "y": 10.0, "z": 0.0}, "11": {"x": 0.0, "y": 11.0, "z": 0.0}, "12": {"x": 0.0, "y": 12.0, "z": 0.0}, "13": {"x": 0.0, "y": 13.0, "z": 0.0}, "14": {"x": 0.0, "y": 14.0, "z": 0.0}, "15": {"x": 0.0, "y": 15.0, "z": 0.0}, "16": {"x": 1.0, "y": 0.0, "z": 0.0}, "17": {"x": 0.9999999999999998, "y": 0.9999999999999998, "z": 0.6301149609892591}, "18": {"x": 0.9999999999999998, "y": 1.9999999999999998, "z": 0.5683601153724388}, "19": {"x": 0.9999999999999998, "y": 2.9999999999999996, "z": 1.0632532978970959}, "20": {"x": 0.9999999999999993, "y": 3.9999999999999982, "z": 0.14755453789493628}, "21": {"x": 0.9999999999999991, "y": 5.0, "z": 0.16661489736181898}, "22": {"x": 0.9999999999999993, "y": 6.000000000000001, "z": 1.0943299581870451}, "23": {"x": 0.9999999999999984, "y": 6.999999999999997, "z": 0.5671968046309419}, "24": {"x": 0.9999999999999986, "y": 7.999999999999998, "z": 0.4579571020897552}, "25": {"x": 0.9999999999999982, "y": 8.999999999999995, "z": 0.5696897684515487}, "26": {"x": 0.9999999999999992, "y": 10.000000000000004, "z": 0.7016974896764224}, "27": {"x": 0.999999999999999, "y": 10.999999999999995, "z": 0.40178261914227253}, "28": {"x": 0.9999999999999993, "y": 11.999999999999998, "z": 0.6193258873450121}, "29": {"x": 0.9999999999999992, "y": 12.999999999999998, "z": 0.3347263818478024}, "30": {"x": 0.9999999999999994, "y": 13.999999999999996, "z": 0.2784668682447402}, "31": {"x": 1.0, "y": 15.0, "z": 0.0}, "32": {"x": 2.0, "y": 0.0, "z": 0.0}, "33": {"x": 1.9999999999999996, "y": 0.9999999999999997, "z": 0.6019643019583224}, "34": {"x": 1.9999999999999993, "y": 1.9999999999999991, "z": 0.6762467029151428}, "35": {"x": 1.9999999999999996, "y": 2.999999999999999, "z": 0.8704318716543419}, "36": {"x": 1.999999999999999, "y": 3.999999999999997, "z": 0.27202301305823334}, "37": {"x": 1.999999999999998, "y": 4.999999999999997, "z": 0.3119481199139652}, "38": {"x": 1.999999999999998, "y": 5.999999999999998, "z": 0.9768414640887503}, "39": {"x": 1.999999999999997, "y": 6.999999999999995, "z": 0.8259375974937256}, "40": {"x": 1.999999999999997, "y": 7.999999999999995, "z": 0.7554898133145298}, "41": {"x": 1.999999999999997, "y": 8.999999999999991, "z": 0.8706853647501231}, "42": {"x": 1.9999999999999973, "y": 9.999999999999993, "z": 0.9564461643713159}, "43": {"x": 1.9999999999999984, "y": 10.999999999999993, "z": 0.6810988996151777}, "44": {"x": 1.9999999999999987, "y": 11.999999999999995, "z": 0.8057469960966805}, "45": {"x": 1.9999999999999984, "y": 13.0, "z": 0.5170839921924041}, "46": {"x": 1.9999999999999993, "y": 13.999999999999996, "z": 0.3688984047952505}, "47": {"x": 2.0, "y": 15.0, "z": 0.0}, "48": {"x": 3.0, "y": 0.0, "z": 0.0}, "49": {"x": 2.999999999999999, "y": 0.9999999999999993, "z": 0.21260665503999845}, "50": {"x": 2.999999999999999, "y": 1.9999999999999993, "z": 0.3517940090273038}, "51": {"x": 2.9999999999999987, "y": 2.9999999999999982, "z": 0.38872586075084153}, "52": {"x": 2.999999999999998, "y": 3.999999999999996, "z": 0.3671218179457472}, "53": {"x": 2.9999999999999964, "y": 4.999999999999995, "z": 0.43024817949811245}, "54": {"x": 2.9999999999999964, "y": 5.999999999999993, "z": 0.6400779356332146}, "55": {"x": 2.999999999999995, "y": 6.999999999999991, "z": 0.7938748989650941}, "56": {"x": 2.9999999999999956, "y": 7.999999999999992, "z": 0.8739338204553582}, "57": {"x": 2.999999999999996, "y": 8.999999999999991, "z": 0.9138447199263511}, "58": {"x": 2.999999999999996, "y": 9.99999999999999, "z": 0.8945263443592754}, "59": {"x": 2.999999999999998, "y": 10.999999999999995, "z": 0.8116977666119448}, "60": {"x": 2.9999999999999987, "y": 11.999999999999996, "z": 0.7068214317464838}, "61": {"x": 2.999999999999998, "y": 12.999999999999995, "z": 0.5369100806323721}, "62": {"x": 2.9999999999999987, "y": 13.999999999999998, "z": 0.3051354633094243}, "63": {"x": 3.0, "y": 15.0, "z": 0.0}, "64": {"x": 4.0, "y": 0.0, "z": 0.0}, "65": {"x": 4.0, "y": 0.9999999999999996, "z": 0.30485373888305917}, "66": {"x": 3.9999999999999996, "y": 1.9999999999999984, "z": 0.46443295229722437}, "67": {"x": 3.999999999999998, "y": 2.9999999999999973, "z": 0.5183632767840642}, "68": {"x": 3.999999999999997, "y": 3.9999999999999956, "z": 0.4147105631493867}, "69": {"x": 3.9999999999999956, "y": 4.999999999999994, "z": 0.4837740916816649}, "70": {"x": 3.9999999999999956, "y": 5.999999999999993, "z": 0.7744841374914766}, "71": {"x": 3.999999999999996, "y": 6.999999999999993, "z": 0.9080785680828445}, "72": {"x": 3.9999999999999964, "y": 7.999999999999995, "z": 0.9691346368413257}, "73": {"x": 3.9999999999999964, "y": 8.999999999999993, "z": 1.0220213486491}, "74": {"x": 3.999999999999997, "y": 9.999999999999991, "z": 1.0105874554327616}, "75": {"x": 3.999999999999998, "y": 10.999999999999995, "z": 0.8872200079144276}, "76": {"x": 3.9999999999999982, "y": 11.999999999999996, "z": 0.8029547160478384}, "77": {"x": 3.9999999999999987, "y": 13.0, "z": 0.5987191291264541}, "78": {"x": 3.999999999999999, "y": 14.000000000000002, "z": 0.352260268637138}, "79": {"x": 4.0, "y": 15.0, "z": 0.0}, "80": {"x": 5.0, "y": 0.0, "z": 0.0}, "81": {"x": 5.000000000000001, "y": 0.9999999999999993, "z": 0.2830094030046646}, "82": {"x": 5.0, "y": 1.9999999999999982, "z": 0.43760268930579277}, "83": {"x": 4.999999999999999, "y": 2.999999999999997, "z": 0.5026626360948997}, "84": {"x": 4.999999999999998, "y": 3.9999999999999964, "z": 0.42749080488291147}, "85": {"x": 4.999999999999995, "y": 4.999999999999994, "z": 0.5003177958705316}, "86": {"x": 4.999999999999993, "y": 5.999999999999993, "z": 0.7560735161781774}, "87": {"x": 4.999999999999995, "y": 6.999999999999994, "z": 0.8716769494665468}, "88": {"x": 4.999999999999996, "y": 7.999999999999995, "z": 0.9234489557019955}, "89": {"x": 4.9999999999999964, "y": 8.999999999999995, "z": 0.9664442787437628}, "90": {"x": 4.9999999999999964, "y": 9.999999999999996, "z": 0.9515026069393004}, "91": {"x": 4.999999999999997, "y": 10.999999999999996, "z": 0.8361152816363496}, "92": {"x": 4.999999999999998, "y": 12.0, "z": 0.749659611191205}, "93": {"x": 4.999999999999999, "y": 13.000000000000002, "z": 0.5557337413268645}, "94": {"x": 5.000000000000001, "y": 14.000000000000002, "z": 0.32447398655704274}, "95": {"x": 5.0, "y": 15.0, "z": 0.0}, "96": {"x": 6.0, "y": 0.0, "z": 0.0}, "97": {"x": 5.999999999999999, "y": 0.9999999999999999, "z": 0.14277287845859957}, "98": {"x": 6.000000000000003, "y": 2.0, "z": 0.2600486326786062}, "99": {"x": 6.000000000000003, "y": 2.9999999999999996, "z": 0.34446733275878133}, "100": {"x": 5.999999999999999, "y": 3.9999999999999964, "z": 0.40610024234554104}, "101": {"x": 5.999999999999995, "y": 4.999999999999995, "z": 0.48138897747352266}, "102": {"x": 5.999999999999995, "y": 5.999999999999994, "z": 0.593737394545186}, "103": {"x": 5.999999999999994, "y": 6.999999999999992, "z": 0.6835052328788408}, "104": {"x": 5.999999999999991, "y": 7.999999999999989, "z": 0.7383918096081973}, "105": {"x": 5.999999999999994, "y": 8.99999999999999, "z": 0.7484871328949732}, "106": {"x": 5.999999999999995, "y": 9.999999999999993, "z": 0.7206887777070632}, "107": {"x": 5.999999999999997, "y": 10.999999999999998, "z": 0.6624168455849186}, "108": {"x": 5.999999999999999, "y": 12.0, "z": 0.5499238909103437}, "109": {"x": 6.0, "y": 13.000000000000002, "z": 0.40776641992895907}, "110": {"x": 6.000000000000001, "y": 14.000000000000005, "z": 0.2206253587464327}, "111": {"x": 6.0, "y": 15.0, "z": 0.0}, "112": {"x": 7.0, "y": 0.0, "z": 0.0},