{"attributes": {"name": "Mesh"}, "dva": {"x": 0.0, "y": 0.0, "z": 0.0}, "dea": {}, "dfa": {}, "vertex": {"0": {"x": 0.0, "y": 0.0, "z": 0.0}, "1": {"x": 0.0, "y": 1.0, "z": 0.0}, "2": {"x": 0.0, "y": 2.0, "z": 0.0}, "3": {"x": 0.0, "y": 3.0, "z": 0.0}, "4": {"x": 0.0, "y": 4.0, "z": 0.0}, "5": {"x": 0.0, "y": 5.0, "z": 0.0}, "6": {"x": 0.0, "y": 6.0, "z": 0.0}, "7": {"x": 0.0, "y": 7.0, "z": 0.0}, "8": {"x": 0.0, "y": 8.0, "z": 0.0}, "9": {"x": 0.0, "y": 9.0, "z": 0.0}, "10": {"x": 0.0, "y": 10.0, "z": 0.0}, "11": {"x": 0.0, "y": 11.0, "z": 0.0}, "12": {"x": 0.0, "y": 12.0, "z": 0.0}, "13": {"x": 0.0, "y": 13.0, "z": 0.0}, "14": {"x": 0.0, "y": 14.0, "z": 0.0}, "15": {"x": 0.0, "y": 15.0, "z": 0.0}, "16": {"x": 1.0, "y": 0.0, "z": 0.0}, "17": {"x": 1.0, "y": 0.9999999999999997, "z": 0.14366188352161866}, "18": {"x": 0.9999999999999998, "y": 1.9999999999999991, "z": 0.18860971288226233}, "19": {"x": 0.9999999999999999, "y": 3.0000000000000004, "z": 0.2881609610530396}, "20": {"x": 1.0000000000000002, "y": 4.0, "z": 0.3070865846867007}, "21": {"x": 1.0000000000000007, "y": 5.000000000000003, "z": 0.5546617706741577}, "22": {"x": 1.000000000000001, "y": 6.000000000000002, "z": 0.7899775599422391}, "23": {"x": 1.000000000000001, "y": 7.000000000000002, "z": 1.0325895930904305}, "24": {"x": 1.0000000000000013, "y": 8.000000000000002, "z": 1.0310039222960277}, "25": {"x": 1.0000000000000016, "y": 9.000000000000004, "z": 0.7852375463416628}, "26": {"x": 1.0000000000000016, "y": 10.000000000000004, "z": 0.4690797243518792}, "27": {"x": 1.0000000000000016, "y": 11.000000000000002, "z": 0.42472653708310487}, "28": {"x": 1.0000000000000013, "y": 12.000000000000004, "z": 0.5341156706260152}, "29": {"x": 1.0000000000000004, "y": 13.0, "z": 0.3697119269932014}, "30": {"x": 1.0, "y": 13.999999999999998, "z": 0.3102609877114172}, "31": {"x": 1.0, "y": 15.0, "z": 0.0}, "32": {"x": 2.0, "y": 0.0, "z": 0.0}, "33": {"x": 2.0, "y": 0.9999999999999997, "z": 0.2113365252147818}, "34": {"x": 2.0, "y": 1.999999999999999, "z": 0.3381310847601964}, "35": {"x": 2.0, "y": 2.9999999999999987, "z": 0.4807634087012222}, "36": {"x": 2.0, "y": 3.9999999999999996, "z": 0.5719235297383198}, "37": {"x": 2.000000000000001, "y": 5.000000000000003, "z": 0.8512384523852115}, "38": {"x": 2.0000000000000018, "y": 6.000000000000005, "z": 1.0364070451189904}, "39": {"x": 2.0000000000000036, "y": 7.00000000000001, "z": 1.107896447112354}, "40": {"x": 2.000000000000004, "y": 8.000000000000012, "z": 1.1046061140451258}, "41": {"x": 2.0000000000000036, "y": 9.00000000000001, "z": 1.0269934565786405}, "42": {"x": 2.000000000000004, "y": 10.000000000000012, "z": 0.853542798523875}, "43": {"x": 2.000000000000003, "y": 11.000000000000009, "z": 0.7603372905388656}, "44": {"x": 2.000000000000002, "y": 12.000000000000007, "z": 0.6931730780337313}, "45": {"x": 2.0000000000000004, "y": 13.0, "z": 0.5604061541377776}, "46": {"x": 1.9999999999999998, "y": 13.999999999999995, "z": 0.3168565328697559}, "47": {"x": 2.0, "y": 15.0, "z": 0.0}, "48": {"x": 3.0, "y": 0.0, "z": 0.0}, "49": {"x": 3.0000000000000004, "y": 0.9999999999999998, "z": 0.339027767554164}, "50": {"x": 3.0, "y": 1.9999999999999991, "z": 0.4433120093759866}, "51": {"x": 3.0000000000000004, "y": 2.9999999999999996, "z": 0.669136014464393}, "52": {"x": 3.0000000000000013, "y": 4.0, "z": 0.717211893134926}, "53": {"x": 3.0000000000000013, "y": 5.000000000000001, "z": 1.3518801169951622}, "54": {"x": 3.0000000000000027, "y": 6.000000000000004, "z": 1.8862951043665637}, "55": {"x": 3.0000000000000036, "y": 7.000000000000008, "z": 2.255523387497193}, "56": {"x": 3.000000000000004, "y": 8.000000000000009, "z": 2.227657859090363}, "57": {"x": 3.000000000000005, "y": 9.00000000000001, "z": 1.8000577075024604}, "58": {"x": 3.0000000000000053, "y": 10.000000000000012, "z": 1.1143220917670835}, "59": {"x": 3.0000000000000036, "y": 11.000000000000009, "z": 1.0014544382646156}, "60": {"x": 3.000000000000002, "y": 12.000000000000004, "z": 1.1589649368785957}, "61": {"x": 2.9999999999999996, "y": 12.999999999999996, "z": 0.9022829182263924}, "62": {"x": 2.999999999999999, "y": 13.999999999999996, "z": 0.6563450491681128}, "63": {"x": 3.0, "y": 15.0, "z": 0.0}, "64": {"x": 4.0, "y": 0.0, "z": 0.0}, "65": {"x": 4.000000000000001, "y": 0.9999999999999998, "z": 0.4183264901907532}, "66": {"x": 4.000000000000001, "y": 1.9999999999999993, "z": 0.5049556872447746}, "67": {"x": 4.000000000000002, "y": 2.9999999999999996, "z": 0.7847732607657715}, "68": {"x": 4.000000000000003, "y": 4.0, "z": 0.8012505462562362}, "69": {"x": 4.000000000000003, "y": 5.000000000000002, "z": 1.6460070568317475}, "70": {"x": 4.0000000000000036, "y": 6.000000000000004, "z": 2.4010738753697325}, "71": {"x": 4.000000000000005, "y": 7.00000000000001, "z": 3.119046530440118}, "72": {"x": 4.000000000000006, "y": 8.00000000000001, "z": 3.08245067655537}, "73": {"x": 4.000000000000005, "y": 9.00000000000001, "z": 2.2936584879808257}, "74": {"x": 4.000000000000006, "y": 10.000000000000012, "z": 1.2620666731572527}, "75": {"x": 4.0000000000000036, "y": 11.000000000000005, "z": 1.1404540721959524}, "76": {"x": 4.000000000000001, "y": 11.999999999999998, "z": 1.5340010141886764}, "77": {"x": 3.9999999999999987, "y": 12.999999999999993, "z": 1.1004159157765752}, "78": {"x": 3.999999999999999, "y": 13.999999999999996, "z": 0.9277590367972478}, "79": {"x": 4.0, "y": 15.0, "z": 0.0}, "80": {"x": 5.0, "y": 0.0, "z": 0.0}, "81": {"x": 5.000000000000001, "y": 1.0, "z": 0.42057628665837304}, "82": {"x": 5.000000000000003, "y": 1.9999999999999998, "z": 0.5274577828109906}, "83": {"x": 5.000000000000001, "y": 2.9999999999999996, "z": 0.8031384120396229}, "84": {"x": 5.0000000000000036, "y": 4.000000000000001, "z": 0.8424849902999546}, "85": {"x": 5.000000000000004, "y": 5.000000000000003, "z": 1.6914052684091718}, "86": {"x": 5.0000000000000036, "y": 6.000000000000003, "z": 2.397356978426608}, "87": {"x": 5.000000000000005, "y": 7.000000000000007, "z": 2.8250400246266394}, "88": {"x": 5.000000000000005, "y": 8.000000000000009, "z": 2.774969496733304}, "89": {"x": 5.000000000000006, "y": 9.000000000000012, "z": 2.241992414917038}, "90": {"x": 5.000000000000006, "y": 10.00000000000001, "z": 1.3267256046512876}, "91": {"x": 5.0000000000000036, "y": 11.000000000000005, "z": 1.1914302358278914}, "92": {"x": 5.000000000000001, "y": 11.999999999999996, "z": 1.4028357985702502}, "93": {"x": 4.999999999999999, "y": 12.999999999999993, "z": 1.1307319077724314}, "94": {"x": 4.999999999999999, "y": 13.999999999999996, "z": 0.8136855740827742}, "95": {"x": 5.0, "y": 15.0, "z": 0.0}, "96": {"x": 6.0, "y": 0.0, "z": 0.0}, "97": {"x": 6.0, "y": 1.0000000000000002, "z": 0.39265308606321864}, "98": {"x": 6.0000000000000036, "y": 2.000000000000001, "z": 0.5027872954910175}, "99": {"x": 6.0000000000000036, "y": 3.0000000000000018, "z": 0.7647461832745265}, "100": {"x": 6.000000000000005, "y": 4.000000000000002, "z": 0.809223306959911}, "101": {"x": 6.000000000000005, "y": 5.000000000000003, "z": 1.555917954174998}, "102": {"x": 6.000000000000004, "y": 6.0000000000000036, "z": 2.1942291447310365}, "103": {"x": 6.000000000000005, "y": 7.000000000000006, "z": 2.730888296706698}, "104": {"x": 6.000000000000006, "y": 8.000000000000009, "z": 2.698260973782146}, "105": {"x": 6.000000000000007, "y": 9.00000000000001, "z": 2.0970942678608098}, "106": {"x": 6.000000000000007, "y": 10.00000000000001, "z": 1.2553383266023457}, "107": {"x": 6.000000000000004, "y": 11.000000000000005, "z": 1.1293856314583735}, "108": {"x": 6.000000000000002, "y": 11.999999999999998, "z": 1.3888656102390222}, "109": {"x": 6.000000000000001, "y": 12.999999999999996, "z": 1.034889372962202}, "110": {"x": 5.999999999999998, "y": 13.999999999999995, "z": 0.8040017032656458}, "111": {"x": 6.0, "y": 15.0, "z": 0.0}, "112": {"x": 7.0, "y": 0.0, "z": 0.0}, "113": {"x": 7.000000000000001, "y": 1.0000000000000004, "z": 0.29476411482343323},