{"attributes": {"name": "Mesh"}, "dva": {"x": 0.0, "y": 0.0, "z": 0.0}, "dea": {}, "dfa": {}, "vertex": {"0": {"x": 0.0, "y": 0.0, "z": 0.0}, "1": {"x": 0.0, "y": 1.0, "z": 0.0}, "2": {"x": 0.0, "y": 2.0, "z": 0.0}, "3": {"x": 0.0, "y": 3.0, "z": 0.0}, "4": {"x": 0.0, "y": 4.0, "z": 0.0}, "5": {"x": 0.0, "y": 5.0, "z": 0.0}, "6": {"x": 0.0, "y": 6.0, "z": 0.0}, "7": {"x": 0.0, "y": 7.0, "z": 0.0}, "8": {"x": 0.0, "y": 8.0, "z": 0.0}, "9": {"x": 0.0, "y": 9.0, "z": 0.0}, "10": {"x": 0.0, "y": 10.0, "z": 0.0}, "11": {"x": 0.0, "y": 11.0, "z": 0.0}, "12": {"x": 0.0, "y": 12.0, "z": 0.0}, "13": {"x": 0.0, "y": 13.0, "z": 0.0}, "14": {"x": 0.0, "y": 14.0, "z": 0.0}, "15": {"x": 0.0, "y": 15.0, "z": 0.0}, "16": {"x": 1.0, "y": 0.0, "z": 0.0}, "17": {"x": 1.0000000000000002, "y": 1.0000000000000004, "z": 0.19399143309572156}, "18": {"x": 0.9999999999999999, "y": 2.0000000000000004, "z": 0.43434351323459064}, "19": {"x": 1.0, "y": 3.000000000000001, "z": 0.5805775184764188}, "20": {"x": 1.0, "y": 4.000000000000002, "z": 0.7173607509539756}, "21": {"x": 1.0000000000000004, "y": 5.000000000000002, "z": 0.6139137764157312}, "22": {"x": 1.0000000000000009, "y": 6.0000000000000036, "z": 0.2754619329766805}, "23": {"x": 1.0000000000000009, "y": 7.0000000000000036, "z": 0.6242679721832237}, "24": {"x": 1.0000000000000009, "y": 8.000000000000002, "z": 0.7167725813734701}, "25": {"x": 1.0000000000000009, "y": 9.000000000000004, "z": 0.7613720023674125}, "26": {"x": 1.000000000000001, "y": 10.000000000000004, "z": 1.0195438100309961}, "27": {"x": 1.000000000000001, "y": 11.000000000000002, "z": 1.0116774609287331}, "28": {"x": 1.000000000000001, "y": 12.000000000000004, "z": 0.679589908052261}, "29": {"x": 1.0000000000000004, "y": 13.0, "z": 0.39606396970921004}, "30": {"x": 1.0, "y": 14.0, "z": 0.26748039503237037}, "31": {"x": 1.0, "y": 15.0, "z": 0.0}, "32": {"x": 2.0, "y": 0.0, "z": 0.0}, "33": {"x": 2.0000000000000004, "y": 1.0000000000000004, "z": 0.3156602032625896}, "34": {"x": 1.9999999999999993, "y": 2.0, "z": 0.6773148197201472}, "35": {"x": 1.9999999999999996, "y": 3.000000000000001, "z": 0.8732594275581163}, "36": {"x": 1.9999999999999998, "y": 4.000000000000002, "z": 1.1864464983945309}, "37": {"x": 2.000000000000001, "y": 5.0000000000000036, "z": 1.0311706239664091}, "38": {"x": 2.000000000000001, "y": 6.0000000000000036, "z": 0.5047954494119402}, "39": {"x": 2.0000000000000018, "y": 7.000000000000005, "z": 1.0944721377323738}, "40": {"x": 2.0000000000000013, "y": 8.000000000000004, "z": 1.1481170176099107}, "41": {"x": 2.0000000000000018, "y": 9.000000000000005, "z": 1.1861866385791486}, "42": {"x": 2.0000000000000013, "y": 10.000000000000007, "z": 1.7699069137920436}, "43": {"x": 2.0000000000000013, "y": 11.000000000000007, "z": 1.9504578853844696}, "44": {"x": 2.0000000000000018, "y": 12.000000000000005, "z": 1.0536638578111184}, "45": {"x": 2.000000000000001, "y": 13.000000000000002, "z": 0.6526205974185502}, "46": {"x": 2.0, "y": 14.0, "z": 0.43774253357583953}, "47": {"x": 2.0, "y": 15.0, "z": 0.0}, "48": {"x": 3.0, "y": 0.0, "z": 0.0}, "49": {"x": 3.0, "y": 1.0000000000000002, "z": 0.3727418048613234}, "50": {"x": 2.9999999999999996, "y": 2.0, "z": 0.670190460400996}, "51": {"x": 2.9999999999999996, "y": 3.0000000000000004, "z": 0.8566181000103567}, "52": {"x": 2.9999999999999996, "y": 4.000000000000002, "z": 0.9227976720343758}, "53": {"x": 3.0, "y": 5.000000000000003, "z": 0.8745356298820077}, "54": {"x": 3.000000000000001, "y": 6.000000000000004, "z": 0.7127576747198466}, "55": {"x": 3.0000000000000018, "y": 7.000000000000007, "z": 1.0320175887255807}, "56": {"x": 3.0000000000000018, "y": 8.000000000000007, "z": 1.2480750278765553}, "57": {"x": 3.0000000000000027, "y": 9.000000000000009, "z": 1.3638999424131677}, "58": {"x": 3.000000000000003, "y": 10.000000000000012, "z": 1.3885213360299926}, "59": {"x": 3.0000000000000027, "y": 11.00000000000001, "z": 1.299916642339318}, "60": {"x": 3.0000000000000018, "y": 12.000000000000007, "z": 1.1114960641852305}, "61": {"x": 3.000000000000001, "y": 13.000000000000005, "z": 0.8072903728701575}, "62": {"x": 3.0, "y": 14.0, "z": 0.4552670348109626}, "63": {"x": 3.0, "y": 15.0, "z": 0.0}, "64": {"x": 4.0, "y": 0.0, "z": 0.0}, "65": {"x": 4.0, "y": 1.0000000000000002, "z": 0.434453716163773}, "66": {"x": 4.000000000000001, "y": 2.0000000000000013, "z": 0.8182792949503638}, "67": {"x": 4.0, "y": 3.0000000000000013, "z": 1.0513945393044104}, "68": {"x": 4.0, "y": 4.000000000000002, "z": 1.2198537363529072}, "69": {"x": 4.000000000000001, "y": 5.0000000000000036, "z": 1.1296351427239728}, "70": {"x": 4.0, "y": 6.0000000000000036, "z": 0.8023803198297487}, "71": {"x": 4.000000000000001, "y": 7.000000000000004, "z": 1.283319884172336}, "72": {"x": 4.000000000000002, "y": 8.000000000000007, "z": 1.4908041967280856}, "73": {"x": 4.000000000000002, "y": 9.000000000000005, "z": 1.6030799484229752}, "74": {"x": 4.000000000000002, "y": 10.000000000000004, "z": 1.825098083777098}, "75": {"x": 4.0, "y": 11.0, "z": 1.7757123422371819}, "76": {"x": 4.000000000000001, "y": 12.000000000000004, "z": 1.3426450339044205}, "77": {"x": 4.000000000000001, "y": 13.000000000000004, "z": 0.9316174308078343}, "78": {"x": 3.9999999999999987, "y": 13.999999999999995, "z": 0.5513286491648678}, "79": {"x": 4.0, "y": 15.0, "z": 0.0}, "80": {"x": 5.0, "y": 0.0, "z": 0.0}, "81": {"x": 4.999999999999999, "y": 1.0000000000000002, "z": 0.43870072318572834}, "82": {"x": 5.0, "y": 2.0000000000000004, "z": 0.7750566300493367}, "83": {"x": 5.0, "y": 3.0000000000000013, "z": 0.9857947085830293}, "84": {"x": 5.0, "y": 4.000000000000002, "z": 1.0591505629116011}, "85": {"x": 5.000000000000001, "y": 5.000000000000002, "z": 1.014363275480883}, "86": {"x": 5.0, "y": 6.000000000000002, "z": 0.8541067016467089}, "87": {"x": 5.0, "y": 7.000000000000002, "z": 1.2097745776859714}, "88": {"x": 5.000000000000001, "y": 8.000000000000002, "z": 1.4597053827843198}, "89": {"x": 5.000000000000001, "y": 9.000000000000002, "z": 1.594923140204872}, "90": {"x": 5.000000000000001, "y": 10.0, "z": 1.6068511904259675}, "91": {"x": 5.0, "y": 11.0, "z": 1.5032492094326075}, "92": {"x": 5.000000000000001, "y": 12.000000000000004, "z": 1.2961074843388558}, "93": {"x": 5.000000000000001, "y": 13.000000000000002, "z": 0.9552173182478411}, "94": {"x": 4.999999999999999, "y": 13.999999999999993, "z": 0.5341735554527007}, "95": {"x": 5.0, "y": 15.0, "z": 0.0}, "96": {"x": 6.0, "y": 0.0, "z": 0.0}, "97": {"x": 5.999999999999997, "y": 1.0000000000000002, "z": 0.454995888286709}, "98": {"x": 5.999999999999998, "y": 2.000000000000001, "z": 0.854582566304381}, "99": {"x": 6.0, "y": 3.0000000000000013, "z": 1.097104020494101}, "100": {"x": 5.999999999999999, "y": 4.000000000000001, "z": 1.2303709654274035}, "101": {"x": 6.0, "y": 5.000000000000001, "z": 1.1273117111979056}, "102": {"x": 6.0, "y": 6.0000000000000036, "z": 0.8004075206798096}, "103": {"x": 5.999999999999997, "y": 7.000000000000001, "z": 1.289024904325028}, "104": {"x": 5.999999999999999, "y": 8.000000000000004, "z": 1.5397862952586807}, "105": {"x": 6.000000000000001, "y": 9.000000000000004, "z": 1.675636659411114}, "106": {"x": 6.000000000000002, "y": 10.000000000000004, "z": 1.8459864475655652}, "107": {"x": 6.000000000000003, "y": 11.000000000000004, "z": 1.773851477073519}, "108": {"x": 6.000000000000003, "y": 12.000000000000002, "z": 1.3975234351981396}, "109": {"x": 6.000000000000002, "y": 13.000000000000004, "z": 0.9723205925150343}, "110": {"x": 6.000000000000002, "y": 13.999999999999998, "z": 0.5695407683478919}, "111": {"x": 6.0, "y": 15.0, "z": 0.0}, "112": {"x": 7.0, "y": 0.0, "z": 0.0}, "113": {"x": 6.999999999999997, "y": 0.9999999999999999, "z": 0.41703385827379913}, "114": {"x": 6.999999999999998, "y": 2.0, "z": 0.7773874925723249}, "115": {"x": 6.999999999999997, "y": 3.0, "z": 0.9970927655305334}, "116": {"x": 6.999999999999998, "y": 4.000000000000001, "z": 1.064130277100852},