{"attributes": {"name": "Mesh"}, "dva": {"x": 0.0, "y": 0.0, "z": 0.0}, "dea": {}, "dfa": {}, "vertex": {"0": {"x": 0.0, "y": 0.0, "z": 0.0}, "1": {"x": 0.0, "y": 1.0, "z": 0.0}, "2": {"x": 0.0, "y": 2.0, "z": 0.0}, "3": {"x": 0.0, "y": 3.0, "z": 0.0}, "4": {"x": 0.0, "y": 4.0, "z": 0.0}, "5": {"x": 0.0, "y": 5.0, "z": 0.0}, "6": {"x": 0.0, "y": 6.0, "z": 0.0}, "7": {"x": 0.0, "y": 7.0, "z": 0.0}, "8": {"x": 0.0, "y": 8.0, "z": 0.0}, "9": {"x": 0.0, "y": 9.0, "z": 0.0}, "10": {"x": 0.0, "y": 10.0, "z": 0.0}, "11": {"x": 0.0, "y": 11.0, "z": 0.0}, "12": {"x": 0.0, "y": 12.0, "z": 0.0}, "13": {"x": 0.0, "y": 13.0, "z": 0.0}, "14": {"x": 0.0, "y": 14.0, "z": 0.0}, "15": {"x": 0.0, "y": 15.0, "z": 0.0}, "16": {"x": 1.0, "y": 0.0, "z": 0.0}, "17": {"x": 1.0, "y": 1.0, "z": 0.3978240653263177}, "18": {"x": 0.9999999999999999, "y": 2.0, "z": 0.5260491392988468}, "19": {"x": 0.9999999999999999, "y": 3.0000000000000004, "z": 0.7363450953069987}, "20": {"x": 0.9999999999999998, "y": 4.000000000000001, "z": 0.6597185477118067}, "21": {"x": 1.0, "y": 5.0, "z": 0.7264167976640408}, "22": {"x": 1.0000000000000009, "y": 6.0000000000000036, "z": 0.7583214580799889}, "23": {"x": 1.0, "y": 7.000000000000001, "z": 0.6097175867465326}, "24": {"x": 0.9999999999999996, "y": 7.999999999999999, "z": 0.4928777166415184}, "25": {"x": 0.9999999999999991, "y": 8.999999999999998, "z": 0.19221372728951885}, "26": {"x": 0.9999999999999997, "y": 10.000000000000002, "z": 0.352737775416121}, "27": {"x": 1.0, "y": 11.000000000000004, "z": 0.4448121131899099}, "28": {"x": 1.0000000000000002, "y": 12.000000000000002, "z": 0.6179516067718807}, "29": {"x": 1.0000000000000002, "y": 13.0, "z": 0.5040249447740576}, "30": {"x": 1.0000000000000004, "y": 14.000000000000002, "z": 0.36144948357043094}, "31": {"x": 1.0, "y": 15.0, "z": 0.0}, "32": {"x": 2.0, "y": 0.0, "z": 0.0}, "33": {"x": 1.9999999999999998, "y": 0.9999999999999999, "z": 0.5407107627344564}, "34": {"x": 1.9999999999999996, "y": 1.9999999999999996, "z": 0.8566139419534788}, "35": {"x": 1.9999999999999996, "y": 2.9999999999999996, "z": 1.101403552774081}, "36": {"x": 1.9999999999999996, "y": 4.0, "z": 1.1287738430713097}, "37": {"x": 2.0000000000000004, "y": 5.000000000000001, "z": 1.214001800290444}, "38": {"x": 2.000000000000001, "y": 6.000000000000003, "z": 1.2109933129921178}, "39": {"x": 1.9999999999999996, "y": 6.999999999999999, "z": 1.0247165950601183}, "40": {"x": 1.9999999999999991, "y": 7.999999999999998, "z": 0.7864098145012395}, "41": {"x": 1.9999999999999982, "y": 8.999999999999996, "z": 0.356791928637753}, "42": {"x": 1.9999999999999991, "y": 9.999999999999998, "z": 0.5995221016400338}, "43": {"x": 2.0, "y": 11.000000000000004, "z": 0.7454856214610316}, "44": {"x": 2.0, "y": 12.000000000000002, "z": 0.8657657915154455}, "45": {"x": 2.0, "y": 13.0, "z": 0.7643022622460911}, "46": {"x": 2.000000000000001, "y": 14.000000000000004, "z": 0.49398034520780376}, "47": {"x": 2.0, "y": 15.0, "z": 0.0}, "48": {"x": 3.0, "y": 0.0, "z": 0.0}, "49": {"x": 2.9999999999999996, "y": 0.9999999999999996, "z": 0.6991096279018645}, "50": {"x": 3.0, "y": 1.9999999999999996, "z": 1.080513812497192}, "51": {"x": 2.9999999999999996, "y": 3.0, "z": 1.4088271898549793}, "52": {"x": 2.9999999999999996, "y": 4.0, "z": 1.429781204944336}, "53": {"x": 3.0, "y": 5.0, "z": 1.540803869671133}, "54": {"x": 3.000000000000001, "y": 6.0, "z": 1.546803193138598}, "55": {"x": 3.0, "y": 7.0, "z": 1.3035618756974299}, "56": {"x": 2.999999999999999, "y": 7.999999999999997, "z": 1.0181196785257312}, "57": {"x": 2.9999999999999973, "y": 8.999999999999996, "z": 0.4746968979292226}, "58": {"x": 2.9999999999999987, "y": 9.999999999999998, "z": 0.771033086439383}, "59": {"x": 2.9999999999999996, "y": 11.000000000000002, "z": 0.9436171093205157}, "60": {"x": 3.0000000000000004, "y": 12.000000000000004, "z": 1.107837701477563}, "61": {"x": 3.000000000000001, "y": 13.000000000000005, "z": 0.9605429783741781}, "62": {"x": 3.0000000000000004, "y": 14.000000000000005, "z": 0.6308198246870588}, "63": {"x": 3.0, "y": 15.0, "z": 0.0}, "64": {"x": 4.0, "y": 0.0, "z": 0.0}, "65": {"x": 4.0, "y": 0.9999999999999999, "z": 0.9538496546153564}, "66": {"x": 4.0, "y": 2.0, "z": 1.1756578358921521}, "67": {"x": 3.9999999999999987, "y": 2.9999999999999996, "z": 1.8158184206850847}, "68": {"x": 3.9999999999999996, "y": 3.9999999999999996, "z": 1.5569243411471803}, "69": {"x": 3.999999999999999, "y": 4.999999999999999, "z": 1.6954602795185545}, "70": {"x": 4.0, "y": 5.999999999999998, "z": 1.7767378486628338}, "71": {"x": 4.0, "y": 6.999999999999999, "z": 1.4299499063952825}, "72": {"x": 3.9999999999999982, "y": 7.999999999999995, "z": 1.192355973242992}, "73": {"x": 3.9999999999999973, "y": 8.999999999999996, "z": 0.5481475307484023}, "74": {"x": 3.999999999999999, "y": 9.999999999999998, "z": 0.8648992124384614}, "75": {"x": 4.0, "y": 11.000000000000002, "z": 1.0290792149995698}, "76": {"x": 4.0, "y": 12.000000000000004, "z": 1.4868807821169037}, "77": {"x": 4.000000000000001, "y": 13.000000000000004, "z": 1.054302615360959}, "78": {"x": 4.0, "y": 14.0, "z": 0.7784601472495107}, "79": {"x": 4.0, "y": 15.0, "z": 0.0}, "80": {"x": 5.0, "y": 0.0, "z": 0.0}, "81": {"x": 4.999999999999999, "y": 0.9999999999999999, "z": 0.6072978213340757}, "82": {"x": 4.999999999999999, "y": 1.9999999999999996, "z": 1.064721184363645}, "83": {"x": 4.999999999999998, "y": 2.9999999999999987, "z": 1.3542523135102}, "84": {"x": 5.0, "y": 3.9999999999999996, "z": 1.5109911422257634}, "85": {"x": 4.999999999999999, "y": 4.999999999999998, "z": 1.5949016965447282}, "86": {"x": 4.999999999999998, "y": 5.999999999999997, "z": 1.5540385932263192}, "87": {"x": 4.999999999999999, "y": 6.999999999999997, "z": 1.364000958099989}, "88": {"x": 4.999999999999997, "y": 7.999999999999994, "z": 1.057685993296576}, "89": {"x": 4.999999999999997, "y": 8.999999999999995, "z": 0.6016477856761212}, "90": {"x": 4.999999999999998, "y": 10.000000000000002, "z": 0.8406891730171014}, "91": {"x": 4.999999999999999, "y": 11.000000000000002, "z": 0.9730669817317054}, "92": {"x": 5.0, "y": 12.000000000000004, "z": 0.9800166638361352}, "93": {"x": 5.000000000000001, "y": 13.000000000000002, "z": 0.8500484459521737}, "94": {"x": 5.000000000000001, "y": 14.0, "z": 0.5107426427143276}, "95": {"x": 5.0, "y": 15.0, "z": 0.0}, "96": {"x": 6.0, "y": 0.0, "z": 0.0}, "97": {"x": 5.999999999999998, "y": 0.9999999999999999, "z": 0.8757806126780422}, "98": {"x": 5.999999999999998, "y": 2.0, "z": 1.053698145440532}, "99": {"x": 6.000000000000001, "y": 3.0000000000000004, "z": 1.6786193508744396}, "100": {"x": 6.000000000000001, "y": 3.9999999999999996, "z": 1.426401366686591}, "101": {"x": 5.999999999999999, "y": 4.999999999999999, "z": 1.5520879567614085}, "102": {"x": 5.999999999999998, "y": 5.9999999999999964, "z": 1.634307127874626}, "103": {"x": 6.000000000000001, "y": 6.999999999999998, "z": 1.3218216034671937}, "104": {"x": 5.999999999999997, "y": 7.999999999999994, "z": 1.127372287779565}, "105": {"x": 6.0, "y": 8.999999999999996, "z": 0.5649796226226926}, "106": {"x": 5.999999999999998, "y": 10.0, "z": 0.821808452476697}, "107": {"x": 5.999999999999999, "y": 11.0, "z": 0.9429010365159222}, "108": {"x": 6.000000000000001, "y": 12.000000000000002, "z": 1.3663512785868754}, "109": {"x": 6.000000000000001, "y": 13.000000000000004, "z": 0.923405331796822}, "110": {"x": 6.000000000000002, "y": 14.000000000000002, "z": 0.6906979281096051}, "111": {"x": 6.0, "y": 15.0, "z": 0.0}, "112": {"x": 7.0, "y": 0.0, "z": 0.0}, "113": {"x": 7.0, "y": 0.9999999999999998, "z": 0.5087931506042281}, "114": {"x": 6.999999999999998, "y": 1.9999999999999998, "z": 0.8332236940462722}, "115": {"x": 6.999999999999999, "y": 3.0, "z": 1.090598100815523}, "116": {"x": 7.000000000000002, "y": 4.000000000000001, "z": 1.1706878003878187}, "117": {"x": 6.999999999999999, "y": 5.0, "z": 1.2513010341037425}, "118": {"x": 7.000000000000001, "y": 6.000000000000001,