{"attributes": {"name": "Mesh"}, "dva": {"x": 0.0, "y": 0.0, "z": 0.0}, "dea": {}, "dfa": {}, "vertex": {"0": {"x": 0.0, "y": 0.0, "z": 0.0}, "1": {"x": 0.0, "y": 1.0, "z": 0.0}, "2": {"x": 0.0, "y": 2.0, "z": 0.0}, "3": {"x": 0.0, "y": 3.0, "z": 0.0}, "4": {"x": 0.0, "y": 4.0, "z": 0.0}, "5": {"x": 0.0, "y": 5.0, "z": 0.0}, "6": {"x": 0.0, "y": 6.0, "z": 0.0}, "7": {"x": 0.0, "y": 7.0, "z": 0.0}, "8": {"x": 0.0, "y": 8.0, "z": 0.0}, "9": {"x": 0.0, "y": 9.0, "z": 0.0}, "10": {"x": 0.0, "y": 10.0, "z": 0.0}, "11": {"x": 0.0, "y": 11.0, "z": 0.0}, "12": {"x": 0.0, "y": 12.0, "z": 0.0}, "13": {"x": 0.0, "y": 13.0, "z": 0.0}, "14": {"x": 0.0, "y": 14.0, "z": 0.0}, "15": {"x": 0.0, "y": 15.0, "z": 0.0}, "16": {"x": 1.0, "y": 0.0, "z": 0.0}, "17": {"x": 1.0000000000000002, "y": 0.9999999999999999, "z": 0.08341787556069191}, "18": {"x": 1.0000000000000004, "y": 1.9999999999999996, "z": 0.14447890670740843}, "19": {"x": 1.0000000000000007, "y": 2.9999999999999996, "z": 0.1938654302306435}, "20": {"x": 1.0000000000000004, "y": 3.9999999999999987, "z": 0.22575131106424556}, "21": {"x": 1.0000000000000002, "y": 4.9999999999999964, "z": 0.22462774301562433}, "22": {"x": 1.0, "y": 5.9999999999999964, "z": 0.2040686462266582}, "23": {"x": 1.0000000000000002, "y": 7.0, "z": 0.197003641191691}, "24": {"x": 1.0000000000000007, "y": 8.000000000000002, "z": 0.18241056812977424}, "25": {"x": 1.000000000000001, "y": 9.000000000000005, "z": 0.1947284417933914}, "26": {"x": 1.0000000000000016, "y": 10.000000000000009, "z": 0.207542829596321}, "27": {"x": 1.0000000000000016, "y": 11.00000000000001, "z": 0.1837314158155384}, "28": {"x": 1.0000000000000016, "y": 12.000000000000007, "z": 0.13218465076481703}, "29": {"x": 1.0000000000000009, "y": 13.000000000000004, "z": 0.12453397646729958}, "30": {"x": 1.0000000000000004, "y": 14.0, "z": 0.08022613732735312}, "31": {"x": 1.0, "y": 15.0, "z": 0.0}, "32": {"x": 2.0, "y": 0.0, "z": 0.0}, "33": {"x": 2.0000000000000004, "y": 0.9999999999999998, "z": 0.14521951261941524}, "34": {"x": 2.0000000000000004, "y": 1.9999999999999996, "z": 0.251735300601888}, "35": {"x": 2.0000000000000004, "y": 2.999999999999999, "z": 0.3374162976653564}, "36": {"x": 2.000000000000001, "y": 3.999999999999999, "z": 0.39592909444373914}, "37": {"x": 2.000000000000001, "y": 4.999999999999999, "z": 0.39402152004862917}, "38": {"x": 2.0000000000000004, "y": 5.999999999999998, "z": 0.36141314962614}, "39": {"x": 2.000000000000001, "y": 7.000000000000001, "z": 0.35018626253017493}, "40": {"x": 2.000000000000001, "y": 8.000000000000002, "z": 0.32514111879701774}, "41": {"x": 2.0000000000000018, "y": 9.000000000000005, "z": 0.34367847439560933}, "42": {"x": 2.000000000000002, "y": 10.000000000000007, "z": 0.3685902067291324}, "43": {"x": 2.000000000000002, "y": 11.00000000000001, "z": 0.3231729828639652}, "44": {"x": 2.0000000000000027, "y": 12.00000000000001, "z": 0.23374835030039887}, "45": {"x": 2.0000000000000013, "y": 13.000000000000007, "z": 0.2216034944267855}, "46": {"x": 2.0000000000000004, "y": 14.000000000000002, "z": 0.14162186548114594}, "47": {"x": 2.0, "y": 15.0, "z": 0.0}, "48": {"x": 3.0, "y": 0.0, "z": 0.0}, "49": {"x": 3.000000000000001, "y": 1.0000000000000002, "z": 0.1810453798894728}, "50": {"x": 3.0000000000000013, "y": 2.0, "z": 0.31982601898795704}, "51": {"x": 3.000000000000001, "y": 2.9999999999999996, "z": 0.42086551485959545}, "52": {"x": 3.0000000000000013, "y": 3.9999999999999996, "z": 0.47862487114210156}, "53": {"x": 3.000000000000001, "y": 4.999999999999999, "z": 0.4957969803426432}, "54": {"x": 3.000000000000001, "y": 5.999999999999999, "z": 0.47468444393771936}, "55": {"x": 3.0000000000000018, "y": 7.000000000000002, "z": 0.4585352932359626}, "56": {"x": 3.0000000000000018, "y": 8.000000000000004, "z": 0.43148156732438314}, "57": {"x": 3.0000000000000027, "y": 9.000000000000007, "z": 0.4437573972409741}, "58": {"x": 3.000000000000004, "y": 10.00000000000001, "z": 0.43781019855820974}, "59": {"x": 3.000000000000004, "y": 11.000000000000012, "z": 0.3937666222111507}, "60": {"x": 3.0000000000000036, "y": 12.00000000000001, "z": 0.3068487214804695}, "61": {"x": 3.000000000000002, "y": 13.000000000000005, "z": 0.24662973594271617}, "62": {"x": 3.0000000000000013, "y": 14.000000000000004, "z": 0.14592773118899396}, "63": {"x": 3.0, "y": 15.0, "z": 0.0}, "64": {"x": 4.0, "y": 0.0, "z": 0.0}, "65": {"x": 4.000000000000001, "y": 1.0000000000000002, "z": 0.22573517315696276}, "66": {"x": 4.000000000000001, "y": 2.0000000000000004, "z": 0.39044029601642444}, "67": {"x": 4.000000000000001, "y": 2.9999999999999996, "z": 0.5227996859479419}, "68": {"x": 4.000000000000001, "y": 4.0, "z": 0.6094334503259926}, "69": {"x": 4.000000000000001, "y": 5.0, "z": 0.6045056534757315}, "70": {"x": 4.000000000000001, "y": 5.999999999999999, "z": 0.5485536965778568}, "71": {"x": 4.000000000000002, "y": 7.000000000000002, "z": 0.5289306892246112}, "72": {"x": 4.000000000000003, "y": 8.000000000000004, "z": 0.4889004913083164}, "73": {"x": 4.0000000000000036, "y": 9.000000000000009, "z": 0.5214945819454174}, "74": {"x": 4.0000000000000036, "y": 10.000000000000012, "z": 0.5578519505509962}, "75": {"x": 4.0000000000000036, "y": 11.000000000000012, "z": 0.494126928483123}, "76": {"x": 4.0000000000000036, "y": 12.00000000000001, "z": 0.35499002604256513}, "77": {"x": 4.000000000000003, "y": 13.000000000000009, "z": 0.33747132852165374}, "78": {"x": 4.000000000000002, "y": 14.000000000000005, "z": 0.21823730585118617}, "79": {"x": 4.0, "y": 15.0, "z": 0.0}, "80": {"x": 5.0, "y": 0.0, "z": 0.0}, "81": {"x": 5.000000000000001, "y": 1.0000000000000004, "z": 0.25552621435821943}, "82": {"x": 5.000000000000001, "y": 2.0000000000000004, "z": 0.4277755941268839}, "83": {"x": 5.0, "y": 3.0, "z": 0.5816589510187299}, "84": {"x": 5.000000000000003, "y": 4.000000000000001, "z": 0.7647765625685979}, "85": {"x": 5.0, "y": 4.999999999999999, "z": 0.6680094222258761}, "86": {"x": 5.000000000000003, "y": 6.000000000000002, "z": 0.5731649738602003}, "87": {"x": 5.000000000000002, "y": 7.000000000000002, "z": 0.5578149880864814}, "88": {"x": 5.0000000000000036, "y": 8.000000000000007, "z": 0.503178892381531}, "89": {"x": 5.0000000000000036, "y": 9.00000000000001, "z": 0.5520567109941066}, "90": {"x": 5.000000000000003, "y": 10.00000000000001, "z": 0.8231895172805656}, "91": {"x": 5.000000000000003, "y": 11.00000000000001, "z": 0.5751402715131281}, "92": {"x": 5.0000000000000036, "y": 12.000000000000012, "z": 0.36852471222199584}, "93": {"x": 5.000000000000003, "y": 13.000000000000009, "z": 0.5256146036945062}, "94": {"x": 5.000000000000003, "y": 14.000000000000005, "z": 0.3307903917069391}, "95": {"x": 5.0, "y": 15.0, "z": 0.0}, "96": {"x": 6.0, "y": 0.0, "z": 0.0}, "97": {"x": 6.000000000000002, "y": 1.0000000000000004, "z": 0.2372381594539462}, "98": {"x": 6.000000000000001, "y": 2.000000000000001, "z": 0.41251219981908277}, "99": {"x": 6.000000000000001, "y": 3.000000000000001, "z": 0.5465480376073556}, "100": {"x": 6.0000000000000036, "y": 4.000000000000002, "z": 0.6191343658281336}, "101": {"x": 6.000000000000003, "y": 5.000000000000002, "z": 0.6202418555334894}, "102": {"x": 6.000000000000004, "y": 6.0000000000000036, "z": 0.5610794252743543}, "103": {"x": 6.000000000000002, "y": 7.0000000000000036, "z": 0.5338810329319394}, "104": {"x": 6.000000000000003, "y": 8.000000000000005, "z": 0.4922494470047303}, "105": {"x": 6.000000000000003, "y": 9.00000000000001, "z": 0.5298870325510258}, "106": {"x": 6.000000000000003, "y": 10.000000000000009, "z": 0.5457595631571773}, "107": {"x": 6.000000000000003, "y": 11.000000000000009, "z": 0.49441631809494013}, "108": {"x": 6.000000000000002, "y": 12.00000000000001, "z": 0.3638116695401686}, "109": {"x": 6.000000000000002, "y": 13.000000000000009, "z": 0.32119018691805623}, "110": {"x": 6.000000000000001, "y": 14.000000000000004, "z": 0.20387004683989968}, "111": {"x": 6.0, "y": 15.0, "z": 0.0}, "112": {"x": 7.0, "y": 0.0, "z": 0.0},