{"attributes": {"name": "Mesh"}, "dva": {"x": 0.0, "y": 0.0, "z": 0.0}, "dea": {}, "dfa": {}, "vertex": {"0": {"x": 0.0, "y": 0.0, "z": 0.0}, "1": {"x": 0.0, "y": 1.0, "z": 0.0}, "2": {"x": 0.0, "y": 2.0, "z": 0.0}, "3": {"x": 0.0, "y": 3.0, "z": 0.0}, "4": {"x": 0.0, "y": 4.0, "z": 0.0}, "5": {"x": 0.0, "y": 5.0, "z": 0.0}, "6": {"x": 0.0, "y": 6.0, "z": 0.0}, "7": {"x": 0.0, "y": 7.0, "z": 0.0}, "8": {"x": 0.0, "y": 8.0, "z": 0.0}, "9": {"x": 0.0, "y": 9.0, "z": 0.0}, "10": {"x": 0.0, "y": 10.0, "z": 0.0}, "11": {"x": 0.0, "y": 11.0, "z": 0.0}, "12": {"x": 0.0, "y": 12.0, "z": 0.0}, "13": {"x": 0.0, "y": 13.0, "z": 0.0}, "14": {"x": 0.0, "y": 14.0, "z": 0.0}, "15": {"x": 0.0, "y": 15.0, "z": 0.0}, "16": {"x": 1.0, "y": 0.0, "z": 0.0}, "17": {"x": 1.0000000000000002, "y": 0.9999999999999998, "z": 0.24744454889088377}, "18": {"x": 1.0000000000000009, "y": 2.0000000000000004, "z": 0.30740197809647685}, "19": {"x": 1.0000000000000002, "y": 3.0, "z": 0.5521911724714609}, "20": {"x": 0.9999999999999998, "y": 3.9999999999999982, "z": 0.8936641574008201}, "21": {"x": 1.0, "y": 4.999999999999998, "z": 1.0069763897558375}, "22": {"x": 1.0000000000000004, "y": 6.0, "z": 1.1156835960066869}, "23": {"x": 1.0000000000000004, "y": 6.999999999999998, "z": 1.133148510033559}, "24": {"x": 1.0000000000000002, "y": 7.9999999999999964, "z": 0.9304622389167547}, "25": {"x": 1.0, "y": 8.999999999999998, "z": 0.8498861424073924}, "26": {"x": 1.0, "y": 9.999999999999998, "z": 0.7086308057100326}, "27": {"x": 1.0000000000000004, "y": 11.0, "z": 0.6984573115515346}, "28": {"x": 1.0000000000000004, "y": 12.0, "z": 0.7452496229955582}, "29": {"x": 1.0000000000000004, "y": 12.999999999999998, "z": 0.5583488609422678}, "30": {"x": 1.0000000000000004, "y": 14.0, "z": 0.3436810968947772}, "31": {"x": 1.0, "y": 15.0, "z": 0.0}, "32": {"x": 2.0, "y": 0.0, "z": 0.0}, "33": {"x": 2.0000000000000004, "y": 0.9999999999999999, "z": 0.3817754592369449}, "34": {"x": 2.0000000000000013, "y": 2.0000000000000004, "z": 0.5546041652814794}, "35": {"x": 2.000000000000001, "y": 3.0, "z": 0.9529863211008213}, "36": {"x": 2.0000000000000004, "y": 4.0, "z": 1.4022691738783926}, "37": {"x": 2.0000000000000004, "y": 5.0, "z": 1.6395790072795358}, "38": {"x": 2.0000000000000013, "y": 6.000000000000001, "z": 1.79280625590665}, "39": {"x": 2.0000000000000004, "y": 6.999999999999997, "z": 1.801142204837213}, "40": {"x": 2.0000000000000004, "y": 7.999999999999996, "z": 1.6017399169841038}, "41": {"x": 2.0000000000000004, "y": 8.999999999999996, "z": 1.4708973665051523}, "42": {"x": 2.0, "y": 9.999999999999996, "z": 1.264281415571785}, "43": {"x": 2.000000000000001, "y": 11.000000000000002, "z": 1.206542580591782}, "44": {"x": 2.000000000000001, "y": 12.000000000000002, "z": 1.1607633142975904}, "45": {"x": 2.0000000000000013, "y": 13.000000000000002, "z": 0.8995162085459295}, "46": {"x": 2.000000000000001, "y": 14.000000000000002, "z": 0.5344140451013547}, "47": {"x": 2.0, "y": 15.0, "z": 0.0}, "48": {"x": 3.0, "y": 0.0, "z": 0.0}, "49": {"x": 3.0000000000000004, "y": 1.0, "z": 0.4933484226747573}, "50": {"x": 3.0000000000000013, "y": 2.0000000000000004, "z": 0.730162244946957}, "51": {"x": 3.000000000000001, "y": 3.0000000000000004, "z": 1.217220010139956}, "52": {"x": 3.0, "y": 4.000000000000001, "z": 1.7878837562064365}, "53": {"x": 3.000000000000001, "y": 5.0, "z": 2.0353708177491883}, "54": {"x": 3.000000000000001, "y": 5.999999999999999, "z": 2.237936148229594}, "55": {"x": 3.0, "y": 6.999999999999996, "z": 2.295328074378274}, "56": {"x": 3.000000000000001, "y": 7.999999999999996, "z": 2.04039202737435}, "57": {"x": 3.0000000000000013, "y": 8.999999999999996, "z": 1.896643494912504}, "58": {"x": 3.000000000000001, "y": 9.999999999999996, "z": 1.648655407814037}, "59": {"x": 3.0000000000000018, "y": 11.000000000000002, "z": 1.5493230560498874}, "60": {"x": 3.000000000000002, "y": 12.000000000000004, "z": 1.4952244124225924}, "61": {"x": 3.000000000000002, "y": 13.000000000000002, "z": 1.1115557402994365}, "62": {"x": 3.000000000000002, "y": 14.000000000000005, "z": 0.6545998725540094}, "63": {"x": 3.0, "y": 15.0, "z": 0.0}, "64": {"x": 4.0, "y": 0.0, "z": 0.0}, "65": {"x": 4.000000000000001, "y": 1.0, "z": 0.48050360556274635}, "66": {"x": 4.000000000000002, "y": 2.0000000000000004, "z": 0.8468086677176044}, "67": {"x": 4.0, "y": 2.9999999999999996, "z": 1.3459575103132133}, "68": {"x": 4.000000000000001, "y": 4.0, "z": 1.7690684635339184}, "69": {"x": 4.000000000000001, "y": 5.0, "z": 2.095131978328806}, "70": {"x": 4.000000000000001, "y": 5.999999999999999, "z": 2.2704528314663923}, "71": {"x": 4.000000000000002, "y": 6.999999999999999, "z": 2.309143089320905}, "72": {"x": 4.000000000000002, "y": 7.999999999999997, "z": 2.2493788532005152}, "73": {"x": 4.000000000000002, "y": 8.999999999999998, "z": 2.1071685361853754}, "74": {"x": 4.000000000000003, "y": 10.000000000000002, "z": 1.8904425995175627}, "75": {"x": 4.000000000000003, "y": 11.000000000000004, "z": 1.7166151418830136}, "76": {"x": 4.0000000000000036, "y": 12.000000000000007, "z": 1.4700090433519575}, "77": {"x": 4.0000000000000036, "y": 13.000000000000005, "z": 1.1278083359337827}, "78": {"x": 4.000000000000003, "y": 14.000000000000004, "z": 0.6322125185614869}, "79": {"x": 4.0, "y": 15.0, "z": 0.0}, "80": {"x": 5.0, "y": 0.0, "z": 0.0}, "81": {"x": 5.000000000000001, "y": 1.0000000000000004, "z": 0.6903272797971931}, "82": {"x": 5.000000000000002, "y": 2.0000000000000004, "z": 0.8623632699152591}, "83": {"x": 5.0, "y": 3.0, "z": 1.4808089788283356}, "84": {"x": 5.000000000000002, "y": 4.000000000000001, "z": 2.6743417259499975}, "85": {"x": 5.000000000000001, "y": 5.0, "z": 2.5707233981446307}, "86": {"x": 5.000000000000002, "y": 6.000000000000002, "z": 2.900135854404971}, "87": {"x": 5.000000000000003, "y": 7.000000000000002, "z": 3.2991077146682004}, "88": {"x": 5.0000000000000036, "y": 8.000000000000002, "z": 2.4839549007892847}, "89": {"x": 5.0000000000000036, "y": 9.000000000000002, "z": 2.3277392730673907}, "90": {"x": 5.000000000000003, "y": 10.000000000000004, "z": 1.9686178531096485}, "91": {"x": 5.000000000000003, "y": 11.000000000000004, "z": 1.8854450539810865}, "92": {"x": 5.0000000000000036, "y": 12.000000000000004, "z": 2.3151275364380095}, "93": {"x": 5.000000000000003, "y": 13.000000000000002, "z": 1.4176020589895668}, "94": {"x": 5.000000000000002, "y": 14.000000000000005, "z": 0.8751753064948974}, "95": {"x": 5.0, "y": 15.0, "z": 0.0}, "96": {"x": 6.0, "y": 0.0, "z": 0.0}, "97": {"x": 6.0, "y": 1.0000000000000002, "z": 0.5932401858905626}, "98": {"x": 6.0, "y": 2.0000000000000004, "z": 0.8364101869734248}, "99": {"x": 6.0, "y": 3.0000000000000013, "z": 1.4805873763069899}, "100": {"x": 6.000000000000001, "y": 4.000000000000002, "z": 2.210099396626437}, "101": {"x": 6.000000000000001, "y": 4.999999999999999, "z": 2.6035008964272603}, "102": {"x": 6.000000000000002, "y": 6.000000000000001, "z": 2.8457623596761596}, "103": {"x": 6.0000000000000036, "y": 7.0000000000000036, "z": 2.836530347490972}, "104": {"x": 6.0000000000000036, "y": 8.000000000000004, "z": 2.496824024856475}, "105": {"x": 6.0000000000000036, "y": 9.000000000000005, "z": 2.2745588016793135}, "106": {"x": 6.000000000000004, "y": 10.000000000000005, "z": 1.9336155956442016}, "107": {"x": 6.0000000000000036, "y": 11.000000000000004, "z": 1.867244263240798}, "108": {"x": 6.0000000000000036, "y": 12.000000000000005, "z": 1.8207873227627605}, "109": {"x": 6.000000000000003, "y": 13.000000000000005, "z": 1.4326898373525838}, "110": {"x": 6.000000000000002, "y": 14.000000000000004, "z": 0.8588138596875925}, "111": {"x": 6.0, "y": 15.0, "z": 0.0}, "112": {"x": 7.0, "y": 0.0, "z": 0.0}, "113": {"x": 7.0, "y": 1.0000000000000002, "z": 0.5652909486414519}, "114": {"x": 6.999999999999998, "y": 2.0000000000000004, "z": 0.7267806858859506}, "115": {"x": 7.000000000000001, "y": 3.0000000000000013, "z": 1.337254101054827}, "116": {"x": 7.0000000000000036,