{"attributes": {"name": "Mesh"}, "dva": {"x": 0.0, "y": 0.0, "z": 0.0}, "dea": {}, "dfa": {}, "vertex": {"0": {"x": 0.0, "y": 0.0, "z": 0.0}, "1": {"x": 0.0, "y": 1.0, "z": 0.0}, "2": {"x": 0.0, "y": 2.0, "z": 0.0}, "3": {"x": 0.0, "y": 3.0, "z": 0.0}, "4": {"x": 0.0, "y": 4.0, "z": 0.0}, "5": {"x": 0.0, "y": 5.0, "z": 0.0}, "6": {"x": 0.0, "y": 6.0, "z": 0.0}, "7": {"x": 0.0, "y": 7.0, "z": 0.0}, "8": {"x": 0.0, "y": 8.0, "z": 0.0}, "9": {"x": 0.0, "y": 9.0, "z": 0.0}, "10": {"x": 0.0, "y": 10.0, "z": 0.0}, "11": {"x": 0.0, "y": 11.0, "z": 0.0}, "12": {"x": 0.0, "y": 12.0, "z": 0.0}, "13": {"x": 0.0, "y": 13.0, "z": 0.0}, "14": {"x": 0.0, "y": 14.0, "z": 0.0}, "15": {"x": 0.0, "y": 15.0, "z": 0.0}, "16": {"x": 1.0, "y": 0.0, "z": 0.0}, "17": {"x": 0.9999999999999999, "y": 1.0, "z": 0.3406132620105157}, "18": {"x": 1.0000000000000002, "y": 2.0, "z": 0.6003583292144328}, "19": {"x": 1.0000000000000002, "y": 3.0000000000000004, "z": 1.510309366269252}, "20": {"x": 1.0, "y": 4.0, "z": 1.0713140039400715}, "21": {"x": 0.9999999999999998, "y": 4.999999999999999, "z": 1.1916598205478923}, "22": {"x": 0.9999999999999997, "y": 5.999999999999996, "z": 0.8687380963263776}, "23": {"x": 0.9999999999999999, "y": 6.999999999999998, "z": 1.5407847666233354}, "24": {"x": 0.9999999999999999, "y": 7.999999999999999, "z": 0.8022179190978933}, "25": {"x": 1.0000000000000002, "y": 8.999999999999998, "z": 0.7001885972317543}, "26": {"x": 0.9999999999999997, "y": 9.999999999999995, "z": 0.9220747758453052}, "27": {"x": 1.0000000000000004, "y": 11.0, "z": 0.653709458261684}, "28": {"x": 0.9999999999999998, "y": 11.999999999999998, "z": 0.5852312768459551}, "29": {"x": 0.9999999999999992, "y": 12.999999999999998, "z": 0.3522206709333275}, "30": {"x": 0.9999999999999996, "y": 14.0, "z": 0.7160416889407061}, "31": {"x": 1.0, "y": 15.0, "z": 0.0}, "32": {"x": 2.0, "y": 0.0, "z": 0.0}, "33": {"x": 1.9999999999999996, "y": 1.0, "z": 0.573484921026862}, "34": {"x": 2.0000000000000004, "y": 2.0000000000000004, "z": 1.034873026602987}, "35": {"x": 2.0000000000000004, "y": 3.000000000000001, "z": 1.7028984652558365}, "36": {"x": 2.0, "y": 3.9999999999999996, "z": 1.7393770271796842}, "37": {"x": 1.9999999999999998, "y": 4.999999999999998, "z": 1.8274698596364525}, "38": {"x": 1.9999999999999998, "y": 5.999999999999999, "z": 1.571038235326159}, "39": {"x": 2.0, "y": 7.0, "z": 1.825516384402404}, "40": {"x": 1.9999999999999998, "y": 7.999999999999998, "z": 1.430582985968104}, "41": {"x": 2.0000000000000004, "y": 8.999999999999998, "z": 1.2807539077776544}, "42": {"x": 1.9999999999999998, "y": 9.999999999999996, "z": 1.4088665175967119}, "43": {"x": 2.0000000000000004, "y": 10.999999999999996, "z": 1.1481659274770035}, "44": {"x": 1.9999999999999998, "y": 11.999999999999996, "z": 0.9779906889096203}, "45": {"x": 1.9999999999999987, "y": 12.999999999999995, "z": 0.6364517941460993}, "46": {"x": 1.9999999999999991, "y": 13.999999999999998, "z": 0.6386813980221214}, "47": {"x": 2.0, "y": 15.0, "z": 0.0}, "48": {"x": 3.0, "y": 0.0, "z": 0.0}, "49": {"x": 2.999999999999999, "y": 0.9999999999999997, "z": 0.7139282715072199}, "50": {"x": 3.0, "y": 2.0, "z": 1.2947269240428632}, "51": {"x": 3.0, "y": 3.000000000000001, "z": 1.755008404491759}, "52": {"x": 3.0, "y": 4.0, "z": 2.0482995818195042}, "53": {"x": 2.9999999999999996, "y": 4.999999999999998, "z": 2.1411376888254066}, "54": {"x": 2.9999999999999996, "y": 5.999999999999998, "z": 2.0592335670435387}, "55": {"x": 2.9999999999999996, "y": 6.999999999999999, "z": 2.041227525556988}, "56": {"x": 3.0, "y": 7.999999999999998, "z": 1.8669962661203114}, "57": {"x": 3.0, "y": 8.999999999999996, "z": 1.7101818815753664}, "58": {"x": 3.0, "y": 9.999999999999996, "z": 1.673375485965799}, "59": {"x": 3.000000000000001, "y": 10.999999999999998, "z": 1.4743575037547696}, "60": {"x": 3.0000000000000004, "y": 11.999999999999998, "z": 1.2183491746746613}, "61": {"x": 2.9999999999999987, "y": 12.999999999999995, "z": 0.8364799869166872}, "62": {"x": 2.999999999999999, "y": 13.999999999999995, "z": 0.5098097775664909}, "63": {"x": 3.0, "y": 15.0, "z": 0.0}, "64": {"x": 4.0, "y": 0.0, "z": 0.0}, "65": {"x": 3.999999999999999, "y": 0.9999999999999996, "z": 0.8542018600194476}, "66": {"x": 4.0, "y": 1.9999999999999996, "z": 1.5417646602361539}, "67": {"x": 4.000000000000001, "y": 3.0000000000000004, "z": 2.4802577394840157}, "68": {"x": 4.000000000000001, "y": 4.000000000000001, "z": 2.5250214789305963}, "69": {"x": 4.0, "y": 4.999999999999998, "z": 2.661849995286549}, "70": {"x": 3.9999999999999987, "y": 5.999999999999997, "z": 2.3681276136439635}, "71": {"x": 4.0, "y": 7.0, "z": 2.714776359047419}, "72": {"x": 4.000000000000001, "y": 8.0, "z": 2.1447251165619248}, "73": {"x": 4.0, "y": 8.999999999999996, "z": 1.93693679755811}, "74": {"x": 4.000000000000001, "y": 9.999999999999998, "z": 2.0533974674074025}, "75": {"x": 4.000000000000001, "y": 10.999999999999996, "z": 1.7157235395166968}, "76": {"x": 4.0, "y": 11.999999999999996, "z": 1.447211545585136}, "77": {"x": 3.999999999999999, "y": 12.999999999999996, "z": 0.9579530497951456}, "78": {"x": 3.9999999999999996, "y": 14.0, "z": 0.8790005059404759}, "79": {"x": 4.0, "y": 15.0, "z": 0.0}, "80": {"x": 5.0, "y": 0.0, "z": 0.0}, "81": {"x": 4.999999999999999, "y": 0.9999999999999998, "z": 0.8972509257374595}, "82": {"x": 5.0, "y": 1.9999999999999998, "z": 1.6303760351929966}, "83": {"x": 5.0, "y": 2.9999999999999996, "z": 2.3262990874121674}, "84": {"x": 5.0, "y": 4.0, "z": 2.6453938484810107}, "85": {"x": 5.000000000000001, "y": 5.0, "z": 2.731171084080294}, "86": {"x": 4.999999999999998, "y": 5.999999999999997, "z": 2.497593982028083}, "87": {"x": 4.999999999999999, "y": 6.999999999999999, "z": 2.5550585016490777}, "88": {"x": 5.000000000000001, "y": 8.0, "z": 2.243970150496695}, "89": {"x": 5.000000000000002, "y": 8.999999999999998, "z": 2.0310851277659387}, "90": {"x": 5.000000000000002, "y": 9.999999999999996, "z": 2.0817399546116717}, "91": {"x": 4.999999999999999, "y": 10.999999999999996, "z": 1.8012567678016815}, "92": {"x": 4.999999999999998, "y": 11.999999999999996, "z": 1.5049067116533172}, "93": {"x": 4.999999999999999, "y": 12.999999999999998, "z": 1.0067744757874104}, "94": {"x": 5.0, "y": 13.999999999999996, "z": 0.7149058630669335}, "95": {"x": 5.0, "y": 15.0, "z": 0.0}, "96": {"x": 6.0, "y": 0.0, "z": 0.0}, "97": {"x": 6.000000000000001, "y": 1.0, "z": 0.8907360614500809}, "98": {"x": 6.000000000000001, "y": 2.0000000000000004, "z": 1.6023950025728708}, "99": {"x": 6.000000000000003, "y": 3.0000000000000004, "z": 2.8971283890266015}, "100": {"x": 6.000000000000002, "y": 3.9999999999999996, "z": 2.6949151008513472}, "101": {"x": 6.000000000000001, "y": 5.000000000000001, "z": 2.852372765923231}, "102": {"x": 5.999999999999997, "y": 5.999999999999997, "z": 2.386785747606495}, "103": {"x": 5.999999999999999, "y": 6.999999999999998, "z": 3.0456498145444777}, "104": {"x": 6.000000000000003, "y": 8.0, "z": 2.1563469411440273}, "105": {"x": 6.000000000000002, "y": 8.999999999999995, "z": 1.923692445459563}, "106": {"x": 6.000000000000001, "y": 9.999999999999995, "z": 2.17279753306291}, "107": {"x": 5.999999999999999, "y": 10.999999999999995, "z": 1.7465752826077054}, "108": {"x": 5.999999999999997, "y": 11.999999999999995, "z": 1.4971690277823624}, "109": {"x": 6.000000000000001, "y": 13.000000000000004, "z": 0.9613659168843517}, "110": {"x": 5.999999999999998, "y": 13.999999999999996, "z": 1.1211455134191104}, "111": {"x": 6.0, "y": 15.0, "z": 0.0}, "112": {"x": 7.0, "y": 0.0, "z": 0.0}, "113": {"x": 7.000000000000003, "y": 1.0000000000000002, "z": 0.7805716327318952}, "114": {"x": 7.000000000000002, "y": 2.0000000000000004, "z": 1.4119269143528645}, "115": {"x": 7.000000000000002, "y": 3.0, "z": 2.298237698603351}, "116": {"x": 7.000000000000001, "y": 3.999999999999999, "z": 2.3661441507324583}, "117": {"x": 7.000000000000001, "y": 4.999999999999999, "z": 2.462668951946655},