{"attributes": {"name": "Mesh"}, "dva": {"x": 0.0, "y": 0.0, "z": 0.0}, "dea": {}, "dfa": {}, "vertex": {"0": {"x": 0.0, "y": 0.0, "z": 0.0}, "1": {"x": 0.0, "y": 1.0, "z": 0.0}, "2": {"x": 0.0, "y": 2.0, "z": 0.0}, "3": {"x": 0.0, "y": 3.0, "z": 0.0}, "4": {"x": 0.0, "y": 4.0, "z": 0.0}, "5": {"x": 0.0, "y": 5.0, "z": 0.0}, "6": {"x": 0.0, "y": 6.0, "z": 0.0}, "7": {"x": 0.0, "y": 7.0, "z": 0.0}, "8": {"x": 0.0, "y": 8.0, "z": 0.0}, "9": {"x": 0.0, "y": 9.0, "z": 0.0}, "10": {"x": 0.0, "y": 10.0, "z": 0.0}, "11": {"x": 0.0, "y": 11.0, "z": 0.0}, "12": {"x": 0.0, "y": 12.0, "z": 0.0}, "13": {"x": 0.0, "y": 13.0, "z": 0.0}, "14": {"x": 0.0, "y": 14.0, "z": 0.0}, "15": {"x": 0.0, "y": 15.0, "z": 0.0}, "16": {"x": 1.0, "y": 0.0, "z": 0.0}, "17": {"x": 0.9999999999999997, "y": 1.0000000000000004, "z": 0.15156752449515506}, "18": {"x": 0.9999999999999991, "y": 2.000000000000001, "z": 0.19962066143918392}, "19": {"x": 0.9999999999999998, "y": 3.0000000000000013, "z": 0.5754495594170893}, "20": {"x": 1.0000000000000004, "y": 4.000000000000003, "z": 0.9503208085352753}, "21": {"x": 1.0000000000000009, "y": 5.0000000000000036, "z": 0.6522543373158447}, "22": {"x": 0.9999999999999998, "y": 6.0, "z": 0.3638631547672047}, "23": {"x": 1.0000000000000004, "y": 7.0000000000000036, "z": 0.4101839463253549}, "24": {"x": 0.9999999999999999, "y": 8.000000000000002, "z": 0.39204436752059457}, "25": {"x": 0.9999999999999999, "y": 9.000000000000002, "z": 0.3771239165774512}, "26": {"x": 1.0000000000000002, "y": 10.000000000000002, "z": 0.289951851335452}, "27": {"x": 1.0000000000000002, "y": 11.000000000000002, "z": 0.3233211712623037}, "28": {"x": 1.0000000000000004, "y": 12.000000000000002, "z": 0.2657615061141021}, "29": {"x": 1.0000000000000002, "y": 13.000000000000004, "z": 0.2587388961781462}, "30": {"x": 1.0, "y": 14.0, "z": 0.3736104464851075}, "31": {"x": 1.0, "y": 15.0, "z": 0.0}, "32": {"x": 2.0, "y": 0.0, "z": 0.0}, "33": {"x": 1.9999999999999998, "y": 1.0000000000000009, "z": 0.19133332664647315}, "34": {"x": 1.999999999999999, "y": 2.0000000000000018, "z": 0.341961698934671}, "35": {"x": 1.9999999999999998, "y": 3.000000000000004, "z": 0.484711276597372}, "36": {"x": 2.0000000000000004, "y": 4.000000000000006, "z": 0.579850391079119}, "37": {"x": 2.0000000000000004, "y": 5.000000000000007, "z": 0.633004363629627}, "38": {"x": 2.0, "y": 6.000000000000005, "z": 0.6399344512480873}, "39": {"x": 2.0000000000000004, "y": 7.000000000000006, "z": 0.6511848309213201}, "40": {"x": 2.0, "y": 8.000000000000005, "z": 0.635582906019528}, "41": {"x": 2.0, "y": 9.000000000000004, "z": 0.596612618275593}, "42": {"x": 2.0000000000000004, "y": 10.000000000000002, "z": 0.530619813908118}, "43": {"x": 2.0000000000000004, "y": 11.000000000000002, "z": 0.49134179899232233}, "44": {"x": 2.000000000000001, "y": 12.000000000000004, "z": 0.42081338114455796}, "45": {"x": 2.0000000000000004, "y": 13.000000000000004, "z": 0.32344745987945916}, "46": {"x": 2.0, "y": 14.0, "z": 0.18398666860937207}, "47": {"x": 2.0, "y": 15.0, "z": 0.0}, "48": {"x": 3.0, "y": 0.0, "z": 0.0}, "49": {"x": 2.999999999999999, "y": 1.0000000000000002, "z": 0.2523543478396337}, "50": {"x": 2.9999999999999973, "y": 2.000000000000001, "z": 0.4487855040076853}, "51": {"x": 2.999999999999998, "y": 3.000000000000002, "z": 0.6438077433443539}, "52": {"x": 2.9999999999999987, "y": 4.0000000000000036, "z": 0.7755692356616776}, "53": {"x": 2.999999999999999, "y": 5.000000000000004, "z": 0.8368975082186573}, "54": {"x": 2.9999999999999982, "y": 6.000000000000003, "z": 0.8370760331267558}, "55": {"x": 2.9999999999999987, "y": 7.000000000000001, "z": 0.8522497678913004}, "56": {"x": 2.9999999999999987, "y": 8.000000000000004, "z": 0.8309379596394809}, "57": {"x": 2.999999999999999, "y": 9.000000000000004, "z": 0.7794805145578533}, "58": {"x": 3.000000000000001, "y": 10.000000000000005, "z": 0.6912249721681405}, "59": {"x": 3.0000000000000013, "y": 11.000000000000005, "z": 0.6430883241657731}, "60": {"x": 3.0000000000000018, "y": 12.000000000000007, "z": 0.5518581000337373}, "61": {"x": 3.0000000000000013, "y": 13.000000000000005, "z": 0.426465245161934}, "62": {"x": 3.000000000000001, "y": 14.000000000000004, "z": 0.2483048535530609}, "63": {"x": 3.0, "y": 15.0, "z": 0.0}, "64": {"x": 4.0, "y": 0.0, "z": 0.0}, "65": {"x": 3.9999999999999987, "y": 0.9999999999999999, "z": 0.2836739251014439}, "66": {"x": 3.999999999999995, "y": 1.9999999999999996, "z": 0.5105067976886843}, "67": {"x": 3.9999999999999956, "y": 3.000000000000001, "z": 0.7055842665987746}, "68": {"x": 3.999999999999997, "y": 4.000000000000001, "z": 0.840217324949954}, "69": {"x": 3.9999999999999973, "y": 5.000000000000002, "z": 0.9244717149809506}, "70": {"x": 3.999999999999998, "y": 6.000000000000003, "z": 0.9498361881238786}, "71": {"x": 3.9999999999999982, "y": 7.0000000000000036, "z": 0.9631022303227771}, "72": {"x": 3.999999999999998, "y": 8.000000000000004, "z": 0.9384361387709016}, "73": {"x": 3.9999999999999996, "y": 9.000000000000007, "z": 0.8784774631166395}, "74": {"x": 4.000000000000002, "y": 10.000000000000009, "z": 0.7821530649262797}, "75": {"x": 4.000000000000003, "y": 11.00000000000001, "z": 0.7251287289643116}, "76": {"x": 4.000000000000003, "y": 12.000000000000009, "z": 0.6254303405215149}, "77": {"x": 4.000000000000003, "y": 13.000000000000007, "z": 0.4783473408355982}, "78": {"x": 4.0, "y": 14.000000000000002, "z": 0.26546769293811473}, "79": {"x": 4.0, "y": 15.0, "z": 0.0}, "80": {"x": 5.0, "y": 0.0, "z": 0.0}, "81": {"x": 4.9999999999999964, "y": 0.9999999999999996, "z": 0.34880243346259665}, "82": {"x": 4.999999999999993, "y": 1.9999999999999987, "z": 0.5591014974724831}, "83": {"x": 4.999999999999995, "y": 3.0000000000000004, "z": 1.00736028157019}, "84": {"x": 4.999999999999996, "y": 4.0, "z": 1.26091884678253}, "85": {"x": 4.999999999999996, "y": 5.000000000000001, "z": 1.2287280083976089}, "86": {"x": 4.999999999999997, "y": 6.0000000000000036, "z": 1.0115236902256104}, "87": {"x": 4.9999999999999964, "y": 7.000000000000002, "z": 1.04790544997957}, "88": {"x": 4.9999999999999964, "y": 8.000000000000002, "z": 1.0154281167621302}, "89": {"x": 4.999999999999997, "y": 9.000000000000004, "z": 0.9471792045191264}, "90": {"x": 5.000000000000001, "y": 10.000000000000007, "z": 0.7879172525933981}, "91": {"x": 5.000000000000003, "y": 11.000000000000009, "z": 0.8005301638992897}, "92": {"x": 5.000000000000003, "y": 12.00000000000001, "z": 0.7060589813261139}, "93": {"x": 5.000000000000001, "y": 13.000000000000002, "z": 0.6156382515777513}, "94": {"x": 4.999999999999999, "y": 13.999999999999996, "z": 0.44550254424690783}, "95": {"x": 5.0, "y": 15.0, "z": 0.0}, "96": {"x": 6.0, "y": 0.0, "z": 0.0}, "97": {"x": 5.999999999999994, "y": 0.9999999999999991, "z": 0.3430836822307956}, "98": {"x": 5.999999999999991, "y": 1.9999999999999987, "z": 0.5288971554050881}, "99": {"x": 5.999999999999991, "y": 2.9999999999999987, "z": 1.0318700676456725}, "100": {"x": 5.999999999999992, "y": 3.9999999999999996, "z": 1.3009489307265314}, "101": {"x": 5.999999999999994, "y": 5.0, "z": 1.236344594721755}, "102": {"x": 5.999999999999995, "y": 6.000000000000003, "z": 0.9496492110095961}, "103": {"x": 5.999999999999994, "y": 7.0, "z": 0.9916557414433312}, "104": {"x": 5.9999999999999964, "y": 8.000000000000002, "z": 0.9601704261721287}, "105": {"x": 5.999999999999997, "y": 9.000000000000005, "z": 0.894720799096309}, "106": {"x": 5.999999999999999, "y": 10.000000000000005, "z": 0.7251786339466247}, "107": {"x": 6.000000000000003, "y": 11.00000000000001, "z": 0.7628069791071346}, "108": {"x": 6.000000000000003, "y": 12.00000000000001, "z": 0.6787248105601059}, "109": {"x": 5.999999999999999, "y": 13.000000000000002, "z": 0.6176660392527831}, "110": {"x": 5.999999999999999, "y": 13.999999999999995, "z": 0.470960071776318}, "111": {"x": 6.0, "y": 15.0, "z": 0.0}, "112": {"x": 7.0, "y": 0.0, "z": 0.0}, "113": {"x": 6.999999999999993, "y": 0.9999999999999991,