{"attributes": {"name": "Mesh"}, "dva": {"x": 0.0, "y": 0.0, "z": 0.0}, "dea": {}, "dfa": {}, "vertex": {"0": {"x": 0.0, "y": 0.0, "z": 0.0}, "1": {"x": 0.0, "y": 1.0, "z": 0.0}, "2": {"x": 0.0, "y": 2.0, "z": 0.0}, "3": {"x": 0.0, "y": 3.0, "z": 0.0}, "4": {"x": 0.0, "y": 4.0, "z": 0.0}, "5": {"x": 0.0, "y": 5.0, "z": 0.0}, "6": {"x": 0.0, "y": 6.0, "z": 0.0}, "7": {"x": 0.0, "y": 7.0, "z": 0.0}, "8": {"x": 0.0, "y": 8.0, "z": 0.0}, "9": {"x": 0.0, "y": 9.0, "z": 0.0}, "10": {"x": 0.0, "y": 10.0, "z": 0.0}, "11": {"x": 0.0, "y": 11.0, "z": 0.0}, "12": {"x": 0.0, "y": 12.0, "z": 0.0}, "13": {"x": 0.0, "y": 13.0, "z": 0.0}, "14": {"x": 0.0, "y": 14.0, "z": 0.0}, "15": {"x": 0.0, "y": 15.0, "z": 0.0}, "16": {"x": 1.0, "y": 0.0, "z": 0.0}, "17": {"x": 1.0, "y": 0.9999999999999998, "z": 0.44123057609689276}, "18": {"x": 1.0, "y": 2.0, "z": 0.7096270840630632}, "19": {"x": 0.9999999999999998, "y": 2.9999999999999996, "z": 0.8005680443962744}, "20": {"x": 0.9999999999999997, "y": 4.0, "z": 0.7561759263535184}, "21": {"x": 0.9999999999999996, "y": 5.000000000000001, "z": 0.7848322192671431}, "22": {"x": 0.9999999999999992, "y": 6.0, "z": 0.7410088086819318}, "23": {"x": 0.9999999999999989, "y": 6.999999999999997, "z": 0.4961686064688504}, "24": {"x": 0.999999999999999, "y": 7.999999999999997, "z": 0.5528099195541439}, "25": {"x": 0.9999999999999987, "y": 8.999999999999996, "z": 0.5912940751437248}, "26": {"x": 0.9999999999999983, "y": 9.999999999999995, "z": 0.6850797786097785}, "27": {"x": 0.9999999999999986, "y": 10.999999999999998, "z": 0.4923005026592598}, "28": {"x": 0.9999999999999988, "y": 11.999999999999995, "z": 0.55729006194834}, "29": {"x": 0.9999999999999993, "y": 12.999999999999998, "z": 0.3865719833578844}, "30": {"x": 0.9999999999999997, "y": 14.0, "z": 0.33749562253225607}, "31": {"x": 1.0, "y": 15.0, "z": 0.0}, "32": {"x": 2.0, "y": 0.0, "z": 0.0}, "33": {"x": 2.0, "y": 0.9999999999999997, "z": 0.6108507758800634}, "34": {"x": 1.9999999999999998, "y": 1.9999999999999998, "z": 1.0187708229088983}, "35": {"x": 1.9999999999999991, "y": 2.9999999999999987, "z": 1.2302024495103763}, "36": {"x": 1.9999999999999987, "y": 3.9999999999999982, "z": 1.2735089963681943}, "37": {"x": 1.9999999999999987, "y": 4.999999999999998, "z": 1.2906908828250787}, "38": {"x": 1.999999999999998, "y": 5.9999999999999964, "z": 1.1899044339839737}, "39": {"x": 1.9999999999999973, "y": 6.999999999999994, "z": 0.9124165743938272}, "40": {"x": 1.999999999999998, "y": 7.999999999999994, "z": 0.9777336530236684}, "41": {"x": 1.999999999999997, "y": 8.999999999999993, "z": 1.0247736263966334}, "42": {"x": 1.9999999999999967, "y": 9.999999999999991, "z": 1.0544006271638133}, "43": {"x": 1.9999999999999973, "y": 10.999999999999995, "z": 0.8765681930594361}, "44": {"x": 1.999999999999998, "y": 11.999999999999996, "z": 0.8640959560187897}, "45": {"x": 1.999999999999999, "y": 12.999999999999998, "z": 0.6560226917759194}, "46": {"x": 1.9999999999999993, "y": 13.999999999999998, "z": 0.440953470957787}, "47": {"x": 2.0, "y": 15.0, "z": 0.0}, "48": {"x": 3.0, "y": 0.0, "z": 0.0}, "49": {"x": 2.9999999999999996, "y": 0.9999999999999994, "z": 0.7418879889212464}, "50": {"x": 3.0, "y": 1.9999999999999993, "z": 1.2507131563701386}, "51": {"x": 2.999999999999999, "y": 2.9999999999999982, "z": 1.5300037126759283}, "52": {"x": 2.9999999999999982, "y": 3.9999999999999973, "z": 1.609828932393989}, "53": {"x": 2.9999999999999982, "y": 4.999999999999997, "z": 1.640168715996665}, "54": {"x": 2.999999999999998, "y": 5.999999999999996, "z": 1.5295501117503825}, "55": {"x": 2.9999999999999964, "y": 6.999999999999994, "z": 1.2075872936526162}, "56": {"x": 2.999999999999997, "y": 7.999999999999995, "z": 1.2802903163139854}, "57": {"x": 2.999999999999996, "y": 8.99999999999999, "z": 1.3288999673654764}, "58": {"x": 2.999999999999996, "y": 9.999999999999993, "z": 1.3646703263151916}, "59": {"x": 2.9999999999999956, "y": 10.99999999999999, "z": 1.1415797544485498}, "60": {"x": 2.999999999999997, "y": 11.99999999999999, "z": 1.1070109820412437}, "61": {"x": 2.999999999999998, "y": 12.999999999999993, "z": 0.8364142557883159}, "62": {"x": 2.999999999999999, "y": 13.999999999999995, "z": 0.5553974031356145}, "63": {"x": 3.0, "y": 15.0, "z": 0.0}, "64": {"x": 4.0, "y": 0.0, "z": 0.0}, "65": {"x": 4.0, "y": 0.9999999999999993, "z": 0.7392311861477914}, "66": {"x": 3.9999999999999982, "y": 1.999999999999998, "z": 1.275058045450916}, "67": {"x": 3.999999999999998, "y": 2.9999999999999973, "z": 1.6156161810485132}, "68": {"x": 3.999999999999998, "y": 3.999999999999997, "z": 1.7714732393625847}, "69": {"x": 3.9999999999999973, "y": 4.9999999999999964, "z": 1.7972716036838754}, "70": {"x": 3.9999999999999973, "y": 5.999999999999994, "z": 1.6740131983458317}, "71": {"x": 3.9999999999999964, "y": 6.999999999999991, "z": 1.3987581308981958}, "72": {"x": 3.9999999999999964, "y": 7.999999999999993, "z": 1.4591509949149197}, "73": {"x": 3.999999999999996, "y": 8.999999999999991, "z": 1.4980814488684016}, "74": {"x": 3.9999999999999956, "y": 9.99999999999999, "z": 1.476346952087964}, "75": {"x": 3.9999999999999933, "y": 10.999999999999984, "z": 1.2995441091109616}, "76": {"x": 3.9999999999999956, "y": 11.999999999999988, "z": 1.1942374008833603}, "77": {"x": 3.999999999999998, "y": 12.999999999999993, "z": 0.9277263144397302}, "78": {"x": 3.9999999999999987, "y": 13.999999999999993, "z": 0.5519357696126016}, "79": {"x": 4.0, "y": 15.0, "z": 0.0}, "80": {"x": 5.0, "y": 0.0, "z": 0.0}, "81": {"x": 4.999999999999999, "y": 0.999999999999999, "z": 0.9701443617454462}, "82": {"x": 4.999999999999998, "y": 1.9999999999999982, "z": 1.6090798863926676}, "83": {"x": 4.999999999999997, "y": 2.999999999999997, "z": 1.9066996252218682}, "84": {"x": 4.999999999999997, "y": 3.999999999999996, "z": 1.9280796396534072}, "85": {"x": 4.999999999999997, "y": 4.999999999999995, "z": 1.9936830821860867}, "86": {"x": 4.9999999999999964, "y": 5.999999999999991, "z": 1.8931296000463178}, "87": {"x": 4.9999999999999964, "y": 6.999999999999991, "z": 1.4224356592874565}, "88": {"x": 4.999999999999999, "y": 7.999999999999994, "z": 1.526140750245764}, "89": {"x": 4.999999999999996, "y": 8.999999999999991, "z": 1.590769896056154}, "90": {"x": 4.999999999999994, "y": 9.999999999999988, "z": 1.7329236636156102}, "91": {"x": 4.999999999999994, "y": 10.999999999999984, "z": 1.3524677109104342}, "92": {"x": 4.9999999999999964, "y": 11.99999999999999, "z": 1.3929479992562575}, "93": {"x": 4.999999999999998, "y": 12.999999999999996, "z": 1.0024494938153965}, "94": {"x": 4.999999999999998, "y": 13.999999999999998, "z": 0.7625335933502888}, "95": {"x": 5.0, "y": 15.0, "z": 0.0}, "96": {"x": 6.0, "y": 0.0, "z": 0.0}, "97": {"x": 5.999999999999997, "y": 0.9999999999999987, "z": 0.9222175114477691}, "98": {"x": 5.999999999999999, "y": 1.9999999999999982, "z": 1.5324219000312678}, "99": {"x": 5.999999999999998, "y": 2.9999999999999973, "z": 1.8301935707004864}, "100": {"x": 5.999999999999998, "y": 3.999999999999996, "z": 1.8693524283311476}, "101": {"x": 5.999999999999998, "y": 4.999999999999994, "z": 1.9190700741071338}, "102": {"x": 5.999999999999998, "y": 5.999999999999993, "z": 1.8009969435849276}, "103": {"x": 5.9999999999999964, "y": 6.999999999999991, "z": 1.3677227633585354}, "104": {"x": 5.999999999999998, "y": 7.999999999999991, "z": 1.4656585640154618}, "105": {"x": 5.999999999999996, "y": 8.999999999999991, "z": 1.5308667363010722}, "106": {"x": 5.999999999999995, "y": 9.999999999999988, "z": 1.6232212065190008}, "107": {"x": 5.999999999999996, "y": 10.999999999999988, "z": 1.3046355334837616}, "108": {"x": 5.999999999999998, "y": 11.999999999999993, "z": 1.3169125405678326}, "109": {"x": 5.999999999999998, "y": 12.999999999999996, "z": 0.9696411393429962}, "110": {"x": 5.999999999999999, "y": 14.0, "z": 0.6984280200851952}, "111": {"x": 6.0, "y": 15.0, "z": 0.0}, "112": {"x": 7.0, "y": 0.0, "z": 0.0}, "113": {"x": 6.999999999999998,