{"attributes": {"name": "Mesh"}, "dva": {"x": 0.0, "y": 0.0, "z": 0.0}, "dea": {}, "dfa": {}, "vertex": {"0": {"x": 0.0, "y": 0.0, "z": 0.0}, "1": {"x": 0.0, "y": 1.0, "z": 0.0}, "2": {"x": 0.0, "y": 2.0, "z": 0.0}, "3": {"x": 0.0, "y": 3.0, "z": 0.0}, "4": {"x": 0.0, "y": 4.0, "z": 0.0}, "5": {"x": 0.0, "y": 5.0, "z": 0.0}, "6": {"x": 0.0, "y": 6.0, "z": 0.0}, "7": {"x": 0.0, "y": 7.0, "z": 0.0}, "8": {"x": 0.0, "y": 8.0, "z": 0.0}, "9": {"x": 0.0, "y": 9.0, "z": 0.0}, "10": {"x": 0.0, "y": 10.0, "z": 0.0}, "11": {"x": 0.0, "y": 11.0, "z": 0.0}, "12": {"x": 0.0, "y": 12.0, "z": 0.0}, "13": {"x": 0.0, "y": 13.0, "z": 0.0}, "14": {"x": 0.0, "y": 14.0, "z": 0.0}, "15": {"x": 0.0, "y": 15.0, "z": 0.0}, "16": {"x": 1.0, "y": 0.0, "z": 0.0}, "17": {"x": 0.9999999999999998, "y": 0.9999999999999998, "z": 0.11658274403205218}, "18": {"x": 0.9999999999999996, "y": 1.9999999999999996, "z": 0.1459492584321888}, "19": {"x": 1.0, "y": 2.999999999999999, "z": 0.6132329648085845}, "20": {"x": 1.0000000000000002, "y": 3.9999999999999996, "z": 0.22069515749988214}, "21": {"x": 1.0000000000000004, "y": 5.000000000000001, "z": 0.44324208708428686}, "22": {"x": 1.0000000000000007, "y": 6.000000000000002, "z": 0.3716402312634466}, "23": {"x": 1.0000000000000004, "y": 7.000000000000001, "z": 0.6013624477385218}, "24": {"x": 1.0000000000000002, "y": 7.999999999999998, "z": 0.32980577060222405}, "25": {"x": 1.0000000000000007, "y": 9.0, "z": 0.15639977126306284}, "26": {"x": 1.0000000000000007, "y": 10.000000000000004, "z": 0.13370766918824448}, "27": {"x": 1.0000000000000007, "y": 11.000000000000002, "z": 0.23528115507309952}, "28": {"x": 1.0000000000000002, "y": 12.000000000000002, "z": 0.15188412661582198}, "29": {"x": 1.0000000000000002, "y": 13.0, "z": 0.11063080554699926}, "30": {"x": 0.9999999999999999, "y": 14.0, "z": 0.11623415424419296}, "31": {"x": 1.0, "y": 15.0, "z": 0.0}, "32": {"x": 2.0, "y": 0.0, "z": 0.0}, "33": {"x": 1.9999999999999998, "y": 0.9999999999999997, "z": 0.11448766866396937}, "34": {"x": 1.9999999999999996, "y": 1.9999999999999991, "z": 0.20755325375439704}, "35": {"x": 1.9999999999999998, "y": 2.9999999999999987, "z": 0.27944229032069823}, "36": {"x": 2.0000000000000004, "y": 4.0, "z": 0.3331448666538509}, "37": {"x": 2.000000000000001, "y": 5.000000000000001, "z": 0.36689190020452955}, "38": {"x": 2.0000000000000013, "y": 6.000000000000003, "z": 0.3800232612759489}, "39": {"x": 2.0000000000000004, "y": 7.0, "z": 0.37067045575508306}, "40": {"x": 2.0000000000000004, "y": 8.0, "z": 0.341503983175455}, "41": {"x": 2.0000000000000004, "y": 8.999999999999998, "z": 0.291134619451707}, "42": {"x": 2.000000000000001, "y": 9.999999999999998, "z": 0.2529118665228271}, "43": {"x": 2.000000000000001, "y": 10.999999999999998, "z": 0.24088974634795896}, "44": {"x": 2.000000000000001, "y": 12.0, "z": 0.20890776766462418}, "45": {"x": 2.000000000000001, "y": 13.000000000000002, "z": 0.15852570186220996}, "46": {"x": 2.0, "y": 13.999999999999998, "z": 0.08993938726580399}, "47": {"x": 2.0, "y": 15.0, "z": 0.0}, "48": {"x": 3.0, "y": 0.0, "z": 0.0}, "49": {"x": 3.0, "y": 1.0000000000000002, "z": 0.15984543255345596}, "50": {"x": 3.0000000000000013, "y": 2.000000000000001, "z": 0.2918839902899145}, "51": {"x": 3.0000000000000013, "y": 3.000000000000002, "z": 0.388869649034536}, "52": {"x": 3.0000000000000018, "y": 4.000000000000003, "z": 0.4663093299504983}, "53": {"x": 3.000000000000003, "y": 5.000000000000004, "z": 0.5051950451464376}, "54": {"x": 3.0000000000000036, "y": 6.000000000000005, "z": 0.5193091602455695}, "55": {"x": 3.000000000000004, "y": 7.000000000000005, "z": 0.5007136639624904}, "56": {"x": 3.0000000000000027, "y": 8.000000000000004, "z": 0.4597608311906685}, "57": {"x": 3.000000000000001, "y": 9.0, "z": 0.3912436493002848}, "58": {"x": 3.000000000000001, "y": 9.999999999999996, "z": 0.3365589749638641}, "59": {"x": 3.000000000000001, "y": 10.999999999999996, "z": 0.32114525145093087}, "60": {"x": 3.000000000000001, "y": 11.999999999999996, "z": 0.2824744511512166}, "61": {"x": 3.0000000000000004, "y": 12.999999999999996, "z": 0.21656286811164588}, "62": {"x": 3.0000000000000004, "y": 13.999999999999998, "z": 0.12156866498155587}, "63": {"x": 3.0, "y": 15.0, "z": 0.0}, "64": {"x": 4.0, "y": 0.0, "z": 0.0}, "65": {"x": 4.000000000000001, "y": 1.0000000000000007, "z": 0.27816374076198785}, "66": {"x": 4.000000000000002, "y": 2.0000000000000013, "z": 0.4387461811373537}, "67": {"x": 4.0000000000000036, "y": 3.0000000000000027, "z": 0.7830729932092438}, "68": {"x": 4.0000000000000036, "y": 4.000000000000004, "z": 0.6871121864987236}, "69": {"x": 4.000000000000002, "y": 5.000000000000003, "z": 0.9119594270761601}, "70": {"x": 4.0, "y": 6.0, "z": 0.9110933538870977}, "71": {"x": 4.000000000000001, "y": 7.0, "z": 0.985402443736633}, "72": {"x": 4.000000000000001, "y": 8.000000000000002, "z": 0.7441899070098994}, "73": {"x": 4.0, "y": 9.0, "z": 0.4566419104823292}, "74": {"x": 4.000000000000001, "y": 9.999999999999995, "z": 0.3774370274794619}, "75": {"x": 4.000000000000002, "y": 10.999999999999995, "z": 0.48591594936763016}, "76": {"x": 4.000000000000001, "y": 11.999999999999996, "z": 0.4059270493637279}, "77": {"x": 4.000000000000001, "y": 12.999999999999998, "z": 0.3138002381565762}, "78": {"x": 4.0, "y": 13.999999999999996, "z": 0.23237894698581826}, "79": {"x": 4.0, "y": 15.0, "z": 0.0}, "80": {"x": 5.0, "y": 0.0, "z": 0.0}, "81": {"x": 5.000000000000002, "y": 1.0000000000000009, "z": 0.2974934696974933}, "82": {"x": 5.000000000000003, "y": 2.0000000000000018, "z": 0.5002419785288574}, "83": {"x": 5.000000000000004, "y": 3.000000000000003, "z": 0.7120477646293374}, "84": {"x": 5.0000000000000036, "y": 4.0000000000000036, "z": 0.7892842957384361}, "85": {"x": 4.999999999999999, "y": 4.999999999999998, "z": 0.934198784547339}, "86": {"x": 4.999999999999999, "y": 5.999999999999997, "z": 0.9648172717664426}, "87": {"x": 4.999999999999999, "y": 6.999999999999997, "z": 0.9255619566181138}, "88": {"x": 5.0, "y": 7.999999999999997, "z": 0.75806460864441}, "89": {"x": 4.999999999999999, "y": 8.999999999999998, "z": 0.4949716882024015}, "90": {"x": 5.000000000000001, "y": 9.999999999999995, "z": 0.4003793302879859}, "91": {"x": 5.0, "y": 10.999999999999995, "z": 0.4782538915636981}, "92": {"x": 5.000000000000001, "y": 11.999999999999996, "z": 0.4395183678986385}, "93": {"x": 5.000000000000001, "y": 12.999999999999996, "z": 0.3492150112276739}, "94": {"x": 5.0, "y": 13.999999999999995, "z": 0.23072579442588273}, "95": {"x": 5.0, "y": 15.0, "z": 0.0}, "96": {"x": 6.0, "y": 0.0, "z": 0.0}, "97": {"x": 6.000000000000003, "y": 1.0000000000000007, "z": 0.28007236771185184}, "98": {"x": 6.000000000000003, "y": 2.000000000000001, "z": 0.49393272325252785}, "99": {"x": 6.000000000000002, "y": 3.000000000000001, "z": 0.6657409692103919}, "100": {"x": 6.000000000000003, "y": 4.000000000000002, "z": 0.7797834655152935}, "101": {"x": 6.0, "y": 5.0, "z": 0.8612514833008527}, "102": {"x": 5.999999999999999, "y": 5.999999999999997, "z": 0.8775200097215643}, "103": {"x": 5.999999999999998, "y": 6.999999999999997, "z": 0.8148084644200121}, "104": {"x": 5.999999999999998, "y": 7.999999999999997, "z": 0.6880776194677458}, "105": {"x": 6.0, "y": 8.999999999999998, "z": 0.48923812346102463}, "106": {"x": 6.000000000000003, "y": 9.999999999999998, "z": 0.3928937472732799}, "107": {"x": 6.000000000000002, "y": 10.999999999999998, "z": 0.4371453369746434}, "108": {"x": 6.0, "y": 11.999999999999998, "z": 0.4167196862077365}, "109": {"x": 6.000000000000001, "y": 13.0, "z": 0.3368354782976322}, "110": {"x": 6.0, "y": 13.999999999999998, "z": 0.20425292926683922}, "111": {"x": 6.0, "y": 15.0, "z": 0.0}, "112": {"x": 7.0, "y": 0.0, "z": 0.0}, "113": {"x": 7.0000000000000036, "y": 1.0000000000000007, "z": 0.28700888084762777}, "114": {"x": 7.000000000000003, "y": 2.000000000000001, "z": 0.47219095829306273}, "115": {"x": 7.0000000000000036, "y": 3.0000000000000018,