{"attributes": {"name": "Mesh"}, "dva": {"x": 0.0, "y": 0.0, "z": 0.0}, "dea": {}, "dfa": {}, "vertex": {"0": {"x": 0.0, "y": 0.0, "z": 0.0}, "1": {"x": 0.0, "y": 1.0, "z": 0.0}, "2": {"x": 0.0, "y": 2.0, "z": 0.0}, "3": {"x": 0.0, "y": 3.0, "z": 0.0}, "4": {"x": 0.0, "y": 4.0, "z": 0.0}, "5": {"x": 0.0, "y": 5.0, "z": 0.0}, "6": {"x": 0.0, "y": 6.0, "z": 0.0}, "7": {"x": 0.0, "y": 7.0, "z": 0.0}, "8": {"x": 0.0, "y": 8.0, "z": 0.0}, "9": {"x": 0.0, "y": 9.0, "z": 0.0}, "10": {"x": 0.0, "y": 10.0, "z": 0.0}, "11": {"x": 0.0, "y": 11.0, "z": 0.0}, "12": {"x": 0.0, "y": 12.0, "z": 0.0}, "13": {"x": 0.0, "y": 13.0, "z": 0.0}, "14": {"x": 0.0, "y": 14.0, "z": 0.0}, "15": {"x": 0.0, "y": 15.0, "z": 0.0}, "16": {"x": 1.0, "y": 0.0, "z": 0.0}, "17": {"x": 0.9999999999999997, "y": 0.9999999999999999, "z": 0.27216887365356146}, "18": {"x": 0.9999999999999997, "y": 2.0, "z": 0.4381139643740855}, "19": {"x": 0.9999999999999998, "y": 3.0000000000000004, "z": 0.5328119273978645}, "20": {"x": 1.0, "y": 4.000000000000002, "z": 0.644752105064493}, "21": {"x": 1.0000000000000004, "y": 5.000000000000003, "z": 0.6710515138278363}, "22": {"x": 1.0000000000000004, "y": 6.000000000000001, "z": 0.6563040316418431}, "23": {"x": 1.0000000000000007, "y": 7.000000000000002, "z": 0.5555437817408208}, "24": {"x": 1.0000000000000007, "y": 8.000000000000004, "z": 0.4851345451707147}, "25": {"x": 1.0000000000000007, "y": 9.000000000000004, "z": 0.23977773312920334}, "26": {"x": 1.0000000000000004, "y": 10.000000000000004, "z": 0.3654574442193041}, "27": {"x": 1.0, "y": 10.999999999999998, "z": 0.3875361316514588}, "28": {"x": 0.9999999999999997, "y": 11.999999999999998, "z": 0.25067055958804996}, "29": {"x": 0.9999999999999992, "y": 12.999999999999995, "z": 0.08181565619292686}, "30": {"x": 0.9999999999999997, "y": 13.999999999999996, "z": 0.10208122973154221}, "31": {"x": 1.0, "y": 15.0, "z": 0.0}, "32": {"x": 2.0, "y": 0.0, "z": 0.0}, "33": {"x": 1.9999999999999987, "y": 0.9999999999999998, "z": 0.3968960341066051}, "34": {"x": 1.9999999999999984, "y": 2.0, "z": 0.667577068884141}, "35": {"x": 1.9999999999999996, "y": 3.000000000000001, "z": 0.8419271108213788}, "36": {"x": 2.0, "y": 4.000000000000002, "z": 0.9959650297248509}, "37": {"x": 2.000000000000001, "y": 5.0000000000000036, "z": 1.0432444286019644}, "38": {"x": 2.000000000000001, "y": 6.000000000000003, "z": 1.0201104795524343}, "39": {"x": 2.0000000000000018, "y": 7.0000000000000036, "z": 0.8902603596745349}, "40": {"x": 2.0000000000000013, "y": 8.000000000000005, "z": 0.7528684802744349}, "41": {"x": 2.000000000000001, "y": 9.000000000000005, "z": 0.4372910684599698}, "42": {"x": 2.000000000000001, "y": 10.000000000000004, "z": 0.5571645548021189}, "43": {"x": 2.0, "y": 10.999999999999998, "z": 0.5543487464385277}, "44": {"x": 1.9999999999999991, "y": 11.999999999999995, "z": 0.3845613282275385}, "45": {"x": 1.9999999999999984, "y": 12.999999999999991, "z": 0.14922927080390522}, "46": {"x": 1.9999999999999993, "y": 13.999999999999995, "z": 0.14454924565780564}, "47": {"x": 2.0, "y": 15.0, "z": 0.0}, "48": {"x": 3.0, "y": 0.0, "z": 0.0}, "49": {"x": 2.9999999999999982, "y": 0.9999999999999997, "z": 0.40916611005218717}, "50": {"x": 2.9999999999999973, "y": 1.9999999999999996, "z": 0.7322860775313845}, "51": {"x": 2.999999999999998, "y": 3.0000000000000004, "z": 0.9677886831530509}, "52": {"x": 2.999999999999999, "y": 4.000000000000002, "z": 1.1127684771256778}, "53": {"x": 3.000000000000001, "y": 5.000000000000004, "z": 1.1753116582769982}, "54": {"x": 3.0000000000000013, "y": 6.000000000000007, "z": 1.1493888724491257}, "55": {"x": 3.0000000000000018, "y": 7.000000000000007, "z": 1.0420425066542591}, "56": {"x": 3.000000000000002, "y": 8.000000000000009, "z": 0.8485332025125997}, "57": {"x": 3.0000000000000013, "y": 9.000000000000007, "z": 0.5876916121732133}, "58": {"x": 3.0000000000000013, "y": 10.000000000000004, "z": 0.613297873844033}, "59": {"x": 3.000000000000001, "y": 11.0, "z": 0.5566292968240522}, "60": {"x": 2.9999999999999987, "y": 11.999999999999993, "z": 0.42639726962020336}, "61": {"x": 2.999999999999998, "y": 12.999999999999988, "z": 0.2006651208659618}, "62": {"x": 2.999999999999999, "y": 13.999999999999996, "z": 0.1427361628651452}, "63": {"x": 3.0, "y": 15.0, "z": 0.0}, "64": {"x": 4.0, "y": 0.0, "z": 0.0}, "65": {"x": 3.9999999999999987, "y": 0.9999999999999998, "z": 0.5290893333510096}, "66": {"x": 3.999999999999999, "y": 2.0, "z": 0.912700732365143}, "67": {"x": 3.9999999999999996, "y": 3.0000000000000004, "z": 1.1740170717111826}, "68": {"x": 3.9999999999999987, "y": 4.0, "z": 1.3722188163278837}, "69": {"x": 4.0, "y": 5.000000000000003, "z": 1.444584313592063}, "70": {"x": 4.0, "y": 6.000000000000003, "z": 1.4130072877418334}, "71": {"x": 4.000000000000003, "y": 7.000000000000006, "z": 1.2556827826019725}, "72": {"x": 4.000000000000002, "y": 8.000000000000005, "z": 1.0381549921908757}, "73": {"x": 4.000000000000002, "y": 9.000000000000007, "z": 0.660613507504279}, "74": {"x": 4.000000000000001, "y": 10.000000000000002, "z": 0.7703742956939683}, "75": {"x": 4.000000000000001, "y": 10.999999999999998, "z": 0.7336272426455313}, "76": {"x": 3.9999999999999987, "y": 11.999999999999993, "z": 0.5339615434812597}, "77": {"x": 3.9999999999999973, "y": 12.999999999999988, "z": 0.22622943302135967}, "78": {"x": 3.999999999999999, "y": 13.999999999999995, "z": 0.19157487587065986}, "79": {"x": 4.0, "y": 15.0, "z": 0.0}, "80": {"x": 5.0, "y": 0.0, "z": 0.0}, "81": {"x": 4.999999999999998, "y": 0.9999999999999996, "z": 0.6248198337823604}, "82": {"x": 5.0, "y": 2.0, "z": 1.0196590556602676}, "83": {"x": 5.0, "y": 3.0000000000000004, "z": 1.257651725171783}, "84": {"x": 5.000000000000001, "y": 4.000000000000001, "z": 1.5261790631953327}, "85": {"x": 5.0, "y": 5.000000000000001, "z": 1.5853364298040264}, "86": {"x": 5.0, "y": 6.0000000000000036, "z": 1.5708337992859542}, "87": {"x": 5.000000000000002, "y": 7.000000000000004, "z": 1.3519508573314245}, "88": {"x": 5.000000000000003, "y": 8.000000000000005, "z": 1.2813429178859879}, "89": {"x": 5.000000000000002, "y": 9.000000000000005, "z": 0.6746601054936053}, "90": {"x": 4.999999999999999, "y": 10.0, "z": 0.9023030938841153}, "91": {"x": 4.999999999999998, "y": 10.999999999999995, "z": 0.9621003471182695}, "92": {"x": 4.999999999999998, "y": 11.99999999999999, "z": 0.5978659397296328}, "93": {"x": 4.9999999999999964, "y": 12.999999999999988, "z": 0.2319861975536598}, "94": {"x": 4.999999999999998, "y": 13.999999999999996, "z": 0.24047476084946534}, "95": {"x": 5.0, "y": 15.0, "z": 0.0}, "96": {"x": 6.0, "y": 0.0, "z": 0.0}, "97": {"x": 6.000000000000001, "y": 1.0000000000000002, "z": 0.5022073068326053}, "98": {"x": 6.0, "y": 2.0000000000000004, "z": 0.8717073218052549}, "99": {"x": 6.0000000000000036, "y": 3.000000000000001, "z": 1.1267628908850906}, "100": {"x": 6.000000000000002, "y": 4.000000000000001, "z": 1.3143019538613336}, "101": {"x": 6.000000000000001, "y": 5.000000000000001, "z": 1.3872275919931891}, "102": {"x": 6.000000000000002, "y": 6.000000000000002, "z": 1.3588312266459075}, "103": {"x": 6.000000000000002, "y": 7.000000000000002, "z": 1.2153784551535158}, "104": {"x": 6.000000000000002, "y": 8.000000000000002, "z": 1.0021636687022148}, "105": {"x": 6.000000000000002, "y": 9.000000000000004, "z": 0.6564272955807905}, "106": {"x": 5.999999999999999, "y": 9.999999999999996, "z": 0.7491913597826564}, "107": {"x": 5.999999999999997, "y": 10.999999999999991, "z": 0.7053034395032564}, "108": {"x": 5.999999999999997, "y": 11.999999999999988, "z": 0.5217658450560414}, "109": {"x": 5.9999999999999964, "y": 12.999999999999988, "z": 0.22645803013865973}, "110": {"x": 5.999999999999998, "y": 13.999999999999993, "z": 0.1849488101979218}, "111": {"x": 6.0, "y": 15.0, "z": 0.0}, "112": {"x": 7.0, "y": 0.0, "z": 0.0}, "113": {"x": 7.000000000000001, "y": 1.0000000000000007, "z": 0.39461808768190065}, "114": {"x": 7.000000000000002, "y": 2.0000000000000013,