{"attributes": {"name": "Mesh"}, "dva": {"x": 0.0, "y": 0.0, "z": 0.0}, "dea": {}, "dfa": {}, "vertex": {"0": {"x": 0.0, "y": 0.0, "z": 0.0}, "1": {"x": 0.0, "y": 1.0, "z": 0.0}, "2": {"x": 0.0, "y": 2.0, "z": 0.0}, "3": {"x": 0.0, "y": 3.0, "z": 0.0}, "4": {"x": 0.0, "y": 4.0, "z": 0.0}, "5": {"x": 0.0, "y": 5.0, "z": 0.0}, "6": {"x": 0.0, "y": 6.0, "z": 0.0}, "7": {"x": 0.0, "y": 7.0, "z": 0.0}, "8": {"x": 0.0, "y": 8.0, "z": 0.0}, "9": {"x": 0.0, "y": 9.0, "z": 0.0}, "10": {"x": 0.0, "y": 10.0, "z": 0.0}, "11": {"x": 0.0, "y": 11.0, "z": 0.0}, "12": {"x": 0.0, "y": 12.0, "z": 0.0}, "13": {"x": 0.0, "y": 13.0, "z": 0.0}, "14": {"x": 0.0, "y": 14.0, "z": 0.0}, "15": {"x": 0.0, "y": 15.0, "z": 0.0}, "16": {"x": 1.0, "y": 0.0, "z": 0.0}, "17": {"x": 1.0000000000000002, "y": 1.0000000000000002, "z": 0.17870588021232986}, "18": {"x": 1.0000000000000004, "y": 2.0000000000000004, "z": 0.30004739061138336}, "19": {"x": 1.0000000000000002, "y": 3.0000000000000004, "z": 0.41626970778241573}, "20": {"x": 0.9999999999999996, "y": 3.999999999999999, "z": 0.5682281951617637}, "21": {"x": 0.9999999999999991, "y": 4.999999999999997, "z": 0.5893793636122354}, "22": {"x": 0.9999999999999987, "y": 5.999999999999997, "z": 0.47941749535290007}, "23": {"x": 0.999999999999999, "y": 6.999999999999998, "z": 0.7117916905634964}, "24": {"x": 0.9999999999999991, "y": 7.999999999999998, "z": 0.8428170511191598}, "25": {"x": 0.9999999999999994, "y": 9.000000000000002, "z": 0.8825411043311027}, "26": {"x": 0.9999999999999996, "y": 10.000000000000002, "z": 0.7995428996549331}, "27": {"x": 0.9999999999999997, "y": 11.000000000000002, "z": 0.5941677556764706}, "28": {"x": 0.9999999999999997, "y": 12.0, "z": 0.6438506871558847}, "29": {"x": 0.9999999999999997, "y": 12.999999999999998, "z": 0.5681302179243489}, "30": {"x": 1.0, "y": 14.000000000000002, "z": 0.3506920115212953}, "31": {"x": 1.0, "y": 15.0, "z": 0.0}, "32": {"x": 2.0, "y": 0.0, "z": 0.0}, "33": {"x": 2.000000000000001, "y": 1.0000000000000002, "z": 0.3247454690112973}, "34": {"x": 2.000000000000001, "y": 2.0000000000000004, "z": 0.5328830860740773}, "35": {"x": 2.000000000000001, "y": 3.0000000000000004, "z": 0.7366265708078977}, "36": {"x": 1.9999999999999998, "y": 3.9999999999999987, "z": 1.1892299777656812}, "37": {"x": 1.9999999999999987, "y": 4.9999999999999964, "z": 1.2876687976990162}, "38": {"x": 1.9999999999999967, "y": 5.999999999999992, "z": 0.8297456228196587}, "39": {"x": 1.9999999999999976, "y": 6.999999999999994, "z": 1.350751330417302}, "40": {"x": 1.9999999999999978, "y": 7.9999999999999964, "z": 1.591628687223346}, "41": {"x": 1.999999999999998, "y": 8.999999999999998, "z": 1.7761565442861416}, "42": {"x": 1.9999999999999984, "y": 10.0, "z": 1.6076277986377896}, "43": {"x": 1.9999999999999996, "y": 11.0, "z": 1.0291442743002501}, "44": {"x": 2.0, "y": 12.000000000000004, "z": 1.310753411555328}, "45": {"x": 2.0, "y": 13.000000000000005, "z": 1.24904132362538}, "46": {"x": 2.0000000000000004, "y": 14.000000000000004, "z": 0.9663010689772373}, "47": {"x": 2.0, "y": 15.0, "z": 0.0}, "48": {"x": 3.0, "y": 0.0, "z": 0.0}, "49": {"x": 3.000000000000001, "y": 1.0, "z": 0.4169049854655875}, "50": {"x": 3.000000000000001, "y": 2.0000000000000004, "z": 0.6958902481241452}, "51": {"x": 3.0000000000000013, "y": 3.0000000000000004, "z": 0.9621710329073087}, "52": {"x": 2.9999999999999996, "y": 3.999999999999999, "z": 1.4091885339712686}, "53": {"x": 2.999999999999998, "y": 4.999999999999996, "z": 1.4871678906715022}, "54": {"x": 2.9999999999999964, "y": 5.999999999999992, "z": 1.1091439615003715}, "55": {"x": 2.999999999999996, "y": 6.999999999999991, "z": 1.6853307012224623}, "56": {"x": 2.9999999999999964, "y": 7.999999999999996, "z": 1.9836377279794015}, "57": {"x": 2.999999999999997, "y": 8.999999999999996, "z": 2.133939698063439}, "58": {"x": 2.9999999999999973, "y": 9.999999999999998, "z": 1.9367785874209462}, "59": {"x": 2.999999999999999, "y": 11.0, "z": 1.3632180111654808}, "60": {"x": 2.9999999999999996, "y": 12.000000000000004, "z": 1.5684803881768736}, "61": {"x": 3.0, "y": 13.000000000000005, "z": 1.4290568876983891}, "62": {"x": 3.0, "y": 14.000000000000002, "z": 0.9659259027537983}, "63": {"x": 3.0, "y": 15.0, "z": 0.0}, "64": {"x": 4.0, "y": 0.0, "z": 0.0}, "65": {"x": 4.000000000000001, "y": 1.0, "z": 0.4630861751144936}, "66": {"x": 4.000000000000001, "y": 2.0000000000000004, "z": 0.7903936134034314}, "67": {"x": 4.000000000000002, "y": 3.0000000000000004, "z": 1.0885390992269794}, "68": {"x": 4.0, "y": 3.9999999999999987, "z": 1.4237781039648463}, "69": {"x": 3.999999999999998, "y": 4.9999999999999964, "z": 1.493341864989068}, "70": {"x": 3.999999999999997, "y": 5.999999999999994, "z": 1.2943939456097837}, "71": {"x": 3.999999999999995, "y": 6.999999999999991, "z": 1.8070320550541394}, "72": {"x": 3.9999999999999947, "y": 7.999999999999992, "z": 2.100412285406577}, "73": {"x": 3.9999999999999964, "y": 8.999999999999995, "z": 2.181939097496064}, "74": {"x": 3.999999999999998, "y": 9.999999999999998, "z": 2.004372930003505}, "75": {"x": 3.999999999999998, "y": 10.999999999999998, "z": 1.5711228743191543}, "76": {"x": 3.9999999999999996, "y": 11.999999999999998, "z": 1.5903980449940975}, "77": {"x": 3.9999999999999996, "y": 13.000000000000002, "z": 1.3470401406873644}, "78": {"x": 3.999999999999999, "y": 13.999999999999998, "z": 0.8128586589097293}, "79": {"x": 4.0, "y": 15.0, "z": 0.0}, "80": {"x": 5.0, "y": 0.0, "z": 0.0}, "81": {"x": 5.0, "y": 0.9999999999999998, "z": 0.4788283113119785}, "82": {"x": 5.0, "y": 2.0, "z": 0.8223957381034342}, "83": {"x": 5.000000000000002, "y": 3.000000000000001, "z": 1.1305293362185984}, "84": {"x": 5.000000000000003, "y": 4.000000000000001, "z": 1.4358891165758694}, "85": {"x": 5.000000000000001, "y": 4.999999999999999, "z": 1.5087409079908347}, "86": {"x": 4.999999999999997, "y": 5.999999999999996, "z": 1.3558144745938403}, "87": {"x": 4.999999999999996, "y": 6.999999999999992, "z": 1.8497187629279046}, "88": {"x": 4.999999999999994, "y": 7.999999999999991, "z": 2.138882202257016}, "89": {"x": 4.999999999999995, "y": 8.999999999999993, "z": 2.204692873313286}, "90": {"x": 4.999999999999996, "y": 9.999999999999993, "z": 2.0353580110031433}, "91": {"x": 4.9999999999999964, "y": 10.999999999999996, "z": 1.640721604198605}, "92": {"x": 4.999999999999999, "y": 12.000000000000002, "z": 1.6022317225988445}, "93": {"x": 5.0, "y": 13.000000000000002, "z": 1.3254156706869273}, "94": {"x": 5.0, "y": 14.000000000000002, "z": 0.7798965197199409}, "95": {"x": 5.0, "y": 15.0, "z": 0.0}, "96": {"x": 6.0, "y": 0.0, "z": 0.0}, "97": {"x": 6.0, "y": 0.9999999999999999, "z": 0.4703021672206172}, "98": {"x": 6.000000000000001, "y": 2.0, "z": 0.7954120543152488}, "99": {"x": 6.000000000000002, "y": 2.9999999999999996, "z": 1.0993701050554405}, "100": {"x": 6.0, "y": 3.9999999999999996, "z": 1.4788574293471406}, "101": {"x": 5.999999999999999, "y": 4.999999999999999, "z": 1.5454759665310212}, "102": {"x": 5.999999999999997, "y": 5.9999999999999964, "z": 1.285226961458411}, "103": {"x": 5.999999999999994, "y": 6.999999999999991, "z": 1.8574427243671299}, "104": {"x": 5.999999999999993, "y": 7.99999999999999, "z": 2.1792901980513752}, "105": {"x": 5.999999999999994, "y": 8.999999999999995, "z": 2.2791398937072707}, "106": {"x": 5.999999999999994, "y": 9.999999999999993, "z": 2.0786603810914777}, "107": {"x": 5.999999999999995, "y": 10.999999999999996, "z": 1.5768506231333637}, "108": {"x": 5.999999999999997, "y": 12.0, "z": 1.6623772444733944}, "109": {"x": 5.999999999999997, "y": 12.999999999999998, "z": 1.44323383118503}, "110": {"x": 5.999999999999998, "y": 13.999999999999995, "z": 0.892796138898936}, "111": {"x": 6.0, "y": 15.0, "z": 0.0}, "112": {"x": 7.0, "y": 0.0, "z": 0.0}, "113": {"x": 7.0, "y": 0.9999999999999998, "z": 0.4267730364860284}, "114": {"x": 6.999999999999999, "y": 1.9999999999999998, "z": 0.7027059501104538}, "115": {"x": 7.000000000000001,