{"attributes": {"name": "Mesh"}, "dva": {"x": 0.0, "y": 0.0, "z": 0.0}, "dea": {}, "dfa": {}, "vertex": {"0": {"x": 0.0, "y": 0.0, "z": 0.0}, "1": {"x": 0.0, "y": 1.0, "z": 0.0}, "2": {"x": 0.0, "y": 2.0, "z": 0.0}, "3": {"x": 0.0, "y": 3.0, "z": 0.0}, "4": {"x": 0.0, "y": 4.0, "z": 0.0}, "5": {"x": 0.0, "y": 5.0, "z": 0.0}, "6": {"x": 0.0, "y": 6.0, "z": 0.0}, "7": {"x": 0.0, "y": 7.0, "z": 0.0}, "8": {"x": 0.0, "y": 8.0, "z": 0.0}, "9": {"x": 0.0, "y": 9.0, "z": 0.0}, "10": {"x": 0.0, "y": 10.0, "z": 0.0}, "11": {"x": 0.0, "y": 11.0, "z": 0.0}, "12": {"x": 0.0, "y": 12.0, "z": 0.0}, "13": {"x": 0.0, "y": 13.0, "z": 0.0}, "14": {"x": 0.0, "y": 14.0, "z": 0.0}, "15": {"x": 0.0, "y": 15.0, "z": 0.0}, "16": {"x": 1.0, "y": 0.0, "z": 0.0}, "17": {"x": 0.9999999999999999, "y": 0.9999999999999997, "z": 0.3313853419193739}, "18": {"x": 0.9999999999999992, "y": 1.9999999999999993, "z": 0.5510325542666744}, "19": {"x": 0.999999999999999, "y": 2.9999999999999987, "z": 0.5867809496264837}, "20": {"x": 0.9999999999999986, "y": 3.9999999999999982, "z": 0.641090124395418}, "21": {"x": 0.9999999999999986, "y": 4.999999999999998, "z": 0.6073998233582809}, "22": {"x": 0.999999999999999, "y": 5.999999999999999, "z": 0.8883824679179229}, "23": {"x": 0.9999999999999991, "y": 6.999999999999998, "z": 0.9984128364144969}, "24": {"x": 0.999999999999999, "y": 7.999999999999998, "z": 0.9717562831996044}, "25": {"x": 0.9999999999999993, "y": 9.000000000000002, "z": 0.9628287972049717}, "26": {"x": 0.9999999999999992, "y": 9.999999999999998, "z": 0.7842220233993414}, "27": {"x": 0.9999999999999997, "y": 11.0, "z": 0.7701822650456204}, "28": {"x": 0.9999999999999998, "y": 12.000000000000002, "z": 0.7660474809904406}, "29": {"x": 0.9999999999999998, "y": 13.0, "z": 0.6317950269760612}, "30": {"x": 0.9999999999999999, "y": 13.999999999999996, "z": 0.3192127556005189}, "31": {"x": 1.0, "y": 15.0, "z": 0.0}, "32": {"x": 2.0, "y": 0.0, "z": 0.0}, "33": {"x": 2.0000000000000004, "y": 0.9999999999999997, "z": 0.5301897726585695}, "34": {"x": 1.9999999999999996, "y": 1.999999999999999, "z": 0.8721246771249623}, "35": {"x": 1.9999999999999982, "y": 2.9999999999999982, "z": 1.0035974275131934}, "36": {"x": 1.9999999999999976, "y": 3.9999999999999973, "z": 1.1032165869026351}, "37": {"x": 1.9999999999999976, "y": 4.999999999999997, "z": 1.083315115822113}, "38": {"x": 1.999999999999998, "y": 5.999999999999998, "z": 1.4691452588809168}, "39": {"x": 1.999999999999998, "y": 6.999999999999998, "z": 1.6546844707859703}, "40": {"x": 1.9999999999999987, "y": 7.999999999999998, "z": 1.6555710190682318}, "41": {"x": 1.9999999999999987, "y": 8.999999999999998, "z": 1.6103999879425928}, "42": {"x": 1.9999999999999982, "y": 9.999999999999996, "z": 1.375049427961617}, "43": {"x": 1.9999999999999991, "y": 11.000000000000002, "z": 1.3260932717643823}, "44": {"x": 1.9999999999999996, "y": 12.000000000000004, "z": 1.255781305191813}, "45": {"x": 2.0000000000000004, "y": 13.000000000000005, "z": 1.0002356247857664}, "46": {"x": 2.0000000000000004, "y": 14.000000000000004, "z": 0.53494147696236}, "47": {"x": 2.0, "y": 15.0, "z": 0.0}, "48": {"x": 3.0, "y": 0.0, "z": 0.0}, "49": {"x": 2.999999999999999, "y": 0.9999999999999992, "z": 0.7070588653809274}, "50": {"x": 2.9999999999999982, "y": 1.9999999999999984, "z": 1.2278874681579688}, "51": {"x": 2.9999999999999973, "y": 2.999999999999998, "z": 1.2879097887127022}, "52": {"x": 2.9999999999999964, "y": 3.999999999999998, "z": 1.4416876637923934}, "53": {"x": 2.9999999999999964, "y": 4.9999999999999964, "z": 1.397165558276192}, "54": {"x": 2.9999999999999982, "y": 5.999999999999999, "z": 2.0184657690099566}, "55": {"x": 2.9999999999999973, "y": 6.999999999999999, "z": 2.222228758633988}, "56": {"x": 2.9999999999999987, "y": 8.0, "z": 2.1325939415004633}, "57": {"x": 2.9999999999999982, "y": 9.0, "z": 2.1608047829065677}, "58": {"x": 2.9999999999999973, "y": 9.999999999999998, "z": 1.7538020860299224}, "59": {"x": 2.9999999999999982, "y": 11.0, "z": 1.698231883730274}, "60": {"x": 2.9999999999999996, "y": 12.000000000000002, "z": 1.6808580326853204}, "61": {"x": 3.000000000000001, "y": 13.000000000000004, "z": 1.398707927474976}, "62": {"x": 3.0000000000000004, "y": 14.000000000000004, "z": 0.6802201428097902}, "63": {"x": 3.0, "y": 15.0, "z": 0.0}, "64": {"x": 4.0, "y": 0.0, "z": 0.0}, "65": {"x": 3.9999999999999973, "y": 0.9999999999999987, "z": 0.6917533964781731}, "66": {"x": 3.9999999999999956, "y": 1.9999999999999973, "z": 1.1719294903022581}, "67": {"x": 3.999999999999996, "y": 2.9999999999999973, "z": 1.3932992743377113}, "68": {"x": 3.9999999999999964, "y": 3.9999999999999982, "z": 1.5719957690951412}, "69": {"x": 3.999999999999996, "y": 4.999999999999997, "z": 1.6022413898799341}, "70": {"x": 3.9999999999999973, "y": 5.999999999999997, "z": 2.0695273880251253}, "71": {"x": 3.9999999999999973, "y": 7.0, "z": 2.29208123326986}, "72": {"x": 3.9999999999999973, "y": 7.999999999999997, "z": 2.295811933850176}, "73": {"x": 3.9999999999999964, "y": 8.999999999999995, "z": 2.248303321102708}, "74": {"x": 3.999999999999997, "y": 9.999999999999998, "z": 1.9628715505576169}, "75": {"x": 3.9999999999999982, "y": 11.000000000000004, "z": 1.8534895671049774}, "76": {"x": 4.0, "y": 12.000000000000002, "z": 1.7040443476775513}, "77": {"x": 3.9999999999999987, "y": 12.999999999999998, "z": 1.336522255740533}, "78": {"x": 4.0, "y": 14.000000000000002, "z": 0.7127093192936903}, "79": {"x": 4.0, "y": 15.0, "z": 0.0}, "80": {"x": 5.0, "y": 0.0, "z": 0.0}, "81": {"x": 4.9999999999999964, "y": 0.9999999999999986, "z": 0.6213585635628405}, "82": {"x": 4.999999999999995, "y": 1.999999999999997, "z": 1.076669728056378}, "83": {"x": 4.999999999999994, "y": 2.9999999999999964, "z": 1.3669279497341067}, "84": {"x": 4.999999999999996, "y": 3.999999999999997, "z": 1.5709529936267441}, "85": {"x": 4.999999999999996, "y": 4.9999999999999964, "z": 1.6637035390291735}, "86": {"x": 4.999999999999995, "y": 5.9999999999999964, "z": 2.010916438209243}, "87": {"x": 4.999999999999995, "y": 6.999999999999996, "z": 2.2024553012315624}, "88": {"x": 4.999999999999996, "y": 7.999999999999995, "z": 2.243602572861006}, "89": {"x": 4.999999999999996, "y": 8.999999999999996, "z": 2.192084314953626}, "90": {"x": 4.999999999999997, "y": 10.0, "z": 1.9874758260190135}, "91": {"x": 4.999999999999998, "y": 11.000000000000002, "z": 1.8344369191782337}, "92": {"x": 4.999999999999999, "y": 12.000000000000004, "z": 1.605756177277094}, "93": {"x": 4.999999999999998, "y": 13.0, "z": 1.2224574732218818}, "94": {"x": 4.999999999999999, "y": 14.0, "z": 0.6740903822496629}, "95": {"x": 5.0, "y": 15.0, "z": 0.0}, "96": {"x": 6.0, "y": 0.0, "z": 0.0}, "97": {"x": 5.999999999999998, "y": 0.9999999999999989, "z": 0.5499729024917266}, "98": {"x": 5.999999999999996, "y": 1.9999999999999984, "z": 0.9685001750036349}, "99": {"x": 5.999999999999995, "y": 2.999999999999998, "z": 1.2648545179478445}, "100": {"x": 5.999999999999995, "y": 3.9999999999999973, "z": 1.4714352525113081}, "101": {"x": 5.9999999999999964, "y": 4.999999999999997, "z": 1.5876541712986392}, "102": {"x": 5.999999999999996, "y": 5.999999999999997, "z": 1.8643644443220264}, "103": {"x": 5.999999999999996, "y": 6.999999999999997, "z": 2.026028967733052}, "104": {"x": 5.999999999999995, "y": 7.999999999999996, "z": 2.072991392464088}, "105": {"x": 5.999999999999996, "y": 8.999999999999998, "z": 2.027253823689073}, "106": {"x": 5.999999999999997, "y": 10.0, "z": 1.8665892689734107}, "107": {"x": 5.999999999999997, "y": 10.999999999999998, "z": 1.7033537092744973}, "108": {"x": 5.999999999999995, "y": 11.999999999999993, "z": 1.4592731888262582}, "109": {"x": 5.999999999999996, "y": 12.999999999999995, "z": 1.0956064527059572}, "110": {"x": 5.999999999999997, "y": 13.999999999999995, "z": 0.6092676849565328}, "111": {"x": 6.0, "y": 15.0, "z": 0.0}, "112": {"x": 7.0, "y": 0.0, "z": 0.0}, "113": {"x": 6.999999999999997, "y": 0.9999999999999994,