{"attributes": {"name": "Mesh"}, "dva": {"x": 0.0, "y": 0.0, "z": 0.0}, "dea": {}, "dfa": {}, "vertex": {"0": {"x": 0.0, "y": 0.0, "z": 0.0}, "1": {"x": 0.0, "y": 1.0, "z": 0.0}, "2": {"x": 0.0, "y": 2.0, "z": 0.0}, "3": {"x": 0.0, "y": 3.0, "z": 0.0}, "4": {"x": 0.0, "y": 4.0, "z": 0.0}, "5": {"x": 0.0, "y": 5.0, "z": 0.0}, "6": {"x": 0.0, "y": 6.0, "z": 0.0}, "7": {"x": 0.0, "y": 7.0, "z": 0.0}, "8": {"x": 0.0, "y": 8.0, "z": 0.0}, "9": {"x": 0.0, "y": 9.0, "z": 0.0}, "10": {"x": 0.0, "y": 10.0, "z": 0.0}, "11": {"x": 0.0, "y": 11.0, "z": 0.0}, "12": {"x": 0.0, "y": 12.0, "z": 0.0}, "13": {"x": 0.0, "y": 13.0, "z": 0.0}, "14": {"x": 0.0, "y": 14.0, "z": 0.0}, "15": {"x": 0.0, "y": 15.0, "z": 0.0}, "16": {"x": 1.0, "y": 0.0, "z": 0.0}, "17": {"x": 1.0000000000000002, "y": 1.0, "z": 0.4219556548882144}, "18": {"x": 1.0000000000000002, "y": 2.0, "z": 0.5964505590125442}, "19": {"x": 1.0000000000000004, "y": 3.000000000000001, "z": 0.26249885696554653}, "20": {"x": 1.0000000000000004, "y": 4.000000000000001, "z": 0.5165569805461201}, "21": {"x": 1.0, "y": 5.000000000000001, "z": 0.6545359032286675}, "22": {"x": 1.0, "y": 5.999999999999997, "z": 0.37176886771189405}, "23": {"x": 1.0000000000000002, "y": 6.999999999999997, "z": 0.6033798506434194}, "24": {"x": 1.0000000000000002, "y": 7.999999999999999, "z": 0.5450532750435253}, "25": {"x": 1.0000000000000004, "y": 9.000000000000002, "z": 0.5267962030047726}, "26": {"x": 1.0, "y": 10.0, "z": 0.13039427598564945}, "27": {"x": 1.0000000000000004, "y": 11.000000000000002, "z": 0.4196014863071574}, "28": {"x": 1.0000000000000007, "y": 12.000000000000002, "z": 0.20955399874551434}, "29": {"x": 1.0000000000000007, "y": 13.000000000000004, "z": 0.07356868078596776}, "30": {"x": 1.0000000000000004, "y": 14.000000000000002, "z": 0.1742416341778854}, "31": {"x": 1.0, "y": 15.0, "z": 0.0}, "32": {"x": 2.0, "y": 0.0, "z": 0.0}, "33": {"x": 2.0000000000000004, "y": 1.0000000000000002, "z": 0.4590544269014262}, "34": {"x": 2.0000000000000004, "y": 2.000000000000001, "z": 0.6222376939487468}, "35": {"x": 2.0000000000000004, "y": 3.0000000000000013, "z": 0.45786595418034476}, "36": {"x": 2.000000000000001, "y": 4.000000000000001, "z": 0.7433103280956667}, "37": {"x": 2.000000000000001, "y": 4.999999999999999, "z": 0.8409288757677669}, "38": {"x": 2.000000000000001, "y": 5.999999999999998, "z": 0.6456353930514265}, "39": {"x": 2.0000000000000004, "y": 6.999999999999998, "z": 0.8473889030723569}, "40": {"x": 2.0000000000000004, "y": 7.999999999999997, "z": 0.8114190323520416}, "41": {"x": 2.0000000000000004, "y": 8.999999999999998, "z": 0.6705343805781557}, "42": {"x": 2.0, "y": 9.999999999999998, "z": 0.2414299696815917}, "43": {"x": 2.000000000000001, "y": 11.000000000000002, "z": 0.4495687816085765}, "44": {"x": 2.0000000000000013, "y": 12.0, "z": 0.32591918537899783}, "45": {"x": 2.0000000000000013, "y": 13.000000000000005, "z": 0.13346674828966404}, "46": {"x": 2.000000000000001, "y": 14.000000000000002, "z": 0.20679689112828947}, "47": {"x": 2.0, "y": 15.0, "z": 0.0}, "48": {"x": 3.0, "y": 0.0, "z": 0.0}, "49": {"x": 3.0, "y": 1.0, "z": 0.4362137213478738}, "50": {"x": 2.999999999999999, "y": 2.0, "z": 0.6249115228145072}, "51": {"x": 3.0000000000000004, "y": 3.0000000000000004, "z": 0.5583058456961058}, "52": {"x": 3.0000000000000013, "y": 4.000000000000001, "z": 0.8245561685551007}, "53": {"x": 3.0000000000000004, "y": 4.999999999999999, "z": 0.9195317071204858}, "54": {"x": 3.0000000000000004, "y": 5.999999999999999, "z": 0.7836172065638695}, "55": {"x": 3.0000000000000004, "y": 6.999999999999999, "z": 0.9384220313539551}, "56": {"x": 3.0, "y": 7.999999999999998, "z": 0.8950499478367476}, "57": {"x": 3.0000000000000004, "y": 8.999999999999998, "z": 0.7240454097302285}, "58": {"x": 3.000000000000001, "y": 9.999999999999998, "z": 0.320643481208456}, "59": {"x": 3.0000000000000013, "y": 11.000000000000004, "z": 0.47541627643860895}, "60": {"x": 3.000000000000002, "y": 12.000000000000004, "z": 0.3740184384709128}, "61": {"x": 3.000000000000002, "y": 13.000000000000005, "z": 0.17396025180109173}, "62": {"x": 3.0000000000000013, "y": 14.000000000000002, "z": 0.20660981000705142}, "63": {"x": 3.0, "y": 15.0, "z": 0.0}, "64": {"x": 4.0, "y": 0.0, "z": 0.0}, "65": {"x": 3.999999999999999, "y": 1.0, "z": 0.37507152222346857}, "66": {"x": 4.0, "y": 2.0000000000000004, "z": 0.5707694112721093}, "67": {"x": 4.0, "y": 2.9999999999999996, "z": 0.5679089695385238}, "68": {"x": 4.0, "y": 3.999999999999999, "z": 0.7865621560482136}, "69": {"x": 3.9999999999999996, "y": 4.999999999999999, "z": 0.8788791133243196}, "70": {"x": 4.0, "y": 5.999999999999999, "z": 0.791974370770878}, "71": {"x": 4.000000000000001, "y": 6.999999999999999, "z": 0.8924756429168056}, "72": {"x": 4.000000000000001, "y": 7.999999999999998, "z": 0.8396466512440985}, "73": {"x": 4.000000000000001, "y": 8.999999999999998, "z": 0.6918832482537685}, "74": {"x": 4.000000000000002, "y": 9.999999999999998, "z": 0.3660520177181648}, "75": {"x": 4.000000000000002, "y": 11.000000000000002, "z": 0.4662769930392495}, "76": {"x": 4.000000000000003, "y": 12.000000000000004, "z": 0.3679221051226529}, "77": {"x": 4.0000000000000036, "y": 13.000000000000007, "z": 0.19423616780067945}, "78": {"x": 4.000000000000002, "y": 14.000000000000007, "z": 0.18534019161377066}, "79": {"x": 4.0, "y": 15.0, "z": 0.0}, "80": {"x": 5.0, "y": 0.0, "z": 0.0}, "81": {"x": 4.999999999999998, "y": 0.9999999999999999, "z": 0.21109270938531807}, "82": {"x": 4.999999999999998, "y": 1.9999999999999998, "z": 0.3746439510897356}, "83": {"x": 4.999999999999999, "y": 2.9999999999999996, "z": 0.49683284784176057}, "84": {"x": 5.0, "y": 3.9999999999999987, "z": 0.6047391540583685}, "85": {"x": 4.999999999999998, "y": 4.999999999999997, "z": 0.6662244299574563}, "86": {"x": 4.999999999999998, "y": 5.999999999999997, "z": 0.6860166781625585}, "87": {"x": 5.000000000000001, "y": 7.0, "z": 0.6811885543110443}, "88": {"x": 5.000000000000001, "y": 8.0, "z": 0.6314979815659315}, "89": {"x": 5.000000000000002, "y": 9.0, "z": 0.5272579027464624}, "90": {"x": 5.000000000000002, "y": 9.999999999999998, "z": 0.37957800858464846}, "91": {"x": 5.000000000000002, "y": 11.0, "z": 0.36256827370172595}, "92": {"x": 5.000000000000001, "y": 12.0, "z": 0.3049646726194851}, "93": {"x": 5.0000000000000036, "y": 13.000000000000007, "z": 0.19570987246307103}, "94": {"x": 5.000000000000002, "y": 14.000000000000004, "z": 0.12181395156323413}, "95": {"x": 5.0, "y": 15.0, "z": 0.0}, "96": {"x": 6.0, "y": 0.0, "z": 0.0}, "97": {"x": 6.000000000000001, "y": 1.0, "z": 0.19837769781880144}, "98": {"x": 6.000000000000001, "y": 1.9999999999999998, "z": 0.33422957586015406}, "99": {"x": 5.999999999999999, "y": 3.0, "z": 0.40093369359777553}, "100": {"x": 6.000000000000001, "y": 4.000000000000001, "z": 0.5073720915928717}, "101": {"x": 6.0, "y": 4.999999999999999, "z": 0.5653135223573622}, "102": {"x": 6.0, "y": 6.0, "z": 0.5592682907033028}, "103": {"x": 6.000000000000001, "y": 6.999999999999999, "z": 0.5825873964397689}, "104": {"x": 6.000000000000002, "y": 8.0, "z": 0.5494390889564619}, "105": {"x": 6.000000000000001, "y": 8.999999999999998, "z": 0.47788256673469465}, "106": {"x": 6.000000000000001, "y": 9.999999999999998, "z": 0.34361663004643206}, "107": {"x": 6.000000000000001, "y": 11.0, "z": 0.34422345425895046}, "108": {"x": 6.000000000000003, "y": 12.000000000000002, "z": 0.27594981000902147}, "109": {"x": 6.0000000000000036, "y": 13.000000000000007, "z": 0.17608031407631178}, "110": {"x": 6.000000000000001, "y": 14.000000000000005, "z": 0.11855167621253866}, "111": {"x": 6.0, "y": 15.0, "z": 0.0}, "112": {"x": 7.0, "y": 0.0, "z": 0.0}, "113": {"x": 6.999999999999997, "y": 0.9999999999999997, "z": 0.09001009136109257}, "114": {"x": 6.9999999999999964, "y": 1.9999999999999996, "z": 0.1705676726125358}, "115": {"x": 6.999999999999998, "y": 3.0000000000000004, "z": 0.2435592897223017}, "116": {"x": 7.0, "y": 4.000000000000002,