{"attributes": {"name": "Mesh"}, "dva": {"x": 0.0, "y": 0.0, "z": 0.0}, "dea": {}, "dfa": {}, "vertex": {"0": {"x": 0.0, "y": 0.0, "z": 0.0}, "1": {"x": 0.0, "y": 1.0, "z": 0.0}, "2": {"x": 0.0, "y": 2.0, "z": 0.0}, "3": {"x": 0.0, "y": 3.0, "z": 0.0}, "4": {"x": 0.0, "y": 4.0, "z": 0.0}, "5": {"x": 0.0, "y": 5.0, "z": 0.0}, "6": {"x": 0.0, "y": 6.0, "z": 0.0}, "7": {"x": 0.0, "y": 7.0, "z": 0.0}, "8": {"x": 0.0, "y": 8.0, "z": 0.0}, "9": {"x": 0.0, "y": 9.0, "z": 0.0}, "10": {"x": 0.0, "y": 10.0, "z": 0.0}, "11": {"x": 0.0, "y": 11.0, "z": 0.0}, "12": {"x": 0.0, "y": 12.0, "z": 0.0}, "13": {"x": 0.0, "y": 13.0, "z": 0.0}, "14": {"x": 0.0, "y": 14.0, "z": 0.0}, "15": {"x": 0.0, "y": 15.0, "z": 0.0}, "16": {"x": 1.0, "y": 0.0, "z": 0.0}, "17": {"x": 1.0, "y": 1.0, "z": 0.19756914879872667}, "18": {"x": 0.9999999999999998, "y": 1.9999999999999998, "z": 0.4480952961214177}, "19": {"x": 1.0, "y": 3.0000000000000004, "z": 0.5292334060856768}, "20": {"x": 1.0000000000000002, "y": 4.000000000000001, "z": 0.621567176838426}, "21": {"x": 1.0000000000000002, "y": 5.0, "z": 1.0032556915178195}, "22": {"x": 0.9999999999999999, "y": 5.999999999999999, "z": 1.2136457256137763}, "23": {"x": 1.0, "y": 7.0, "z": 1.2498034186099212}, "24": {"x": 1.0000000000000002, "y": 8.0, "z": 1.1162357336835018}, "25": {"x": 1.0000000000000004, "y": 9.000000000000004, "z": 0.8915468463932887}, "26": {"x": 1.0000000000000002, "y": 10.000000000000004, "z": 0.7639603370955594}, "27": {"x": 0.9999999999999996, "y": 10.999999999999998, "z": 0.5742931399258286}, "28": {"x": 0.9999999999999992, "y": 11.999999999999998, "z": 0.31389769102861237}, "29": {"x": 0.9999999999999989, "y": 12.999999999999998, "z": 0.06484196848404926}, "30": {"x": 1.0, "y": 14.000000000000004, "z": 0.05780256917500599}, "31": {"x": 1.0, "y": 15.0, "z": 0.0}, "32": {"x": 2.0, "y": 0.0, "z": 0.0}, "33": {"x": 2.0, "y": 1.0, "z": 0.34190859268988827}, "34": {"x": 1.9999999999999998, "y": 2.0000000000000004, "z": 1.1720436138146046}, "35": {"x": 1.9999999999999996, "y": 3.0000000000000004, "z": 0.9275857111873548}, "36": {"x": 2.0, "y": 4.000000000000003, "z": 1.0163452758637155}, "37": {"x": 1.9999999999999996, "y": 5.000000000000001, "z": 2.153512499140296}, "38": {"x": 2.0000000000000004, "y": 6.000000000000002, "z": 3.0710392654573204}, "39": {"x": 2.000000000000001, "y": 7.000000000000003, "z": 3.057722351081901}, "40": {"x": 2.000000000000001, "y": 8.000000000000002, "z": 2.0988480642592062}, "41": {"x": 2.000000000000001, "y": 9.000000000000005, "z": 1.4823195695516533}, "42": {"x": 2.0000000000000004, "y": 10.000000000000005, "z": 1.3626836078468254}, "43": {"x": 1.9999999999999993, "y": 10.999999999999998, "z": 1.038350456197954}, "44": {"x": 1.9999999999999982, "y": 11.999999999999993, "z": 0.5430271036052519}, "45": {"x": 1.9999999999999978, "y": 12.999999999999995, "z": 0.1145485686178036}, "46": {"x": 1.9999999999999998, "y": 14.000000000000002, "z": 0.10462341938734501}, "47": {"x": 2.0, "y": 15.0, "z": 0.0}, "48": {"x": 3.0, "y": 0.0, "z": 0.0}, "49": {"x": 3.0000000000000004, "y": 1.0000000000000002, "z": 0.4334492029066105}, "50": {"x": 3.0, "y": 2.0, "z": 1.6372515219264245}, "51": {"x": 2.9999999999999996, "y": 2.9999999999999996, "z": 1.1744333980493107}, "52": {"x": 2.9999999999999996, "y": 4.000000000000003, "z": 1.2788044308926962}, "53": {"x": 3.0, "y": 5.000000000000001, "z": 2.746922868575884}, "54": {"x": 2.9999999999999996, "y": 6.000000000000002, "z": 4.123453500019089}, "55": {"x": 3.0000000000000004, "y": 7.0, "z": 4.090089361781761}, "56": {"x": 3.0000000000000013, "y": 8.000000000000005, "z": 2.6026949304210603}, "57": {"x": 3.0000000000000013, "y": 9.000000000000007, "z": 1.8290621771985431}, "58": {"x": 3.000000000000001, "y": 10.000000000000005, "z": 1.7105988467338047}, "59": {"x": 2.999999999999999, "y": 10.999999999999996, "z": 1.3086839170718287}, "60": {"x": 2.9999999999999973, "y": 11.999999999999995, "z": 0.689793095538445}, "61": {"x": 2.999999999999997, "y": 12.999999999999993, "z": 0.15695564075534826}, "62": {"x": 2.9999999999999996, "y": 14.000000000000002, "z": 0.1354618816877299}, "63": {"x": 3.0, "y": 15.0, "z": 0.0}, "64": {"x": 4.0, "y": 0.0, "z": 0.0}, "65": {"x": 4.0, "y": 1.0000000000000004, "z": 0.4751779322134794}, "66": {"x": 4.000000000000001, "y": 2.0000000000000004, "z": 1.602436318153376}, "67": {"x": 4.000000000000001, "y": 3.0000000000000004, "z": 1.2742876383936685}, "68": {"x": 3.999999999999999, "y": 4.000000000000002, "z": 1.4293076394909416}, "69": {"x": 4.0, "y": 5.000000000000002, "z": 2.696563522904803}, "70": {"x": 4.0, "y": 6.000000000000002, "z": 3.9190958375947216}, "71": {"x": 4.000000000000001, "y": 7.000000000000003, "z": 3.909819998938329}, "72": {"x": 4.000000000000001, "y": 8.000000000000004, "z": 2.623623461610792}, "73": {"x": 4.000000000000001, "y": 9.000000000000007, "z": 1.9543490455504697}, "74": {"x": 4.0, "y": 10.000000000000004, "z": 1.793712411457513}, "75": {"x": 3.9999999999999982, "y": 10.999999999999995, "z": 1.3748764800460984}, "76": {"x": 3.999999999999997, "y": 11.999999999999993, "z": 0.7555967335476104}, "77": {"x": 3.999999999999997, "y": 12.999999999999993, "z": 0.19274185797126356}, "78": {"x": 3.999999999999999, "y": 13.999999999999998, "z": 0.1498313211232983}, "79": {"x": 4.0, "y": 15.0, "z": 0.0}, "80": {"x": 5.0, "y": 0.0, "z": 0.0}, "81": {"x": 5.0, "y": 1.0000000000000002, "z": 0.46880887716682534}, "82": {"x": 5.000000000000001, "y": 2.000000000000001, "z": 0.9619913138967956}, "83": {"x": 5.000000000000001, "y": 3.0000000000000013, "z": 1.230967544759679}, "84": {"x": 4.999999999999999, "y": 4.000000000000002, "z": 1.4748413328396524}, "85": {"x": 5.000000000000001, "y": 5.000000000000002, "z": 1.9907184027480398}, "86": {"x": 5.0, "y": 6.000000000000001, "z": 2.2798796618500017}, "87": {"x": 5.000000000000001, "y": 7.000000000000002, "z": 2.3398046680993705}, "88": {"x": 5.000000000000001, "y": 8.000000000000004, "z": 2.1754678802385414}, "89": {"x": 5.0, "y": 9.000000000000004, "z": 1.8679489506601266}, "90": {"x": 5.0, "y": 10.0, "z": 1.6092184906980869}, "91": {"x": 4.999999999999997, "y": 10.999999999999995, "z": 1.2355504720554018}, "92": {"x": 4.9999999999999964, "y": 11.999999999999991, "z": 0.741309443980634}, "93": {"x": 4.9999999999999964, "y": 12.999999999999993, "z": 0.22188930225927248}, "94": {"x": 4.999999999999998, "y": 13.999999999999996, "z": 0.1476862709950516}, "95": {"x": 5.0, "y": 15.0, "z": 0.0}, "96": {"x": 6.0, "y": 0.0, "z": 0.0}, "97": {"x": 6.0, "y": 1.0, "z": 0.4181406392263021}, "98": {"x": 6.000000000000001, "y": 2.0000000000000004, "z": 0.7818626232435784}, "99": {"x": 6.000000000000002, "y": 3.0000000000000013, "z": 1.0846916519375027}, "100": {"x": 5.999999999999999, "y": 4.0, "z": 1.3254106046349936}, "101": {"x": 5.999999999999999, "y": 4.999999999999999, "z": 1.525069859150309}, "102": {"x": 5.999999999999998, "y": 5.999999999999999, "z": 1.64177686508011}, "103": {"x": 5.999999999999999, "y": 7.0, "z": 1.6913113763569148}, "104": {"x": 5.999999999999998, "y": 7.999999999999999, "z": 1.6736333846969622}, "105": {"x": 5.999999999999998, "y": 8.999999999999996, "z": 1.5517300437345378}, "106": {"x": 5.999999999999997, "y": 9.999999999999991, "z": 1.3327617112968446}, "107": {"x": 5.9999999999999964, "y": 10.999999999999988, "z": 1.034766254418594}, "108": {"x": 5.999999999999997, "y": 11.999999999999988, "z": 0.660439776521859}, "109": {"x": 5.999999999999996, "y": 12.99999999999999, "z": 0.23064062064315452}, "110": {"x": 5.999999999999997, "y": 13.999999999999996, "z": 0.1359222864734283}, "111": {"x": 6.0, "y": 15.0, "z": 0.0}, "112": {"x": 7.0, "y": 0.0, "z": 0.0}, "113": {"x": 7.000000000000001, "y": 1.0, "z": 0.36589283792574345}, "114": {"x": 7.0, "y": 1.9999999999999998, "z": 0.6993850493557989}, "115": {"x": 7.0, "y": 2.999999999999999, "z": 0.9498933457137652}, "116": {"x": 7.000000000000001, "y": 3.999999999999999, "z": 1.1555115194274348},