{"attributes": {"name": "Mesh"}, "dva": {"x": 0.0, "y": 0.0, "z": 0.0}, "dea": {}, "dfa": {}, "vertex": {"0": {"x": 0.0, "y": 0.0, "z": 0.0}, "1": {"x": 0.0, "y": 1.0, "z": 0.0}, "2": {"x": 0.0, "y": 2.0, "z": 0.0}, "3": {"x": 0.0, "y": 3.0, "z": 0.0}, "4": {"x": 0.0, "y": 4.0, "z": 0.0}, "5": {"x": 0.0, "y": 5.0, "z": 0.0}, "6": {"x": 0.0, "y": 6.0, "z": 0.0}, "7": {"x": 0.0, "y": 7.0, "z": 0.0}, "8": {"x": 0.0, "y": 8.0, "z": 0.0}, "9": {"x": 0.0, "y": 9.0, "z": 0.0}, "10": {"x": 0.0, "y": 10.0, "z": 0.0}, "11": {"x": 0.0, "y": 11.0, "z": 0.0}, "12": {"x": 0.0, "y": 12.0, "z": 0.0}, "13": {"x": 0.0, "y": 13.0, "z": 0.0}, "14": {"x": 0.0, "y": 14.0, "z": 0.0}, "15": {"x": 0.0, "y": 15.0, "z": 0.0}, "16": {"x": 1.0, "y": 0.0, "z": 0.0}, "17": {"x": 1.0000000000000004, "y": 0.9999999999999996, "z": 0.14916439857274244}, "18": {"x": 1.0000000000000002, "y": 1.999999999999999, "z": 0.2662809900837409}, "19": {"x": 1.0, "y": 2.999999999999998, "z": 0.3519534525815374}, "20": {"x": 1.0000000000000004, "y": 3.9999999999999973, "z": 0.4178397985564439}, "21": {"x": 1.0000000000000004, "y": 4.999999999999997, "z": 0.44661933874720394}, "22": {"x": 1.0000000000000009, "y": 5.999999999999998, "z": 0.45478226432651453}, "23": {"x": 1.0000000000000007, "y": 6.999999999999997, "z": 0.5136060791419038}, "24": {"x": 1.0000000000000004, "y": 7.999999999999997, "z": 0.5495256465013779}, "25": {"x": 1.0, "y": 8.999999999999995, "z": 0.5541090054777069}, "26": {"x": 0.9999999999999999, "y": 9.999999999999995, "z": 0.5386882029093949}, "27": {"x": 0.9999999999999998, "y": 10.999999999999993, "z": 0.49070644323981044}, "28": {"x": 0.9999999999999994, "y": 11.999999999999991, "z": 0.4140090109379868}, "29": {"x": 0.9999999999999996, "y": 12.999999999999993, "z": 0.3041278155583059}, "30": {"x": 0.9999999999999998, "y": 13.999999999999996, "z": 0.17074197454134202}, "31": {"x": 1.0, "y": 15.0, "z": 0.0}, "32": {"x": 2.0, "y": 0.0, "z": 0.0}, "33": {"x": 2.0000000000000018, "y": 0.9999999999999999, "z": 0.34132587063688746}, "34": {"x": 2.0000000000000027, "y": 2.0, "z": 0.8568564927969171}, "35": {"x": 2.000000000000002, "y": 3.0, "z": 1.1436605325901408}, "36": {"x": 2.0000000000000018, "y": 3.999999999999999, "z": 1.0019481150836411}, "37": {"x": 2.000000000000002, "y": 5.0, "z": 1.0832859532713794}, "38": {"x": 2.0000000000000036, "y": 6.000000000000001, "z": 0.7831308825014698}, "39": {"x": 2.000000000000002, "y": 6.999999999999998, "z": 1.3369788862544754}, "40": {"x": 2.0000000000000018, "y": 7.9999999999999964, "z": 1.5496749029001782}, "41": {"x": 2.000000000000001, "y": 8.999999999999993, "z": 1.5822047067973741}, "42": {"x": 1.999999999999999, "y": 9.99999999999999, "z": 1.199646585730446}, "43": {"x": 2.000000000000001, "y": 10.999999999999995, "z": 1.1348873811958604}, "44": {"x": 2.0, "y": 11.999999999999993, "z": 1.059216579744788}, "45": {"x": 1.9999999999999991, "y": 12.999999999999993, "z": 0.9494431972455367}, "46": {"x": 1.9999999999999991, "y": 13.999999999999993, "z": 0.46941380094911195}, "47": {"x": 2.0, "y": 15.0, "z": 0.0}, "48": {"x": 3.0, "y": 0.0, "z": 0.0}, "49": {"x": 3.0000000000000027, "y": 0.9999999999999999, "z": 0.4659983395045685}, "50": {"x": 3.0000000000000044, "y": 2.0000000000000013, "z": 1.262530970872117}, "51": {"x": 3.0000000000000036, "y": 3.0000000000000013, "z": 1.839799689730416}, "52": {"x": 3.000000000000003, "y": 4.000000000000001, "z": 1.3752686315670442}, "53": {"x": 3.000000000000005, "y": 5.000000000000003, "z": 1.5940494968219618}, "54": {"x": 3.0000000000000067, "y": 6.000000000000004, "z": 1.0187332493216137}, "55": {"x": 3.000000000000005, "y": 7.000000000000001, "z": 1.9537667786927653}, "56": {"x": 3.0000000000000044, "y": 8.000000000000002, "z": 2.232690281263854}, "57": {"x": 3.0000000000000027, "y": 8.999999999999998, "z": 2.434161291235121}, "58": {"x": 3.0, "y": 9.999999999999991, "z": 1.631931960258462}, "59": {"x": 3.000000000000002, "y": 10.999999999999996, "z": 1.5623018953879309}, "60": {"x": 3.0000000000000013, "y": 11.999999999999998, "z": 1.480601313971808}, "61": {"x": 3.0, "y": 12.999999999999993, "z": 1.4463817176382263}, "62": {"x": 2.9999999999999987, "y": 13.99999999999999, "z": 0.6588712178068602}, "63": {"x": 3.0, "y": 15.0, "z": 0.0}, "64": {"x": 4.0, "y": 0.0, "z": 0.0}, "65": {"x": 4.000000000000004, "y": 1.0000000000000004, "z": 0.5301665310923835}, "66": {"x": 4.000000000000004, "y": 2.0000000000000018, "z": 1.3498999001404346}, "67": {"x": 4.0000000000000036, "y": 3.0000000000000018, "z": 1.9528717342473667}, "68": {"x": 4.0000000000000036, "y": 4.000000000000002, "z": 1.5363106999713292}, "69": {"x": 4.000000000000006, "y": 5.000000000000004, "z": 1.7453222266538317}, "70": {"x": 4.000000000000008, "y": 6.000000000000007, "z": 1.186628875422595}, "71": {"x": 4.000000000000008, "y": 7.000000000000006, "z": 2.1190724667755423}, "72": {"x": 4.000000000000007, "y": 8.000000000000004, "z": 2.413353323334124}, "73": {"x": 4.000000000000005, "y": 9.000000000000002, "z": 2.6268518909020537}, "74": {"x": 4.000000000000003, "y": 9.999999999999996, "z": 1.8576240748425332}, "75": {"x": 4.000000000000004, "y": 11.000000000000004, "z": 1.7695059401153777}, "76": {"x": 4.000000000000003, "y": 12.0, "z": 1.6509288993959417}, "77": {"x": 4.000000000000001, "y": 12.999999999999993, "z": 1.5566252848072175}, "78": {"x": 3.9999999999999996, "y": 13.999999999999995, "z": 0.7313708254359819}, "79": {"x": 4.0, "y": 15.0, "z": 0.0}, "80": {"x": 5.0, "y": 0.0, "z": 0.0}, "81": {"x": 5.000000000000006, "y": 1.000000000000001, "z": 0.5353201709969625}, "82": {"x": 5.0000000000000036, "y": 2.000000000000001, "z": 1.118248315582404}, "83": {"x": 5.000000000000003, "y": 3.0000000000000013, "z": 1.4383428488635897}, "84": {"x": 5.000000000000005, "y": 4.0000000000000036, "z": 1.4911521479238385}, "85": {"x": 5.000000000000009, "y": 5.000000000000007, "z": 1.5195093195393057}, "86": {"x": 5.000000000000011, "y": 6.000000000000008, "z": 1.2872752092398252}, "87": {"x": 5.000000000000011, "y": 7.000000000000009, "z": 1.8209310891656738}, "88": {"x": 5.000000000000008, "y": 8.000000000000005, "z": 2.092995947667322}, "89": {"x": 5.000000000000005, "y": 9.000000000000004, "z": 2.118328591157216}, "90": {"x": 5.000000000000004, "y": 10.000000000000004, "z": 1.8818718879600345}, "91": {"x": 5.000000000000004, "y": 11.000000000000005, "z": 1.759564246952648}, "92": {"x": 5.0000000000000036, "y": 12.000000000000002, "z": 1.574418892190249}, "93": {"x": 5.000000000000002, "y": 13.0, "z": 1.2652805262756617}, "94": {"x": 5.000000000000001, "y": 14.0, "z": 0.6896930756836165}, "95": {"x": 5.0, "y": 15.0, "z": 0.0}, "96": {"x": 6.0, "y": 0.0, "z": 0.0}, "97": {"x": 6.000000000000007, "y": 1.0000000000000016, "z": 0.4824673676989971}, "98": {"x": 6.000000000000005, "y": 2.0000000000000027, "z": 0.9186685964072522}, "99": {"x": 6.000000000000007, "y": 3.000000000000004, "z": 1.1972848732434636}, "100": {"x": 6.000000000000007, "y": 4.000000000000004, "z": 1.319799213519818}, "101": {"x": 6.000000000000007, "y": 5.000000000000005, "z": 1.360308890557361}, "102": {"x": 6.000000000000011, "y": 6.000000000000007, "z": 1.2558803935434208}, "103": {"x": 6.000000000000008, "y": 7.000000000000006, "z": 1.593067901222312}, "104": {"x": 6.000000000000007, "y": 8.000000000000007, "z": 1.7821161116930473}, "105": {"x": 6.000000000000006, "y": 9.000000000000005, "z": 1.8228214383035477}, "106": {"x": 6.000000000000004, "y": 10.000000000000007, "z": 1.7100043835398135}, "107": {"x": 6.000000000000005, "y": 11.000000000000007, "z": 1.5850015691764567}, "108": {"x": 6.000000000000005, "y": 12.000000000000007, "z": 1.379477653712503}, "109": {"x": 6.000000000000002, "y": 13.000000000000004, "z": 1.0620268560058963}, "110": {"x": 6.0, "y": 13.999999999999998, "z": 0.5915551343048756}, "111": {"x": 6.0, "y": 15.0, "z": 0.0}, "112": {"x": 7.0, "y": 0.0, "z": 0.0}, "113": {"x": 7.000000000000004, "y": 1.0000000000000013, "z": 0.39543015887695765},