{"attributes": {"name": "Mesh"}, "dva": {"x": 0.0, "y": 0.0, "z": 0.0}, "dea": {}, "dfa": {}, "vertex": {"0": {"x": 0.0, "y": 0.0, "z": 0.0}, "1": {"x": 0.0, "y": 1.0, "z": 0.0}, "2": {"x": 0.0, "y": 2.0, "z": 0.0}, "3": {"x": 0.0, "y": 3.0, "z": 0.0}, "4": {"x": 0.0, "y": 4.0, "z": 0.0}, "5": {"x": 0.0, "y": 5.0, "z": 0.0}, "6": {"x": 0.0, "y": 6.0, "z": 0.0}, "7": {"x": 0.0, "y": 7.0, "z": 0.0}, "8": {"x": 0.0, "y": 8.0, "z": 0.0}, "9": {"x": 0.0, "y": 9.0, "z": 0.0}, "10": {"x": 0.0, "y": 10.0, "z": 0.0}, "11": {"x": 0.0, "y": 11.0, "z": 0.0}, "12": {"x": 0.0, "y": 12.0, "z": 0.0}, "13": {"x": 0.0, "y": 13.0, "z": 0.0}, "14": {"x": 0.0, "y": 14.0, "z": 0.0}, "15": {"x": 0.0, "y": 15.0, "z": 0.0}, "16": {"x": 1.0, "y": 0.0, "z": 0.0}, "17": {"x": 1.0, "y": 1.0, "z": 0.3332703211530569}, "18": {"x": 0.9999999999999999, "y": 1.9999999999999998, "z": 0.2397396830373313}, "19": {"x": 1.0000000000000004, "y": 3.0, "z": 0.2829777788154535}, "20": {"x": 1.0000000000000007, "y": 4.000000000000002, "z": 0.3515879270152337}, "21": {"x": 1.0000000000000004, "y": 5.000000000000003, "z": 0.5590610504561723}, "22": {"x": 0.9999999999999998, "y": 6.000000000000001, "z": 0.2718818050043203}, "23": {"x": 0.9999999999999997, "y": 7.0, "z": 0.15096141679242348}, "24": {"x": 1.0, "y": 8.0, "z": 0.3117005477595789}, "25": {"x": 1.0, "y": 9.000000000000002, "z": 0.12294700740035461}, "26": {"x": 0.9999999999999997, "y": 10.000000000000002, "z": 0.3508145528698051}, "27": {"x": 1.0000000000000002, "y": 11.0, "z": 0.35765494550676075}, "28": {"x": 1.0000000000000004, "y": 12.000000000000004, "z": 0.17953765307983688}, "29": {"x": 1.0000000000000007, "y": 13.000000000000002, "z": 0.21649785167411273}, "30": {"x": 1.0000000000000004, "y": 13.999999999999998, "z": 0.09209097162604511}, "31": {"x": 1.0, "y": 15.0, "z": 0.0}, "32": {"x": 2.0, "y": 0.0, "z": 0.0}, "33": {"x": 2.0, "y": 1.0, "z": 0.4266749349082295}, "34": {"x": 1.9999999999999998, "y": 1.9999999999999998, "z": 0.40296170887842325}, "35": {"x": 2.000000000000001, "y": 3.000000000000001, "z": 0.48686541830652713}, "36": {"x": 2.000000000000001, "y": 4.000000000000002, "z": 0.5792482168138791}, "37": {"x": 2.000000000000001, "y": 5.000000000000002, "z": 0.7740935053645915}, "38": {"x": 1.9999999999999996, "y": 5.999999999999999, "z": 0.4583353511464229}, "39": {"x": 1.9999999999999993, "y": 6.999999999999999, "z": 0.27947724338731506}, "40": {"x": 1.9999999999999996, "y": 8.0, "z": 0.4421588124675653}, "41": {"x": 2.0000000000000004, "y": 9.000000000000002, "z": 0.227914135091243}, "42": {"x": 1.9999999999999993, "y": 9.999999999999998, "z": 0.5035670995910893}, "43": {"x": 2.0, "y": 11.0, "z": 0.5226262983724067}, "44": {"x": 2.0000000000000004, "y": 12.000000000000004, "z": 0.3198866769291019}, "45": {"x": 2.0000000000000013, "y": 13.000000000000005, "z": 0.33674816277216396}, "46": {"x": 2.000000000000001, "y": 14.0, "z": 0.1594391972312517}, "47": {"x": 2.0, "y": 15.0, "z": 0.0}, "48": {"x": 3.0, "y": 0.0, "z": 0.0}, "49": {"x": 3.0, "y": 1.0000000000000002, "z": 0.3038010429347712}, "50": {"x": 3.0000000000000004, "y": 2.0000000000000004, "z": 0.4924424392790795}, "51": {"x": 3.000000000000001, "y": 3.0000000000000013, "z": 0.6135935428552105}, "52": {"x": 3.0000000000000018, "y": 4.000000000000003, "z": 0.6885809440417511}, "53": {"x": 3.000000000000001, "y": 5.0, "z": 0.6769995124774391}, "54": {"x": 3.0, "y": 5.999999999999998, "z": 0.5623717985063997}, "55": {"x": 2.999999999999999, "y": 6.999999999999998, "z": 0.3841301979465611}, "56": {"x": 2.999999999999999, "y": 8.0, "z": 0.4070511227697837}, "57": {"x": 3.0000000000000004, "y": 9.000000000000002, "z": 0.31368517467353657}, "58": {"x": 2.999999999999999, "y": 9.999999999999998, "z": 0.4740650236687565}, "59": {"x": 3.0, "y": 11.0, "z": 0.5096505126612348}, "60": {"x": 3.000000000000001, "y": 12.000000000000005, "z": 0.42084602193600984}, "61": {"x": 3.0000000000000013, "y": 13.000000000000007, "z": 0.36699919476875}, "62": {"x": 3.000000000000001, "y": 14.000000000000002, "z": 0.20255604460720775}, "63": {"x": 3.0, "y": 15.0, "z": 0.0}, "64": {"x": 4.0, "y": 0.0, "z": 0.0}, "65": {"x": 4.0, "y": 1.0000000000000007, "z": 0.43553765701834996}, "66": {"x": 4.000000000000001, "y": 2.0000000000000018, "z": 0.5698522816300929}, "67": {"x": 4.000000000000001, "y": 3.000000000000001, "z": 0.7063380048267577}, "68": {"x": 4.000000000000001, "y": 4.000000000000001, "z": 0.8018958243988767}, "69": {"x": 4.000000000000001, "y": 5.0, "z": 0.895312704764586}, "70": {"x": 4.0, "y": 5.999999999999999, "z": 0.6502281869990669}, "71": {"x": 3.9999999999999987, "y": 6.999999999999997, "z": 0.4349141141689751}, "72": {"x": 4.000000000000001, "y": 8.0, "z": 0.52258818546577}, "73": {"x": 4.000000000000001, "y": 9.000000000000004, "z": 0.35469881934465325}, "74": {"x": 3.9999999999999996, "y": 10.0, "z": 0.5919799314598769}, "75": {"x": 3.9999999999999996, "y": 11.0, "z": 0.6280559953800475}, "76": {"x": 4.0, "y": 12.000000000000004, "z": 0.47974634582601167}, "77": {"x": 4.0, "y": 13.0, "z": 0.43879383005821015}, "78": {"x": 4.000000000000001, "y": 14.000000000000002, "z": 0.2328671039795764}, "79": {"x": 4.0, "y": 15.0, "z": 0.0}, "80": {"x": 5.0, "y": 0.0, "z": 0.0}, "81": {"x": 5.0, "y": 1.0000000000000004, "z": 0.3524421530451728}, "82": {"x": 5.0, "y": 2.000000000000001, "z": 0.5834599035483395}, "83": {"x": 5.000000000000001, "y": 3.0000000000000013, "z": 0.7299082026577508}, "84": {"x": 5.000000000000001, "y": 4.000000000000002, "z": 0.8131406650856867}, "85": {"x": 5.000000000000001, "y": 5.000000000000001, "z": 0.7957967581120844}, "86": {"x": 5.000000000000001, "y": 6.0, "z": 0.6651284386640612}, "87": {"x": 4.999999999999998, "y": 6.999999999999997, "z": 0.4591619621580874}, "88": {"x": 4.999999999999999, "y": 7.999999999999999, "z": 0.4762272421390138}, "89": {"x": 5.000000000000001, "y": 9.000000000000004, "z": 0.37456022527682925}, "90": {"x": 5.0, "y": 10.0, "z": 0.5477352417514034}, "91": {"x": 5.0, "y": 11.000000000000002, "z": 0.5904262395167175}, "92": {"x": 4.999999999999999, "y": 12.000000000000002, "z": 0.5018598978339681}, "93": {"x": 4.999999999999999, "y": 13.0, "z": 0.43073982702378116}, "94": {"x": 4.999999999999999, "y": 13.999999999999998, "z": 0.24100980583636092}, "95": {"x": 5.0, "y": 15.0, "z": 0.0}, "96": {"x": 6.0, "y": 0.0, "z": 0.0}, "97": {"x": 6.000000000000001, "y": 1.0000000000000002, "z": 0.39193859892836896}, "98": {"x": 6.0, "y": 2.0000000000000004, "z": 0.5859279795039902}, "99": {"x": 5.999999999999999, "y": 3.0000000000000004, "z": 0.724248260118792}, "100": {"x": 6.000000000000002, "y": 4.000000000000001, "z": 0.8223977726099325}, "101": {"x": 6.000000000000002, "y": 5.0, "z": 0.8361648402937195}, "102": {"x": 5.999999999999999, "y": 6.000000000000001, "z": 0.6618513933249545}, "103": {"x": 5.999999999999999, "y": 6.999999999999997, "z": 0.43331813952396875}, "104": {"x": 5.999999999999999, "y": 7.999999999999999, "z": 0.48991959184857375}, "105": {"x": 6.000000000000003, "y": 9.000000000000005, "z": 0.3537056165475016}, "106": {"x": 6.000000000000001, "y": 10.000000000000004, "z": 0.5841480875733853}, "107": {"x": 6.000000000000001, "y": 11.000000000000005, "z": 0.6273988995516854}, "108": {"x": 5.999999999999999, "y": 12.0, "z": 0.48930378640466593}, "109": {"x": 5.999999999999999, "y": 12.999999999999998, "z": 0.4425521117579902}, "110": {"x": 5.999999999999997, "y": 13.999999999999998, "z": 0.2373525761374443}, "111": {"x": 6.0, "y": 15.0, "z": 0.0}, "112": {"x": 7.0, "y": 0.0, "z": 0.0}, "113": {"x": 7.000000000000001, "y": 1.0000000000000002, "z": 0.507077946967702}, "114": {"x": 6.999999999999998, "y": 2.0000000000000004, "z": 0.5447858133821558}, "115": {"x": 6.999999999999999, "y": 3.0000000000000013, "z": 0.6596138848709264}, "116": {"x": 7.000000000000003, "y": 4.000000000000002, "z": 0.7777729572666261}, "117": {"x": 7.000000000000004, "y": 5.000000000000003, "z": 0.9538034490361621},