{"attributes": {"name": "Mesh"}, "dva": {"x": 0.0, "y": 0.0, "z": 0.0}, "dea": {}, "dfa": {}, "vertex": {"0": {"x": 0.0, "y": 0.0, "z": 0.0}, "1": {"x": 0.0, "y": 1.0, "z": 0.0}, "2": {"x": 0.0, "y": 2.0, "z": 0.0}, "3": {"x": 0.0, "y": 3.0, "z": 0.0}, "4": {"x": 0.0, "y": 4.0, "z": 0.0}, "5": {"x": 0.0, "y": 5.0, "z": 0.0}, "6": {"x": 0.0, "y": 6.0, "z": 0.0}, "7": {"x": 0.0, "y": 7.0, "z": 0.0}, "8": {"x": 0.0, "y": 8.0, "z": 0.0}, "9": {"x": 0.0, "y": 9.0, "z": 0.0}, "10": {"x": 0.0, "y": 10.0, "z": 0.0}, "11": {"x": 0.0, "y": 11.0, "z": 0.0}, "12": {"x": 0.0, "y": 12.0, "z": 0.0}, "13": {"x": 0.0, "y": 13.0, "z": 0.0}, "14": {"x": 0.0, "y": 14.0, "z": 0.0}, "15": {"x": 0.0, "y": 15.0, "z": 0.0}, "16": {"x": 1.0, "y": 0.0, "z": 0.0}, "17": {"x": 0.9999999999999994, "y": 0.9999999999999998, "z": 0.0746458312149974}, "18": {"x": 0.9999999999999998, "y": 1.9999999999999998, "z": 0.1425537612380219}, "19": {"x": 0.9999999999999993, "y": 2.9999999999999996, "z": 0.5282699594806975}, "20": {"x": 0.9999999999999992, "y": 3.9999999999999982, "z": 0.673795989502277}, "21": {"x": 0.9999999999999994, "y": 5.0, "z": 0.4200879858298959}, "22": {"x": 0.9999999999999998, "y": 6.000000000000003, "z": 0.17936065937527487}, "23": {"x": 0.9999999999999991, "y": 6.999999999999999, "z": 0.20578403229130815}, "24": {"x": 0.9999999999999992, "y": 7.999999999999999, "z": 0.3237430116733961}, "25": {"x": 0.9999999999999994, "y": 9.0, "z": 0.1411302448337417}, "26": {"x": 0.9999999999999994, "y": 10.000000000000002, "z": 0.3346557954225463}, "27": {"x": 0.9999999999999997, "y": 11.000000000000002, "z": 0.3180036965498212}, "28": {"x": 0.9999999999999999, "y": 12.000000000000004, "z": 0.3449113229791667}, "29": {"x": 0.9999999999999998, "y": 13.0, "z": 0.19456422257035572}, "30": {"x": 1.0, "y": 14.000000000000002, "z": 0.19207969869549}, "31": {"x": 1.0, "y": 15.0, "z": 0.0}, "32": {"x": 2.0, "y": 0.0, "z": 0.0}, "33": {"x": 1.9999999999999991, "y": 0.9999999999999996, "z": 0.1304846827106605}, "34": {"x": 1.9999999999999996, "y": 1.9999999999999996, "z": 0.2510618584139244}, "35": {"x": 1.9999999999999982, "y": 2.999999999999999, "z": 0.5679679771076663}, "36": {"x": 1.9999999999999982, "y": 3.9999999999999982, "z": 0.6770954808076932}, "37": {"x": 1.9999999999999987, "y": 4.999999999999999, "z": 0.5670189663842452}, "38": {"x": 1.9999999999999991, "y": 6.000000000000002, "z": 0.32992692908493865}, "39": {"x": 1.9999999999999982, "y": 6.999999999999998, "z": 0.35770005253094495}, "40": {"x": 1.999999999999999, "y": 7.999999999999999, "z": 0.4147244362352015}, "41": {"x": 1.9999999999999991, "y": 9.0, "z": 0.26323388609506093}, "42": {"x": 1.9999999999999993, "y": 10.000000000000002, "z": 0.46733928842521527}, "43": {"x": 1.9999999999999993, "y": 11.0, "z": 0.49865190294835576}, "44": {"x": 1.9999999999999998, "y": 11.999999999999998, "z": 0.49200119790545727}, "45": {"x": 1.9999999999999996, "y": 12.999999999999998, "z": 0.3313999782028064}, "46": {"x": 1.9999999999999996, "y": 14.0, "z": 0.25195241334763024}, "47": {"x": 2.0, "y": 15.0, "z": 0.0}, "48": {"x": 3.0, "y": 0.0, "z": 0.0}, "49": {"x": 2.999999999999999, "y": 0.9999999999999993, "z": 0.16812513004505283}, "50": {"x": 2.9999999999999987, "y": 1.999999999999999, "z": 0.31938904372940763}, "51": {"x": 2.9999999999999987, "y": 2.999999999999999, "z": 0.5498915658206079}, "52": {"x": 2.999999999999998, "y": 3.9999999999999982, "z": 0.6441765229281441}, "53": {"x": 2.999999999999998, "y": 4.999999999999998, "z": 0.5997019077229584}, "54": {"x": 2.999999999999999, "y": 6.000000000000002, "z": 0.4384424894736642}, "55": {"x": 2.999999999999998, "y": 6.999999999999999, "z": 0.4575870763953117}, "56": {"x": 2.9999999999999982, "y": 8.0, "z": 0.4728083686902264}, "57": {"x": 2.999999999999999, "y": 9.0, "z": 0.35632573615842955}, "58": {"x": 2.9999999999999982, "y": 9.999999999999998, "z": 0.5258786298050715}, "59": {"x": 2.9999999999999996, "y": 10.999999999999998, "z": 0.5740093078290713}, "60": {"x": 2.999999999999999, "y": 11.999999999999996, "z": 0.5480621294151213}, "61": {"x": 2.9999999999999987, "y": 12.999999999999995, "z": 0.4065321656176917}, "62": {"x": 2.9999999999999996, "y": 14.0, "z": 0.26593216763383093}, "63": {"x": 3.0, "y": 15.0, "z": 0.0}, "64": {"x": 4.0, "y": 0.0, "z": 0.0}, "65": {"x": 4.0, "y": 0.9999999999999996, "z": 0.18900626626649233}, "66": {"x": 3.9999999999999982, "y": 1.999999999999999, "z": 0.35433862723371695}, "67": {"x": 3.999999999999997, "y": 2.999999999999999, "z": 0.5056375105412007}, "68": {"x": 3.999999999999997, "y": 3.999999999999999, "z": 0.581022772323642}, "69": {"x": 3.999999999999998, "y": 5.0, "z": 0.5876093081788115}, "70": {"x": 3.9999999999999987, "y": 6.000000000000001, "z": 0.5031138573090477}, "71": {"x": 3.9999999999999964, "y": 6.999999999999998, "z": 0.5127823059707344}, "72": {"x": 3.9999999999999973, "y": 7.999999999999998, "z": 0.4980338821534223}, "73": {"x": 3.9999999999999987, "y": 9.0, "z": 0.4155207591755345}, "74": {"x": 3.999999999999999, "y": 10.0, "z": 0.5394623999553708}, "75": {"x": 4.0, "y": 11.0, "z": 0.5894054082171387}, "76": {"x": 4.0, "y": 12.0, "z": 0.5518348671047237}, "77": {"x": 3.999999999999999, "y": 12.999999999999995, "z": 0.43616713240334865}, "78": {"x": 3.9999999999999987, "y": 13.999999999999998, "z": 0.257961503203321}, "79": {"x": 4.0, "y": 15.0, "z": 0.0}, "80": {"x": 5.0, "y": 0.0, "z": 0.0}, "81": {"x": 5.0, "y": 0.9999999999999996, "z": 0.19794195503009304}, "82": {"x": 4.999999999999998, "y": 1.999999999999999, "z": 0.37267012589836607}, "83": {"x": 4.999999999999995, "y": 2.9999999999999973, "z": 0.6352852677235001}, "84": {"x": 4.999999999999996, "y": 3.999999999999998, "z": 0.7407488439978839}, "85": {"x": 4.999999999999997, "y": 4.999999999999999, "z": 0.6913943862127188}, "86": {"x": 4.999999999999997, "y": 5.999999999999999, "z": 0.5201481715689807}, "87": {"x": 4.999999999999995, "y": 6.999999999999996, "z": 0.539681707571179}, "88": {"x": 4.9999999999999964, "y": 7.9999999999999964, "z": 0.5591495352321199}, "89": {"x": 4.999999999999998, "y": 8.999999999999998, "z": 0.42727742761317883}, "90": {"x": 4.999999999999999, "y": 9.999999999999998, "z": 0.6082056574921952}, "91": {"x": 4.999999999999998, "y": 10.999999999999996, "z": 0.6528444803694449}, "92": {"x": 4.999999999999999, "y": 11.999999999999998, "z": 0.6237648785798433}, "93": {"x": 4.999999999999998, "y": 12.999999999999995, "z": 0.4651228602445437}, "94": {"x": 4.999999999999997, "y": 13.999999999999995, "z": 0.302535457347554}, "95": {"x": 5.0, "y": 15.0, "z": 0.0}, "96": {"x": 6.0, "y": 0.0, "z": 0.0}, "97": {"x": 5.999999999999999, "y": 0.9999999999999993, "z": 0.1908146541383087}, "98": {"x": 5.999999999999998, "y": 1.999999999999999, "z": 0.3570125674118938}, "99": {"x": 5.999999999999996, "y": 2.999999999999997, "z": 0.8189535293214159}, "100": {"x": 5.9999999999999964, "y": 3.9999999999999982, "z": 1.0205328620773366}, "101": {"x": 5.999999999999998, "y": 4.999999999999999, "z": 0.7479179599253908}, "102": {"x": 5.9999999999999964, "y": 5.999999999999998, "z": 0.4932925421001833}, "103": {"x": 5.999999999999992, "y": 6.999999999999993, "z": 0.5206244899212094}, "104": {"x": 5.999999999999997, "y": 7.999999999999997, "z": 0.6317556219850593}, "105": {"x": 6.0, "y": 9.000000000000004, "z": 0.40431831052099126}, "106": {"x": 5.999999999999997, "y": 9.999999999999996, "z": 0.6502667474496607}, "107": {"x": 5.999999999999998, "y": 10.999999999999996, "z": 0.6524866466806394}, "108": {"x": 5.999999999999998, "y": 11.999999999999998, "z": 0.6585234268500629}, "109": {"x": 5.999999999999997, "y": 12.999999999999993, "z": 0.4500845246186837}, "110": {"x": 5.9999999999999964, "y": 13.999999999999996, "z": 0.335755435602825}, "111": {"x": 6.0, "y": 15.0, "z": 0.0}, "112": {"x": 7.0, "y": 0.0, "z": 0.0}, "113": {"x": 7.0, "y": 0.9999999999999997, "z": 0.16534306965218315}, "114": {"x": 6.999999999999997, "y": 1.9999999999999987, "z": 0.31055789803573836},