{"attributes": {"name": "Mesh"}, "dva": {"x": 0.0, "y": 0.0, "z": 0.0}, "dea": {}, "dfa": {}, "vertex": {"0": {"x": 0.0, "y": 0.0, "z": 0.0}, "1": {"x": 0.0, "y": 1.0, "z": 0.0}, "2": {"x": 0.0, "y": 2.0, "z": 0.0}, "3": {"x": 0.0, "y": 3.0, "z": 0.0}, "4": {"x": 0.0, "y": 4.0, "z": 0.0}, "5": {"x": 0.0, "y": 5.0, "z": 0.0}, "6": {"x": 0.0, "y": 6.0, "z": 0.0}, "7": {"x": 0.0, "y": 7.0, "z": 0.0}, "8": {"x": 0.0, "y": 8.0, "z": 0.0}, "9": {"x": 0.0, "y": 9.0, "z": 0.0}, "10": {"x": 0.0, "y": 10.0, "z": 0.0}, "11": {"x": 0.0, "y": 11.0, "z": 0.0}, "12": {"x": 0.0, "y": 12.0, "z": 0.0}, "13": {"x": 0.0, "y": 13.0, "z": 0.0}, "14": {"x": 0.0, "y": 14.0, "z": 0.0}, "15": {"x": 0.0, "y": 15.0, "z": 0.0}, "16": {"x": 1.0, "y": 0.0, "z": 0.0}, "17": {"x": 0.9999999999999998, "y": 1.0, "z": 0.29332256324577266}, "18": {"x": 0.9999999999999997, "y": 1.9999999999999996, "z": 0.6574293498940267}, "19": {"x": 0.9999999999999998, "y": 3.0, "z": 0.7639257816827668}, "20": {"x": 0.9999999999999994, "y": 3.9999999999999996, "z": 0.745473495444435}, "21": {"x": 0.9999999999999996, "y": 5.0, "z": 0.8879599532137772}, "22": {"x": 0.9999999999999998, "y": 6.000000000000003, "z": 0.9507206521255944}, "23": {"x": 0.9999999999999989, "y": 6.999999999999999, "z": 1.0263773731304142}, "24": {"x": 0.999999999999999, "y": 8.0, "z": 1.0062903633515514}, "25": {"x": 0.9999999999999993, "y": 9.000000000000002, "z": 0.7590368696483715}, "26": {"x": 0.9999999999999999, "y": 10.000000000000005, "z": 0.7721191340154825}, "27": {"x": 1.0000000000000002, "y": 11.000000000000004, "z": 0.603111447399027}, "28": {"x": 1.000000000000001, "y": 12.000000000000007, "z": 0.2933562081960806}, "29": {"x": 1.0000000000000004, "y": 13.000000000000004, "z": 0.44059535387432686}, "30": {"x": 1.0000000000000002, "y": 14.000000000000002, "z": 0.35067236745891894}, "31": {"x": 1.0, "y": 15.0, "z": 0.0}, "32": {"x": 2.0, "y": 0.0, "z": 0.0}, "33": {"x": 1.9999999999999996, "y": 0.9999999999999998, "z": 0.5132862373460785}, "34": {"x": 1.9999999999999996, "y": 1.9999999999999998, "z": 1.2242955817165277}, "35": {"x": 1.9999999999999991, "y": 3.0, "z": 1.3507041275660403}, "36": {"x": 1.999999999999999, "y": 4.0, "z": 1.3127780697745612}, "37": {"x": 1.9999999999999982, "y": 4.999999999999999, "z": 1.5682077866396193}, "38": {"x": 1.9999999999999991, "y": 6.0000000000000036, "z": 1.6684723969514632}, "39": {"x": 1.9999999999999973, "y": 6.999999999999999, "z": 1.8085791235708524}, "40": {"x": 1.999999999999998, "y": 8.0, "z": 1.8150798129913563}, "41": {"x": 1.9999999999999987, "y": 9.0, "z": 1.3363487652495165}, "42": {"x": 1.999999999999999, "y": 10.0, "z": 1.3750848366647634}, "43": {"x": 2.0, "y": 11.000000000000002, "z": 1.066312768042303}, "44": {"x": 2.000000000000002, "y": 12.00000000000001, "z": 0.5220998225039595}, "45": {"x": 2.000000000000001, "y": 13.000000000000005, "z": 0.8074293713161225}, "46": {"x": 2.000000000000001, "y": 14.000000000000002, "z": 0.6717583068020601}, "47": {"x": 2.0, "y": 15.0, "z": 0.0}, "48": {"x": 3.0, "y": 0.0, "z": 0.0}, "49": {"x": 2.999999999999999, "y": 0.9999999999999997, "z": 0.6580855832993374}, "50": {"x": 3.0, "y": 2.0, "z": 1.4628983409561103}, "51": {"x": 2.9999999999999987, "y": 3.0, "z": 1.6863164419364758}, "52": {"x": 2.9999999999999982, "y": 4.0, "z": 1.7200789038841535}, "53": {"x": 2.9999999999999973, "y": 4.999999999999999, "z": 2.0211215933483717}, "54": {"x": 2.9999999999999964, "y": 6.0, "z": 2.150721214119259}, "55": {"x": 2.999999999999995, "y": 6.999999999999997, "z": 2.2861748000297015}, "56": {"x": 2.9999999999999964, "y": 8.0, "z": 2.2609994036225145}, "57": {"x": 2.9999999999999973, "y": 8.999999999999998, "z": 1.7503318628060056}, "58": {"x": 2.999999999999998, "y": 10.0, "z": 1.7227237180108779}, "59": {"x": 3.0000000000000004, "y": 11.000000000000004, "z": 1.3378581821296756}, "60": {"x": 3.000000000000003, "y": 12.00000000000001, "z": 0.6974073953469393}, "61": {"x": 3.0000000000000018, "y": 13.000000000000005, "z": 0.9285973354174777}, "62": {"x": 3.0000000000000013, "y": 14.000000000000004, "z": 0.7316853973878629}, "63": {"x": 3.0, "y": 15.0, "z": 0.0}, "64": {"x": 4.0, "y": 0.0, "z": 0.0}, "65": {"x": 3.999999999999999, "y": 0.9999999999999999, "z": 0.7321550300331094}, "66": {"x": 3.9999999999999987, "y": 1.9999999999999993, "z": 1.3604130602346536}, "67": {"x": 3.999999999999999, "y": 3.0, "z": 1.7834232424899226}, "68": {"x": 3.9999999999999964, "y": 3.9999999999999987, "z": 1.9717219222965447}, "69": {"x": 3.9999999999999956, "y": 4.999999999999998, "z": 2.253936023180086}, "70": {"x": 3.9999999999999956, "y": 5.999999999999997, "z": 2.4087964873516476}, "71": {"x": 3.999999999999995, "y": 6.999999999999996, "z": 2.47460608543196}, "72": {"x": 3.999999999999996, "y": 7.999999999999995, "z": 2.3445699497389834}, "73": {"x": 3.9999999999999956, "y": 8.999999999999995, "z": 2.0057320551641427}, "74": {"x": 3.9999999999999982, "y": 10.0, "z": 1.82283517889252}, "75": {"x": 4.000000000000001, "y": 11.000000000000005, "z": 1.426700744765878}, "76": {"x": 4.0000000000000036, "y": 12.00000000000001, "z": 0.8177754184213496}, "77": {"x": 4.000000000000002, "y": 13.000000000000005, "z": 0.8112005109523194}, "78": {"x": 4.000000000000001, "y": 14.000000000000002, "z": 0.5278260733568286}, "79": {"x": 4.0, "y": 15.0, "z": 0.0}, "80": {"x": 5.0, "y": 0.0, "z": 0.0}, "81": {"x": 4.999999999999999, "y": 0.9999999999999998, "z": 0.7843915491720634}, "82": {"x": 4.999999999999997, "y": 1.9999999999999991, "z": 1.8752266799869404}, "83": {"x": 4.999999999999997, "y": 2.999999999999999, "z": 2.016619714607327}, "84": {"x": 4.999999999999995, "y": 3.9999999999999973, "z": 2.049643548879879}, "85": {"x": 4.999999999999996, "y": 4.999999999999997, "z": 2.4168606219812436}, "86": {"x": 4.999999999999994, "y": 5.9999999999999964, "z": 2.5633840264834817}, "87": {"x": 4.999999999999994, "y": 6.999999999999995, "z": 2.729732381363641}, "88": {"x": 4.999999999999995, "y": 7.999999999999993, "z": 2.765221233577036}, "89": {"x": 4.999999999999995, "y": 8.999999999999993, "z": 2.0831418006423448}, "90": {"x": 5.000000000000001, "y": 10.0, "z": 2.0719734915768897}, "91": {"x": 5.0, "y": 11.000000000000004, "z": 1.5975419306042493}, "92": {"x": 5.000000000000004, "y": 12.00000000000001, "z": 0.828283857846879}, "93": {"x": 5.000000000000001, "y": 13.000000000000002, "z": 1.1343351403263378}, "94": {"x": 5.000000000000002, "y": 14.000000000000004, "z": 0.9462465020831632}, "95": {"x": 5.0, "y": 15.0, "z": 0.0}, "96": {"x": 6.0, "y": 0.0, "z": 0.0}, "97": {"x": 5.999999999999998, "y": 0.9999999999999996, "z": 0.7653334198337934}, "98": {"x": 5.999999999999994, "y": 1.9999999999999984, "z": 1.6222578254615425}, "99": {"x": 5.999999999999993, "y": 2.9999999999999987, "z": 1.943575153478356}, "100": {"x": 5.999999999999992, "y": 3.9999999999999964, "z": 1.9886046277830338}, "101": {"x": 5.999999999999994, "y": 4.999999999999997, "z": 2.3325319619525775}, "102": {"x": 5.999999999999992, "y": 5.999999999999995, "z": 2.492445184996772}, "103": {"x": 5.999999999999993, "y": 6.999999999999994, "z": 2.641294725676304}, "104": {"x": 5.999999999999994, "y": 7.999999999999992, "z": 2.570107469229842}, "105": {"x": 5.9999999999999964, "y": 8.999999999999995, "z": 2.022327790451404}, "106": {"x": 5.999999999999998, "y": 10.0, "z": 1.9730837716907987}, "107": {"x": 6.000000000000002, "y": 11.000000000000005, "z": 1.5376038227651536}, "108": {"x": 6.000000000000004, "y": 12.000000000000009, "z": 0.7957808206907983}, "109": {"x": 6.000000000000003, "y": 13.000000000000005, "z": 1.0378730633950068}, "110": {"x": 6.000000000000002, "y": 14.000000000000004, "z": 0.7894914613161536}, "111": {"x": 6.0, "y": 15.0, "z": 0.0}, "112": {"x": 7.0, "y": 0.0, "z": 0.0}, "113": {"x": 6.999999999999998, "y": 0.9999999999999994, "z": 0.6783487340686443}, "114": {"x": 6.999999999999996, "y": 1.9999999999999987, "z": 1.38065769232416}, "115": {"x": 6.999999999999996, "y": 2.9999999999999982,