{"attributes": {"name": "Mesh"}, "dva": {"x": 0.0, "y": 0.0, "z": 0.0}, "dea": {}, "dfa": {}, "vertex": {"0": {"x": 0.0, "y": 0.0, "z": 0.0}, "1": {"x": 0.0, "y": 1.0, "z": 0.0}, "2": {"x": 0.0, "y": 2.0, "z": 0.0}, "3": {"x": 0.0, "y": 3.0, "z": 0.0}, "4": {"x": 0.0, "y": 4.0, "z": 0.0}, "5": {"x": 0.0, "y": 5.0, "z": 0.0}, "6": {"x": 0.0, "y": 6.0, "z": 0.0}, "7": {"x": 0.0, "y": 7.0, "z": 0.0}, "8": {"x": 0.0, "y": 8.0, "z": 0.0}, "9": {"x": 0.0, "y": 9.0, "z": 0.0}, "10": {"x": 0.0, "y": 10.0, "z": 0.0}, "11": {"x": 0.0, "y": 11.0, "z": 0.0}, "12": {"x": 0.0, "y": 12.0, "z": 0.0}, "13": {"x": 0.0, "y": 13.0, "z": 0.0}, "14": {"x": 0.0, "y": 14.0, "z": 0.0}, "15": {"x": 0.0, "y": 15.0, "z": 0.0}, "16": {"x": 1.0, "y": 0.0, "z": 0.0}, "17": {"x": 1.0000000000000004, "y": 1.0000000000000007, "z": 0.5177804848617273}, "18": {"x": 1.0000000000000007, "y": 2.0000000000000018, "z": 0.8313307378874601}, "19": {"x": 1.0000000000000009, "y": 3.0000000000000027, "z": 0.8919071341146192}, "20": {"x": 1.000000000000001, "y": 4.0000000000000036, "z": 0.8927329315924213}, "21": {"x": 1.0000000000000013, "y": 5.000000000000004, "z": 0.7573737469266445}, "22": {"x": 1.0000000000000016, "y": 6.000000000000004, "z": 0.8385823731944625}, "23": {"x": 1.0000000000000016, "y": 7.000000000000004, "z": 0.653322787245525}, "24": {"x": 1.0000000000000016, "y": 8.000000000000004, "z": 0.7747814446847314}, "25": {"x": 1.0000000000000016, "y": 9.000000000000002, "z": 0.8269575272333025}, "26": {"x": 1.000000000000001, "y": 9.999999999999998, "z": 0.745272702575269}, "27": {"x": 1.000000000000001, "y": 11.000000000000002, "z": 0.4249400972307764}, "28": {"x": 1.0000000000000009, "y": 12.000000000000002, "z": 0.5195374886260975}, "29": {"x": 1.0000000000000007, "y": 13.0, "z": 0.5949807522510895}, "30": {"x": 1.0000000000000004, "y": 14.0, "z": 0.4281908923929363}, "31": {"x": 1.0, "y": 15.0, "z": 0.0}, "32": {"x": 2.0, "y": 0.0, "z": 0.0}, "33": {"x": 2.000000000000001, "y": 1.0000000000000016, "z": 0.7593627763425495}, "34": {"x": 2.0000000000000013, "y": 2.000000000000003, "z": 1.2727595202954156}, "35": {"x": 2.0000000000000013, "y": 3.0000000000000044, "z": 1.251586448748625}, "36": {"x": 2.0000000000000018, "y": 4.000000000000006, "z": 1.305131920726691}, "37": {"x": 2.0000000000000027, "y": 5.000000000000009, "z": 1.1300994134308708}, "38": {"x": 2.000000000000003, "y": 6.00000000000001, "z": 1.4087119896730596}, "39": {"x": 2.0000000000000036, "y": 7.00000000000001, "z": 1.048210771769147}, "40": {"x": 2.0000000000000027, "y": 8.000000000000007, "z": 1.2090423072609715}, "41": {"x": 2.000000000000003, "y": 9.000000000000007, "z": 1.2884354290147984}, "42": {"x": 2.000000000000002, "y": 10.000000000000004, "z": 1.2311270849062712}, "43": {"x": 2.000000000000002, "y": 11.000000000000005, "z": 0.7136879255822978}, "44": {"x": 2.0000000000000013, "y": 12.000000000000005, "z": 0.7896470255788244}, "45": {"x": 2.0000000000000013, "y": 13.000000000000004, "z": 0.946677226843}, "46": {"x": 2.0000000000000004, "y": 14.000000000000004, "z": 0.6993530978590633}, "47": {"x": 2.0, "y": 15.0, "z": 0.0}, "48": {"x": 3.0, "y": 0.0, "z": 0.0}, "49": {"x": 3.0000000000000004, "y": 1.000000000000002, "z": 0.3580222113241655}, "50": {"x": 3.0000000000000013, "y": 2.0000000000000036, "z": 0.6512310825356736}, "51": {"x": 3.000000000000002, "y": 3.000000000000006, "z": 0.8885601890723211}, "52": {"x": 3.0000000000000027, "y": 4.000000000000009, "z": 1.0572200002459564}, "53": {"x": 3.000000000000004, "y": 5.000000000000011, "z": 1.1671915868283724}, "54": {"x": 3.000000000000004, "y": 6.000000000000012, "z": 1.229516321923294}, "55": {"x": 3.000000000000005, "y": 7.000000000000012, "z": 1.2416385216806791}, "56": {"x": 3.0000000000000044, "y": 8.00000000000001, "z": 1.2395779322617666}, "57": {"x": 3.0000000000000044, "y": 9.000000000000009, "z": 1.1857727635263924}, "58": {"x": 3.0000000000000044, "y": 10.000000000000009, "z": 1.0738443567271099}, "59": {"x": 3.000000000000003, "y": 11.000000000000009, "z": 0.9078216806438583}, "60": {"x": 3.000000000000002, "y": 12.000000000000007, "z": 0.76876856548459}, "61": {"x": 3.0000000000000018, "y": 13.000000000000005, "z": 0.5715718634737453}, "62": {"x": 3.000000000000001, "y": 14.000000000000004, "z": 0.3152254233045473}, "63": {"x": 3.0, "y": 15.0, "z": 0.0}, "64": {"x": 4.0, "y": 0.0, "z": 0.0}, "65": {"x": 3.9999999999999996, "y": 1.0000000000000016, "z": 0.3208506662616011}, "66": {"x": 4.000000000000001, "y": 2.000000000000003, "z": 0.6040623292511866}, "67": {"x": 4.000000000000003, "y": 3.0000000000000053, "z": 0.8545720454930266}, "68": {"x": 4.000000000000003, "y": 4.000000000000006, "z": 1.0550581996399089}, "69": {"x": 4.0000000000000036, "y": 5.000000000000008, "z": 1.2123546535265417}, "70": {"x": 4.000000000000003, "y": 6.000000000000009, "z": 1.2954010370839593}, "71": {"x": 4.000000000000003, "y": 7.000000000000008, "z": 1.3472536575711913}, "72": {"x": 4.0000000000000036, "y": 8.000000000000009, "z": 1.3258667128772403}, "73": {"x": 4.000000000000004, "y": 9.00000000000001, "z": 1.2592303832979885}, "74": {"x": 4.000000000000004, "y": 10.000000000000014, "z": 1.151962104449725}, "75": {"x": 4.0000000000000036, "y": 11.000000000000012, "z": 1.0119362612318503}, "76": {"x": 4.0000000000000036, "y": 12.000000000000012, "z": 0.8184562424628322}, "77": {"x": 4.000000000000003, "y": 13.000000000000007, "z": 0.5784755733634017}, "78": {"x": 4.000000000000003, "y": 14.000000000000005, "z": 0.30525492634182355}, "79": {"x": 4.0, "y": 15.0, "z": 0.0}, "80": {"x": 5.0, "y": 0.0, "z": 0.0}, "81": {"x": 5.000000000000001, "y": 1.0000000000000013, "z": 0.6243310058626587}, "82": {"x": 5.000000000000002, "y": 2.0000000000000027, "z": 1.0950176905791291}, "83": {"x": 5.000000000000002, "y": 3.0000000000000036, "z": 1.3794945065735114}, "84": {"x": 5.000000000000002, "y": 4.000000000000005, "z": 1.5748710519798057}, "85": {"x": 5.000000000000003, "y": 5.000000000000006, "z": 1.641671072357741}, "86": {"x": 5.000000000000003, "y": 6.000000000000007, "z": 1.7516078664561712}, "87": {"x": 5.000000000000003, "y": 7.000000000000008, "z": 1.667669303989765}, "88": {"x": 5.000000000000003, "y": 8.000000000000009, "z": 1.7067843355081898}, "89": {"x": 5.000000000000003, "y": 9.000000000000009, "z": 1.661504093493697}, "90": {"x": 5.000000000000003, "y": 10.000000000000007, "z": 1.5018671729499178}, "91": {"x": 5.0000000000000036, "y": 11.000000000000009, "z": 1.1707708958059158}, "92": {"x": 5.0000000000000036, "y": 12.000000000000007, "z": 1.057183626012445}, "93": {"x": 5.000000000000004, "y": 13.000000000000009, "z": 0.8808048681049608}, "94": {"x": 5.000000000000003, "y": 14.000000000000009, "z": 0.5316307827377917}, "95": {"x": 5.0, "y": 15.0, "z": 0.0}, "96": {"x": 6.0, "y": 0.0, "z": 0.0}, "97": {"x": 6.000000000000003, "y": 1.0000000000000013, "z": 0.6534997411595795}, "98": {"x": 6.0000000000000036, "y": 2.000000000000002, "z": 1.1538248099054655}, "99": {"x": 6.000000000000005, "y": 3.000000000000003, "z": 1.5050511127515946}, "100": {"x": 6.000000000000004, "y": 4.000000000000004, "z": 1.7201011155442516}, "101": {"x": 6.000000000000002, "y": 5.0000000000000036, "z": 1.805628495246223}, "102": {"x": 6.000000000000002, "y": 6.0000000000000036, "z": 1.867652307939765}, "103": {"x": 6.000000000000002, "y": 7.000000000000004, "z": 1.790784484004308}, "104": {"x": 6.000000000000003, "y": 8.000000000000005, "z": 1.812048060760529}, "105": {"x": 6.000000000000002, "y": 9.000000000000005, "z": 1.740181172610597}, "106": {"x": 6.000000000000004, "y": 10.000000000000007, "z": 1.5471950477181144}, "107": {"x": 6.000000000000005, "y": 11.000000000000009, "z": 1.21733372708481}, "108": {"x": 6.000000000000004, "y": 12.000000000000005, "z": 1.1045941286322083}, "109": {"x": 6.0000000000000036, "y": 13.000000000000004, "z": 0.8865727942712948}, "110": {"x": 6.0000000000000036, "y": 14.0, "z": 0.519413490024161}, "111": {"x": 6.0, "y": 15.0, "z": 0.0},