{"attributes": {"name": "Mesh"}, "dva": {"x": 0.0, "y": 0.0, "z": 0.0}, "dea": {}, "dfa": {}, "vertex": {"0": {"x": 0.0, "y": 0.0, "z": 0.0}, "1": {"x": 0.0, "y": 1.0, "z": 0.0}, "2": {"x": 0.0, "y": 2.0, "z": 0.0}, "3": {"x": 0.0, "y": 3.0, "z": 0.0}, "4": {"x": 0.0, "y": 4.0, "z": 0.0}, "5": {"x": 0.0, "y": 5.0, "z": 0.0}, "6": {"x": 0.0, "y": 6.0, "z": 0.0}, "7": {"x": 0.0, "y": 7.0, "z": 0.0}, "8": {"x": 0.0, "y": 8.0, "z": 0.0}, "9": {"x": 0.0, "y": 9.0, "z": 0.0}, "10": {"x": 0.0, "y": 10.0, "z": 0.0}, "11": {"x": 0.0, "y": 11.0, "z": 0.0}, "12": {"x": 0.0, "y": 12.0, "z": 0.0}, "13": {"x": 0.0, "y": 13.0, "z": 0.0}, "14": {"x": 0.0, "y": 14.0, "z": 0.0}, "15": {"x": 0.0, "y": 15.0, "z": 0.0}, "16": {"x": 1.0, "y": 0.0, "z": 0.0}, "17": {"x": 0.9999999999999998, "y": 0.9999999999999998, "z": 0.8408305412507004}, "18": {"x": 0.9999999999999998, "y": 1.9999999999999996, "z": 0.23110736919050767}, "19": {"x": 0.9999999999999998, "y": 2.999999999999999, "z": 0.17349885301274098}, "20": {"x": 1.0000000000000002, "y": 3.9999999999999996, "z": 0.5247302852993334}, "21": {"x": 1.0000000000000004, "y": 5.0, "z": 0.27751139690890114}, "22": {"x": 1.0000000000000002, "y": 6.000000000000001, "z": 0.718193266998832}, "23": {"x": 0.9999999999999996, "y": 6.999999999999998, "z": 1.3520913796183387}, "24": {"x": 0.9999999999999992, "y": 7.999999999999997, "z": 0.6657710618613891}, "25": {"x": 0.9999999999999986, "y": 8.999999999999995, "z": 1.1603349065733557}, "26": {"x": 0.999999999999999, "y": 10.0, "z": 0.7409705850798775}, "27": {"x": 0.9999999999999988, "y": 10.999999999999996, "z": 0.8804131831995872}, "28": {"x": 0.9999999999999988, "y": 11.999999999999996, "z": 1.238146987187402}, "29": {"x": 0.9999999999999997, "y": 12.999999999999998, "z": 1.0480191396489151}, "30": {"x": 0.9999999999999998, "y": 14.0, "z": 0.1901802578944544}, "31": {"x": 1.0, "y": 15.0, "z": 0.0}, "32": {"x": 2.0, "y": 0.0, "z": 0.0}, "33": {"x": 1.9999999999999996, "y": 0.9999999999999996, "z": 0.4655481291456274}, "34": {"x": 2.0, "y": 1.9999999999999996, "z": 0.36467591042498226}, "35": {"x": 2.0, "y": 2.9999999999999996, "z": 0.32369841348661066}, "36": {"x": 2.0000000000000004, "y": 3.9999999999999996, "z": 0.6358173014007384}, "37": {"x": 2.0000000000000004, "y": 4.999999999999999, "z": 0.5245267263164656}, "38": {"x": 1.9999999999999993, "y": 5.999999999999997, "z": 1.0278318326839149}, "39": {"x": 1.9999999999999982, "y": 6.999999999999993, "z": 1.3577345229464666}, "40": {"x": 1.9999999999999984, "y": 7.999999999999994, "z": 1.1642573050647094}, "41": {"x": 1.999999999999998, "y": 8.999999999999995, "z": 1.4443005629161012}, "42": {"x": 1.999999999999998, "y": 9.999999999999996, "z": 1.266909597741098}, "43": {"x": 1.9999999999999976, "y": 10.999999999999993, "z": 1.3486895274656352}, "44": {"x": 1.999999999999998, "y": 11.999999999999996, "z": 1.4168914668046226}, "45": {"x": 1.9999999999999993, "y": 12.999999999999996, "z": 1.0965604630724841}, "46": {"x": 1.9999999999999998, "y": 14.0, "z": 0.34203493773687804}, "47": {"x": 2.0, "y": 15.0, "z": 0.0}, "48": {"x": 3.0, "y": 0.0, "z": 0.0}, "49": {"x": 3.0, "y": 1.0, "z": 0.2557007897052523}, "50": {"x": 3.0000000000000004, "y": 2.0, "z": 0.408361413005577}, "51": {"x": 3.0000000000000004, "y": 3.0, "z": 0.44032109069586545}, "52": {"x": 3.0, "y": 3.9999999999999996, "z": 0.6369804471672106}, "53": {"x": 3.0000000000000004, "y": 4.999999999999998, "z": 0.7193634641428912}, "54": {"x": 2.999999999999999, "y": 5.9999999999999964, "z": 1.0803768860629717}, "55": {"x": 2.9999999999999987, "y": 6.999999999999994, "z": 1.31361054032948}, "56": {"x": 2.9999999999999982, "y": 7.999999999999992, "z": 1.4438622854274898}, "57": {"x": 2.999999999999996, "y": 8.999999999999988, "z": 1.538518443491501}, "58": {"x": 2.9999999999999956, "y": 9.999999999999986, "z": 1.5286805343246925}, "59": {"x": 2.999999999999996, "y": 10.999999999999988, "z": 1.4457120553404097}, "60": {"x": 2.9999999999999973, "y": 11.999999999999993, "z": 1.233634970766324}, "61": {"x": 2.999999999999999, "y": 12.999999999999998, "z": 0.8972547571713878}, "62": {"x": 2.9999999999999996, "y": 13.999999999999998, "z": 0.4395319209740107}, "63": {"x": 3.0, "y": 15.0, "z": 0.0}, "64": {"x": 4.0, "y": 0.0, "z": 0.0}, "65": {"x": 4.0, "y": 1.0, "z": 0.3673516093411092}, "66": {"x": 4.0, "y": 2.0, "z": 0.4773093627384256}, "67": {"x": 4.000000000000001, "y": 2.9999999999999996, "z": 0.5005577273648376}, "68": {"x": 4.0, "y": 3.9999999999999982, "z": 0.7676130286752043}, "69": {"x": 4.000000000000001, "y": 4.999999999999999, "z": 0.8165006709688236}, "70": {"x": 3.999999999999999, "y": 5.999999999999997, "z": 1.281342881625873}, "71": {"x": 3.9999999999999987, "y": 6.999999999999995, "z": 1.5892952569322958}, "72": {"x": 3.9999999999999982, "y": 7.999999999999993, "z": 1.6524066291519788}, "73": {"x": 3.9999999999999964, "y": 8.999999999999988, "z": 1.814566965580464}, "74": {"x": 3.9999999999999956, "y": 9.999999999999988, "z": 1.7540594614442966}, "75": {"x": 3.9999999999999942, "y": 10.999999999999984, "z": 1.6966607111348455}, "76": {"x": 3.9999999999999947, "y": 11.999999999999986, "z": 1.5194405121970227}, "77": {"x": 3.9999999999999973, "y": 12.999999999999988, "z": 1.1240837456723474}, "78": {"x": 4.0, "y": 13.999999999999998, "z": 0.5003139248071862}, "79": {"x": 4.0, "y": 15.0, "z": 0.0}, "80": {"x": 5.0, "y": 0.0, "z": 0.0}, "81": {"x": 5.000000000000001, "y": 1.0000000000000004, "z": 0.38627432174822784}, "82": {"x": 5.000000000000001, "y": 2.0000000000000004, "z": 0.4917248040180129}, "83": {"x": 5.000000000000002, "y": 3.0, "z": 0.5221221213557324}, "84": {"x": 5.000000000000003, "y": 3.9999999999999996, "z": 0.8012475948833601}, "85": {"x": 5.000000000000002, "y": 5.0, "z": 0.851581401882929}, "86": {"x": 5.000000000000002, "y": 5.999999999999998, "z": 1.3254848324515756}, "87": {"x": 5.0, "y": 6.999999999999997, "z": 1.646723337735834}, "88": {"x": 4.999999999999999, "y": 7.999999999999995, "z": 1.7019441768436552}, "89": {"x": 4.9999999999999964, "y": 8.999999999999991, "z": 1.8706213571593584}, "90": {"x": 4.9999999999999964, "y": 9.999999999999991, "z": 1.799588108234979}, "91": {"x": 4.999999999999995, "y": 10.999999999999988, "z": 1.7378304840174335}, "92": {"x": 4.9999999999999964, "y": 11.999999999999991, "z": 1.562595558228655}, "93": {"x": 4.999999999999997, "y": 12.999999999999993, "z": 1.1596446725424063}, "94": {"x": 4.999999999999999, "y": 13.999999999999996, "z": 0.516254254763966}, "95": {"x": 5.0, "y": 15.0, "z": 0.0}, "96": {"x": 6.0, "y": 0.0, "z": 0.0}, "97": {"x": 6.0, "y": 1.0000000000000002, "z": 0.2659449227946646}, "98": {"x": 6.000000000000003, "y": 2.000000000000001, "z": 0.445801209470992}, "99": {"x": 6.000000000000003, "y": 3.000000000000001, "z": 0.5065257572225679}, "100": {"x": 6.000000000000003, "y": 4.0, "z": 0.7133738275086882}, "101": {"x": 6.000000000000001, "y": 5.000000000000001, "z": 0.8277640120807764}, "102": {"x": 6.000000000000002, "y": 6.000000000000001, "z": 1.1849578776905392}, "103": {"x": 6.000000000000001, "y": 7.000000000000001, "z": 1.4316437474606363}, "104": {"x": 6.000000000000001, "y": 7.999999999999997, "z": 1.5911437359467402}, "105": {"x": 5.9999999999999964, "y": 8.999999999999993, "z": 1.6720393469852928}, "106": {"x": 5.999999999999996, "y": 9.999999999999991, "z": 1.6617736024237812}, "107": {"x": 5.999999999999996, "y": 10.999999999999991, "z": 1.543947263682085}, "108": {"x": 5.999999999999996, "y": 11.999999999999991, "z": 1.297139090465569}, "109": {"x": 5.999999999999998, "y": 12.999999999999995, "z": 0.9438501604939946}, "110": {"x": 6.0, "y": 13.999999999999998, "z": 0.48839122686101094}, "111": {"x": 6.0, "y": 15.0, "z": 0.0}, "112": {"x": 7.0, "y": 0.0, "z": 0.0}, "113": {"x": 6.999999999999999, "y": 0.9999999999999999, "z": 0.40596248519790595}, "114": {"x": 7.000000000000001, "y": 2.0, "z": 0.44181132573533066}, "115": {"x": 7.000000000000003, "y": 3.000000000000001,