{"attributes": {"name": "Mesh"}, "dva": {"x": 0.0, "y": 0.0, "z": 0.0}, "dea": {}, "dfa": {}, "vertex": {"0": {"x": 0.0, "y": 0.0, "z": 0.0}, "1": {"x": 0.0, "y": 1.0, "z": 0.0}, "2": {"x": 0.0, "y": 2.0, "z": 0.0}, "3": {"x": 0.0, "y": 3.0, "z": 0.0}, "4": {"x": 0.0, "y": 4.0, "z": 0.0}, "5": {"x": 0.0, "y": 5.0, "z": 0.0}, "6": {"x": 0.0, "y": 6.0, "z": 0.0}, "7": {"x": 0.0, "y": 7.0, "z": 0.0}, "8": {"x": 0.0, "y": 8.0, "z": 0.0}, "9": {"x": 0.0, "y": 9.0, "z": 0.0}, "10": {"x": 0.0, "y": 10.0, "z": 0.0}, "11": {"x": 0.0, "y": 11.0, "z": 0.0}, "12": {"x": 0.0, "y": 12.0, "z": 0.0}, "13": {"x": 0.0, "y": 13.0, "z": 0.0}, "14": {"x": 0.0, "y": 14.0, "z": 0.0}, "15": {"x": 0.0, "y": 15.0, "z": 0.0}, "16": {"x": 1.0, "y": 0.0, "z": 0.0}, "17": {"x": 0.9999999999999999, "y": 1.0000000000000002, "z": 0.3420458501463247}, "18": {"x": 1.0000000000000002, "y": 2.0000000000000004, "z": 0.3609166561242848}, "19": {"x": 1.0000000000000007, "y": 3.000000000000001, "z": 0.41015630254091323}, "20": {"x": 1.0000000000000002, "y": 4.000000000000001, "z": 0.6447149694251295}, "21": {"x": 1.0000000000000007, "y": 5.000000000000002, "z": 0.19092487957144885}, "22": {"x": 1.0000000000000013, "y": 6.0000000000000036, "z": 0.28264624460524557}, "23": {"x": 1.0000000000000013, "y": 7.000000000000002, "z": 0.2186969605252087}, "24": {"x": 1.000000000000001, "y": 8.000000000000002, "z": 0.22404470412336353}, "25": {"x": 1.0000000000000009, "y": 8.999999999999998, "z": 0.49925522406884887}, "26": {"x": 1.0, "y": 9.999999999999991, "z": 0.1481316417366915}, "27": {"x": 1.000000000000001, "y": 11.000000000000002, "z": 0.15070996234596726}, "28": {"x": 1.0000000000000007, "y": 11.999999999999998, "z": 0.12929186714465604}, "29": {"x": 1.0, "y": 12.999999999999996, "z": 0.2478923288383512}, "30": {"x": 1.0000000000000002, "y": 13.999999999999998, "z": 0.08271990863377666}, "31": {"x": 1.0, "y": 15.0, "z": 0.0}, "32": {"x": 2.0, "y": 0.0, "z": 0.0}, "33": {"x": 1.9999999999999996, "y": 1.0000000000000002, "z": 0.09821879466807391}, "34": {"x": 2.0000000000000004, "y": 2.000000000000001, "z": 0.1824262108275027}, "35": {"x": 2.000000000000001, "y": 3.0000000000000018, "z": 0.24991546765497566}, "36": {"x": 2.000000000000001, "y": 4.000000000000003, "z": 0.30027098388587414}, "37": {"x": 2.0000000000000013, "y": 5.000000000000003, "z": 0.3384419466894632}, "38": {"x": 2.000000000000002, "y": 6.000000000000004, "z": 0.35604282108108826}, "39": {"x": 2.000000000000002, "y": 7.0000000000000036, "z": 0.3592235297834215}, "40": {"x": 2.000000000000002, "y": 8.000000000000002, "z": 0.3468297722807271}, "41": {"x": 2.000000000000002, "y": 9.0, "z": 0.31839959334135665}, "42": {"x": 2.000000000000002, "y": 9.999999999999998, "z": 0.27849640953451216}, "43": {"x": 2.000000000000002, "y": 11.000000000000002, "z": 0.2496028609496584}, "44": {"x": 2.0000000000000018, "y": 12.000000000000002, "z": 0.21019260974514536}, "45": {"x": 2.0000000000000004, "y": 12.999999999999996, "z": 0.15537125985264574}, "46": {"x": 2.0000000000000004, "y": 13.999999999999996, "z": 0.0868935550321972}, "47": {"x": 2.0, "y": 15.0, "z": 0.0}, "48": {"x": 3.0, "y": 0.0, "z": 0.0}, "49": {"x": 3.0, "y": 1.0000000000000004, "z": 0.44174344904689966}, "50": {"x": 3.0000000000000004, "y": 2.0000000000000013, "z": 0.6676226403654311}, "51": {"x": 3.0000000000000013, "y": 3.000000000000002, "z": 0.7831171261504293}, "52": {"x": 3.0000000000000018, "y": 4.000000000000003, "z": 0.8035287285016819}, "53": {"x": 3.000000000000001, "y": 5.000000000000003, "z": 0.5494377298185107}, "54": {"x": 3.000000000000002, "y": 6.000000000000005, "z": 0.6374187850652442}, "55": {"x": 3.000000000000001, "y": 7.0, "z": 0.5828641628911544}, "56": {"x": 3.0000000000000018, "y": 8.000000000000002, "z": 0.5756276751851035}, "57": {"x": 3.0000000000000036, "y": 9.000000000000005, "z": 0.6177669879102065}, "58": {"x": 3.0000000000000044, "y": 10.000000000000004, "z": 0.36998990629621914}, "59": {"x": 3.000000000000003, "y": 11.000000000000005, "z": 0.37003130604690465}, "60": {"x": 3.000000000000003, "y": 12.000000000000005, "z": 0.3402400189599886}, "61": {"x": 3.0000000000000018, "y": 13.000000000000004, "z": 0.38032281908680754}, "62": {"x": 3.0, "y": 14.0, "z": 0.20324456454888506}, "63": {"x": 3.0, "y": 15.0, "z": 0.0}, "64": {"x": 4.0, "y": 0.0, "z": 0.0}, "65": {"x": 4.000000000000002, "y": 1.0000000000000007, "z": 0.4963638877837032}, "66": {"x": 4.000000000000001, "y": 2.000000000000001, "z": 0.7740243243169727}, "67": {"x": 4.000000000000001, "y": 3.000000000000002, "z": 0.9161014881197936}, "68": {"x": 4.000000000000002, "y": 4.000000000000003, "z": 0.9342122434046378}, "69": {"x": 4.0, "y": 5.000000000000002, "z": 0.6920393096478825}, "70": {"x": 4.000000000000002, "y": 6.000000000000005, "z": 0.7797183386559913}, "71": {"x": 4.000000000000002, "y": 7.000000000000004, "z": 0.7208506929148037}, "72": {"x": 4.000000000000002, "y": 8.000000000000004, "z": 0.7005532584451784}, "73": {"x": 4.0000000000000036, "y": 9.000000000000009, "z": 0.7047170803813781}, "74": {"x": 4.000000000000006, "y": 10.00000000000001, "z": 0.4355928381389885}, "75": {"x": 4.0000000000000036, "y": 11.000000000000009, "z": 0.4422668519519264}, "76": {"x": 4.000000000000004, "y": 12.000000000000005, "z": 0.4158773371892661}, "77": {"x": 4.000000000000003, "y": 13.000000000000004, "z": 0.4414830520333296}, "78": {"x": 4.000000000000001, "y": 14.000000000000004, "z": 0.24863835987728936}, "79": {"x": 4.0, "y": 15.0, "z": 0.0}, "80": {"x": 5.0, "y": 0.0, "z": 0.0}, "81": {"x": 5.000000000000003, "y": 1.0000000000000004, "z": 0.3217245623547071}, "82": {"x": 5.000000000000003, "y": 2.000000000000001, "z": 0.5640259113038988}, "83": {"x": 5.000000000000002, "y": 3.0000000000000018, "z": 0.7140987703845874}, "84": {"x": 5.000000000000002, "y": 4.000000000000003, "z": 0.7726971811406562}, "85": {"x": 5.0, "y": 5.000000000000002, "z": 0.7629451817909628}, "86": {"x": 5.000000000000002, "y": 6.000000000000005, "z": 0.7974934531907135}, "87": {"x": 5.000000000000002, "y": 7.000000000000004, "z": 0.773830698457334}, "88": {"x": 5.000000000000002, "y": 8.000000000000004, "z": 0.7267768859151402}, "89": {"x": 5.000000000000002, "y": 9.000000000000007, "z": 0.631546455106566}, "90": {"x": 5.000000000000004, "y": 10.00000000000001, "z": 0.47253075401052647}, "91": {"x": 5.0000000000000036, "y": 11.000000000000007, "z": 0.4674012520125973}, "92": {"x": 5.000000000000004, "y": 12.000000000000007, "z": 0.43836588811646676}, "93": {"x": 5.0000000000000036, "y": 13.00000000000001, "z": 0.3713485120275894}, "94": {"x": 5.000000000000002, "y": 14.000000000000005, "z": 0.2305945173515029}, "95": {"x": 5.0, "y": 15.0, "z": 0.0}, "96": {"x": 6.0, "y": 0.0, "z": 0.0}, "97": {"x": 6.0, "y": 1.0, "z": 0.39378552442246895}, "98": {"x": 5.999999999999999, "y": 2.0, "z": 0.6691962717477216}, "99": {"x": 6.0, "y": 3.0000000000000004, "z": 0.8203276439025499}, "100": {"x": 6.0, "y": 4.000000000000001, "z": 0.8499082179758664}, "101": {"x": 5.999999999999999, "y": 5.000000000000001, "z": 0.7702770117564609}, "102": {"x": 6.000000000000002, "y": 6.0000000000000036, "z": 0.8161886123468787}, "103": {"x": 6.0, "y": 7.0000000000000036, "z": 0.7813627609295439}, "104": {"x": 6.0, "y": 8.000000000000002, "z": 0.7374645745432687}, "105": {"x": 6.0000000000000036, "y": 9.000000000000007, "z": 0.6475277520173366}, "106": {"x": 6.000000000000004, "y": 10.000000000000009, "z": 0.45214260032218356}, "107": {"x": 6.000000000000003, "y": 11.000000000000005, "z": 0.46181022032131913}, "108": {"x": 6.000000000000002, "y": 12.000000000000004, "z": 0.4450010923919375}, "109": {"x": 6.000000000000003, "y": 13.000000000000007, "z": 0.40481651321398493}, "110": {"x": 6.000000000000001, "y": 14.000000000000005, "z": 0.2544363141515018}, "111": {"x": 6.0, "y": 15.0, "z": 0.0}, "112": {"x": 7.0, "y": 0.0, "z": 0.0}, "113": {"x": 7.000000000000001, "y": 1.0, "z": 0.539022176681166}, "114": {"x": 6.999999999999999,