{"attributes": {"name": "Mesh"}, "dva": {"x": 0.0, "y": 0.0, "z": 0.0}, "dea": {}, "dfa": {}, "vertex": {"0": {"x": 0.0, "y": 0.0, "z": 0.0}, "1": {"x": 0.0, "y": 1.0, "z": 0.0}, "2": {"x": 0.0, "y": 2.0, "z": 0.0}, "3": {"x": 0.0, "y": 3.0, "z": 0.0}, "4": {"x": 0.0, "y": 4.0, "z": 0.0}, "5": {"x": 0.0, "y": 5.0, "z": 0.0}, "6": {"x": 0.0, "y": 6.0, "z": 0.0}, "7": {"x": 0.0, "y": 7.0, "z": 0.0}, "8": {"x": 0.0, "y": 8.0, "z": 0.0}, "9": {"x": 0.0, "y": 9.0, "z": 0.0}, "10": {"x": 0.0, "y": 10.0, "z": 0.0}, "11": {"x": 0.0, "y": 11.0, "z": 0.0}, "12": {"x": 0.0, "y": 12.0, "z": 0.0}, "13": {"x": 0.0, "y": 13.0, "z": 0.0}, "14": {"x": 0.0, "y": 14.0, "z": 0.0}, "15": {"x": 0.0, "y": 15.0, "z": 0.0}, "16": {"x": 1.0, "y": 0.0, "z": 0.0}, "17": {"x": 0.9999999999999997, "y": 1.0, "z": 0.3843955578925919}, "18": {"x": 0.9999999999999997, "y": 2.0, "z": 0.5622815357448433}, "19": {"x": 0.9999999999999996, "y": 3.0, "z": 0.8516771191215553}, "20": {"x": 0.9999999999999991, "y": 4.0, "z": 0.7857184657544983}, "21": {"x": 0.9999999999999994, "y": 5.000000000000001, "z": 1.0932588006232395}, "22": {"x": 0.9999999999999989, "y": 5.999999999999998, "z": 1.4416390322316952}, "23": {"x": 0.9999999999999989, "y": 6.999999999999999, "z": 1.86218478613198}, "24": {"x": 0.9999999999999989, "y": 7.999999999999997, "z": 2.0978043334407768}, "25": {"x": 0.999999999999999, "y": 8.999999999999998, "z": 1.9886993849018237}, "26": {"x": 0.9999999999999993, "y": 9.999999999999998, "z": 1.49793197727896}, "27": {"x": 0.9999999999999994, "y": 11.0, "z": 1.4178461277673837}, "28": {"x": 0.9999999999999993, "y": 11.999999999999998, "z": 1.1812794767772916}, "29": {"x": 0.9999999999999994, "y": 12.999999999999998, "z": 0.8950544442330608}, "30": {"x": 0.9999999999999996, "y": 13.999999999999998, "z": 0.5244421078855429}, "31": {"x": 1.0, "y": 15.0, "z": 0.0}, "32": {"x": 2.0, "y": 0.0, "z": 0.0}, "33": {"x": 1.9999999999999991, "y": 0.9999999999999997, "z": 0.5847282811346531}, "34": {"x": 1.9999999999999991, "y": 1.9999999999999998, "z": 0.960736487870502}, "35": {"x": 1.9999999999999987, "y": 3.0, "z": 1.2882709983459135}, "36": {"x": 1.999999999999998, "y": 3.999999999999999, "z": 1.4228418379515013}, "37": {"x": 1.9999999999999982, "y": 4.999999999999999, "z": 1.9035149758839263}, "38": {"x": 1.9999999999999978, "y": 5.9999999999999964, "z": 2.3907232718243923}, "39": {"x": 1.9999999999999973, "y": 6.999999999999995, "z": 2.7608886521136027}, "40": {"x": 1.9999999999999976, "y": 7.999999999999994, "z": 2.907839983605882}, "41": {"x": 1.9999999999999982, "y": 8.999999999999996, "z": 2.8373819394726247}, "42": {"x": 1.9999999999999987, "y": 9.999999999999998, "z": 2.56492466464674}, "43": {"x": 1.999999999999999, "y": 10.999999999999998, "z": 2.3255063903466158}, "44": {"x": 1.999999999999999, "y": 11.999999999999996, "z": 1.9512200968128974}, "45": {"x": 1.999999999999999, "y": 12.999999999999996, "z": 1.4573778239727617}, "46": {"x": 1.9999999999999993, "y": 13.999999999999996, "z": 0.8209567068250229}, "47": {"x": 2.0, "y": 15.0, "z": 0.0}, "48": {"x": 3.0, "y": 0.0, "z": 0.0}, "49": {"x": 2.999999999999998, "y": 0.9999999999999991, "z": 0.9149624790677762}, "50": {"x": 2.999999999999998, "y": 1.9999999999999991, "z": 1.267314259063615}, "51": {"x": 2.999999999999997, "y": 2.9999999999999982, "z": 2.058079237523598}, "52": {"x": 2.999999999999996, "y": 3.999999999999998, "z": 1.7298719839029122}, "53": {"x": 2.9999999999999973, "y": 4.999999999999998, "z": 2.434687684262668}, "54": {"x": 2.999999999999996, "y": 5.999999999999996, "z": 3.265998966534952}, "55": {"x": 2.999999999999996, "y": 6.999999999999993, "z": 4.446792648332745}, "56": {"x": 2.9999999999999973, "y": 7.999999999999995, "z": 5.181987103989537}, "57": {"x": 2.9999999999999973, "y": 8.999999999999995, "z": 4.8573832105366765}, "58": {"x": 2.9999999999999973, "y": 9.999999999999993, "z": 3.3024765843489043}, "59": {"x": 2.999999999999999, "y": 11.0, "z": 3.207123077618756}, "60": {"x": 2.999999999999999, "y": 12.0, "z": 2.6553102068743804}, "61": {"x": 2.9999999999999987, "y": 12.999999999999996, "z": 2.0257485430235773}, "62": {"x": 2.999999999999999, "y": 13.999999999999998, "z": 1.2107501432313612}, "63": {"x": 3.0, "y": 15.0, "z": 0.0}, "64": {"x": 4.0, "y": 0.0, "z": 0.0}, "65": {"x": 3.999999999999998, "y": 0.999999999999999, "z": 1.0347910802414269}, "66": {"x": 3.999999999999997, "y": 1.9999999999999982, "z": 1.410466774197212}, "67": {"x": 3.9999999999999942, "y": 2.999999999999997, "z": 2.311989331839283}, "68": {"x": 3.9999999999999942, "y": 3.9999999999999964, "z": 1.9047703576883555}, "69": {"x": 3.999999999999995, "y": 4.9999999999999964, "z": 2.68654416778349}, "70": {"x": 3.9999999999999956, "y": 5.999999999999995, "z": 3.638583150213484}, "71": {"x": 3.9999999999999956, "y": 6.999999999999994, "z": 5.022162924289058}, "72": {"x": 3.9999999999999956, "y": 7.999999999999995, "z": 5.849265906816179}, "73": {"x": 3.999999999999996, "y": 8.999999999999995, "z": 5.441020547668976}, "74": {"x": 3.9999999999999956, "y": 9.999999999999993, "z": 3.627406525438642}, "75": {"x": 3.999999999999999, "y": 11.0, "z": 3.5361879392277866}, "76": {"x": 3.9999999999999982, "y": 12.0, "z": 2.9279140046758223}, "77": {"x": 3.999999999999999, "y": 12.999999999999998, "z": 2.2396578433993564}, "78": {"x": 3.9999999999999982, "y": 13.999999999999996, "z": 1.348219699279086}, "79": {"x": 4.0, "y": 15.0, "z": 0.0}, "80": {"x": 5.0, "y": 0.0, "z": 0.0}, "81": {"x": 4.999999999999997, "y": 0.9999999999999988, "z": 0.9538645533769748}, "82": {"x": 4.9999999999999964, "y": 1.9999999999999976, "z": 1.3855922614174954}, "83": {"x": 4.999999999999993, "y": 2.999999999999995, "z": 2.113257714530412}, "84": {"x": 4.999999999999992, "y": 3.9999999999999947, "z": 1.9419666082269154}, "85": {"x": 4.999999999999994, "y": 4.999999999999996, "z": 2.6547074674041595}, "86": {"x": 4.999999999999995, "y": 5.999999999999996, "z": 3.4947994241733085}, "87": {"x": 4.999999999999996, "y": 6.999999999999996, "z": 4.542438262686266}, "88": {"x": 4.999999999999996, "y": 7.9999999999999964, "z": 5.085226384650482}, "89": {"x": 4.999999999999998, "y": 8.999999999999998, "z": 4.763359881217738}, "90": {"x": 4.9999999999999964, "y": 9.999999999999995, "z": 3.5134302562597663}, "91": {"x": 4.999999999999997, "y": 10.999999999999998, "z": 3.327849971255427}, "92": {"x": 4.999999999999997, "y": 11.999999999999996, "z": 2.7694037291535696}, "93": {"x": 4.999999999999999, "y": 13.0, "z": 2.1016407603718696}, "94": {"x": 4.999999999999998, "y": 13.999999999999996, "z": 1.2401464651592722}, "95": {"x": 5.0, "y": 15.0, "z": 0.0}, "96": {"x": 6.0, "y": 0.0, "z": 0.0}, "97": {"x": 5.999999999999997, "y": 0.9999999999999987, "z": 0.7106987289131468}, "98": {"x": 5.999999999999997, "y": 1.9999999999999971, "z": 1.1892155298582288}, "99": {"x": 5.999999999999994, "y": 2.999999999999995, "z": 1.6249415812769303}, "100": {"x": 5.999999999999992, "y": 3.9999999999999942, "z": 1.820779623135899}, "101": {"x": 5.99999999999999, "y": 4.999999999999994, "z": 2.3307338808397815}, "102": {"x": 5.999999999999993, "y": 5.999999999999996, "z": 2.8373889597740845}, "103": {"x": 5.999999999999994, "y": 6.999999999999994, "z": 3.2342309842988817}, "104": {"x": 5.999999999999993, "y": 7.999999999999991, "z": 3.3838294466120358}, "105": {"x": 5.999999999999995, "y": 8.999999999999991, "z": 3.27515879115028}, "106": {"x": 5.999999999999996, "y": 9.999999999999995, "z": 2.9199174524234968}, "107": {"x": 5.999999999999997, "y": 10.999999999999996, "z": 2.639278315165159}, "108": {"x": 5.999999999999997, "y": 11.999999999999995, "z": 2.2028879180801533}, "109": {"x": 5.999999999999998, "y": 12.999999999999996, "z": 1.6380231039436857}, "110": {"x": 5.999999999999998, "y": 13.999999999999996, "z": 0.9199218613979792}, "111": {"x": 6.0, "y": 15.0, "z": 0.0}, "112": {"x": 7.0, "y": 0.0, "z": 0.0}, "113": {"x": 6.999999999999997, "y": 0.9999999999999988, "z": 0.4794845513443302},