{"attributes": {"name": "Mesh"}, "dva": {"x": 0.0, "y": 0.0, "z": 0.0}, "dea": {}, "dfa": {}, "vertex": {"0": {"x": 0.0, "y": 0.0, "z": 0.0}, "1": {"x": 0.0, "y": 1.0, "z": 0.0}, "2": {"x": 0.0, "y": 2.0, "z": 0.0}, "3": {"x": 0.0, "y": 3.0, "z": 0.0}, "4": {"x": 0.0, "y": 4.0, "z": 0.0}, "5": {"x": 0.0, "y": 5.0, "z": 0.0}, "6": {"x": 0.0, "y": 6.0, "z": 0.0}, "7": {"x": 0.0, "y": 7.0, "z": 0.0}, "8": {"x": 0.0, "y": 8.0, "z": 0.0}, "9": {"x": 0.0, "y": 9.0, "z": 0.0}, "10": {"x": 0.0, "y": 10.0, "z": 0.0}, "11": {"x": 0.0, "y": 11.0, "z": 0.0}, "12": {"x": 0.0, "y": 12.0, "z": 0.0}, "13": {"x": 0.0, "y": 13.0, "z": 0.0}, "14": {"x": 0.0, "y": 14.0, "z": 0.0}, "15": {"x": 0.0, "y": 15.0, "z": 0.0}, "16": {"x": 1.0, "y": 0.0, "z": 0.0}, "17": {"x": 1.0, "y": 1.0000000000000002, "z": 0.09797577684544909}, "18": {"x": 1.0, "y": 2.0000000000000004, "z": 0.1663068165973688}, "19": {"x": 1.0000000000000002, "y": 3.000000000000001, "z": 0.29265148787512574}, "20": {"x": 1.0000000000000004, "y": 4.000000000000001, "z": 0.348396629733271}, "21": {"x": 1.0000000000000002, "y": 5.000000000000001, "z": 0.44382157488122886}, "22": {"x": 1.0000000000000002, "y": 6.0, "z": 0.5249714547449297}, "23": {"x": 1.0000000000000004, "y": 7.0, "z": 0.538585960568845}, "24": {"x": 1.0000000000000004, "y": 8.0, "z": 0.5791052482339489}, "25": {"x": 1.0000000000000004, "y": 9.0, "z": 0.595075985924579}, "26": {"x": 1.0000000000000007, "y": 10.0, "z": 0.5618758285070969}, "27": {"x": 1.0000000000000004, "y": 10.999999999999996, "z": 0.48611060952963925}, "28": {"x": 1.0000000000000004, "y": 12.0, "z": 0.4110450834898797}, "29": {"x": 1.0000000000000002, "y": 13.0, "z": 0.2678531053048901}, "30": {"x": 1.0000000000000002, "y": 14.0, "z": 0.14223839726933288}, "31": {"x": 1.0, "y": 15.0, "z": 0.0}, "32": {"x": 2.0, "y": 0.0, "z": 0.0}, "33": {"x": 2.0, "y": 1.0000000000000004, "z": 0.16330959182764085}, "34": {"x": 2.0, "y": 2.000000000000001, "z": 0.29487428873762006}, "35": {"x": 2.0000000000000004, "y": 3.0000000000000013, "z": 0.4602193681896031}, "36": {"x": 2.000000000000001, "y": 4.000000000000002, "z": 0.5944147698390437}, "37": {"x": 2.0000000000000004, "y": 5.000000000000002, "z": 0.7220458946521956}, "38": {"x": 2.0000000000000004, "y": 6.000000000000001, "z": 0.814549708255465}, "39": {"x": 2.000000000000001, "y": 7.0, "z": 0.8752142093071649}, "40": {"x": 2.000000000000001, "y": 8.0, "z": 0.9035078010985258}, "41": {"x": 2.000000000000001, "y": 9.0, "z": 0.8913138242576147}, "42": {"x": 2.000000000000001, "y": 10.0, "z": 0.8401705443873063}, "43": {"x": 2.000000000000001, "y": 11.000000000000002, "z": 0.7478999180239614}, "44": {"x": 2.0000000000000004, "y": 12.0, "z": 0.6079757775413802}, "45": {"x": 2.0000000000000004, "y": 13.0, "z": 0.4357229260023186}, "46": {"x": 2.0000000000000004, "y": 14.000000000000002, "z": 0.23277144818239728}, "47": {"x": 2.0, "y": 15.0, "z": 0.0}, "48": {"x": 3.0, "y": 0.0, "z": 0.0}, "49": {"x": 2.9999999999999996, "y": 1.0000000000000002, "z": 0.23188073295279632}, "50": {"x": 2.9999999999999996, "y": 2.000000000000001, "z": 0.37841699331513323}, "51": {"x": 3.0000000000000004, "y": 3.0000000000000018, "z": 0.7334419062636841}, "52": {"x": 3.0000000000000004, "y": 4.000000000000003, "z": 0.7883717592388918}, "53": {"x": 3.000000000000001, "y": 5.000000000000002, "z": 1.0356289860395393}, "54": {"x": 3.000000000000001, "y": 6.000000000000002, "z": 1.2711601121890213}, "55": {"x": 3.0000000000000013, "y": 7.0000000000000036, "z": 1.223750472351236}, "56": {"x": 3.000000000000002, "y": 8.000000000000002, "z": 1.3617284884781784}, "57": {"x": 3.0000000000000027, "y": 9.000000000000004, "z": 1.454158763573877}, "58": {"x": 3.000000000000002, "y": 10.000000000000002, "z": 1.3668820530709151}, "59": {"x": 3.000000000000002, "y": 11.0, "z": 1.14089723401373}, "60": {"x": 3.0000000000000013, "y": 12.0, "z": 1.0154950889529826}, "61": {"x": 3.000000000000001, "y": 13.000000000000002, "z": 0.6055779307097429}, "62": {"x": 3.0000000000000004, "y": 14.0, "z": 0.3229872664853038}, "63": {"x": 3.0, "y": 15.0, "z": 0.0}, "64": {"x": 4.0, "y": 0.0, "z": 0.0}, "65": {"x": 3.9999999999999987, "y": 1.0, "z": 0.26344734467464415}, "66": {"x": 3.999999999999999, "y": 2.0000000000000004, "z": 0.42424895826940184}, "67": {"x": 3.9999999999999987, "y": 3.0000000000000013, "z": 1.3409483774045288}, "68": {"x": 4.000000000000001, "y": 4.000000000000003, "z": 0.867580238515713}, "69": {"x": 3.9999999999999996, "y": 5.000000000000002, "z": 1.153103949722651}, "70": {"x": 4.000000000000002, "y": 6.000000000000003, "z": 1.8905115093285787}, "71": {"x": 4.000000000000002, "y": 7.000000000000004, "z": 1.3211454450445321}, "72": {"x": 4.0000000000000036, "y": 8.000000000000007, "z": 1.5040649963786565}, "73": {"x": 4.000000000000003, "y": 9.000000000000004, "z": 1.7271380993301169}, "74": {"x": 4.000000000000004, "y": 10.000000000000004, "z": 1.5736971664734154}, "75": {"x": 4.000000000000003, "y": 11.000000000000002, "z": 1.2278534327842452}, "76": {"x": 4.000000000000002, "y": 12.000000000000004, "z": 1.6014978655228365}, "77": {"x": 4.000000000000001, "y": 13.000000000000004, "z": 0.6560410685427832}, "78": {"x": 4.000000000000001, "y": 14.000000000000004, "z": 0.3566355686867597}, "79": {"x": 4.0, "y": 15.0, "z": 0.0}, "80": {"x": 5.0, "y": 0.0, "z": 0.0}, "81": {"x": 4.999999999999998, "y": 0.9999999999999998, "z": 0.242686998527374}, "82": {"x": 4.999999999999999, "y": 2.0, "z": 0.44291771312678924}, "83": {"x": 4.999999999999997, "y": 3.0, "z": 0.6718557399026487}, "84": {"x": 4.999999999999998, "y": 4.000000000000001, "z": 0.8611497548734732}, "85": {"x": 4.999999999999998, "y": 5.000000000000001, "z": 1.0306904122468663}, "86": {"x": 5.000000000000001, "y": 6.000000000000003, "z": 1.149969863691442}, "87": {"x": 5.000000000000003, "y": 7.0000000000000036, "z": 1.2285986242775593}, "88": {"x": 5.000000000000004, "y": 8.000000000000005, "z": 1.2597129016671342}, "89": {"x": 5.000000000000004, "y": 9.000000000000005, "z": 1.2367332248001888}, "90": {"x": 5.000000000000004, "y": 10.000000000000005, "z": 1.161946313417365}, "91": {"x": 5.000000000000004, "y": 11.000000000000004, "z": 1.0326300621302247}, "92": {"x": 5.000000000000003, "y": 12.000000000000004, "z": 0.8399352051446688}, "93": {"x": 5.000000000000002, "y": 13.000000000000005, "z": 0.6061188135336812}, "94": {"x": 5.0, "y": 14.0, "z": 0.32504795594231733}, "95": {"x": 5.0, "y": 15.0, "z": 0.0}, "96": {"x": 6.0, "y": 0.0, "z": 0.0}, "97": {"x": 6.000000000000002, "y": 1.0000000000000004, "z": 0.24201999424005882}, "98": {"x": 5.999999999999999, "y": 2.0000000000000004, "z": 0.42082856708067784}, "99": {"x": 5.999999999999999, "y": 3.000000000000001, "z": 0.745481450967124}, "100": {"x": 6.0, "y": 4.000000000000003, "z": 0.8305223233990441}, "101": {"x": 6.000000000000003, "y": 5.000000000000004, "z": 1.0356458780950573}, "102": {"x": 6.000000000000004, "y": 6.000000000000007, "z": 1.2387209652150568}, "103": {"x": 6.000000000000008, "y": 7.000000000000009, "z": 1.2149172973014761}, "104": {"x": 6.000000000000008, "y": 8.000000000000009, "z": 1.2989912925833322}, "105": {"x": 6.00000000000001, "y": 9.00000000000001, "z": 1.3425801841698857}, "106": {"x": 6.000000000000008, "y": 10.000000000000009, "z": 1.2559096016374574}, "107": {"x": 6.000000000000005, "y": 11.000000000000005, "z": 1.0693978100926256}, "108": {"x": 6.000000000000004, "y": 12.000000000000004, "z": 0.9481578558869663}, "109": {"x": 6.0000000000000036, "y": 13.000000000000004, "z": 0.598536479968388}, "110": {"x": 6.000000000000003, "y": 14.000000000000004, "z": 0.32134443798575846}, "111": {"x": 6.0, "y": 15.0, "z": 0.0}, "112": {"x": 7.0, "y": 0.0, "z": 0.0}, "113": {"x": 7.000000000000001, "y": 1.0000000000000004, "z": 0.19983151132677907}, "114": {"x": 6.999999999999999, "y": 2.0000000000000004, "z": 0.3660004545494478}, "115": {"x": 6.999999999999999, "y": 3.0000000000000018, "z": 0.5485606099101987},