{"attributes": {"name": "Mesh"}, "dva": {"x": 0.0, "y": 0.0, "z": 0.0}, "dea": {}, "dfa": {}, "vertex": {"0": {"x": 0.0, "y": 0.0, "z": 0.0}, "1": {"x": 0.0, "y": 1.0, "z": 0.0}, "2": {"x": 0.0, "y": 2.0, "z": 0.0}, "3": {"x": 0.0, "y": 3.0, "z": 0.0}, "4": {"x": 0.0, "y": 4.0, "z": 0.0}, "5": {"x": 0.0, "y": 5.0, "z": 0.0}, "6": {"x": 0.0, "y": 6.0, "z": 0.0}, "7": {"x": 0.0, "y": 7.0, "z": 0.0}, "8": {"x": 0.0, "y": 8.0, "z": 0.0}, "9": {"x": 0.0, "y": 9.0, "z": 0.0}, "10": {"x": 0.0, "y": 10.0, "z": 0.0}, "11": {"x": 0.0, "y": 11.0, "z": 0.0}, "12": {"x": 0.0, "y": 12.0, "z": 0.0}, "13": {"x": 0.0, "y": 13.0, "z": 0.0}, "14": {"x": 0.0, "y": 14.0, "z": 0.0}, "15": {"x": 0.0, "y": 15.0, "z": 0.0}, "16": {"x": 1.0, "y": 0.0, "z": 0.0}, "17": {"x": 1.0000000000000018, "y": 1.0000000000000004, "z": 0.09974714266213452}, "18": {"x": 1.0000000000000018, "y": 2.0000000000000013, "z": 1.167422761061771}, "19": {"x": 1.0000000000000016, "y": 3.000000000000001, "z": 1.1042320237909442}, "20": {"x": 1.0000000000000018, "y": 4.000000000000002, "z": 0.6205298087561467}, "21": {"x": 1.000000000000002, "y": 5.000000000000002, "z": 0.6042315273503174}, "22": {"x": 1.0000000000000024, "y": 6.000000000000003, "z": 1.1075827508003313}, "23": {"x": 1.0000000000000024, "y": 7.0000000000000036, "z": 1.1856923755301032}, "24": {"x": 1.000000000000002, "y": 8.000000000000004, "z": 0.909155054700593}, "25": {"x": 1.0000000000000016, "y": 9.000000000000004, "z": 0.9024828092531669}, "26": {"x": 1.0000000000000018, "y": 10.000000000000004, "z": 0.7115126498342614}, "27": {"x": 1.0000000000000004, "y": 11.000000000000002, "z": 0.5536611725303754}, "28": {"x": 0.9999999999999998, "y": 11.999999999999996, "z": 0.21983248703349284}, "29": {"x": 0.9999999999999994, "y": 12.999999999999996, "z": 0.2478045184108002}, "30": {"x": 1.0000000000000002, "y": 13.999999999999998, "z": 0.11236890230012775}, "31": {"x": 1.0, "y": 15.0, "z": 0.0}, "32": {"x": 2.0, "y": 0.0, "z": 0.0}, "33": {"x": 2.0000000000000036, "y": 1.000000000000001, "z": 0.1825101958737823}, "34": {"x": 2.000000000000003, "y": 2.0000000000000018, "z": 0.7990452111273381}, "35": {"x": 2.000000000000003, "y": 3.0000000000000027, "z": 1.0853864531305417}, "36": {"x": 2.0000000000000036, "y": 4.000000000000004, "z": 1.0451802049938161}, "37": {"x": 2.0000000000000044, "y": 5.000000000000004, "z": 1.0810104078397345}, "38": {"x": 2.000000000000005, "y": 6.000000000000007, "z": 1.468023812285187}, "39": {"x": 2.000000000000005, "y": 7.000000000000008, "z": 1.6007115106910783}, "40": {"x": 2.000000000000004, "y": 8.000000000000007, "z": 1.4920288047291026}, "41": {"x": 2.0000000000000036, "y": 9.000000000000007, "z": 1.3912374930571358}, "42": {"x": 2.000000000000004, "y": 10.000000000000012, "z": 1.1530467647903542}, "43": {"x": 2.0000000000000013, "y": 11.000000000000004, "z": 0.8582533992133838}, "44": {"x": 1.9999999999999996, "y": 11.999999999999996, "z": 0.4093803002315771}, "45": {"x": 1.9999999999999991, "y": 12.999999999999996, "z": 0.3867716881616575}, "46": {"x": 2.0000000000000004, "y": 13.999999999999998, "z": 0.19309388247699416}, "47": {"x": 2.0, "y": 15.0, "z": 0.0}, "48": {"x": 3.0, "y": 0.0, "z": 0.0}, "49": {"x": 3.0000000000000053, "y": 1.0000000000000018, "z": 0.23253065627952166}, "50": {"x": 3.0000000000000044, "y": 2.000000000000003, "z": 1.065938727029764}, "51": {"x": 3.000000000000005, "y": 3.000000000000005, "z": 1.3659449998364517}, "52": {"x": 3.000000000000005, "y": 4.000000000000007, "z": 1.2556411527006668}, "53": {"x": 3.0000000000000058, "y": 5.000000000000007, "z": 1.3106493410226712}, "54": {"x": 3.0000000000000067, "y": 6.000000000000009, "z": 1.7873283383463558}, "55": {"x": 3.000000000000007, "y": 7.00000000000001, "z": 1.9314097715227185}, "56": {"x": 3.0000000000000058, "y": 8.000000000000009, "z": 1.7698380425835285}, "57": {"x": 3.000000000000005, "y": 9.000000000000009, "z": 1.6645467600746855}, "58": {"x": 3.0000000000000058, "y": 10.000000000000014, "z": 1.3845168503899672}, "59": {"x": 3.000000000000002, "y": 11.000000000000004, "z": 1.0502586926345625}, "60": {"x": 2.999999999999999, "y": 11.999999999999995, "z": 0.5296349980718059}, "61": {"x": 2.9999999999999996, "y": 12.999999999999996, "z": 0.4841747391942878}, "62": {"x": 3.0000000000000004, "y": 13.999999999999995, "z": 0.2423776167862916}, "63": {"x": 3.0, "y": 15.0, "z": 0.0}, "64": {"x": 4.0, "y": 0.0, "z": 0.0}, "65": {"x": 4.000000000000006, "y": 1.000000000000002, "z": 0.258858703953721}, "66": {"x": 4.000000000000004, "y": 2.000000000000002, "z": 0.7997727680397415}, "67": {"x": 4.000000000000005, "y": 3.000000000000003, "z": 1.1337904530939735}, "68": {"x": 4.000000000000006, "y": 4.000000000000005, "z": 1.258107424876403}, "69": {"x": 4.000000000000007, "y": 5.000000000000007, "z": 1.3661542780986724}, "70": {"x": 4.00000000000001, "y": 6.0000000000000115, "z": 1.661207394381731}, "71": {"x": 4.000000000000009, "y": 7.0000000000000115, "z": 1.7807566929528713}, "72": {"x": 4.000000000000008, "y": 8.00000000000001, "z": 1.7263374523948378}, "73": {"x": 4.000000000000006, "y": 9.000000000000009, "z": 1.6099040007650414}, "74": {"x": 4.000000000000004, "y": 10.000000000000007, "z": 1.3710115685511863}, "75": {"x": 4.000000000000003, "y": 11.000000000000002, "z": 1.0501435341120158}, "76": {"x": 3.999999999999999, "y": 11.999999999999995, "z": 0.6042164918179586}, "77": {"x": 4.0, "y": 13.0, "z": 0.4997813027249722}, "78": {"x": 4.000000000000001, "y": 13.999999999999996, "z": 0.26031611945848926}, "79": {"x": 4.0, "y": 15.0, "z": 0.0}, "80": {"x": 5.0, "y": 0.0, "z": 0.0}, "81": {"x": 5.000000000000005, "y": 1.000000000000002, "z": 0.25427347261614985}, "82": {"x": 5.0000000000000036, "y": 2.000000000000002, "z": 0.7634894488280993}, "83": {"x": 5.0000000000000036, "y": 3.0000000000000027, "z": 1.0362075659207781}, "84": {"x": 5.000000000000005, "y": 4.000000000000005, "z": 1.108143384125613}, "85": {"x": 5.000000000000007, "y": 5.000000000000008, "z": 1.2102690411939652}, "86": {"x": 5.00000000000001, "y": 6.000000000000011, "z": 1.4652153775171615}, "87": {"x": 5.0000000000000115, "y": 7.000000000000012, "z": 1.553067908096947}, "88": {"x": 5.000000000000009, "y": 8.000000000000012, "z": 1.4830071164659258}, "89": {"x": 5.000000000000006, "y": 9.000000000000007, "z": 1.396554418373754}, "90": {"x": 5.000000000000004, "y": 10.000000000000005, "z": 1.2056054631611806}, "91": {"x": 5.0000000000000036, "y": 11.000000000000004, "z": 0.9584443199196452}, "92": {"x": 5.0, "y": 11.999999999999998, "z": 0.6043224594492947}, "93": {"x": 5.000000000000002, "y": 13.000000000000002, "z": 0.4816380076366257}, "94": {"x": 5.000000000000001, "y": 14.0, "z": 0.2503163449544683}, "95": {"x": 5.0, "y": 15.0, "z": 0.0}, "96": {"x": 6.0, "y": 0.0, "z": 0.0}, "97": {"x": 6.000000000000005, "y": 1.0000000000000018, "z": 0.22531398098594005}, "98": {"x": 6.000000000000004, "y": 2.000000000000002, "z": 0.42551805414249566}, "99": {"x": 6.0000000000000036, "y": 3.0000000000000036, "z": 0.6092028398534735}, "100": {"x": 6.000000000000006, "y": 4.000000000000005, "z": 0.7726440274184578}, "101": {"x": 6.000000000000009, "y": 5.000000000000008, "z": 0.8865888659206534}, "102": {"x": 6.000000000000011, "y": 6.000000000000011, "z": 0.9373138242417384}, "103": {"x": 6.0000000000000115, "y": 7.000000000000012, "z": 0.9628679750548191}, "104": {"x": 6.00000000000001, "y": 8.000000000000009, "z": 0.961593713641995}, "105": {"x": 6.000000000000006, "y": 9.000000000000007, "z": 0.9129208200720251}, "106": {"x": 6.000000000000004, "y": 10.000000000000005, "z": 0.8297448791334708}, "107": {"x": 6.0000000000000036, "y": 11.000000000000004, "z": 0.7070391562894225}, "108": {"x": 6.000000000000003, "y": 12.000000000000002, "z": 0.5546180195481962}, "109": {"x": 6.000000000000003, "y": 13.000000000000002, "z": 0.39478625350602764}, "110": {"x": 6.000000000000002, "y": 14.000000000000002, "z": 0.21117868993346434}, "111": {"x": 6.0, "y": 15.0,