{"attributes": {"name": "Mesh"}, "dva": {"x": 0.0, "y": 0.0, "z": 0.0}, "dea": {}, "dfa": {}, "vertex": {"0": {"x": 0.0, "y": 0.0, "z": 0.0}, "1": {"x": 0.0, "y": 1.0, "z": 0.0}, "2": {"x": 0.0, "y": 2.0, "z": 0.0}, "3": {"x": 0.0, "y": 3.0, "z": 0.0}, "4": {"x": 0.0, "y": 4.0, "z": 0.0}, "5": {"x": 0.0, "y": 5.0, "z": 0.0}, "6": {"x": 0.0, "y": 6.0, "z": 0.0}, "7": {"x": 0.0, "y": 7.0, "z": 0.0}, "8": {"x": 0.0, "y": 8.0, "z": 0.0}, "9": {"x": 0.0, "y": 9.0, "z": 0.0}, "10": {"x": 0.0, "y": 10.0, "z": 0.0}, "11": {"x": 0.0, "y": 11.0, "z": 0.0}, "12": {"x": 0.0, "y": 12.0, "z": 0.0}, "13": {"x": 0.0, "y": 13.0, "z": 0.0}, "14": {"x": 0.0, "y": 14.0, "z": 0.0}, "15": {"x": 0.0, "y": 15.0, "z": 0.0}, "16": {"x": 1.0, "y": 0.0, "z": 0.0}, "17": {"x": 1.0, "y": 1.0000000000000002, "z": 0.30588979966330143}, "18": {"x": 0.9999999999999997, "y": 2.0, "z": 0.43510928274303395}, "19": {"x": 0.9999999999999994, "y": 3.0, "z": 0.4950895623950861}, "20": {"x": 0.9999999999999993, "y": 4.0, "z": 0.43385496297665777}, "21": {"x": 0.9999999999999994, "y": 5.000000000000001, "z": 0.7413156357804659}, "22": {"x": 0.9999999999999997, "y": 6.000000000000002, "z": 0.848930202504895}, "23": {"x": 0.9999999999999999, "y": 7.0, "z": 0.519982360931595}, "24": {"x": 0.9999999999999997, "y": 8.0, "z": 0.7926460015961228}, "25": {"x": 0.9999999999999996, "y": 9.0, "z": 0.7669574740214354}, "26": {"x": 0.9999999999999997, "y": 10.0, "z": 0.6952284626217359}, "27": {"x": 0.9999999999999997, "y": 11.0, "z": 0.7833973585262404}, "28": {"x": 0.9999999999999998, "y": 12.000000000000002, "z": 0.7973418853069445}, "29": {"x": 0.9999999999999999, "y": 13.0, "z": 0.7073510454645057}, "30": {"x": 1.0000000000000002, "y": 13.999999999999998, "z": 0.18650815612476995}, "31": {"x": 1.0, "y": 15.0, "z": 0.0}, "32": {"x": 2.0, "y": 0.0, "z": 0.0}, "33": {"x": 2.0, "y": 1.0000000000000002, "z": 0.37437340855816287}, "34": {"x": 1.9999999999999998, "y": 2.0000000000000004, "z": 0.6243236598477055}, "35": {"x": 1.9999999999999991, "y": 3.0000000000000004, "z": 0.7598769218446497}, "36": {"x": 1.9999999999999987, "y": 4.0, "z": 0.7978441392249197}, "37": {"x": 1.9999999999999991, "y": 5.000000000000002, "z": 0.9658491844537991}, "38": {"x": 1.9999999999999991, "y": 6.000000000000002, "z": 1.0193706841230499}, "39": {"x": 1.9999999999999998, "y": 7.0, "z": 0.9654397033068542}, "40": {"x": 1.9999999999999996, "y": 7.999999999999999, "z": 1.14238946270499}, "41": {"x": 1.9999999999999993, "y": 8.999999999999998, "z": 1.2178467961439179}, "42": {"x": 1.999999999999999, "y": 9.999999999999996, "z": 1.2053769023858667}, "43": {"x": 1.9999999999999993, "y": 11.0, "z": 1.1594624571699363}, "44": {"x": 1.9999999999999996, "y": 12.000000000000004, "z": 1.0059686289145795}, "45": {"x": 2.0, "y": 13.000000000000004, "z": 0.7276468318416228}, "46": {"x": 2.000000000000001, "y": 14.000000000000002, "z": 0.33594892976154433}, "47": {"x": 2.0, "y": 15.0, "z": 0.0}, "48": {"x": 3.0, "y": 0.0, "z": 0.0}, "49": {"x": 2.999999999999999, "y": 0.9999999999999997, "z": 0.6442533502312087}, "50": {"x": 2.9999999999999973, "y": 1.9999999999999991, "z": 0.9587005317390638}, "51": {"x": 2.9999999999999964, "y": 2.999999999999998, "z": 1.1093073752475733}, "52": {"x": 2.9999999999999973, "y": 3.999999999999999, "z": 1.0257587141913924}, "53": {"x": 2.9999999999999982, "y": 5.000000000000001, "z": 1.5540679764971226}, "54": {"x": 2.9999999999999987, "y": 6.0, "z": 1.790622481145904}, "55": {"x": 3.0, "y": 7.0, "z": 1.2279241571090704}, "56": {"x": 2.9999999999999996, "y": 7.999999999999999, "z": 1.7388980907800586}, "57": {"x": 2.9999999999999987, "y": 8.999999999999998, "z": 1.731075307319472}, "58": {"x": 2.9999999999999987, "y": 9.999999999999998, "z": 1.6294863530804096}, "59": {"x": 2.999999999999999, "y": 11.0, "z": 1.7365594096057482}, "60": {"x": 3.0, "y": 12.000000000000002, "z": 1.6713804252139437}, "61": {"x": 2.9999999999999996, "y": 13.000000000000002, "z": 1.4553791750136038}, "62": {"x": 3.000000000000001, "y": 14.000000000000002, "z": 0.4381813228919156}, "63": {"x": 3.0, "y": 15.0, "z": 0.0}, "64": {"x": 4.0, "y": 0.0, "z": 0.0}, "65": {"x": 3.9999999999999973, "y": 0.9999999999999988, "z": 0.6544821254661084}, "66": {"x": 3.999999999999995, "y": 1.9999999999999973, "z": 1.04279477076369}, "67": {"x": 3.9999999999999947, "y": 2.9999999999999964, "z": 1.2154867124402995}, "68": {"x": 3.999999999999995, "y": 3.9999999999999973, "z": 1.1929598708240026}, "69": {"x": 3.9999999999999964, "y": 4.999999999999999, "z": 1.5485587912880157}, "70": {"x": 3.999999999999998, "y": 6.0, "z": 1.6281673591782313}, "71": {"x": 3.9999999999999987, "y": 6.999999999999999, "z": 1.428069628838378}, "72": {"x": 4.0, "y": 8.0, "z": 1.7984392314713549}, "73": {"x": 3.999999999999999, "y": 8.999999999999998, "z": 1.9226912565090024}, "74": {"x": 3.9999999999999982, "y": 9.999999999999998, "z": 1.8844588227495958}, "75": {"x": 3.999999999999999, "y": 11.0, "z": 1.8979205910833055}, "76": {"x": 4.0, "y": 12.000000000000002, "z": 1.707831121298775}, "77": {"x": 3.999999999999999, "y": 13.0, "z": 1.2503764858129254}, "78": {"x": 4.000000000000001, "y": 14.000000000000004, "z": 0.5076290372758582}, "79": {"x": 4.0, "y": 15.0, "z": 0.0}, "80": {"x": 5.0, "y": 0.0, "z": 0.0}, "81": {"x": 4.999999999999998, "y": 0.9999999999999989, "z": 0.7233072446294146}, "82": {"x": 4.999999999999995, "y": 1.9999999999999971, "z": 1.1189671874668168}, "83": {"x": 4.999999999999992, "y": 2.9999999999999956, "z": 1.2892619229178468}, "84": {"x": 4.999999999999993, "y": 3.999999999999996, "z": 1.2267503642782722}, "85": {"x": 4.999999999999995, "y": 4.999999999999997, "z": 1.7043539971336343}, "86": {"x": 4.999999999999997, "y": 5.999999999999999, "z": 1.8106166932576362}, "87": {"x": 4.999999999999998, "y": 7.0, "z": 1.4696771895286755}, "88": {"x": 4.999999999999999, "y": 8.000000000000002, "z": 1.9296664382819688}, "89": {"x": 5.0, "y": 8.999999999999998, "z": 2.0247005605607806}, "90": {"x": 5.000000000000002, "y": 10.000000000000004, "z": 1.9460785223138377}, "91": {"x": 5.0, "y": 11.0, "z": 2.021939804352898}, "92": {"x": 5.0, "y": 12.0, "z": 1.8797106478208956}, "93": {"x": 5.000000000000001, "y": 13.000000000000002, "z": 1.42379734158622}, "94": {"x": 5.000000000000001, "y": 14.000000000000004, "z": 0.5216415233587789}, "95": {"x": 5.0, "y": 15.0, "z": 0.0}, "96": {"x": 6.0, "y": 0.0, "z": 0.0}, "97": {"x": 5.9999999999999964, "y": 0.9999999999999986, "z": 0.7142676020244327}, "98": {"x": 5.9999999999999964, "y": 1.999999999999997, "z": 1.0636920619351005}, "99": {"x": 5.99999999999999, "y": 2.9999999999999947, "z": 1.2360542431830912}, "100": {"x": 5.99999999999999, "y": 3.999999999999994, "z": 1.1511453426281664}, "101": {"x": 5.999999999999995, "y": 4.999999999999995, "z": 1.7504939414096272}, "102": {"x": 5.999999999999996, "y": 5.9999999999999964, "z": 2.0013392935625918}, "103": {"x": 5.9999999999999964, "y": 7.0, "z": 1.386747430526303}, "104": {"x": 6.0, "y": 8.000000000000004, "z": 1.9416596681376372}, "105": {"x": 6.000000000000002, "y": 8.999999999999998, "z": 1.9236186516735416}, "106": {"x": 6.000000000000001, "y": 10.0, "z": 1.796311951973216}, "107": {"x": 6.000000000000002, "y": 11.0, "z": 1.91960501174911}, "108": {"x": 6.0, "y": 12.0, "z": 1.8554497322303614}, "109": {"x": 6.0, "y": 12.999999999999998, "z": 1.602612400004476}, "110": {"x": 6.000000000000001, "y": 14.000000000000002, "z": 0.48565651008939004}, "111": {"x": 6.0, "y": 15.0, "z": 0.0}, "112": {"x": 7.0, "y": 0.0, "z": 0.0}, "113": {"x": 6.9999999999999964, "y": 0.9999999999999988, "z": 0.4494697900246836}, "114": {"x": 6.999999999999995, "y": 1.9999999999999973, "z": 0.7594564976029852}, "115": {"x": 6.999999999999995, "y": 2.9999999999999956, "z": 0.9419070049619616}, "116": {"x": 6.999999999999992, "y": 3.9999999999999942, "z": 1.0134861697557822}, "117": {"x": 6.999999999999991, "y": 4.999999999999992, "z": 1.2170930306760779}, "118": {"x": 6.999999999999992,