{"attributes": {"name": "Mesh"}, "dva": {"x": 0.0, "y": 0.0, "z": 0.0}, "dea": {}, "dfa": {}, "vertex": {"0": {"x": 0.0, "y": 0.0, "z": 0.0}, "1": {"x": 0.0, "y": 1.0, "z": 0.0}, "2": {"x": 0.0, "y": 2.0, "z": 0.0}, "3": {"x": 0.0, "y": 3.0, "z": 0.0}, "4": {"x": 0.0, "y": 4.0, "z": 0.0}, "5": {"x": 0.0, "y": 5.0, "z": 0.0}, "6": {"x": 0.0, "y": 6.0, "z": 0.0}, "7": {"x": 0.0, "y": 7.0, "z": 0.0}, "8": {"x": 0.0, "y": 8.0, "z": 0.0}, "9": {"x": 0.0, "y": 9.0, "z": 0.0}, "10": {"x": 0.0, "y": 10.0, "z": 0.0}, "11": {"x": 0.0, "y": 11.0, "z": 0.0}, "12": {"x": 0.0, "y": 12.0, "z": 0.0}, "13": {"x": 0.0, "y": 13.0, "z": 0.0}, "14": {"x": 0.0, "y": 14.0, "z": 0.0}, "15": {"x": 0.0, "y": 15.0, "z": 0.0}, "16": {"x": 1.0, "y": 0.0, "z": 0.0}, "17": {"x": 0.9999999999999999, "y": 0.9999999999999999, "z": 0.12711136939570356}, "18": {"x": 1.0, "y": 1.9999999999999998, "z": 0.28518589861342314}, "19": {"x": 1.0000000000000002, "y": 3.0, "z": 0.38056939017313157}, "20": {"x": 1.0000000000000004, "y": 4.000000000000001, "z": 0.44696274839752514}, "21": {"x": 1.0000000000000002, "y": 4.999999999999999, "z": 0.4995816434310495}, "22": {"x": 1.0000000000000002, "y": 5.999999999999998, "z": 0.5814550910246526}, "23": {"x": 1.0000000000000002, "y": 6.999999999999997, "z": 0.6028565692396471}, "24": {"x": 1.0000000000000004, "y": 7.999999999999998, "z": 0.5679859516993718}, "25": {"x": 1.0000000000000004, "y": 8.999999999999996, "z": 0.5282972677039095}, "26": {"x": 1.0000000000000007, "y": 9.999999999999998, "z": 0.4572245052517017}, "27": {"x": 1.000000000000001, "y": 11.0, "z": 0.3761964973389209}, "28": {"x": 1.0000000000000007, "y": 12.000000000000002, "z": 0.3724167409873436}, "29": {"x": 1.0000000000000007, "y": 13.000000000000004, "z": 0.30947097418776925}, "30": {"x": 1.0000000000000002, "y": 14.000000000000002, "z": 0.18175443491502594}, "31": {"x": 1.0, "y": 15.0, "z": 0.0}, "32": {"x": 2.0, "y": 0.0, "z": 0.0}, "33": {"x": 2.0, "y": 1.0000000000000002, "z": 0.21867934521594573}, "34": {"x": 2.0000000000000004, "y": 2.0000000000000004, "z": 0.49646639789210334}, "35": {"x": 2.0000000000000004, "y": 3.000000000000001, "z": 0.6587353492403037}, "36": {"x": 2.0000000000000004, "y": 4.000000000000001, "z": 0.768662990781946}, "37": {"x": 2.000000000000001, "y": 5.0, "z": 0.8581412788432199}, "38": {"x": 2.0000000000000004, "y": 6.0, "z": 1.008780251598844}, "39": {"x": 2.000000000000001, "y": 7.000000000000001, "z": 1.0483614944089137}, "40": {"x": 2.0000000000000013, "y": 8.0, "z": 0.9810492737165956}, "41": {"x": 2.000000000000002, "y": 9.0, "z": 0.9123257747224606}, "42": {"x": 2.0000000000000027, "y": 10.000000000000004, "z": 0.7878705608531638}, "43": {"x": 2.000000000000003, "y": 11.000000000000007, "z": 0.6472198747231457}, "44": {"x": 2.0000000000000018, "y": 12.0, "z": 0.6550354171759931}, "45": {"x": 2.0000000000000004, "y": 12.999999999999996, "z": 0.5486386782689964}, "46": {"x": 1.9999999999999998, "y": 13.999999999999996, "z": 0.32356681721450575}, "47": {"x": 2.0, "y": 15.0, "z": 0.0}, "48": {"x": 3.0, "y": 0.0, "z": 0.0}, "49": {"x": 3.0, "y": 1.0000000000000004, "z": 0.2722256755942434}, "50": {"x": 3.0000000000000013, "y": 2.0000000000000013, "z": 0.7815088526815378}, "51": {"x": 3.0000000000000004, "y": 3.0000000000000013, "z": 0.8463590468739611}, "52": {"x": 3.0000000000000013, "y": 4.000000000000002, "z": 0.9635730667159287}, "53": {"x": 3.000000000000002, "y": 5.000000000000002, "z": 1.0613052185507452}, "54": {"x": 3.0000000000000013, "y": 6.000000000000002, "z": 1.4909937031591352}, "55": {"x": 3.000000000000002, "y": 7.000000000000002, "z": 1.495756393209188}, "56": {"x": 3.0000000000000027, "y": 8.000000000000004, "z": 1.2296510514137415}, "57": {"x": 3.000000000000003, "y": 9.000000000000004, "z": 1.1690169022622499}, "58": {"x": 3.000000000000004, "y": 10.000000000000005, "z": 0.9928621797797014}, "59": {"x": 3.000000000000005, "y": 11.000000000000012, "z": 0.8001261709733275}, "60": {"x": 3.0000000000000027, "y": 12.000000000000005, "z": 0.9848141851970033}, "61": {"x": 3.0000000000000013, "y": 13.000000000000002, "z": 0.9379120758605667}, "62": {"x": 3.0000000000000004, "y": 14.0, "z": 0.45078685932353657}, "63": {"x": 3.0, "y": 15.0, "z": 0.0}, "64": {"x": 4.0, "y": 0.0, "z": 0.0}, "65": {"x": 4.000000000000001, "y": 1.0000000000000009, "z": 0.2947826557785427}, "66": {"x": 4.000000000000003, "y": 2.0000000000000018, "z": 0.6220954014769537}, "67": {"x": 4.000000000000002, "y": 3.000000000000002, "z": 0.8457322015999322}, "68": {"x": 4.000000000000003, "y": 4.0000000000000036, "z": 1.005058374259017}, "69": {"x": 4.0000000000000036, "y": 5.000000000000004, "z": 1.1288196891846636}, "70": {"x": 4.000000000000004, "y": 6.000000000000006, "z": 1.2772625132235986}, "71": {"x": 4.000000000000004, "y": 7.000000000000006, "z": 1.3251304349660722}, "72": {"x": 4.000000000000004, "y": 8.000000000000005, "z": 1.2730603138234793}, "73": {"x": 4.000000000000004, "y": 9.000000000000004, "z": 1.1936975351346892}, "74": {"x": 4.000000000000004, "y": 10.000000000000004, "z": 1.0524691982787278}, "75": {"x": 4.000000000000005, "y": 11.000000000000007, "z": 0.8826817498946792}, "76": {"x": 4.000000000000003, "y": 12.000000000000005, "z": 0.8216188792214307}, "77": {"x": 4.0, "y": 12.999999999999998, "z": 0.6541868009196937}, "78": {"x": 4.000000000000001, "y": 14.000000000000002, "z": 0.37974392012491415}, "79": {"x": 4.0, "y": 15.0, "z": 0.0}, "80": {"x": 5.0, "y": 0.0, "z": 0.0}, "81": {"x": 5.000000000000002, "y": 1.0000000000000009, "z": 0.2842200095927241}, "82": {"x": 5.000000000000001, "y": 2.0000000000000013, "z": 0.5759938686126587}, "83": {"x": 5.000000000000002, "y": 3.000000000000002, "z": 0.7916614583116541}, "84": {"x": 5.000000000000003, "y": 4.0000000000000036, "z": 0.9503503998964007}, "85": {"x": 5.0000000000000036, "y": 5.000000000000005, "z": 1.0710589586722101}, "86": {"x": 5.000000000000004, "y": 6.000000000000006, "z": 1.1885340732534129}, "87": {"x": 5.000000000000005, "y": 7.000000000000007, "z": 1.2316833357230434}, "88": {"x": 5.000000000000007, "y": 8.000000000000009, "z": 1.1992708513690338}, "89": {"x": 5.000000000000008, "y": 9.000000000000007, "z": 1.1311216200252594}, "90": {"x": 5.000000000000007, "y": 10.000000000000009, "z": 1.0099399705359702}, "91": {"x": 5.000000000000007, "y": 11.000000000000009, "z": 0.8574654876997367}, "92": {"x": 5.000000000000003, "y": 12.000000000000004, "z": 0.7629336618857351}, "93": {"x": 5.000000000000002, "y": 13.000000000000004, "z": 0.5887848287946109}, "94": {"x": 5.000000000000001, "y": 14.000000000000005, "z": 0.3363483719196658}, "95": {"x": 5.0, "y": 15.0, "z": 0.0}, "96": {"x": 6.0, "y": 0.0, "z": 0.0}, "97": {"x": 6.0000000000000036, "y": 1.0000000000000016, "z": 0.2462125726542751}, "98": {"x": 6.000000000000001, "y": 2.000000000000002, "z": 0.7318599737929352}, "99": {"x": 6.000000000000004, "y": 3.0000000000000036, "z": 0.7231517285064462}, "100": {"x": 6.000000000000002, "y": 4.000000000000005, "z": 0.8348477075407039}, "101": {"x": 6.000000000000004, "y": 5.000000000000007, "z": 0.919682355333884}, "102": {"x": 6.000000000000006, "y": 6.00000000000001, "z": 1.3644781203486953}, "103": {"x": 6.000000000000009, "y": 7.0000000000000115, "z": 1.3323990520633022}, "104": {"x": 6.0000000000000115, "y": 8.000000000000016, "z": 1.0548572297829137}, "105": {"x": 6.000000000000012, "y": 9.000000000000016, "z": 1.0299184362748763}, "106": {"x": 6.000000000000012, "y": 10.000000000000016, "z": 0.8940176965294315}, "107": {"x": 6.000000000000009, "y": 11.000000000000012, "z": 0.7367269862710415}, "108": {"x": 6.000000000000005, "y": 12.000000000000007, "z": 0.8934646061124458}, "109": {"x": 6.0000000000000036, "y": 13.000000000000005, "z": 0.8732334346883425}, "110": {"x": 6.0000000000000036, "y": 14.000000000000007, "z": 0.36020608658986963}, "111": {"x": 6.0, "y": 15.0, "z": 0.0}, "112": {"x": 7.0, "y": 0.0, "z": 0.0}, "113": {"x": 6.999999999999999, "y": 1.0000000000000016,