{"attributes": {"name": "Mesh"}, "dva": {"x": 0.0, "y": 0.0, "z": 0.0}, "dea": {}, "dfa": {}, "vertex": {"0": {"x": 0.0, "y": 0.0, "z": 0.0}, "1": {"x": 0.0, "y": 1.0, "z": 0.0}, "2": {"x": 0.0, "y": 2.0, "z": 0.0}, "3": {"x": 0.0, "y": 3.0, "z": 0.0}, "4": {"x": 0.0, "y": 4.0, "z": 0.0}, "5": {"x": 0.0, "y": 5.0, "z": 0.0}, "6": {"x": 0.0, "y": 6.0, "z": 0.0}, "7": {"x": 0.0, "y": 7.0, "z": 0.0}, "8": {"x": 0.0, "y": 8.0, "z": 0.0}, "9": {"x": 0.0, "y": 9.0, "z": 0.0}, "10": {"x": 0.0, "y": 10.0, "z": 0.0}, "11": {"x": 0.0, "y": 11.0, "z": 0.0}, "12": {"x": 0.0, "y": 12.0, "z": 0.0}, "13": {"x": 0.0, "y": 13.0, "z": 0.0}, "14": {"x": 0.0, "y": 14.0, "z": 0.0}, "15": {"x": 0.0, "y": 15.0, "z": 0.0}, "16": {"x": 1.0, "y": 0.0, "z": 0.0}, "17": {"x": 1.0000000000000007, "y": 1.0000000000000004, "z": 0.25077058967798344}, "18": {"x": 1.0000000000000009, "y": 2.0000000000000018, "z": 0.7788559866142333}, "19": {"x": 1.000000000000001, "y": 3.0000000000000027, "z": 1.2284757337276935}, "20": {"x": 1.0000000000000013, "y": 4.000000000000003, "z": 1.5519597302439507}, "21": {"x": 1.0000000000000016, "y": 5.000000000000002, "z": 1.568274132151353}, "22": {"x": 1.0000000000000016, "y": 6.000000000000002, "z": 1.241477054610242}, "23": {"x": 1.0000000000000018, "y": 7.0000000000000036, "z": 1.3970304763923722}, "24": {"x": 1.0000000000000018, "y": 8.000000000000004, "z": 1.106882206703962}, "25": {"x": 1.0000000000000016, "y": 9.000000000000004, "z": 0.9614798365317165}, "26": {"x": 1.0000000000000007, "y": 9.999999999999996, "z": 0.8309125418082345}, "27": {"x": 1.0000000000000007, "y": 10.999999999999998, "z": 0.9585782061554595}, "28": {"x": 1.0000000000000007, "y": 11.999999999999998, "z": 0.5805219300837544}, "29": {"x": 1.0000000000000004, "y": 12.999999999999996, "z": 0.3706346679537556}, "30": {"x": 1.0000000000000004, "y": 14.0, "z": 0.26865428183749146}, "31": {"x": 1.0, "y": 15.0, "z": 0.0}, "32": {"x": 2.0, "y": 0.0, "z": 0.0}, "33": {"x": 2.0000000000000013, "y": 1.0000000000000009, "z": 0.4525031807105157}, "34": {"x": 2.0000000000000013, "y": 2.0000000000000027, "z": 0.9695109563845891}, "35": {"x": 2.0000000000000018, "y": 3.000000000000004, "z": 1.3758896353164596}, "36": {"x": 2.0000000000000027, "y": 4.000000000000005, "z": 1.6659311722566532}, "37": {"x": 2.0000000000000036, "y": 5.000000000000007, "z": 1.842327515430088}, "38": {"x": 2.000000000000004, "y": 6.000000000000007, "z": 1.9084455262255313}, "39": {"x": 2.000000000000004, "y": 7.000000000000008, "z": 1.9102010520002384}, "40": {"x": 2.000000000000004, "y": 8.000000000000007, "z": 1.8080581303165086}, "41": {"x": 2.000000000000003, "y": 9.000000000000002, "z": 1.6503589762172615}, "42": {"x": 2.0000000000000018, "y": 9.999999999999996, "z": 1.4562918334526087}, "43": {"x": 2.0000000000000013, "y": 10.999999999999995, "z": 1.2733775073199722}, "44": {"x": 2.0000000000000013, "y": 12.0, "z": 0.9852889800394303}, "45": {"x": 2.0000000000000013, "y": 13.0, "z": 0.6675004270808065}, "46": {"x": 2.0000000000000013, "y": 14.000000000000004, "z": 0.38346463415330945}, "47": {"x": 2.0, "y": 15.0, "z": 0.0}, "48": {"x": 3.0, "y": 0.0, "z": 0.0}, "49": {"x": 3.000000000000002, "y": 1.000000000000001, "z": 0.5978229647856562}, "50": {"x": 3.0000000000000018, "y": 2.0000000000000027, "z": 1.2125883883125952}, "51": {"x": 3.000000000000003, "y": 3.0000000000000053, "z": 1.7023530494636987}, "52": {"x": 3.0000000000000053, "y": 4.000000000000009, "z": 2.06801098553842}, "53": {"x": 3.000000000000007, "y": 5.0000000000000115, "z": 2.3169508738699305}, "54": {"x": 3.000000000000007, "y": 6.0000000000000115, "z": 2.4512587408248834}, "55": {"x": 3.0000000000000075, "y": 7.000000000000012, "z": 2.4580645948607636}, "56": {"x": 3.0000000000000067, "y": 8.00000000000001, "z": 2.3564584759461527}, "57": {"x": 3.000000000000006, "y": 9.000000000000009, "z": 2.167128219766196}, "58": {"x": 3.0000000000000053, "y": 10.00000000000001, "z": 1.9174133529248132}, "59": {"x": 3.0000000000000044, "y": 11.000000000000009, "z": 1.6560393716633566}, "60": {"x": 3.0000000000000027, "y": 12.000000000000004, "z": 1.2903472932037099}, "61": {"x": 3.0000000000000027, "y": 13.000000000000004, "z": 0.8799795569822392}, "62": {"x": 3.0000000000000013, "y": 14.000000000000002, "z": 0.4920044637925469}, "63": {"x": 3.0, "y": 15.0, "z": 0.0}, "64": {"x": 4.0, "y": 0.0, "z": 0.0}, "65": {"x": 4.000000000000003, "y": 1.0000000000000013, "z": 0.7030099159361377}, "66": {"x": 4.000000000000003, "y": 2.0000000000000027, "z": 1.5702539184229114}, "67": {"x": 4.000000000000003, "y": 3.0000000000000044, "z": 2.2468171937323884}, "68": {"x": 4.0000000000000036, "y": 4.000000000000006, "z": 2.721375325733747}, "69": {"x": 4.000000000000004, "y": 5.000000000000008, "z": 2.990708100057031}, "70": {"x": 4.000000000000005, "y": 6.000000000000009, "z": 3.059182412462999}, "71": {"x": 4.000000000000005, "y": 7.000000000000011, "z": 3.049560794816902}, "72": {"x": 4.000000000000005, "y": 8.00000000000001, "z": 2.845663417196665}, "73": {"x": 4.000000000000006, "y": 9.000000000000009, "z": 2.5681923233020303}, "74": {"x": 4.000000000000006, "y": 10.00000000000001, "z": 2.246579938721192}, "75": {"x": 4.000000000000004, "y": 11.000000000000009, "z": 1.9799869992947978}, "76": {"x": 4.0000000000000036, "y": 12.000000000000004, "z": 1.5138384893879344}, "77": {"x": 4.000000000000003, "y": 13.000000000000004, "z": 1.0156376692060256}, "78": {"x": 4.000000000000001, "y": 14.0, "z": 0.5954725702321456}, "79": {"x": 4.0, "y": 15.0, "z": 0.0}, "80": {"x": 5.0, "y": 0.0, "z": 0.0}, "81": {"x": 5.0000000000000036, "y": 1.0000000000000016, "z": 0.7458369996603215}, "82": {"x": 5.000000000000003, "y": 2.000000000000002, "z": 1.880965145192774}, "83": {"x": 5.000000000000003, "y": 3.0000000000000036, "z": 2.7709814361705165}, "84": {"x": 5.000000000000003, "y": 4.0000000000000036, "z": 3.3760026490773773}, "85": {"x": 5.000000000000004, "y": 5.000000000000006, "z": 3.608958664502567}, "86": {"x": 5.000000000000004, "y": 6.000000000000006, "z": 3.4606786371023865}, "87": {"x": 5.000000000000005, "y": 7.000000000000007, "z": 3.4999752077702033}, "88": {"x": 5.000000000000006, "y": 8.000000000000009, "z": 3.1210923140597377}, "89": {"x": 5.000000000000008, "y": 9.00000000000001, "z": 2.7599734380632626}, "90": {"x": 5.000000000000007, "y": 10.000000000000012, "z": 2.3878621104245448}, "91": {"x": 5.0000000000000036, "y": 11.000000000000007, "z": 2.2314903765056813}, "92": {"x": 5.000000000000004, "y": 12.000000000000007, "z": 1.6189093364621019}, "93": {"x": 5.000000000000003, "y": 13.000000000000004, "z": 1.0636498042305012}, "94": {"x": 5.000000000000001, "y": 13.999999999999996, "z": 0.6691199428018052}, "95": {"x": 5.0, "y": 15.0, "z": 0.0}, "96": {"x": 6.0, "y": 0.0, "z": 0.0}, "97": {"x": 6.0000000000000036, "y": 1.0000000000000016, "z": 0.7287534029166177}, "98": {"x": 6.0000000000000036, "y": 2.0000000000000027, "z": 1.8313995234893592}, "99": {"x": 6.000000000000002, "y": 3.000000000000003, "z": 2.6743000404525135}, "100": {"x": 6.0000000000000036, "y": 4.000000000000004, "z": 3.2242892931627107}, "101": {"x": 6.000000000000006, "y": 5.000000000000006, "z": 3.4667227764082766}, "102": {"x": 6.000000000000007, "y": 6.000000000000006, "z": 3.4116061546159453}, "103": {"x": 6.000000000000006, "y": 7.000000000000007, "z": 3.374620275948262}, "104": {"x": 6.000000000000006, "y": 8.000000000000007, "z": 3.0520853665182335}, "105": {"x": 6.000000000000007, "y": 9.00000000000001, "z": 2.690584111978949}, "106": {"x": 6.0000000000000036, "y": 10.000000000000007, "z": 2.321068469057566}, "107": {"x": 6.000000000000003, "y": 11.000000000000007, "z": 2.097373617673484}, "108": {"x": 6.000000000000005, "y": 12.000000000000007, "z": 1.568544699024345}, "109": {"x": 6.000000000000002, "y": 13.000000000000002, "z": 1.0290353911435195}, "110": {"x": 6.000000000000001, "y": 13.999999999999996, "z": 0.6432506800021481}, "111": {"x": 6.0, "y": 15.0, "z": 0.0},