{"attributes": {"name": "Mesh"}, "dva": {"x": 0.0, "y": 0.0, "z": 0.0}, "dea": {}, "dfa": {}, "vertex": {"0": {"x": 0.0, "y": 0.0, "z": 0.0}, "1": {"x": 0.0, "y": 1.0, "z": 0.0}, "2": {"x": 0.0, "y": 2.0, "z": 0.0}, "3": {"x": 0.0, "y": 3.0, "z": 0.0}, "4": {"x": 0.0, "y": 4.0, "z": 0.0}, "5": {"x": 0.0, "y": 5.0, "z": 0.0}, "6": {"x": 0.0, "y": 6.0, "z": 0.0}, "7": {"x": 0.0, "y": 7.0, "z": 0.0}, "8": {"x": 0.0, "y": 8.0, "z": 0.0}, "9": {"x": 0.0, "y": 9.0, "z": 0.0}, "10": {"x": 0.0, "y": 10.0, "z": 0.0}, "11": {"x": 0.0, "y": 11.0, "z": 0.0}, "12": {"x": 0.0, "y": 12.0, "z": 0.0}, "13": {"x": 0.0, "y": 13.0, "z": 0.0}, "14": {"x": 0.0, "y": 14.0, "z": 0.0}, "15": {"x": 0.0, "y": 15.0, "z": 0.0}, "16": {"x": 1.0, "y": 0.0, "z": 0.0}, "17": {"x": 0.9999999999999999, "y": 0.9999999999999998, "z": 0.23010098704723567}, "18": {"x": 1.0000000000000002, "y": 2.0, "z": 0.3951728462645309}, "19": {"x": 1.0000000000000002, "y": 3.0, "z": 0.4654091564215005}, "20": {"x": 1.0000000000000002, "y": 4.000000000000001, "z": 0.4645475377204858}, "21": {"x": 0.9999999999999997, "y": 4.999999999999999, "z": 0.5236058086253107}, "22": {"x": 0.9999999999999997, "y": 5.999999999999998, "z": 0.5794860407997897}, "23": {"x": 0.9999999999999998, "y": 7.0, "z": 0.5312102059469512}, "24": {"x": 1.0, "y": 8.0, "z": 0.3907306821446613}, "25": {"x": 1.0000000000000004, "y": 9.000000000000002, "z": 0.3500506330921717}, "26": {"x": 1.0, "y": 9.999999999999998, "z": 0.24448084694577094}, "27": {"x": 1.0000000000000002, "y": 10.999999999999998, "z": 0.34809674276094626}, "28": {"x": 1.0, "y": 11.999999999999995, "z": 0.4143968858365517}, "29": {"x": 0.9999999999999999, "y": 12.999999999999996, "z": 0.37608111746708744}, "30": {"x": 0.9999999999999999, "y": 13.999999999999998, "z": 0.23303207371910448}, "31": {"x": 1.0, "y": 15.0, "z": 0.0}, "32": {"x": 2.0, "y": 0.0, "z": 0.0}, "33": {"x": 1.9999999999999993, "y": 0.9999999999999999, "z": 0.38120428846960747}, "34": {"x": 2.0, "y": 2.0000000000000004, "z": 0.6601411961227779}, "35": {"x": 2.0, "y": 3.0000000000000004, "z": 0.793630259403709}, "36": {"x": 2.0000000000000004, "y": 4.000000000000001, "z": 0.8181560479488955}, "37": {"x": 1.999999999999999, "y": 4.999999999999998, "z": 0.9108751047696546}, "38": {"x": 1.999999999999999, "y": 5.999999999999995, "z": 0.9920510235885365}, "39": {"x": 1.9999999999999996, "y": 6.999999999999998, "z": 0.911161034600624}, "40": {"x": 2.0, "y": 7.999999999999999, "z": 0.6926569070847283}, "41": {"x": 2.0000000000000004, "y": 8.999999999999998, "z": 0.6147694987679739}, "42": {"x": 2.000000000000001, "y": 9.999999999999996, "z": 0.4393673517383518}, "43": {"x": 2.0000000000000013, "y": 11.0, "z": 0.5855004479645807}, "44": {"x": 2.0000000000000004, "y": 11.999999999999998, "z": 0.6729089796881108}, "45": {"x": 2.0000000000000004, "y": 12.999999999999995, "z": 0.5990941773519601}, "46": {"x": 2.0000000000000004, "y": 13.999999999999998, "z": 0.36464935796625875}, "47": {"x": 2.0, "y": 15.0, "z": 0.0}, "48": {"x": 3.0, "y": 0.0, "z": 0.0}, "49": {"x": 2.9999999999999987, "y": 0.9999999999999996, "z": 0.4514035931476859}, "50": {"x": 2.9999999999999996, "y": 1.9999999999999996, "z": 0.7634598789533299}, "51": {"x": 3.0000000000000004, "y": 3.0000000000000004, "z": 0.9743917130101329}, "52": {"x": 3.0000000000000004, "y": 4.000000000000001, "z": 1.0720465665340548}, "53": {"x": 2.9999999999999996, "y": 5.0, "z": 1.1669065274067096}, "54": {"x": 2.9999999999999996, "y": 5.999999999999998, "z": 1.1689379568125384}, "55": {"x": 2.9999999999999996, "y": 6.999999999999997, "z": 1.090293667005323}, "56": {"x": 2.999999999999999, "y": 7.9999999999999964, "z": 0.9107951065045531}, "57": {"x": 2.9999999999999996, "y": 8.999999999999996, "z": 0.7868771655227265}, "58": {"x": 3.0000000000000018, "y": 10.0, "z": 0.5859332415921943}, "59": {"x": 3.0000000000000013, "y": 11.000000000000002, "z": 0.7112917657228284}, "60": {"x": 3.0000000000000013, "y": 12.000000000000002, "z": 0.6831044177682164}, "61": {"x": 3.000000000000001, "y": 13.0, "z": 0.5648908263134294}, "62": {"x": 3.0000000000000004, "y": 13.999999999999998, "z": 0.3535469246217517}, "63": {"x": 3.0, "y": 15.0, "z": 0.0}, "64": {"x": 4.0, "y": 0.0, "z": 0.0}, "65": {"x": 4.0, "y": 0.9999999999999996, "z": 0.7392152502798406}, "66": {"x": 3.9999999999999973, "y": 1.9999999999999991, "z": 1.359923846795822}, "67": {"x": 3.9999999999999996, "y": 2.9999999999999996, "z": 1.4376802430710496}, "68": {"x": 3.999999999999999, "y": 4.0, "z": 1.256962056255302}, "69": {"x": 3.999999999999999, "y": 4.999999999999999, "z": 1.4829012723318276}, "70": {"x": 3.9999999999999996, "y": 5.999999999999999, "z": 1.986862711104687}, "71": {"x": 4.0, "y": 6.999999999999999, "z": 1.7588791099997163}, "72": {"x": 3.9999999999999987, "y": 7.999999999999997, "z": 1.0421706380832667}, "73": {"x": 4.0, "y": 8.999999999999998, "z": 0.9967847272182704}, "74": {"x": 4.000000000000002, "y": 10.000000000000002, "z": 0.6289825699158788}, "75": {"x": 4.000000000000001, "y": 11.000000000000002, "z": 1.0638777140328535}, "76": {"x": 4.000000000000001, "y": 12.000000000000002, "z": 1.7177091726888243}, "77": {"x": 4.0, "y": 13.0, "z": 1.6823635283207485}, "78": {"x": 3.9999999999999996, "y": 14.0, "z": 0.9751759459705179}, "79": {"x": 4.0, "y": 15.0, "z": 0.0}, "80": {"x": 5.0, "y": 0.0, "z": 0.0}, "81": {"x": 5.000000000000002, "y": 0.9999999999999999, "z": 0.8619449998852033}, "82": {"x": 4.999999999999999, "y": 1.9999999999999996, "z": 1.61045112599018}, "83": {"x": 5.0, "y": 2.9999999999999996, "z": 1.6307912135042892}, "84": {"x": 4.999999999999997, "y": 3.999999999999999, "z": 1.3368332520483466}, "85": {"x": 4.999999999999997, "y": 4.999999999999997, "z": 1.6146468943750676}, "86": {"x": 4.999999999999998, "y": 5.9999999999999964, "z": 2.333955918363659}, "87": {"x": 5.0, "y": 6.999999999999998, "z": 2.0273005349166984}, "88": {"x": 4.999999999999997, "y": 7.9999999999999964, "z": 1.091429777559857}, "89": {"x": 5.0, "y": 9.0, "z": 1.0759678329634692}, "90": {"x": 5.000000000000003, "y": 10.000000000000005, "z": 0.6392915203626293}, "91": {"x": 5.000000000000001, "y": 11.000000000000002, "z": 1.2087464367001506}, "92": {"x": 5.000000000000001, "y": 12.0, "z": 2.153178570014904}, "93": {"x": 5.0, "y": 12.999999999999998, "z": 2.1486953776078668}, "94": {"x": 5.0, "y": 13.999999999999998, "z": 1.224264652158124}, "95": {"x": 5.0, "y": 15.0, "z": 0.0}, "96": {"x": 6.0, "y": 0.0, "z": 0.0}, "97": {"x": 6.000000000000003, "y": 1.0000000000000002, "z": 0.8104041124115507}, "98": {"x": 6.000000000000001, "y": 1.9999999999999996, "z": 1.457533542022895}, "99": {"x": 6.0, "y": 2.999999999999999, "z": 1.5327492455480187}, "100": {"x": 5.999999999999997, "y": 3.9999999999999982, "z": 1.313725802591878}, "101": {"x": 5.999999999999999, "y": 4.9999999999999964, "z": 1.5595684411556556}, "102": {"x": 6.000000000000001, "y": 5.9999999999999964, "z": 2.06631127382707}, "103": {"x": 6.0, "y": 6.9999999999999964, "z": 1.8263099868847108}, "104": {"x": 5.999999999999997, "y": 7.9999999999999964, "z": 1.0616102452436829}, "105": {"x": 6.000000000000001, "y": 9.0, "z": 1.0148249440426869}, "106": {"x": 6.000000000000002, "y": 10.000000000000004, "z": 0.6194138312961964}, "107": {"x": 6.000000000000002, "y": 11.000000000000002, "z": 1.1400763405786272}, "108": {"x": 6.000000000000001, "y": 12.0, "z": 1.8198119521178986}, "109": {"x": 6.0, "y": 12.999999999999996, "z": 1.7882556263137297}, "110": {"x": 5.999999999999999, "y": 13.999999999999996, "z": 1.0599535956957487}, "111": {"x": 6.0, "y": 15.0, "z": 0.0}, "112": {"x": 7.0, "y": 0.0, "z": 0.0}, "113": {"x": 7.000000000000003, "y": 0.9999999999999999, "z": 0.6033744664903228}, "114": {"x": 7.000000000000003, "y": 2.0, "z": 0.9876407952529412}, "115": {"x": 7.000000000000001, "y": 2.9999999999999996, "z": 1.1798573879884815}, "116": {"x": 6.999999999999999, "y": 3.9999999999999982, "z": 1.1808544366157765}, "117": {"x": 6.999999999999999,