{"attributes": {"name": "Mesh"}, "dva": {"x": 0.0, "y": 0.0, "z": 0.0}, "dea": {}, "dfa": {}, "vertex": {"0": {"x": 0.0, "y": 0.0, "z": 0.0}, "1": {"x": 0.0, "y": 1.0, "z": 0.0}, "2": {"x": 0.0, "y": 2.0, "z": 0.0}, "3": {"x": 0.0, "y": 3.0, "z": 0.0}, "4": {"x": 0.0, "y": 4.0, "z": 0.0}, "5": {"x": 0.0, "y": 5.0, "z": 0.0}, "6": {"x": 0.0, "y": 6.0, "z": 0.0}, "7": {"x": 0.0, "y": 7.0, "z": 0.0}, "8": {"x": 0.0, "y": 8.0, "z": 0.0}, "9": {"x": 0.0, "y": 9.0, "z": 0.0}, "10": {"x": 0.0, "y": 10.0, "z": 0.0}, "11": {"x": 0.0, "y": 11.0, "z": 0.0}, "12": {"x": 0.0, "y": 12.0, "z": 0.0}, "13": {"x": 0.0, "y": 13.0, "z": 0.0}, "14": {"x": 0.0, "y": 14.0, "z": 0.0}, "15": {"x": 0.0, "y": 15.0, "z": 0.0}, "16": {"x": 1.0, "y": 0.0, "z": 0.0}, "17": {"x": 1.0000000000000002, "y": 1.0, "z": 0.29988844682437893}, "18": {"x": 1.0000000000000002, "y": 2.000000000000001, "z": 0.4655649923335268}, "19": {"x": 1.0000000000000002, "y": 3.0, "z": 0.6471491086851144}, "20": {"x": 1.0000000000000004, "y": 4.000000000000001, "z": 0.8252516392965636}, "21": {"x": 1.0000000000000007, "y": 5.000000000000002, "z": 0.7273786776514162}, "22": {"x": 1.0000000000000004, "y": 5.999999999999999, "z": 0.5677808467247345}, "23": {"x": 1.0000000000000002, "y": 7.000000000000002, "z": 0.6303391506269319}, "24": {"x": 1.0, "y": 7.999999999999998, "z": 0.7690251853485482}, "25": {"x": 1.0000000000000002, "y": 9.0, "z": 0.817214134801127}, "26": {"x": 1.0000000000000004, "y": 10.000000000000004, "z": 0.656836245743847}, "27": {"x": 0.9999999999999998, "y": 10.999999999999998, "z": 0.4265662019289289}, "28": {"x": 0.9999999999999999, "y": 12.0, "z": 0.47208077290911893}, "29": {"x": 1.0000000000000004, "y": 13.000000000000004, "z": 0.4083363656913815}, "30": {"x": 1.0000000000000002, "y": 14.000000000000002, "z": 0.5361543303319222}, "31": {"x": 1.0, "y": 15.0, "z": 0.0}, "32": {"x": 2.0, "y": 0.0, "z": 0.0}, "33": {"x": 2.0000000000000004, "y": 1.0, "z": 0.4665986017239947}, "34": {"x": 2.0, "y": 2.0, "z": 0.7954105157073539}, "35": {"x": 2.0000000000000004, "y": 3.0000000000000004, "z": 1.0528234983296612}, "36": {"x": 2.0000000000000004, "y": 4.0, "z": 1.1908182311189077}, "37": {"x": 2.000000000000001, "y": 5.000000000000001, "z": 1.1790360154337136}, "38": {"x": 2.000000000000001, "y": 6.0, "z": 1.0500966916250254}, "39": {"x": 2.0000000000000004, "y": 7.000000000000001, "z": 1.1290851258390944}, "40": {"x": 2.0, "y": 8.0, "z": 1.2386534443396526}, "41": {"x": 2.0, "y": 9.000000000000002, "z": 1.2262350393748367}, "42": {"x": 2.0000000000000004, "y": 10.000000000000004, "z": 1.067973471248318}, "43": {"x": 1.9999999999999991, "y": 11.0, "z": 0.7928906709086854}, "44": {"x": 1.9999999999999998, "y": 12.000000000000002, "z": 0.7770979935273175}, "45": {"x": 2.0000000000000004, "y": 13.000000000000007, "z": 0.6546050422706878}, "46": {"x": 2.0000000000000004, "y": 14.000000000000007, "z": 0.3975588789145665}, "47": {"x": 2.0, "y": 15.0, "z": 0.0}, "48": {"x": 3.0, "y": 0.0, "z": 0.0}, "49": {"x": 3.0000000000000004, "y": 1.0, "z": 0.6628632949393722}, "50": {"x": 3.0, "y": 1.9999999999999996, "z": 1.0740314768130579}, "51": {"x": 3.0, "y": 3.0, "z": 1.465766349746364}, "52": {"x": 3.0000000000000013, "y": 4.000000000000002, "z": 1.7509356100026199}, "53": {"x": 3.0000000000000018, "y": 5.000000000000002, "z": 1.633798555457532}, "54": {"x": 3.000000000000002, "y": 6.000000000000001, "z": 1.3414124057255714}, "55": {"x": 3.0000000000000013, "y": 7.0000000000000036, "z": 1.4746491008123523}, "56": {"x": 3.0000000000000013, "y": 8.000000000000004, "z": 1.725660199960374}, "57": {"x": 3.0000000000000013, "y": 9.000000000000002, "z": 1.7728011611590475}, "58": {"x": 3.000000000000001, "y": 10.000000000000004, "z": 1.4811328641762829}, "59": {"x": 2.9999999999999982, "y": 10.999999999999996, "z": 1.0104161830831526}, "60": {"x": 2.9999999999999996, "y": 12.0, "z": 1.0669323307501124}, "61": {"x": 3.0000000000000004, "y": 13.000000000000005, "z": 0.9222765794310764}, "62": {"x": 3.0000000000000004, "y": 14.000000000000005, "z": 0.8240892186747792}, "63": {"x": 3.0, "y": 15.0, "z": 0.0}, "64": {"x": 4.0, "y": 0.0, "z": 0.0}, "65": {"x": 4.000000000000001, "y": 1.0000000000000002, "z": 0.746682027715361}, "66": {"x": 4.0, "y": 2.0, "z": 1.2222341009264857}, "67": {"x": 4.0, "y": 3.0000000000000004, "z": 1.6653483076507476}, "68": {"x": 4.000000000000002, "y": 4.000000000000002, "z": 1.946116058320672}, "69": {"x": 4.000000000000003, "y": 5.000000000000003, "z": 1.8506811642473444}, "70": {"x": 4.000000000000004, "y": 6.000000000000004, "z": 1.5316118326178387}, "71": {"x": 4.000000000000002, "y": 7.000000000000003, "z": 1.6829408085651376}, "72": {"x": 4.000000000000003, "y": 8.000000000000005, "z": 1.955784923978768}, "73": {"x": 4.000000000000002, "y": 9.0, "z": 1.9893195045187875}, "74": {"x": 4.000000000000002, "y": 10.000000000000002, "z": 1.6813401056706903}, "75": {"x": 3.9999999999999973, "y": 10.999999999999995, "z": 1.1546940202068112}, "76": {"x": 3.999999999999999, "y": 11.999999999999998, "z": 1.2093987415651442}, "77": {"x": 3.9999999999999996, "y": 13.000000000000002, "z": 1.0496445246737205}, "78": {"x": 3.9999999999999996, "y": 14.0, "z": 0.761658465523771}, "79": {"x": 4.0, "y": 15.0, "z": 0.0}, "80": {"x": 5.0, "y": 0.0, "z": 0.0}, "81": {"x": 5.000000000000003, "y": 1.0000000000000004, "z": 0.7693309405124524}, "82": {"x": 4.999999999999999, "y": 2.0, "z": 1.246834751652639}, "83": {"x": 5.000000000000003, "y": 3.0000000000000018, "z": 1.711058635524164}, "84": {"x": 5.000000000000002, "y": 4.000000000000002, "z": 2.0389338070869356}, "85": {"x": 5.000000000000003, "y": 5.000000000000003, "z": 1.9203571017783132}, "86": {"x": 5.000000000000003, "y": 6.000000000000003, "z": 1.5810662207376052}, "87": {"x": 5.000000000000003, "y": 7.0000000000000036, "z": 1.7368799025240753}, "88": {"x": 5.0000000000000036, "y": 8.000000000000004, "z": 2.032058465819034}, "89": {"x": 5.000000000000002, "y": 9.000000000000002, "z": 2.0823212898109356}, "90": {"x": 5.000000000000002, "y": 10.000000000000002, "z": 1.7460806924678998}, "91": {"x": 4.999999999999997, "y": 10.999999999999993, "z": 1.1928551071994364}, "92": {"x": 5.0, "y": 12.000000000000002, "z": 1.253299935439596}, "93": {"x": 4.999999999999999, "y": 13.0, "z": 1.0821486892605887}, "94": {"x": 5.0, "y": 14.000000000000004, "z": 0.8745954839490258}, "95": {"x": 5.0, "y": 15.0, "z": 0.0}, "96": {"x": 6.0, "y": 0.0, "z": 0.0}, "97": {"x": 6.000000000000003, "y": 1.0000000000000004, "z": 0.7037823151226259}, "98": {"x": 6.0, "y": 2.0000000000000004, "z": 1.140758054499192}, "99": {"x": 6.000000000000004, "y": 3.0000000000000027, "z": 1.5639260709037934}, "100": {"x": 6.000000000000001, "y": 4.000000000000001, "z": 1.911536766057926}, "101": {"x": 6.000000000000003, "y": 5.0000000000000036, "z": 1.7918319322272456}, "102": {"x": 6.000000000000002, "y": 6.0000000000000036, "z": 1.5113645853195408}, "103": {"x": 6.0000000000000036, "y": 7.0000000000000036, "z": 1.6442678059057116}, "104": {"x": 6.000000000000005, "y": 8.000000000000005, "z": 1.897456543977497}, "105": {"x": 6.0000000000000036, "y": 9.000000000000005, "z": 1.9511924788377002}, "106": {"x": 6.000000000000001, "y": 10.000000000000002, "z": 1.630948607768613}, "107": {"x": 5.999999999999997, "y": 10.999999999999995, "z": 1.1427170852144561}, "108": {"x": 6.0, "y": 12.000000000000004, "z": 1.1728952458147617}, "109": {"x": 5.999999999999998, "y": 13.0, "z": 0.9885999123406348}, "110": {"x": 6.0, "y": 14.000000000000007, "z": 0.9890349502574639}, "111": {"x": 6.0, "y": 15.0, "z": 0.0}, "112": {"x": 7.0, "y": 0.0, "z": 0.0}, "113": {"x": 7.0, "y": 1.0000000000000002, "z": 0.5127599535460612}, "114": {"x": 7.000000000000001, "y": 2.000000000000001, "z": 0.902728796309608}, "115": {"x": 7.000000000000002, "y": 3.0000000000000018, "z": 1.1881069586319917}, "116": {"x": 7.000000000000002, "y": 4.000000000000001, "z": 1.351130822854658}, "117": {"x": 7.000000000000002,