{"attributes": {"name": "Mesh"}, "dva": {"x": 0.0, "y": 0.0, "z": 0.0}, "dea": {}, "dfa": {}, "vertex": {"0": {"x": 0.0, "y": 0.0, "z": 0.0}, "1": {"x": 0.0, "y": 1.0, "z": 0.0}, "2": {"x": 0.0, "y": 2.0, "z": 0.0}, "3": {"x": 0.0, "y": 3.0, "z": 0.0}, "4": {"x": 0.0, "y": 4.0, "z": 0.0}, "5": {"x": 0.0, "y": 5.0, "z": 0.0}, "6": {"x": 0.0, "y": 6.0, "z": 0.0}, "7": {"x": 0.0, "y": 7.0, "z": 0.0}, "8": {"x": 0.0, "y": 8.0, "z": 0.0}, "9": {"x": 0.0, "y": 9.0, "z": 0.0}, "10": {"x": 0.0, "y": 10.0, "z": 0.0}, "11": {"x": 0.0, "y": 11.0, "z": 0.0}, "12": {"x": 0.0, "y": 12.0, "z": 0.0}, "13": {"x": 0.0, "y": 13.0, "z": 0.0}, "14": {"x": 0.0, "y": 14.0, "z": 0.0}, "15": {"x": 0.0, "y": 15.0, "z": 0.0}, "16": {"x": 1.0, "y": 0.0, "z": 0.0}, "17": {"x": 1.0000000000000004, "y": 1.0000000000000004, "z": 0.3603784597905645}, "18": {"x": 1.0000000000000004, "y": 2.000000000000001, "z": 0.46249073055729834}, "19": {"x": 1.0000000000000002, "y": 3.000000000000001, "z": 0.7654656581701187}, "20": {"x": 1.0000000000000004, "y": 4.000000000000002, "z": 0.8152238633592046}, "21": {"x": 1.0000000000000009, "y": 5.000000000000003, "z": 0.6180402483925848}, "22": {"x": 1.0000000000000018, "y": 6.000000000000005, "z": 0.25553040644474356}, "23": {"x": 1.0000000000000013, "y": 7.0000000000000036, "z": 0.7341859534637183}, "24": {"x": 1.0000000000000007, "y": 8.000000000000002, "z": 1.0074808602772078}, "25": {"x": 1.0000000000000004, "y": 9.000000000000002, "z": 1.040963976899272}, "26": {"x": 1.0000000000000002, "y": 10.0, "z": 1.0025299097832763}, "27": {"x": 1.0, "y": 10.999999999999996, "z": 1.0175721415074206}, "28": {"x": 1.0000000000000007, "y": 12.000000000000002, "z": 0.7855740858745442}, "29": {"x": 1.0000000000000004, "y": 13.000000000000002, "z": 0.7329312691019032}, "30": {"x": 1.0000000000000004, "y": 14.000000000000002, "z": 0.48237611758611293}, "31": {"x": 1.0, "y": 15.0, "z": 0.0}, "32": {"x": 2.0, "y": 0.0, "z": 0.0}, "33": {"x": 2.0000000000000004, "y": 1.0000000000000009, "z": 0.42048834234311827}, "34": {"x": 2.0000000000000004, "y": 2.0000000000000013, "z": 0.6400769330189058}, "35": {"x": 2.0000000000000004, "y": 3.0000000000000018, "z": 0.8899984290634525}, "36": {"x": 2.000000000000001, "y": 4.0000000000000036, "z": 0.9393156212973867}, "37": {"x": 2.0000000000000013, "y": 5.000000000000004, "z": 0.7880615465128706}, "38": {"x": 2.0000000000000027, "y": 6.000000000000007, "z": 0.46431459508649603}, "39": {"x": 2.0000000000000018, "y": 7.000000000000006, "z": 0.9564811344160439}, "40": {"x": 2.000000000000001, "y": 8.000000000000004, "z": 1.2667893754191555}, "41": {"x": 2.000000000000001, "y": 9.0, "z": 1.3848182215444804}, "42": {"x": 2.0000000000000004, "y": 9.999999999999998, "z": 1.3861644080889963}, "43": {"x": 2.0000000000000004, "y": 10.999999999999998, "z": 1.344799915204345}, "44": {"x": 2.000000000000001, "y": 11.999999999999998, "z": 1.1154249964659162}, "45": {"x": 2.000000000000001, "y": 13.000000000000002, "z": 0.924178543843069}, "46": {"x": 2.0000000000000004, "y": 14.0, "z": 0.5587027661201833}, "47": {"x": 2.0, "y": 15.0, "z": 0.0}, "48": {"x": 3.0, "y": 0.0, "z": 0.0}, "49": {"x": 3.0000000000000004, "y": 1.0000000000000009, "z": 0.3526634015663218}, "50": {"x": 3.0000000000000013, "y": 2.000000000000002, "z": 0.6156190334077284}, "51": {"x": 3.0000000000000013, "y": 3.0000000000000027, "z": 0.7551161790174695}, "52": {"x": 3.0000000000000013, "y": 4.000000000000003, "z": 0.8035959167903085}, "53": {"x": 3.0000000000000013, "y": 5.000000000000003, "z": 0.7591654623117017}, "54": {"x": 3.0000000000000027, "y": 6.000000000000005, "z": 0.611120532207165}, "55": {"x": 3.000000000000003, "y": 7.000000000000006, "z": 0.9365927719936541}, "56": {"x": 3.0000000000000027, "y": 8.000000000000005, "z": 1.1667839624278766}, "57": {"x": 3.000000000000002, "y": 9.000000000000004, "z": 1.306514215624037}, "58": {"x": 3.0000000000000018, "y": 10.000000000000004, "z": 1.338971203691386}, "59": {"x": 3.0000000000000013, "y": 11.000000000000002, "z": 1.261486132479934}, "60": {"x": 3.0000000000000018, "y": 12.000000000000002, "z": 1.098141655940217}, "61": {"x": 3.0000000000000004, "y": 12.999999999999998, "z": 0.8274684358511301}, "62": {"x": 3.0000000000000004, "y": 13.999999999999998, "z": 0.46105801170470706}, "63": {"x": 3.0, "y": 15.0, "z": 0.0}, "64": {"x": 4.0, "y": 0.0, "z": 0.0}, "65": {"x": 4.000000000000003, "y": 1.000000000000002, "z": 0.5662449825046657}, "66": {"x": 4.000000000000004, "y": 2.000000000000004, "z": 0.7096837229747704}, "67": {"x": 4.000000000000005, "y": 3.0000000000000053, "z": 1.2301939444332957}, "68": {"x": 4.000000000000005, "y": 4.000000000000005, "z": 1.345976466668621}, "69": {"x": 4.000000000000004, "y": 5.000000000000005, "z": 1.0847541967328052}, "70": {"x": 4.0000000000000036, "y": 6.000000000000005, "z": 0.6598504256325922}, "71": {"x": 4.000000000000004, "y": 7.000000000000006, "z": 1.2984299645787236}, "72": {"x": 4.000000000000004, "y": 8.000000000000005, "z": 1.6567056233401667}, "73": {"x": 4.000000000000004, "y": 9.000000000000005, "z": 1.6266005023604424}, "74": {"x": 4.0000000000000036, "y": 10.000000000000005, "z": 1.5500274927678075}, "75": {"x": 4.0000000000000036, "y": 11.000000000000004, "z": 1.6024442749063956}, "76": {"x": 4.000000000000004, "y": 12.000000000000004, "z": 1.213876993315702}, "77": {"x": 4.0000000000000036, "y": 13.000000000000007, "z": 1.120694667557911}, "78": {"x": 4.000000000000001, "y": 14.000000000000002, "z": 0.733736500005009}, "79": {"x": 4.0, "y": 15.0, "z": 0.0}, "80": {"x": 5.0, "y": 0.0, "z": 0.0}, "81": {"x": 5.0000000000000036, "y": 1.0000000000000027, "z": 0.2921057141787979}, "82": {"x": 5.000000000000007, "y": 2.000000000000005, "z": 0.5254182398337888}, "83": {"x": 5.000000000000009, "y": 3.0000000000000075, "z": 0.6575158400752523}, "84": {"x": 5.000000000000009, "y": 4.000000000000008, "z": 0.7297095185648319}, "85": {"x": 5.000000000000008, "y": 5.000000000000008, "z": 0.7396960438175496}, "86": {"x": 5.000000000000005, "y": 6.000000000000007, "z": 0.6741494737502979}, "87": {"x": 5.000000000000006, "y": 7.000000000000009, "z": 0.887541584199837}, "88": {"x": 5.000000000000006, "y": 8.00000000000001, "z": 1.0334837365504599}, "89": {"x": 5.000000000000007, "y": 9.000000000000012, "z": 1.1197550850251747}, "90": {"x": 5.000000000000006, "y": 10.000000000000012, "z": 1.1245586151259184}, "91": {"x": 5.000000000000005, "y": 11.000000000000009, "z": 1.0406720055833154}, "92": {"x": 5.000000000000005, "y": 12.000000000000007, "z": 0.9020338318024902}, "93": {"x": 5.0000000000000036, "y": 13.000000000000004, "z": 0.6681392495215763}, "94": {"x": 5.000000000000002, "y": 14.0, "z": 0.366638319876192}, "95": {"x": 5.0, "y": 15.0, "z": 0.0}, "96": {"x": 6.0, "y": 0.0, "z": 0.0}, "97": {"x": 6.000000000000001, "y": 1.000000000000002, "z": 0.9481708706861655}, "98": {"x": 6.000000000000003, "y": 2.000000000000003, "z": 0.6829449293711355}, "99": {"x": 6.000000000000004, "y": 3.0000000000000053, "z": 2.030773043945575}, "100": {"x": 6.0000000000000036, "y": 4.000000000000004, "z": 2.236726703032727}, "101": {"x": 6.000000000000003, "y": 5.000000000000004, "z": 1.4444317818926102}, "102": {"x": 6.0000000000000036, "y": 6.000000000000005, "z": 0.568324417059747}, "103": {"x": 6.0000000000000036, "y": 7.000000000000005, "z": 1.7401432572958884}, "104": {"x": 6.000000000000004, "y": 8.000000000000007, "z": 2.3382470815389933}, "105": {"x": 6.000000000000005, "y": 9.000000000000009, "z": 1.8150281170662697}, "106": {"x": 6.000000000000005, "y": 10.00000000000001, "z": 1.531584554658233}, "107": {"x": 6.000000000000005, "y": 11.00000000000001, "z": 2.0281035159367047}, "108": {"x": 6.000000000000005, "y": 12.000000000000009, "z": 1.1088658689381827}, "109": {"x": 6.000000000000003, "y": 13.000000000000005, "z": 1.4850948716840138}, "110": {"x": 6.0, "y": 14.0, "z": 1.1739963303001446}, "111": {"x": 6.0, "y": 15.0, "z": 0.0}, "112": {"x": 7.0, "y": 0.0, "z": 0.0},