{"attributes": {"name": "Mesh"}, "dva": {"x": 0.0, "y": 0.0, "z": 0.0}, "dea": {}, "dfa": {}, "vertex": {"0": {"x": 0.0, "y": 0.0, "z": 0.0}, "1": {"x": 0.0, "y": 1.0, "z": 0.0}, "2": {"x": 0.0, "y": 2.0, "z": 0.0}, "3": {"x": 0.0, "y": 3.0, "z": 0.0}, "4": {"x": 0.0, "y": 4.0, "z": 0.0}, "5": {"x": 0.0, "y": 5.0, "z": 0.0}, "6": {"x": 0.0, "y": 6.0, "z": 0.0}, "7": {"x": 0.0, "y": 7.0, "z": 0.0}, "8": {"x": 0.0, "y": 8.0, "z": 0.0}, "9": {"x": 0.0, "y": 9.0, "z": 0.0}, "10": {"x": 0.0, "y": 10.0, "z": 0.0}, "11": {"x": 0.0, "y": 11.0, "z": 0.0}, "12": {"x": 0.0, "y": 12.0, "z": 0.0}, "13": {"x": 0.0, "y": 13.0, "z": 0.0}, "14": {"x": 0.0, "y": 14.0, "z": 0.0}, "15": {"x": 0.0, "y": 15.0, "z": 0.0}, "16": {"x": 1.0, "y": 0.0, "z": 0.0}, "17": {"x": 1.0000000000000004, "y": 1.0, "z": 0.2095274254803425}, "18": {"x": 1.0, "y": 2.0, "z": 0.4676125472135033}, "19": {"x": 0.9999999999999998, "y": 3.0000000000000004, "z": 0.5180042242320227}, "20": {"x": 1.0, "y": 4.000000000000002, "z": 0.6525790108496214}, "21": {"x": 1.0000000000000004, "y": 5.0000000000000036, "z": 0.6411483724202127}, "22": {"x": 1.0000000000000002, "y": 6.000000000000002, "z": 0.5120235216069117}, "23": {"x": 1.0, "y": 6.999999999999998, "z": 0.30773124926489104}, "24": {"x": 1.0000000000000004, "y": 8.0, "z": 0.23044303158519833}, "25": {"x": 1.0000000000000002, "y": 9.000000000000002, "z": 0.29834236088370125}, "26": {"x": 0.9999999999999999, "y": 9.999999999999998, "z": 0.17539851245732963}, "27": {"x": 0.9999999999999998, "y": 11.0, "z": 0.09590666752960637}, "28": {"x": 0.9999999999999996, "y": 11.999999999999998, "z": 0.1455802249025021}, "29": {"x": 0.9999999999999998, "y": 13.0, "z": 0.27772193062374984}, "30": {"x": 0.9999999999999999, "y": 14.0, "z": 0.2734318507160036}, "31": {"x": 1.0, "y": 15.0, "z": 0.0}, "32": {"x": 2.0, "y": 0.0, "z": 0.0}, "33": {"x": 2.000000000000001, "y": 1.0, "z": 0.33037811001948414}, "34": {"x": 1.9999999999999998, "y": 1.9999999999999998, "z": 0.6694165396820428}, "35": {"x": 1.9999999999999993, "y": 2.9999999999999996, "z": 0.8077208049268202}, "36": {"x": 1.9999999999999998, "y": 4.000000000000001, "z": 0.9670035613883432}, "37": {"x": 1.9999999999999998, "y": 5.000000000000001, "z": 0.9608129937980967}, "38": {"x": 2.0000000000000004, "y": 6.000000000000001, "z": 0.8029181684462469}, "39": {"x": 2.0, "y": 7.0, "z": 0.5344049845164286}, "40": {"x": 2.000000000000001, "y": 8.000000000000004, "z": 0.4118323028065643}, "41": {"x": 2.0000000000000004, "y": 9.000000000000002, "z": 0.46110214074700334}, "42": {"x": 1.9999999999999998, "y": 9.999999999999998, "z": 0.305830338177093}, "43": {"x": 1.9999999999999993, "y": 11.0, "z": 0.17823477021037504}, "44": {"x": 1.9999999999999996, "y": 12.0, "z": 0.24570871644764644}, "45": {"x": 1.9999999999999996, "y": 13.0, "z": 0.3755962867467847}, "46": {"x": 1.9999999999999993, "y": 13.999999999999998, "z": 0.30247297203965706}, "47": {"x": 2.0, "y": 15.0, "z": 0.0}, "48": {"x": 3.0, "y": 0.0, "z": 0.0}, "49": {"x": 3.0000000000000013, "y": 1.0, "z": 0.3720690659190954}, "50": {"x": 2.9999999999999996, "y": 1.9999999999999993, "z": 0.7852683009328194}, "51": {"x": 2.9999999999999987, "y": 2.9999999999999987, "z": 0.9028768148704431}, "52": {"x": 2.999999999999999, "y": 3.999999999999999, "z": 1.1111814174157064}, "53": {"x": 2.999999999999999, "y": 4.999999999999999, "z": 1.1112345004704967}, "54": {"x": 2.9999999999999996, "y": 5.999999999999999, "z": 0.9450076637599093}, "55": {"x": 3.0, "y": 7.000000000000001, "z": 0.6670797262933681}, "56": {"x": 3.0000000000000013, "y": 8.000000000000004, "z": 0.5348416122690374}, "57": {"x": 3.0000000000000013, "y": 9.000000000000002, "z": 0.5935523519613802}, "58": {"x": 3.0000000000000004, "y": 10.0, "z": 0.3921624362217834}, "59": {"x": 2.9999999999999987, "y": 10.999999999999996, "z": 0.2428057777240708}, "60": {"x": 2.999999999999999, "y": 11.999999999999996, "z": 0.30029547258733646}, "61": {"x": 2.9999999999999996, "y": 12.999999999999996, "z": 0.4446536370458846}, "62": {"x": 3.0, "y": 14.0, "z": 0.417043314686999}, "63": {"x": 3.0, "y": 15.0, "z": 0.0}, "64": {"x": 4.0, "y": 0.0, "z": 0.0}, "65": {"x": 4.000000000000001, "y": 0.9999999999999997, "z": 0.3305186594977225}, "66": {"x": 4.0, "y": 1.9999999999999987, "z": 0.6034126154469085}, "67": {"x": 3.999999999999999, "y": 2.9999999999999982, "z": 0.7839766115932328}, "68": {"x": 3.999999999999999, "y": 3.999999999999998, "z": 0.9010698860121124}, "69": {"x": 3.9999999999999996, "y": 4.999999999999998, "z": 0.9278585775280169}, "70": {"x": 4.0, "y": 5.999999999999998, "z": 0.8652682632812445}, "71": {"x": 4.000000000000001, "y": 7.0, "z": 0.7244181785528621}, "72": {"x": 4.000000000000002, "y": 8.000000000000002, "z": 0.6107847514973535}, "73": {"x": 4.0, "y": 9.0, "z": 0.5679936011650383}, "74": {"x": 3.9999999999999982, "y": 9.999999999999995, "z": 0.4346876782353267}, "75": {"x": 3.9999999999999982, "y": 10.999999999999995, "z": 0.29351953422063}, "76": {"x": 3.9999999999999982, "y": 11.999999999999991, "z": 0.31237719560384836}, "77": {"x": 4.0, "y": 12.999999999999996, "z": 0.30935401912472676}, "78": {"x": 4.0, "y": 13.999999999999998, "z": 0.20154494463635506}, "79": {"x": 4.0, "y": 15.0, "z": 0.0}, "80": {"x": 5.0, "y": 0.0, "z": 0.0}, "81": {"x": 5.000000000000001, "y": 0.9999999999999996, "z": 0.2621703799274763}, "82": {"x": 5.0, "y": 1.9999999999999993, "z": 0.45596763910072563}, "83": {"x": 5.000000000000001, "y": 3.0, "z": 0.6142400739931351}, "84": {"x": 5.000000000000002, "y": 4.0, "z": 0.7015760597141667}, "85": {"x": 5.000000000000002, "y": 5.0, "z": 0.7474233558282646}, "86": {"x": 5.000000000000001, "y": 6.000000000000001, "z": 0.7500984681116513}, "87": {"x": 5.0, "y": 6.999999999999998, "z": 0.7076467074750609}, "88": {"x": 5.0, "y": 7.9999999999999964, "z": 0.6275681997582314}, "89": {"x": 4.999999999999998, "y": 8.999999999999995, "z": 0.5494029234051555}, "90": {"x": 4.999999999999997, "y": 9.999999999999993, "z": 0.4414658609236188}, "91": {"x": 4.999999999999998, "y": 10.999999999999993, "z": 0.31775300409093343}, "92": {"x": 4.999999999999999, "y": 11.999999999999993, "z": 0.2976556982097407}, "93": {"x": 4.999999999999998, "y": 12.999999999999991, "z": 0.23366818540492285}, "94": {"x": 5.0, "y": 13.999999999999993, "z": 0.13145601235854693}, "95": {"x": 5.0, "y": 15.0, "z": 0.0}, "96": {"x": 6.0, "y": 0.0, "z": 0.0}, "97": {"x": 6.000000000000002, "y": 0.9999999999999996, "z": 0.3032158090710845}, "98": {"x": 6.000000000000002, "y": 2.0, "z": 0.5445865427589234}, "99": {"x": 6.000000000000001, "y": 2.999999999999999, "z": 0.7159899367006504}, "100": {"x": 6.000000000000002, "y": 3.999999999999999, "z": 0.8207719449142324}, "101": {"x": 6.000000000000001, "y": 4.999999999999998, "z": 0.8539262935786907}, "102": {"x": 5.999999999999998, "y": 5.9999999999999964, "z": 0.8149715908010714}, "103": {"x": 5.999999999999999, "y": 6.9999999999999964, "z": 0.7101917109920682}, "104": {"x": 5.999999999999999, "y": 7.9999999999999964, "z": 0.609185923991662}, "105": {"x": 5.999999999999998, "y": 8.999999999999995, "z": 0.5539055335791502}, "106": {"x": 5.999999999999997, "y": 9.999999999999993, "z": 0.43106807003385883}, "107": {"x": 6.0, "y": 10.999999999999996, "z": 0.2976242611702495}, "108": {"x": 6.000000000000002, "y": 12.0, "z": 0.302972907363336}, "109": {"x": 6.000000000000003, "y": 13.000000000000004, "z": 0.27856685872028847}, "110": {"x": 6.0000000000000036, "y": 14.000000000000005, "z": 0.1728651480703211}, "111": {"x": 6.0, "y": 15.0, "z": 0.0}, "112": {"x": 7.0, "y": 0.0, "z": 0.0}, "113": {"x": 7.000000000000001, "y": 0.9999999999999996, "z": 0.3440518546379181}, "114": {"x": 7.0, "y": 1.9999999999999993, "z": 0.7471817605558319}, "115": {"x": 6.999999999999998, "y": 2.9999999999999987, "z": 0.8309433273844042}, "116": {"x": 7.0, "y": 3.999999999999999, "z": 1.0432985036007083}, "117": {"x": 7.000000000000001, "y": 5.0, "z": 1.0472337403976517},