{"attributes": {"name": "Mesh"}, "dva": {"x": 0.0, "y": 0.0, "z": 0.0}, "dea": {}, "dfa": {}, "vertex": {"0": {"x": 0.0, "y": 0.0, "z": 0.0}, "1": {"x": 0.0, "y": 1.0, "z": 0.0}, "2": {"x": 0.0, "y": 2.0, "z": 0.0}, "3": {"x": 0.0, "y": 3.0, "z": 0.0}, "4": {"x": 0.0, "y": 4.0, "z": 0.0}, "5": {"x": 0.0, "y": 5.0, "z": 0.0}, "6": {"x": 0.0, "y": 6.0, "z": 0.0}, "7": {"x": 0.0, "y": 7.0, "z": 0.0}, "8": {"x": 0.0, "y": 8.0, "z": 0.0}, "9": {"x": 0.0, "y": 9.0, "z": 0.0}, "10": {"x": 0.0, "y": 10.0, "z": 0.0}, "11": {"x": 0.0, "y": 11.0, "z": 0.0}, "12": {"x": 0.0, "y": 12.0, "z": 0.0}, "13": {"x": 0.0, "y": 13.0, "z": 0.0}, "14": {"x": 0.0, "y": 14.0, "z": 0.0}, "15": {"x": 0.0, "y": 15.0, "z": 0.0}, "16": {"x": 1.0, "y": 0.0, "z": 0.0}, "17": {"x": 1.0, "y": 0.9999999999999991, "z": 0.293158504658706}, "18": {"x": 0.9999999999999998, "y": 1.999999999999998, "z": 0.39329758645566937}, "19": {"x": 0.9999999999999997, "y": 2.999999999999998, "z": 0.8906733114096925}, "20": {"x": 0.9999999999999994, "y": 3.9999999999999956, "z": 0.25784446385147647}, "21": {"x": 0.9999999999999991, "y": 4.999999999999994, "z": 0.26697252008398414}, "22": {"x": 0.9999999999999987, "y": 5.999999999999992, "z": 0.6573055386431366}, "23": {"x": 0.9999999999999984, "y": 6.999999999999991, "z": 0.24512245987735984}, "24": {"x": 0.9999999999999977, "y": 7.999999999999988, "z": 0.673956100505967}, "25": {"x": 0.9999999999999976, "y": 8.999999999999986, "z": 0.3410684081641065}, "26": {"x": 0.9999999999999968, "y": 9.999999999999984, "z": 0.36016976361645814}, "27": {"x": 0.9999999999999978, "y": 10.999999999999988, "z": 0.30610609539987915}, "28": {"x": 0.9999999999999982, "y": 11.99999999999999, "z": 0.3358986904980949}, "29": {"x": 0.9999999999999989, "y": 12.999999999999998, "z": 0.23472607788385774}, "30": {"x": 0.9999999999999993, "y": 14.0, "z": 0.06761052734725634}, "31": {"x": 1.0, "y": 15.0, "z": 0.0}, "32": {"x": 2.0, "y": 0.0, "z": 0.0}, "33": {"x": 2.0, "y": 0.9999999999999979, "z": 0.09158756055642725}, "34": {"x": 2.0, "y": 1.9999999999999958, "z": 0.1738145109465935}, "35": {"x": 1.9999999999999996, "y": 2.9999999999999942, "z": 0.24488452866495802}, "36": {"x": 1.9999999999999991, "y": 3.999999999999992, "z": 0.3088999545493662}, "37": {"x": 1.9999999999999984, "y": 4.9999999999999885, "z": 0.3546584737565971}, "38": {"x": 1.9999999999999978, "y": 5.999999999999985, "z": 0.38253579261540493}, "39": {"x": 1.999999999999997, "y": 6.9999999999999805, "z": 0.4025528351031934}, "40": {"x": 1.9999999999999956, "y": 7.999999999999976, "z": 0.39543953416383526}, "41": {"x": 1.9999999999999951, "y": 8.999999999999973, "z": 0.3802712448821253}, "42": {"x": 1.9999999999999944, "y": 9.999999999999972, "z": 0.34983929251895407}, "43": {"x": 1.9999999999999956, "y": 10.999999999999975, "z": 0.30659853191292924}, "44": {"x": 1.9999999999999962, "y": 11.999999999999982, "z": 0.2491804711704874}, "45": {"x": 1.9999999999999973, "y": 12.99999999999999, "z": 0.18048285257390412}, "46": {"x": 1.9999999999999987, "y": 13.999999999999996, "z": 0.10020622317734798}, "47": {"x": 2.0, "y": 15.0, "z": 0.0}, "48": {"x": 3.0, "y": 0.0, "z": 0.0}, "49": {"x": 3.0000000000000004, "y": 0.9999999999999987, "z": 0.3826061573430181}, "50": {"x": 3.0000000000000013, "y": 1.9999999999999978, "z": 0.643797922933655}, "51": {"x": 3.0000000000000018, "y": 2.999999999999997, "z": 0.7983454042616213}, "52": {"x": 3.0000000000000013, "y": 3.9999999999999947, "z": 0.8185878322739099}, "53": {"x": 3.0, "y": 4.999999999999991, "z": 0.86188743473916}, "54": {"x": 2.9999999999999996, "y": 5.999999999999989, "z": 0.9281484389136557}, "55": {"x": 2.9999999999999996, "y": 6.9999999999999885, "z": 0.8650022486142684}, "56": {"x": 2.9999999999999987, "y": 7.999999999999988, "z": 0.9906564402927772}, "57": {"x": 2.999999999999998, "y": 8.999999999999984, "z": 0.9892561517975581}, "58": {"x": 2.9999999999999973, "y": 9.999999999999984, "z": 0.9613031429096266}, "59": {"x": 2.999999999999997, "y": 10.99999999999998, "z": 0.8740347248804157}, "60": {"x": 2.999999999999998, "y": 11.999999999999986, "z": 0.74821742474335}, "61": {"x": 2.999999999999998, "y": 12.999999999999988, "z": 0.5349764330104476}, "62": {"x": 2.9999999999999987, "y": 13.999999999999995, "z": 0.2372924345163922}, "63": {"x": 3.0, "y": 15.0, "z": 0.0}, "64": {"x": 4.0, "y": 0.0, "z": 0.0}, "65": {"x": 4.000000000000002, "y": 0.9999999999999993, "z": 0.625948987805801}, "66": {"x": 4.000000000000002, "y": 1.999999999999999, "z": 1.0070251386380646}, "67": {"x": 4.000000000000003, "y": 2.9999999999999982, "z": 1.3712406795051644}, "68": {"x": 4.000000000000003, "y": 3.9999999999999964, "z": 1.1327875752655843}, "69": {"x": 4.000000000000002, "y": 4.999999999999994, "z": 1.1852402368481008}, "70": {"x": 4.000000000000002, "y": 5.999999999999993, "z": 1.434499696617407}, "71": {"x": 4.000000000000002, "y": 6.999999999999991, "z": 1.1663848044697283}, "72": {"x": 4.0, "y": 7.99999999999999, "z": 1.5230848148256626}, "73": {"x": 4.0, "y": 8.999999999999988, "z": 1.3846798328317496}, "74": {"x": 3.9999999999999982, "y": 9.999999999999986, "z": 1.3612872098944293}, "75": {"x": 3.9999999999999973, "y": 10.999999999999982, "z": 1.2308388040135054}, "76": {"x": 3.9999999999999987, "y": 11.999999999999991, "z": 1.0942222391912226}, "77": {"x": 4.0, "y": 12.999999999999996, "z": 0.7808248432865912}, "78": {"x": 3.999999999999999, "y": 13.999999999999998, "z": 0.3253343680551841}, "79": {"x": 4.0, "y": 15.0, "z": 0.0}, "80": {"x": 5.0, "y": 0.0, "z": 0.0}, "81": {"x": 5.0000000000000036, "y": 1.0000000000000002, "z": 0.4828821871193729}, "82": {"x": 5.000000000000003, "y": 1.9999999999999998, "z": 0.84703538698824}, "83": {"x": 5.000000000000003, "y": 2.999999999999999, "z": 1.0854752234020826}, "84": {"x": 5.000000000000003, "y": 3.9999999999999987, "z": 1.2257758204989488}, "85": {"x": 5.000000000000003, "y": 4.999999999999997, "z": 1.316999682414275}, "86": {"x": 5.0000000000000036, "y": 5.999999999999996, "z": 1.3835791488633027}, "87": {"x": 5.0000000000000036, "y": 6.9999999999999964, "z": 1.3542395759707504}, "88": {"x": 5.000000000000002, "y": 7.999999999999995, "z": 1.4648373445499872}, "89": {"x": 5.000000000000001, "y": 8.999999999999993, "z": 1.4789331394822962}, "90": {"x": 4.999999999999999, "y": 9.999999999999991, "z": 1.426199945759824}, "91": {"x": 4.999999999999998, "y": 10.99999999999999, "z": 1.2934026398307528}, "92": {"x": 4.999999999999998, "y": 11.999999999999991, "z": 1.084173024735824}, "93": {"x": 4.999999999999999, "y": 12.999999999999995, "z": 0.7777413170420301}, "94": {"x": 5.0, "y": 14.000000000000004, "z": 0.3746783903509972}, "95": {"x": 5.0, "y": 15.0, "z": 0.0}, "96": {"x": 6.0, "y": 0.0, "z": 0.0}, "97": {"x": 6.000000000000002, "y": 1.0000000000000002, "z": 0.6850765587533514}, "98": {"x": 6.000000000000003, "y": 2.0000000000000004, "z": 1.0839911915722604}, "99": {"x": 6.000000000000001, "y": 3.0, "z": 1.7641949553604515}, "100": {"x": 6.000000000000003, "y": 4.0, "z": 1.2655873491729595}, "101": {"x": 6.000000000000003, "y": 4.999999999999999, "z": 1.3455341847796458}, "102": {"x": 6.0000000000000036, "y": 5.999999999999998, "z": 1.7738274955950961}, "103": {"x": 6.000000000000007, "y": 7.000000000000003, "z": 1.345985639943702}, "104": {"x": 6.000000000000006, "y": 8.000000000000004, "z": 1.8585430534091405}, "105": {"x": 6.000000000000004, "y": 8.999999999999998, "z": 1.5537870374888652}, "106": {"x": 6.000000000000004, "y": 10.0, "z": 1.5333563223362954}, "107": {"x": 6.000000000000001, "y": 10.999999999999996, "z": 1.3738918948113414}, "108": {"x": 5.999999999999999, "y": 11.999999999999995, "z": 1.2290922701956535}, "109": {"x": 6.0, "y": 13.000000000000002, "z": 0.8756231726009319}, "110": {"x": 6.000000000000002, "y": 14.000000000000007, "z": 0.3769731150360762}, "111": {"x": 6.0, "y": 15.0, "z": 0.0}, "112": {"x": 7.0, "y": 0.0, "z": 0.0}, "113": {"x": 7.0, "y": 1.0000000000000002, "z": 0.41116998224088463},