{"attributes": {"name": "Mesh"}, "dva": {"x": 0.0, "y": 0.0, "z": 0.0}, "dea": {}, "dfa": {}, "vertex": {"0": {"x": 0.0, "y": 0.0, "z": 0.0}, "1": {"x": 0.0, "y": 1.0, "z": 0.0}, "2": {"x": 0.0, "y": 2.0, "z": 0.0}, "3": {"x": 0.0, "y": 3.0, "z": 0.0}, "4": {"x": 0.0, "y": 4.0, "z": 0.0}, "5": {"x": 0.0, "y": 5.0, "z": 0.0}, "6": {"x": 0.0, "y": 6.0, "z": 0.0}, "7": {"x": 0.0, "y": 7.0, "z": 0.0}, "8": {"x": 0.0, "y": 8.0, "z": 0.0}, "9": {"x": 0.0, "y": 9.0, "z": 0.0}, "10": {"x": 0.0, "y": 10.0, "z": 0.0}, "11": {"x": 0.0, "y": 11.0, "z": 0.0}, "12": {"x": 0.0, "y": 12.0, "z": 0.0}, "13": {"x": 0.0, "y": 13.0, "z": 0.0}, "14": {"x": 0.0, "y": 14.0, "z": 0.0}, "15": {"x": 0.0, "y": 15.0, "z": 0.0}, "16": {"x": 1.0, "y": 0.0, "z": 0.0}, "17": {"x": 1.0000000000000002, "y": 1.0000000000000002, "z": 0.21184169401256428}, "18": {"x": 1.0000000000000002, "y": 2.0000000000000004, "z": 0.3064754435698107}, "19": {"x": 1.0000000000000004, "y": 3.0, "z": 0.5138055855595026}, "20": {"x": 1.0000000000000004, "y": 4.0, "z": 0.5562564527725141}, "21": {"x": 1.0000000000000004, "y": 5.0, "z": 0.43400462745222673}, "22": {"x": 1.0000000000000004, "y": 6.0, "z": 0.4726220008850108}, "23": {"x": 1.0000000000000004, "y": 6.999999999999999, "z": 0.3741438352578183}, "24": {"x": 1.0000000000000004, "y": 8.0, "z": 0.46309772718542497}, "25": {"x": 1.0000000000000004, "y": 8.999999999999998, "z": 0.34922561566871396}, "26": {"x": 1.0000000000000007, "y": 10.000000000000004, "z": 0.3633222571238814}, "27": {"x": 1.0000000000000007, "y": 11.000000000000002, "z": 0.38683168659333883}, "28": {"x": 1.0000000000000004, "y": 11.999999999999998, "z": 0.44360792779846536}, "29": {"x": 1.0000000000000002, "y": 12.999999999999996, "z": 0.36502204023980894}, "30": {"x": 1.0, "y": 13.999999999999996, "z": 0.13061156561211476}, "31": {"x": 1.0, "y": 15.0, "z": 0.0}, "32": {"x": 2.0, "y": 0.0, "z": 0.0}, "33": {"x": 2.0000000000000004, "y": 1.0000000000000004, "z": 0.13551620285444138}, "34": {"x": 2.000000000000001, "y": 2.000000000000001, "z": 0.2561271065269984}, "35": {"x": 2.000000000000001, "y": 3.0000000000000018, "z": 0.3537949368923926}, "36": {"x": 2.0000000000000013, "y": 4.000000000000002, "z": 0.43799034234488987}, "37": {"x": 2.0000000000000013, "y": 5.000000000000001, "z": 0.5085892315688867}, "38": {"x": 2.000000000000001, "y": 6.000000000000001, "z": 0.552768413223307}, "39": {"x": 2.000000000000001, "y": 7.0, "z": 0.5816427454314343}, "40": {"x": 2.0000000000000004, "y": 7.999999999999998, "z": 0.5781759080001411}, "41": {"x": 2.0000000000000004, "y": 8.999999999999996, "z": 0.5617691316914392}, "42": {"x": 2.0000000000000004, "y": 9.999999999999998, "z": 0.5157238241876868}, "43": {"x": 2.000000000000001, "y": 11.0, "z": 0.44779657756978675}, "44": {"x": 2.0000000000000013, "y": 12.000000000000004, "z": 0.3592926434114636}, "45": {"x": 2.000000000000001, "y": 13.000000000000002, "z": 0.2566874237748302}, "46": {"x": 2.0000000000000004, "y": 14.000000000000002, "z": 0.14063492643832254}, "47": {"x": 2.0, "y": 15.0, "z": 0.0}, "48": {"x": 3.0, "y": 0.0, "z": 0.0}, "49": {"x": 3.0000000000000004, "y": 1.0000000000000009, "z": 0.3302006279823251}, "50": {"x": 3.000000000000001, "y": 2.0000000000000013, "z": 0.5998726140638072}, "51": {"x": 3.0000000000000013, "y": 3.0000000000000013, "z": 0.8004801423491031}, "52": {"x": 3.0000000000000013, "y": 4.000000000000001, "z": 0.944289235487985}, "53": {"x": 3.0000000000000018, "y": 5.0, "z": 1.0324655732647605}, "54": {"x": 3.0000000000000013, "y": 5.999999999999998, "z": 1.0681973190280432}, "55": {"x": 3.0000000000000013, "y": 6.999999999999999, "z": 1.0550452631845078}, "56": {"x": 3.0000000000000018, "y": 7.999999999999998, "z": 1.0465993321572071}, "57": {"x": 3.000000000000002, "y": 9.0, "z": 0.9916915483626025}, "58": {"x": 3.0000000000000027, "y": 10.000000000000002, "z": 0.9477662988059489}, "59": {"x": 3.0000000000000018, "y": 11.0, "z": 0.8709191735434759}, "60": {"x": 3.000000000000001, "y": 11.999999999999998, "z": 0.7398118760533584}, "61": {"x": 3.0000000000000004, "y": 12.999999999999996, "z": 0.5504025776088964}, "62": {"x": 2.9999999999999996, "y": 13.999999999999998, "z": 0.3028332153561164}, "63": {"x": 3.0, "y": 15.0, "z": 0.0}, "64": {"x": 4.0, "y": 0.0, "z": 0.0}, "65": {"x": 4.000000000000001, "y": 1.0000000000000004, "z": 0.7159913486246148}, "66": {"x": 4.0, "y": 2.0, "z": 1.112057539049923}, "67": {"x": 4.000000000000002, "y": 3.0000000000000013, "z": 1.7029827215845208}, "68": {"x": 4.000000000000002, "y": 4.000000000000001, "z": 1.869686589204104}, "69": {"x": 4.000000000000003, "y": 5.000000000000001, "z": 1.6142821540682126}, "70": {"x": 4.000000000000002, "y": 6.0, "z": 1.686879433473497}, "71": {"x": 4.0000000000000036, "y": 7.000000000000002, "z": 1.4099216797340044}, "72": {"x": 4.0000000000000036, "y": 8.000000000000002, "z": 1.6018327755387631}, "73": {"x": 4.000000000000004, "y": 9.000000000000005, "z": 1.2972226197131145}, "74": {"x": 4.0000000000000036, "y": 10.000000000000002, "z": 1.3342250428703581}, "75": {"x": 4.0000000000000036, "y": 11.000000000000002, "z": 1.377566678814381}, "76": {"x": 4.000000000000002, "y": 12.000000000000002, "z": 1.4557842398476}, "77": {"x": 4.000000000000001, "y": 12.999999999999998, "z": 1.1765901825287532}, "78": {"x": 4.0, "y": 14.0, "z": 0.49313343802713544}, "79": {"x": 4.0, "y": 15.0, "z": 0.0}, "80": {"x": 5.0, "y": 0.0, "z": 0.0}, "81": {"x": 5.000000000000001, "y": 1.0000000000000007, "z": 0.8706210636219976}, "82": {"x": 4.999999999999999, "y": 2.0000000000000004, "z": 1.2796322005256568}, "83": {"x": 5.0, "y": 3.0000000000000013, "z": 2.120594597316634}, "84": {"x": 5.000000000000002, "y": 4.000000000000002, "z": 2.30596721509784}, "85": {"x": 5.0000000000000036, "y": 5.000000000000003, "z": 1.8344011417051762}, "86": {"x": 5.000000000000005, "y": 6.0000000000000036, "z": 1.9884499143970622}, "87": {"x": 5.000000000000005, "y": 7.000000000000004, "z": 1.5831124136897545}, "88": {"x": 5.000000000000005, "y": 8.000000000000005, "z": 1.9302056655386408}, "89": {"x": 5.000000000000007, "y": 9.000000000000009, "z": 1.4533789880044323}, "90": {"x": 5.000000000000005, "y": 10.000000000000005, "z": 1.5136050547952462}, "91": {"x": 5.000000000000005, "y": 11.000000000000007, "z": 1.572417476638236}, "92": {"x": 5.0000000000000036, "y": 12.000000000000004, "z": 1.7594165392223748}, "93": {"x": 5.000000000000002, "y": 13.0, "z": 1.4529058148034157}, "94": {"x": 5.0, "y": 14.000000000000002, "z": 0.5652281471614442}, "95": {"x": 5.0, "y": 15.0, "z": 0.0}, "96": {"x": 6.0, "y": 0.0, "z": 0.0}, "97": {"x": 5.999999999999998, "y": 1.0000000000000004, "z": 0.6577413219613253}, "98": {"x": 5.999999999999999, "y": 2.000000000000001, "z": 1.1373450693459917}, "99": {"x": 6.000000000000003, "y": 3.0000000000000018, "z": 1.5326680292203008}, "100": {"x": 6.000000000000003, "y": 4.000000000000003, "z": 1.7373838532451782}, "101": {"x": 6.000000000000005, "y": 5.000000000000005, "z": 1.7552218100011205}, "102": {"x": 6.000000000000008, "y": 6.000000000000008, "z": 1.7632002970037592}, "103": {"x": 6.000000000000008, "y": 7.000000000000008, "z": 1.61953925087659}, "104": {"x": 6.000000000000009, "y": 8.00000000000001, "z": 1.6443296431106618}, "105": {"x": 6.000000000000008, "y": 9.000000000000009, "z": 1.4908790818145767}, "106": {"x": 6.000000000000009, "y": 10.00000000000001, "z": 1.4879656035109927}, "107": {"x": 6.000000000000008, "y": 11.00000000000001, "z": 1.4567290180834447}, "108": {"x": 6.000000000000007, "y": 12.000000000000012, "z": 1.3386632120426272}, "109": {"x": 6.000000000000005, "y": 13.00000000000001, "z": 1.0340548725968601}, "110": {"x": 6.000000000000002, "y": 14.000000000000007, "z": 0.5342498843251602}, "111": {"x": 6.0, "y": 15.0, "z": 0.0}, "112": {"x": 7.0, "y": 0.0, "z": 0.0}, "113": {"x": 6.999999999999999, "y": 1.0000000000000004, "z": 0.4754506680606329}, "114": {"x": 6.999999999999998, "y": 2.0000000000000013,