{"attributes": {"name": "Mesh"}, "dva": {"x": 0.0, "y": 0.0, "z": 0.0}, "dea": {}, "dfa": {}, "vertex": {"0": {"x": 0.0, "y": 0.0, "z": 0.0}, "1": {"x": 0.0, "y": 1.0, "z": 0.0}, "2": {"x": 0.0, "y": 2.0, "z": 0.0}, "3": {"x": 0.0, "y": 3.0, "z": 0.0}, "4": {"x": 0.0, "y": 4.0, "z": 0.0}, "5": {"x": 0.0, "y": 5.0, "z": 0.0}, "6": {"x": 0.0, "y": 6.0, "z": 0.0}, "7": {"x": 0.0, "y": 7.0, "z": 0.0}, "8": {"x": 0.0, "y": 8.0, "z": 0.0}, "9": {"x": 0.0, "y": 9.0, "z": 0.0}, "10": {"x": 0.0, "y": 10.0, "z": 0.0}, "11": {"x": 0.0, "y": 11.0, "z": 0.0}, "12": {"x": 0.0, "y": 12.0, "z": 0.0}, "13": {"x": 0.0, "y": 13.0, "z": 0.0}, "14": {"x": 0.0, "y": 14.0, "z": 0.0}, "15": {"x": 0.0, "y": 15.0, "z": 0.0}, "16": {"x": 1.0, "y": 0.0, "z": 0.0}, "17": {"x": 1.0000000000000004, "y": 1.0000000000000002, "z": 0.14434562807833534}, "18": {"x": 1.0000000000000002, "y": 2.0, "z": 0.23658028199061285}, "19": {"x": 1.0, "y": 2.9999999999999996, "z": 0.28629173042485484}, "20": {"x": 0.9999999999999998, "y": 4.0, "z": 0.41437633279822006}, "21": {"x": 0.9999999999999998, "y": 5.0, "z": 0.4771459204924019}, "22": {"x": 0.9999999999999996, "y": 6.0, "z": 0.4841094270850503}, "23": {"x": 1.0, "y": 7.0000000000000036, "z": 0.4244414492463817}, "24": {"x": 0.9999999999999999, "y": 8.000000000000004, "z": 0.3752829402158254}, "25": {"x": 0.9999999999999996, "y": 9.000000000000002, "z": 0.2673530119109708}, "26": {"x": 0.9999999999999993, "y": 9.999999999999996, "z": 0.2268869327676829}, "27": {"x": 0.9999999999999993, "y": 10.999999999999998, "z": 0.2762357290535534}, "28": {"x": 0.9999999999999998, "y": 12.0, "z": 0.26138652574965077}, "29": {"x": 0.9999999999999997, "y": 12.999999999999995, "z": 0.22026721077804026}, "30": {"x": 0.9999999999999998, "y": 13.999999999999996, "z": 0.14969683617647656}, "31": {"x": 1.0, "y": 15.0, "z": 0.0}, "32": {"x": 2.0, "y": 0.0, "z": 0.0}, "33": {"x": 2.0000000000000004, "y": 1.0000000000000004, "z": 0.238539554261901}, "34": {"x": 2.0000000000000004, "y": 2.0000000000000004, "z": 0.39588442496313686}, "35": {"x": 2.0000000000000004, "y": 3.0, "z": 0.4860686111110829}, "36": {"x": 2.000000000000001, "y": 4.000000000000001, "z": 0.6873094203382079}, "37": {"x": 2.000000000000001, "y": 5.000000000000001, "z": 0.7888778020480273}, "38": {"x": 1.9999999999999996, "y": 5.999999999999998, "z": 0.8012883207383119}, "39": {"x": 1.9999999999999998, "y": 7.0, "z": 0.7133396834513976}, "40": {"x": 1.9999999999999993, "y": 8.000000000000002, "z": 0.6376253693769365}, "41": {"x": 1.999999999999999, "y": 9.0, "z": 0.4721649286017591}, "42": {"x": 1.9999999999999987, "y": 9.999999999999998, "z": 0.4045893432459951}, "43": {"x": 1.9999999999999987, "y": 10.999999999999996, "z": 0.47016849377672154}, "44": {"x": 1.999999999999999, "y": 12.0, "z": 0.43738380983405434}, "45": {"x": 1.9999999999999991, "y": 13.0, "z": 0.3630068181748604}, "46": {"x": 1.9999999999999993, "y": 13.999999999999998, "z": 0.240819108469097}, "47": {"x": 2.0, "y": 15.0, "z": 0.0}, "48": {"x": 3.0, "y": 0.0, "z": 0.0}, "49": {"x": 3.0000000000000004, "y": 1.0000000000000002, "z": 0.29640671022858606}, "50": {"x": 3.0000000000000004, "y": 2.000000000000001, "z": 0.4928568500500497}, "51": {"x": 3.0, "y": 3.000000000000001, "z": 0.5958287849440732}, "52": {"x": 3.0, "y": 4.0, "z": 0.8854023411244659}, "53": {"x": 3.0000000000000004, "y": 5.000000000000001, "z": 0.9979370474007564}, "54": {"x": 3.0, "y": 6.000000000000001, "z": 1.0288656945938046}, "55": {"x": 2.9999999999999987, "y": 7.0, "z": 0.8682353676312734}, "56": {"x": 2.999999999999999, "y": 8.000000000000002, "z": 0.8246545794692729}, "57": {"x": 2.999999999999998, "y": 8.999999999999998, "z": 0.6114032674083719}, "58": {"x": 2.999999999999998, "y": 9.999999999999998, "z": 0.529730051044895}, "59": {"x": 2.999999999999998, "y": 10.999999999999996, "z": 0.6191792058578215}, "60": {"x": 2.999999999999998, "y": 11.999999999999996, "z": 0.5356518398645239}, "61": {"x": 2.9999999999999982, "y": 13.0, "z": 0.4376151146327426}, "62": {"x": 2.9999999999999987, "y": 13.999999999999998, "z": 0.3443124817397183}, "63": {"x": 3.0, "y": 15.0, "z": 0.0}, "64": {"x": 4.0, "y": 0.0, "z": 0.0}, "65": {"x": 4.000000000000001, "y": 1.0000000000000002, "z": 0.260322627821456}, "66": {"x": 4.0, "y": 2.0000000000000004, "z": 0.4728405286312942}, "67": {"x": 4.0, "y": 3.0000000000000004, "z": 0.6403083312876691}, "68": {"x": 4.0, "y": 4.000000000000001, "z": 0.7626085484623143}, "69": {"x": 4.0, "y": 5.000000000000001, "z": 0.8441579073922834}, "70": {"x": 4.0, "y": 6.000000000000001, "z": 0.8771148630159984}, "71": {"x": 3.9999999999999987, "y": 7.0, "z": 0.8699963291079744}, "72": {"x": 3.999999999999998, "y": 7.999999999999997, "z": 0.8056033491524509}, "73": {"x": 3.9999999999999973, "y": 8.999999999999996, "z": 0.7045598030036352}, "74": {"x": 3.9999999999999964, "y": 9.999999999999996, "z": 0.6209863469747573}, "75": {"x": 3.999999999999996, "y": 10.999999999999995, "z": 0.5872113021801079}, "76": {"x": 3.9999999999999964, "y": 11.999999999999995, "z": 0.5166648466570044}, "77": {"x": 3.9999999999999973, "y": 12.999999999999995, "z": 0.3950464014950068}, "78": {"x": 3.999999999999998, "y": 13.999999999999995, "z": 0.21568434029303926}, "79": {"x": 4.0, "y": 15.0, "z": 0.0}, "80": {"x": 5.0, "y": 0.0, "z": 0.0}, "81": {"x": 5.0, "y": 1.0000000000000002, "z": 0.37247124917677654}, "82": {"x": 4.999999999999999, "y": 1.9999999999999998, "z": 0.6150211796771399}, "83": {"x": 4.999999999999999, "y": 3.0000000000000004, "z": 0.735376048891054}, "84": {"x": 4.999999999999999, "y": 4.0, "z": 1.1171027069347979}, "85": {"x": 5.000000000000001, "y": 5.000000000000002, "z": 1.2501773246019499}, "86": {"x": 5.000000000000002, "y": 6.000000000000002, "z": 1.301037540255434}, "87": {"x": 4.999999999999997, "y": 6.999999999999997, "z": 1.0733647743675492}, "88": {"x": 4.999999999999996, "y": 7.999999999999995, "z": 1.021302561498328}, "89": {"x": 4.999999999999997, "y": 8.999999999999993, "z": 0.7332769007117124}, "90": {"x": 4.999999999999995, "y": 9.999999999999993, "z": 0.6311264074944266}, "91": {"x": 4.9999999999999964, "y": 10.999999999999995, "z": 0.7655754277981327}, "92": {"x": 4.999999999999996, "y": 11.999999999999993, "z": 0.6643260374747675}, "93": {"x": 4.999999999999997, "y": 12.999999999999996, "z": 0.5478490675872537}, "94": {"x": 4.999999999999997, "y": 13.999999999999995, "z": 0.454515386971608}, "95": {"x": 5.0, "y": 15.0, "z": 0.0}, "96": {"x": 6.0, "y": 0.0, "z": 0.0}, "97": {"x": 5.999999999999999, "y": 1.0, "z": 0.3811242927758504}, "98": {"x": 5.999999999999998, "y": 1.9999999999999998, "z": 0.6294195261225789}, "99": {"x": 5.999999999999997, "y": 2.9999999999999987, "z": 0.7709475245434705}, "100": {"x": 5.999999999999998, "y": 3.999999999999999, "z": 1.0874547562999035}, "101": {"x": 6.0, "y": 5.0, "z": 1.2528594983740058}, "102": {"x": 6.0, "y": 6.0, "z": 1.2671932869842277}, "103": {"x": 5.999999999999997, "y": 6.9999999999999964, "z": 1.1315742048215487}, "104": {"x": 5.999999999999998, "y": 7.999999999999996, "z": 0.9921547334798946}, "105": {"x": 5.999999999999998, "y": 8.999999999999995, "z": 0.719003436161461}, "106": {"x": 5.999999999999997, "y": 9.999999999999995, "z": 0.6102897229936409}, "107": {"x": 5.9999999999999964, "y": 10.999999999999995, "z": 0.7262093939955518}, "108": {"x": 5.999999999999995, "y": 11.999999999999993, "z": 0.6928515952027933}, "109": {"x": 5.999999999999997, "y": 12.999999999999995, "z": 0.5816910147889669}, "110": {"x": 5.999999999999998, "y": 13.999999999999995, "z": 0.37672212413042067}, "111": {"x": 6.0, "y": 15.0, "z": 0.0}, "112": {"x": 7.0, "y": 0.0, "z": 0.0}, "113": {"x": 6.999999999999999, "y": 0.9999999999999999, "z": 0.39535659007241947}, "114": {"x": 6.999999999999998, "y": 1.9999999999999998, "z": 0.6202314985000131}, "115": {"x": 6.999999999999999, "y": 2.9999999999999996, "z": 0.6971874387008354}, "116": {"x": 6.999999999999998, "y": 3.9999999999999996,