{"attributes": {"name": "Mesh"}, "dva": {"x": 0.0, "y": 0.0, "z": 0.0}, "dea": {}, "dfa": {}, "vertex": {"0": {"x": 0.0, "y": 0.0, "z": 0.0}, "1": {"x": 0.0, "y": 1.0, "z": 0.0}, "2": {"x": 0.0, "y": 2.0, "z": 0.0}, "3": {"x": 0.0, "y": 3.0, "z": 0.0}, "4": {"x": 0.0, "y": 4.0, "z": 0.0}, "5": {"x": 0.0, "y": 5.0, "z": 0.0}, "6": {"x": 0.0, "y": 6.0, "z": 0.0}, "7": {"x": 0.0, "y": 7.0, "z": 0.0}, "8": {"x": 0.0, "y": 8.0, "z": 0.0}, "9": {"x": 0.0, "y": 9.0, "z": 0.0}, "10": {"x": 0.0, "y": 10.0, "z": 0.0}, "11": {"x": 0.0, "y": 11.0, "z": 0.0}, "12": {"x": 0.0, "y": 12.0, "z": 0.0}, "13": {"x": 0.0, "y": 13.0, "z": 0.0}, "14": {"x": 0.0, "y": 14.0, "z": 0.0}, "15": {"x": 0.0, "y": 15.0, "z": 0.0}, "16": {"x": 1.0, "y": 0.0, "z": 0.0}, "17": {"x": 0.9999999999999999, "y": 0.9999999999999997, "z": 0.19834471978218893}, "18": {"x": 0.9999999999999993, "y": 1.9999999999999991, "z": 0.31481430336257066}, "19": {"x": 0.9999999999999993, "y": 2.9999999999999996, "z": 0.5489602399118964}, "20": {"x": 0.9999999999999992, "y": 3.9999999999999996, "z": 0.5889331740722487}, "21": {"x": 0.999999999999999, "y": 4.999999999999999, "z": 0.5809506209302584}, "22": {"x": 0.9999999999999983, "y": 5.9999999999999964, "z": 0.5337008222065075}, "23": {"x": 0.9999999999999991, "y": 6.999999999999999, "z": 0.6208519683002202}, "24": {"x": 0.9999999999999996, "y": 8.0, "z": 0.6937239045902003}, "25": {"x": 1.0, "y": 9.000000000000002, "z": 0.592553940374056}, "26": {"x": 1.0, "y": 10.0, "z": 0.4703907866939529}, "27": {"x": 1.0, "y": 11.000000000000004, "z": 0.3489940176117367}, "28": {"x": 1.0000000000000002, "y": 12.000000000000004, "z": 0.3915082644201237}, "29": {"x": 0.9999999999999998, "y": 13.0, "z": 0.25621820341984286}, "30": {"x": 0.9999999999999998, "y": 14.0, "z": 0.18022557380677165}, "31": {"x": 1.0, "y": 15.0, "z": 0.0}, "32": {"x": 2.0, "y": 0.0, "z": 0.0}, "33": {"x": 1.9999999999999998, "y": 0.9999999999999994, "z": 0.3167705715844023}, "34": {"x": 1.999999999999999, "y": 1.9999999999999987, "z": 0.4819015413517805}, "35": {"x": 1.999999999999999, "y": 2.9999999999999973, "z": 1.3438488489917295}, "36": {"x": 1.9999999999999984, "y": 3.9999999999999973, "z": 0.9344495535030556}, "37": {"x": 1.9999999999999982, "y": 4.999999999999997, "z": 0.9310503548671545}, "38": {"x": 1.9999999999999973, "y": 5.999999999999993, "z": 0.8545525153708059}, "39": {"x": 1.999999999999999, "y": 6.999999999999998, "z": 0.996456084639372}, "40": {"x": 1.9999999999999993, "y": 7.999999999999998, "z": 1.3594287296430028}, "41": {"x": 1.9999999999999996, "y": 9.000000000000002, "z": 0.9499309982773829}, "42": {"x": 2.0, "y": 10.000000000000002, "z": 0.7733964211607202}, "43": {"x": 1.9999999999999998, "y": 11.0, "z": 0.5912102872021042}, "44": {"x": 1.9999999999999998, "y": 12.000000000000002, "z": 0.7831160164560846}, "45": {"x": 2.0, "y": 13.000000000000004, "z": 0.40784440279630907}, "46": {"x": 1.9999999999999993, "y": 14.0, "z": 0.2955586473922985}, "47": {"x": 2.0, "y": 15.0, "z": 0.0}, "48": {"x": 3.0, "y": 0.0, "z": 0.0}, "49": {"x": 2.999999999999999, "y": 0.9999999999999989, "z": 0.29547269756163536}, "50": {"x": 2.9999999999999982, "y": 1.9999999999999976, "z": 0.5368726791896824}, "51": {"x": 2.9999999999999987, "y": 2.9999999999999964, "z": 0.7434173945335182}, "52": {"x": 2.999999999999998, "y": 3.9999999999999947, "z": 0.8958825874939327}, "53": {"x": 2.9999999999999973, "y": 4.999999999999995, "z": 0.9929758637144707}, "54": {"x": 2.9999999999999973, "y": 5.999999999999995, "z": 1.0442647505609421}, "55": {"x": 2.9999999999999982, "y": 6.999999999999998, "z": 1.0832866267383507}, "56": {"x": 2.999999999999999, "y": 7.999999999999998, "z": 1.0780354095470976}, "57": {"x": 2.9999999999999996, "y": 8.999999999999998, "z": 1.0173450740891474}, "58": {"x": 3.0, "y": 10.0, "z": 0.9100886112634424}, "59": {"x": 2.999999999999999, "y": 11.0, "z": 0.7700774207533204}, "60": {"x": 2.999999999999999, "y": 12.0, "z": 0.6498514375538181}, "61": {"x": 2.9999999999999996, "y": 13.0, "z": 0.47330435143976246}, "62": {"x": 2.9999999999999996, "y": 14.000000000000004, "z": 0.2648097342320384}, "63": {"x": 3.0, "y": 15.0, "z": 0.0}, "64": {"x": 4.0, "y": 0.0, "z": 0.0}, "65": {"x": 3.999999999999999, "y": 0.9999999999999986, "z": 0.3092731016101031}, "66": {"x": 3.9999999999999982, "y": 1.9999999999999971, "z": 0.5738273029165917}, "67": {"x": 3.999999999999997, "y": 2.999999999999996, "z": 0.7751701387973363}, "68": {"x": 3.9999999999999973, "y": 3.999999999999996, "z": 0.9461931532930388}, "69": {"x": 3.999999999999998, "y": 4.999999999999997, "z": 1.0690570486897184}, "70": {"x": 3.999999999999998, "y": 5.999999999999995, "z": 1.1467779395759046}, "71": {"x": 3.9999999999999987, "y": 6.999999999999996, "z": 1.1735163717194983}, "72": {"x": 3.9999999999999996, "y": 7.999999999999998, "z": 1.1542018632521227}, "73": {"x": 3.9999999999999987, "y": 8.999999999999995, "z": 1.10214586017755}, "74": {"x": 3.999999999999999, "y": 9.999999999999995, "z": 1.0049915339963367}, "75": {"x": 3.9999999999999982, "y": 10.999999999999995, "z": 0.8682452977917355}, "76": {"x": 3.9999999999999987, "y": 11.999999999999995, "z": 0.7088170114318253}, "77": {"x": 3.999999999999999, "y": 12.999999999999998, "z": 0.517650556849307}, "78": {"x": 3.9999999999999996, "y": 13.999999999999998, "z": 0.279269966472749}, "79": {"x": 4.0, "y": 15.0, "z": 0.0}, "80": {"x": 5.0, "y": 0.0, "z": 0.0}, "81": {"x": 4.999999999999999, "y": 0.999999999999999, "z": 0.4159105424799005}, "82": {"x": 4.999999999999999, "y": 1.9999999999999978, "z": 0.726276452631185}, "83": {"x": 4.999999999999997, "y": 2.999999999999997, "z": 1.081278890743609}, "84": {"x": 4.999999999999998, "y": 3.9999999999999964, "z": 1.2470997048344623}, "85": {"x": 4.999999999999998, "y": 4.9999999999999964, "z": 1.3353832082039867}, "86": {"x": 5.0, "y": 5.999999999999998, "z": 1.3528653027438147}, "87": {"x": 5.000000000000001, "y": 6.999999999999998, "z": 1.4437929739603792}, "88": {"x": 5.000000000000001, "y": 8.0, "z": 1.4849974720728607}, "89": {"x": 5.0, "y": 8.999999999999998, "z": 1.357733713733703}, "90": {"x": 4.999999999999999, "y": 9.999999999999995, "z": 1.1732537445793518}, "91": {"x": 5.000000000000001, "y": 11.0, "z": 0.9566942622967826}, "92": {"x": 5.000000000000001, "y": 12.0, "z": 0.8707664980414149}, "93": {"x": 4.999999999999999, "y": 12.999999999999995, "z": 0.6182645418281216}, "94": {"x": 5.000000000000001, "y": 13.999999999999998, "z": 0.37017742310545065}, "95": {"x": 5.0, "y": 15.0, "z": 0.0}, "96": {"x": 6.0, "y": 0.0, "z": 0.0}, "97": {"x": 5.999999999999999, "y": 0.9999999999999993, "z": 0.45062651410555005}, "98": {"x": 6.0, "y": 1.999999999999999, "z": 0.770494218007062}, "99": {"x": 5.999999999999999, "y": 2.9999999999999982, "z": 1.1800820883036403}, "100": {"x": 5.999999999999999, "y": 3.9999999999999982, "z": 1.3406710529647126}, "101": {"x": 6.000000000000001, "y": 4.999999999999999, "z": 1.4076817730648545}, "102": {"x": 6.000000000000002, "y": 5.999999999999999, "z": 1.3943408857542594}, "103": {"x": 6.000000000000001, "y": 6.999999999999998, "z": 1.512043034569901}, "104": {"x": 6.000000000000001, "y": 7.999999999999998, "z": 1.5775034144959201}, "105": {"x": 6.000000000000001, "y": 9.0, "z": 1.421035974682941}, "106": {"x": 6.0, "y": 9.999999999999998, "z": 1.200913892912377}, "107": {"x": 6.000000000000003, "y": 11.000000000000004, "z": 0.9542082476139065}, "108": {"x": 6.000000000000001, "y": 12.000000000000002, "z": 0.9074154418475959}, "109": {"x": 5.999999999999999, "y": 12.999999999999996, "z": 0.6387591281585611}, "110": {"x": 6.0, "y": 13.999999999999998, "z": 0.3975853085798859}, "111": {"x": 6.0, "y": 15.0, "z": 0.0}, "112": {"x": 7.0, "y": 0.0, "z": 0.0}, "113": {"x": 6.999999999999997, "y": 0.9999999999999994, "z": 0.4098381210297392}, "114": {"x": 7.0, "y": 1.9999999999999996, "z": 0.6959163723623611}, "115": {"x": 6.999999999999998, "y": 2.9999999999999996, "z": 1.1022076755520698},