{"attributes": {"name": "Mesh"}, "dva": {"x": 0.0, "y": 0.0, "z": 0.0}, "dea": {}, "dfa": {}, "vertex": {"0": {"x": 0.0, "y": 0.0, "z": 0.0}, "1": {"x": 0.0, "y": 1.0, "z": 0.0}, "2": {"x": 0.0, "y": 2.0, "z": 0.0}, "3": {"x": 0.0, "y": 3.0, "z": 0.0}, "4": {"x": 0.0, "y": 4.0, "z": 0.0}, "5": {"x": 0.0, "y": 5.0, "z": 0.0}, "6": {"x": 0.0, "y": 6.0, "z": 0.0}, "7": {"x": 0.0, "y": 7.0, "z": 0.0}, "8": {"x": 0.0, "y": 8.0, "z": 0.0}, "9": {"x": 0.0, "y": 9.0, "z": 0.0}, "10": {"x": 0.0, "y": 10.0, "z": 0.0}, "11": {"x": 0.0, "y": 11.0, "z": 0.0}, "12": {"x": 0.0, "y": 12.0, "z": 0.0}, "13": {"x": 0.0, "y": 13.0, "z": 0.0}, "14": {"x": 0.0, "y": 14.0, "z": 0.0}, "15": {"x": 0.0, "y": 15.0, "z": 0.0}, "16": {"x": 1.0, "y": 0.0, "z": 0.0}, "17": {"x": 0.9999999999999999, "y": 0.9999999999999998, "z": 0.6530543191715181}, "18": {"x": 0.9999999999999998, "y": 2.0, "z": 1.025158818099729}, "19": {"x": 0.9999999999999999, "y": 3.0000000000000004, "z": 1.2029749603934183}, "20": {"x": 0.9999999999999997, "y": 4.0, "z": 1.865683429140834}, "21": {"x": 0.9999999999999997, "y": 5.0, "z": 1.1828439892462348}, "22": {"x": 0.9999999999999996, "y": 6.000000000000001, "z": 0.8220585347438938}, "23": {"x": 0.9999999999999998, "y": 7.000000000000001, "z": 0.48799895246369407}, "24": {"x": 0.9999999999999996, "y": 8.0, "z": 1.0335429373912617}, "25": {"x": 0.9999999999999998, "y": 9.0, "z": 0.3619115237652621}, "26": {"x": 1.0000000000000002, "y": 9.999999999999998, "z": 0.8219265018729129}, "27": {"x": 0.9999999999999996, "y": 10.999999999999995, "z": 0.46729589347263967}, "28": {"x": 1.0000000000000002, "y": 11.999999999999998, "z": 0.7343307485065848}, "29": {"x": 1.0000000000000004, "y": 13.000000000000002, "z": 0.49184243625892043}, "30": {"x": 1.0000000000000004, "y": 14.000000000000002, "z": 0.6536380370562849}, "31": {"x": 1.0, "y": 15.0, "z": 0.0}, "32": {"x": 2.0, "y": 0.0, "z": 0.0}, "33": {"x": 2.0, "y": 0.9999999999999998, "z": 0.9652919459968421}, "34": {"x": 1.9999999999999996, "y": 1.9999999999999996, "z": 1.555841974193029}, "35": {"x": 1.9999999999999998, "y": 2.999999999999999, "z": 1.880690088600104}, "36": {"x": 1.9999999999999991, "y": 4.0, "z": 2.4102481002570166}, "37": {"x": 1.9999999999999984, "y": 4.999999999999998, "z": 1.8675678698159812}, "38": {"x": 1.9999999999999991, "y": 6.0, "z": 1.3747778155989068}, "39": {"x": 1.9999999999999996, "y": 7.000000000000002, "z": 0.8915628993589494}, "40": {"x": 1.999999999999999, "y": 7.999999999999999, "z": 1.342340240725974}, "41": {"x": 1.9999999999999993, "y": 9.0, "z": 0.6724944926872766}, "42": {"x": 2.0000000000000004, "y": 9.999999999999998, "z": 1.18084773370614}, "43": {"x": 1.9999999999999993, "y": 10.999999999999995, "z": 0.8249807159419167}, "44": {"x": 2.0000000000000004, "y": 11.999999999999998, "z": 1.1091375804489931}, "45": {"x": 2.000000000000001, "y": 13.000000000000005, "z": 0.8130765069783022}, "46": {"x": 2.000000000000001, "y": 14.000000000000002, "z": 0.8444678169093153}, "47": {"x": 2.0, "y": 15.0, "z": 0.0}, "48": {"x": 3.0, "y": 0.0, "z": 0.0}, "49": {"x": 3.0, "y": 0.9999999999999994, "z": 1.003646311241401}, "50": {"x": 2.9999999999999996, "y": 1.9999999999999987, "z": 1.6594725624686406}, "51": {"x": 2.9999999999999996, "y": 2.9999999999999982, "z": 2.0457241399457313}, "52": {"x": 2.999999999999999, "y": 3.9999999999999987, "z": 2.432622588902428}, "53": {"x": 2.9999999999999987, "y": 4.999999999999998, "z": 2.091217247199964}, "54": {"x": 2.9999999999999982, "y": 5.999999999999998, "z": 1.6589154021918295}, "55": {"x": 2.999999999999999, "y": 7.0, "z": 1.1871589609713324}, "56": {"x": 2.9999999999999982, "y": 7.999999999999997, "z": 1.4384273001330752}, "57": {"x": 2.999999999999999, "y": 9.0, "z": 0.9151982096527805}, "58": {"x": 3.0000000000000004, "y": 10.000000000000002, "z": 1.305212428264243}, "59": {"x": 2.999999999999999, "y": 10.999999999999996, "z": 1.0511083907042182}, "60": {"x": 3.0000000000000013, "y": 12.0, "z": 1.2329059472728796}, "61": {"x": 3.0000000000000018, "y": 13.000000000000004, "z": 0.9497788313937909}, "62": {"x": 3.0000000000000013, "y": 14.000000000000002, "z": 0.8065604935158432}, "63": {"x": 3.0, "y": 15.0, "z": 0.0}, "64": {"x": 4.0, "y": 0.0, "z": 0.0}, "65": {"x": 4.0, "y": 0.9999999999999994, "z": 0.8101140355396482}, "66": {"x": 4.0, "y": 1.999999999999999, "z": 1.3915146216610088}, "67": {"x": 3.9999999999999987, "y": 2.9999999999999973, "z": 1.7659903111071125}, "68": {"x": 3.9999999999999973, "y": 3.999999999999996, "z": 1.9732417828586477}, "69": {"x": 3.9999999999999973, "y": 4.999999999999996, "z": 1.9158704317923365}, "70": {"x": 3.9999999999999973, "y": 5.999999999999996, "z": 1.6882227009817947}, "71": {"x": 3.9999999999999973, "y": 6.999999999999997, "z": 1.3676183319214914}, "72": {"x": 3.9999999999999982, "y": 7.999999999999998, "z": 1.3629271706698998}, "73": {"x": 3.9999999999999996, "y": 9.0, "z": 1.0848425131866366}, "74": {"x": 3.999999999999999, "y": 9.999999999999996, "z": 1.2459991482842938}, "75": {"x": 3.999999999999999, "y": 10.999999999999996, "z": 1.1447570171647625}, "76": {"x": 4.000000000000001, "y": 12.0, "z": 1.1446922058761964}, "77": {"x": 4.000000000000002, "y": 13.000000000000004, "z": 0.9150148779942745}, "78": {"x": 4.000000000000002, "y": 14.000000000000004, "z": 0.5994931201841257}, "79": {"x": 4.0, "y": 15.0, "z": 0.0}, "80": {"x": 5.0, "y": 0.0, "z": 0.0}, "81": {"x": 5.000000000000002, "y": 0.9999999999999993, "z": 0.5623628780544967}, "82": {"x": 5.000000000000002, "y": 1.9999999999999987, "z": 1.0040731408705585}, "83": {"x": 4.999999999999999, "y": 2.999999999999998, "z": 1.3205190673149938}, "84": {"x": 4.999999999999997, "y": 3.999999999999995, "z": 1.4934225383266848}, "85": {"x": 4.9999999999999964, "y": 4.999999999999995, "z": 1.5798731381806488}, "86": {"x": 4.999999999999997, "y": 5.999999999999995, "z": 1.543819971354855}, "87": {"x": 4.9999999999999964, "y": 6.999999999999995, "z": 1.4093682089489414}, "88": {"x": 4.999999999999997, "y": 7.9999999999999964, "z": 1.3210611890317485}, "89": {"x": 4.999999999999999, "y": 9.0, "z": 1.1590938492546026}, "90": {"x": 5.000000000000001, "y": 9.999999999999998, "z": 1.176116117180649}, "91": {"x": 5.000000000000001, "y": 10.999999999999998, "z": 1.1157909814594296}, "92": {"x": 5.0, "y": 11.999999999999998, "z": 0.9947215476906627}, "93": {"x": 5.000000000000001, "y": 12.999999999999998, "z": 0.7797941264067354}, "94": {"x": 5.000000000000002, "y": 14.0, "z": 0.4356874861206834}, "95": {"x": 5.0, "y": 15.0, "z": 0.0}, "96": {"x": 6.0, "y": 0.0, "z": 0.0}, "97": {"x": 5.999999999999999, "y": 0.9999999999999993, "z": 0.5541585037003417}, "98": {"x": 6.000000000000001, "y": 1.9999999999999991, "z": 0.9852015486224835}, "99": {"x": 6.000000000000003, "y": 2.9999999999999987, "z": 1.2918581116748962}, "100": {"x": 6.000000000000002, "y": 3.9999999999999982, "z": 1.4592399888062668}, "101": {"x": 5.999999999999998, "y": 4.999999999999996, "z": 1.5344540002030633}, "102": {"x": 5.999999999999997, "y": 5.999999999999994, "z": 1.4869855191496788}, "103": {"x": 5.9999999999999964, "y": 6.999999999999994, "z": 1.3480733860654255}, "104": {"x": 5.999999999999996, "y": 7.999999999999992, "z": 1.271747631539415}, "105": {"x": 5.999999999999997, "y": 8.999999999999995, "z": 1.1102331239174117}, "106": {"x": 5.999999999999997, "y": 9.999999999999993, "z": 1.1356930522357274}, "107": {"x": 6.0, "y": 10.999999999999996, "z": 1.0708292145222644}, "108": {"x": 6.0, "y": 11.999999999999995, "z": 0.9634543701516475}, "109": {"x": 6.0, "y": 12.999999999999996, "z": 0.7547836646752988}, "110": {"x": 6.000000000000001, "y": 13.999999999999996, "z": 0.4294427979022535}, "111": {"x": 6.0, "y": 15.0, "z": 0.0}, "112": {"x": 7.0, "y": 0.0, "z": 0.0}, "113": {"x": 6.999999999999999, "y": 0.9999999999999996, "z": 0.8157548876500057}, "114": {"x": 7.0, "y": 1.9999999999999991, "z": 1.3534565888770715}, "115": {"x": 7.0, "y": 2.9999999999999982, "z": 1.6776132747701102},