{"attributes": {"name": "Mesh"}, "dva": {"x": 0.0, "y": 0.0, "z": 0.0}, "dea": {}, "dfa": {}, "vertex": {"0": {"x": 0.0, "y": 0.0, "z": 0.0}, "1": {"x": 0.0, "y": 1.0, "z": 0.0}, "2": {"x": 0.0, "y": 2.0, "z": 0.0}, "3": {"x": 0.0, "y": 3.0, "z": 0.0}, "4": {"x": 0.0, "y": 4.0, "z": 0.0}, "5": {"x": 0.0, "y": 5.0, "z": 0.0}, "6": {"x": 0.0, "y": 6.0, "z": 0.0}, "7": {"x": 0.0, "y": 7.0, "z": 0.0}, "8": {"x": 0.0, "y": 8.0, "z": 0.0}, "9": {"x": 0.0, "y": 9.0, "z": 0.0}, "10": {"x": 0.0, "y": 10.0, "z": 0.0}, "11": {"x": 0.0, "y": 11.0, "z": 0.0}, "12": {"x": 0.0, "y": 12.0, "z": 0.0}, "13": {"x": 0.0, "y": 13.0, "z": 0.0}, "14": {"x": 0.0, "y": 14.0, "z": 0.0}, "15": {"x": 0.0, "y": 15.0, "z": 0.0}, "16": {"x": 1.0, "y": 0.0, "z": 0.0}, "17": {"x": 1.0, "y": 1.0, "z": 0.10732250883319681}, "18": {"x": 0.9999999999999994, "y": 1.9999999999999993, "z": 0.27773259805222755}, "19": {"x": 0.9999999999999994, "y": 2.9999999999999996, "z": 0.39035942256080947}, "20": {"x": 0.9999999999999993, "y": 4.0, "z": 0.46203918577567543}, "21": {"x": 0.9999999999999993, "y": 5.0, "z": 0.5228471993235353}, "22": {"x": 0.9999999999999997, "y": 6.0, "z": 0.6039251958343876}, "23": {"x": 0.9999999999999997, "y": 6.999999999999998, "z": 0.6505132212379372}, "24": {"x": 0.9999999999999993, "y": 7.999999999999995, "z": 0.6675865322830761}, "25": {"x": 0.9999999999999992, "y": 8.999999999999993, "z": 0.6313048966226914}, "26": {"x": 0.9999999999999989, "y": 9.99999999999999, "z": 0.5813324840674108}, "27": {"x": 0.9999999999999994, "y": 10.999999999999995, "z": 0.4778282638806302}, "28": {"x": 0.9999999999999998, "y": 12.0, "z": 0.32223643234624605}, "29": {"x": 0.9999999999999997, "y": 13.0, "z": 0.15320550353741175}, "30": {"x": 0.9999999999999998, "y": 14.000000000000002, "z": 0.10385253069985995}, "31": {"x": 1.0, "y": 15.0, "z": 0.0}, "32": {"x": 2.0, "y": 0.0, "z": 0.0}, "33": {"x": 2.0, "y": 1.0, "z": 0.18645913687620388}, "34": {"x": 1.999999999999999, "y": 1.9999999999999993, "z": 0.6399809706736252}, "35": {"x": 1.999999999999999, "y": 2.9999999999999996, "z": 0.7448908798287229}, "36": {"x": 1.9999999999999984, "y": 4.000000000000001, "z": 0.8285631131885164}, "37": {"x": 1.9999999999999987, "y": 5.000000000000001, "z": 0.9173941993111305}, "38": {"x": 1.9999999999999993, "y": 6.000000000000001, "z": 1.1205315747600817}, "39": {"x": 1.9999999999999996, "y": 6.999999999999999, "z": 1.2139570947813123}, "40": {"x": 1.9999999999999998, "y": 7.999999999999999, "z": 1.4429636265867118}, "41": {"x": 1.9999999999999991, "y": 8.999999999999996, "z": 1.1597284107121157}, "42": {"x": 1.9999999999999993, "y": 9.999999999999995, "z": 1.1919118006776614}, "43": {"x": 1.9999999999999996, "y": 10.999999999999996, "z": 0.9616406882482195}, "44": {"x": 1.9999999999999993, "y": 12.000000000000002, "z": 0.5829780644301401}, "45": {"x": 1.9999999999999996, "y": 13.000000000000004, "z": 0.2621825474868964}, "46": {"x": 1.9999999999999998, "y": 14.000000000000005, "z": 0.21347438354362877}, "47": {"x": 2.0, "y": 15.0, "z": 0.0}, "48": {"x": 3.0, "y": 0.0, "z": 0.0}, "49": {"x": 2.9999999999999996, "y": 0.9999999999999997, "z": 0.24789473432986714}, "50": {"x": 2.999999999999998, "y": 1.9999999999999991, "z": 0.6841746012706802}, "51": {"x": 2.999999999999998, "y": 2.9999999999999987, "z": 0.9273079395309394}, "52": {"x": 2.9999999999999973, "y": 3.9999999999999987, "z": 1.072936946159632}, "53": {"x": 2.999999999999998, "y": 4.999999999999999, "z": 1.2042207915755525}, "54": {"x": 2.999999999999999, "y": 6.000000000000001, "z": 1.4143560291901975}, "55": {"x": 3.0000000000000004, "y": 7.000000000000003, "z": 1.5305555288013535}, "56": {"x": 2.999999999999999, "y": 8.0, "z": 1.6006410449436599}, "57": {"x": 2.999999999999999, "y": 9.0, "z": 1.48139713058958}, "58": {"x": 2.9999999999999996, "y": 10.000000000000004, "z": 1.3982789530162332}, "59": {"x": 2.9999999999999996, "y": 11.000000000000002, "z": 1.149295881028364}, "60": {"x": 2.9999999999999996, "y": 12.000000000000005, "z": 0.7531529748213466}, "61": {"x": 2.999999999999999, "y": 13.000000000000002, "z": 0.3524779194032139}, "62": {"x": 2.999999999999999, "y": 14.000000000000004, "z": 0.253868588516183}, "63": {"x": 3.0, "y": 15.0, "z": 0.0}, "64": {"x": 4.0, "y": 0.0, "z": 0.0}, "65": {"x": 3.9999999999999982, "y": 0.9999999999999993, "z": 0.2841926136640047}, "66": {"x": 3.9999999999999964, "y": 1.9999999999999982, "z": 0.7377144155830063}, "67": {"x": 3.999999999999996, "y": 2.999999999999998, "z": 1.0229512643115068}, "68": {"x": 3.9999999999999956, "y": 3.9999999999999973, "z": 1.20522739687221}, "69": {"x": 3.999999999999997, "y": 4.999999999999998, "z": 1.3610271715141535}, "70": {"x": 3.9999999999999987, "y": 6.0, "z": 1.5730238501585323}, "71": {"x": 3.999999999999999, "y": 6.999999999999999, "z": 1.6916869706596411}, "72": {"x": 3.999999999999999, "y": 8.000000000000002, "z": 1.7422638235833487}, "73": {"x": 3.999999999999998, "y": 8.999999999999998, "z": 1.6360960093303634}, "74": {"x": 3.999999999999997, "y": 9.999999999999998, "z": 1.5185065691389639}, "75": {"x": 3.9999999999999982, "y": 10.999999999999998, "z": 1.2503183612944242}, "76": {"x": 3.999999999999999, "y": 12.000000000000004, "z": 0.8419773671590821}, "77": {"x": 3.999999999999998, "y": 12.999999999999998, "z": 0.4084668892792224}, "78": {"x": 3.9999999999999982, "y": 14.000000000000002, "z": 0.27726151556258066}, "79": {"x": 4.0, "y": 15.0, "z": 0.0}, "80": {"x": 5.0, "y": 0.0, "z": 0.0}, "81": {"x": 4.999999999999998, "y": 0.9999999999999992, "z": 0.2918021023262627}, "82": {"x": 4.9999999999999964, "y": 1.9999999999999984, "z": 0.9660123291811735}, "83": {"x": 4.999999999999996, "y": 2.999999999999998, "z": 1.0780977662046929}, "84": {"x": 4.999999999999996, "y": 3.999999999999998, "z": 1.240375142662449}, "85": {"x": 4.999999999999998, "y": 5.0, "z": 1.387123042945328}, "86": {"x": 4.999999999999999, "y": 6.000000000000001, "z": 1.6516921207467412}, "87": {"x": 5.0, "y": 7.0, "z": 1.7524383113549562}, "88": {"x": 5.0, "y": 8.0, "z": 2.3521132790902213}, "89": {"x": 4.999999999999998, "y": 8.999999999999998, "z": 1.6624667750238655}, "90": {"x": 4.999999999999998, "y": 10.0, "z": 1.7250613568607323}, "91": {"x": 4.9999999999999964, "y": 10.999999999999996, "z": 1.3708249928675391}, "92": {"x": 4.999999999999997, "y": 12.000000000000002, "z": 0.8631993535038074}, "93": {"x": 4.999999999999996, "y": 12.999999999999993, "z": 0.4211087509466189}, "94": {"x": 4.999999999999997, "y": 14.0, "z": 0.309428793307327}, "95": {"x": 5.0, "y": 15.0, "z": 0.0}, "96": {"x": 6.0, "y": 0.0, "z": 0.0}, "97": {"x": 5.999999999999999, "y": 0.9999999999999993, "z": 0.28496099956105475}, "98": {"x": 5.999999999999997, "y": 1.9999999999999984, "z": 0.6681747735705218}, "99": {"x": 5.9999999999999964, "y": 2.999999999999998, "z": 0.9521203610244857}, "100": {"x": 5.9999999999999964, "y": 3.9999999999999987, "z": 1.155016652521243}, "101": {"x": 5.999999999999999, "y": 5.000000000000001, "z": 1.3172020921632197}, "102": {"x": 6.000000000000001, "y": 6.000000000000002, "z": 1.4800760133876032}, "103": {"x": 6.000000000000002, "y": 7.000000000000002, "z": 1.5696823102199857}, "104": {"x": 6.000000000000001, "y": 8.0, "z": 1.5846175397320492}, "105": {"x": 5.999999999999997, "y": 8.999999999999996, "z": 1.508895027424215}, "106": {"x": 5.9999999999999964, "y": 9.999999999999995, "z": 1.3691572143733481}, "107": {"x": 5.999999999999996, "y": 10.999999999999995, "z": 1.1322919971126355}, "108": {"x": 5.999999999999996, "y": 11.999999999999995, "z": 0.7990400366149948}, "109": {"x": 5.999999999999995, "y": 12.999999999999995, "z": 0.41883978021807244}, "110": {"x": 5.999999999999997, "y": 13.999999999999995, "z": 0.2564609734314307}, "111": {"x": 6.0, "y": 15.0, "z": 0.0}, "112": {"x": 7.0, "y": 0.0, "z": 0.0}, "113": {"x": 7.000000000000002, "y": 0.9999999999999996, "z": 0.24871815960717628}, "114": {"x": 6.999999999999998, "y": 1.999999999999999, "z": 0.5970842302927303},