{"attributes": {"name": "Mesh"}, "dva": {"x": 0.0, "y": 0.0, "z": 0.0}, "dea": {}, "dfa": {}, "vertex": {"0": {"x": 0.0, "y": 0.0, "z": 0.0}, "1": {"x": 0.0, "y": 1.0, "z": 0.0}, "2": {"x": 0.0, "y": 2.0, "z": 0.0}, "3": {"x": 0.0, "y": 3.0, "z": 0.0}, "4": {"x": 0.0, "y": 4.0, "z": 0.0}, "5": {"x": 0.0, "y": 5.0, "z": 0.0}, "6": {"x": 0.0, "y": 6.0, "z": 0.0}, "7": {"x": 0.0, "y": 7.0, "z": 0.0}, "8": {"x": 0.0, "y": 8.0, "z": 0.0}, "9": {"x": 0.0, "y": 9.0, "z": 0.0}, "10": {"x": 0.0, "y": 10.0, "z": 0.0}, "11": {"x": 0.0, "y": 11.0, "z": 0.0}, "12": {"x": 0.0, "y": 12.0, "z": 0.0}, "13": {"x": 0.0, "y": 13.0, "z": 0.0}, "14": {"x": 0.0, "y": 14.0, "z": 0.0}, "15": {"x": 0.0, "y": 15.0, "z": 0.0}, "16": {"x": 1.0, "y": 0.0, "z": 0.0}, "17": {"x": 1.0, "y": 1.0000000000000002, "z": 0.19838832514958343}, "18": {"x": 1.0000000000000004, "y": 2.000000000000001, "z": 0.3926478850785195}, "19": {"x": 1.0000000000000004, "y": 3.0000000000000004, "z": 0.5530403988949489}, "20": {"x": 1.0000000000000002, "y": 3.999999999999999, "z": 0.6744225690063732}, "21": {"x": 0.9999999999999999, "y": 4.999999999999997, "z": 0.7766511269166564}, "22": {"x": 0.9999999999999991, "y": 5.999999999999994, "z": 0.8571107071651515}, "23": {"x": 0.9999999999999992, "y": 6.999999999999993, "z": 0.8958024659656435}, "24": {"x": 0.9999999999999992, "y": 7.999999999999993, "z": 0.9010949188975295}, "25": {"x": 0.9999999999999996, "y": 8.999999999999995, "z": 0.877693655159329}, "26": {"x": 1.0, "y": 10.000000000000002, "z": 0.8084721135465783}, "27": {"x": 0.9999999999999999, "y": 11.0, "z": 0.6981800143440985}, "28": {"x": 0.9999999999999999, "y": 12.000000000000002, "z": 0.5693592873593711}, "29": {"x": 0.9999999999999999, "y": 13.000000000000002, "z": 0.4246242196602291}, "30": {"x": 0.9999999999999998, "y": 14.0, "z": 0.232292638791799}, "31": {"x": 1.0, "y": 15.0, "z": 0.0}, "32": {"x": 2.0, "y": 0.0, "z": 0.0}, "33": {"x": 2.0, "y": 1.0000000000000002, "z": 0.3540973753548225}, "34": {"x": 2.0000000000000004, "y": 2.0000000000000004, "z": 0.7587907983484566}, "35": {"x": 2.0000000000000004, "y": 3.0000000000000004, "z": 1.0994590929859827}, "36": {"x": 2.000000000000001, "y": 4.0, "z": 1.242431703459652}, "37": {"x": 2.0000000000000004, "y": 4.999999999999999, "z": 1.4434708753490515}, "38": {"x": 1.9999999999999996, "y": 5.9999999999999964, "z": 1.7471657569177002}, "39": {"x": 1.9999999999999993, "y": 6.9999999999999964, "z": 1.7303316214355655}, "40": {"x": 1.9999999999999991, "y": 7.999999999999993, "z": 1.7195023211538523}, "41": {"x": 1.9999999999999998, "y": 8.999999999999996, "z": 1.9570332857827575}, "42": {"x": 1.9999999999999998, "y": 9.999999999999998, "z": 1.631121009067353}, "43": {"x": 2.0, "y": 11.0, "z": 1.2867255205915755}, "44": {"x": 2.0, "y": 11.999999999999998, "z": 1.0445770547892779}, "45": {"x": 2.0, "y": 13.000000000000002, "z": 0.9537083824555818}, "46": {"x": 1.9999999999999996, "y": 13.999999999999998, "z": 0.4650515477661657}, "47": {"x": 2.0, "y": 15.0, "z": 0.0}, "48": {"x": 3.0, "y": 0.0, "z": 0.0}, "49": {"x": 3.0, "y": 1.0000000000000002, "z": 0.4603803762396278}, "50": {"x": 3.0, "y": 1.9999999999999998, "z": 0.9556926176214307}, "51": {"x": 3.000000000000001, "y": 3.0000000000000004, "z": 1.3619683747846472}, "52": {"x": 3.0000000000000013, "y": 4.0, "z": 1.596379315643844}, "53": {"x": 3.000000000000001, "y": 5.0, "z": 1.8492017068700675}, "54": {"x": 3.000000000000001, "y": 5.999999999999998, "z": 2.130818648528975}, "55": {"x": 3.0, "y": 6.999999999999999, "z": 2.182192728752986}, "56": {"x": 2.999999999999999, "y": 7.999999999999997, "z": 2.186422257133742}, "57": {"x": 2.9999999999999996, "y": 9.000000000000002, "z": 2.266482824417162}, "58": {"x": 3.000000000000001, "y": 10.000000000000002, "z": 2.0154865307304752}, "59": {"x": 3.0, "y": 11.0, "z": 1.6544125105303122}, "60": {"x": 3.000000000000001, "y": 11.999999999999998, "z": 1.3451344543601336}, "61": {"x": 2.9999999999999996, "y": 12.999999999999995, "z": 1.1085744768598886}, "62": {"x": 2.999999999999999, "y": 13.999999999999998, "z": 0.5798157941095252}, "63": {"x": 3.0, "y": 15.0, "z": 0.0}, "64": {"x": 4.0, "y": 0.0, "z": 0.0}, "65": {"x": 3.9999999999999996, "y": 0.9999999999999999, "z": 0.5153016296687237}, "66": {"x": 4.0, "y": 1.9999999999999998, "z": 1.0104312528040615}, "67": {"x": 4.000000000000001, "y": 2.9999999999999996, "z": 1.420042935477993}, "68": {"x": 4.000000000000001, "y": 3.9999999999999996, "z": 1.7367011302227424}, "69": {"x": 4.0, "y": 4.999999999999998, "z": 1.996802177549011}, "70": {"x": 3.9999999999999987, "y": 5.999999999999997, "z": 2.1931691656259282}, "71": {"x": 3.9999999999999987, "y": 6.999999999999999, "z": 2.2935110709836692}, "72": {"x": 3.9999999999999987, "y": 7.999999999999997, "z": 2.3064918708822266}, "73": {"x": 3.9999999999999987, "y": 9.0, "z": 2.2357696126285513}, "74": {"x": 4.0, "y": 10.000000000000002, "z": 2.0654853344626263}, "75": {"x": 4.0, "y": 10.999999999999998, "z": 1.7930654657885432}, "76": {"x": 4.000000000000001, "y": 11.999999999999998, "z": 1.4631639045965028}, "77": {"x": 4.0, "y": 12.999999999999998, "z": 1.0807456842310041}, "78": {"x": 3.999999999999999, "y": 13.999999999999998, "z": 0.5919572579088979}, "79": {"x": 4.0, "y": 15.0, "z": 0.0}, "80": {"x": 5.0, "y": 0.0, "z": 0.0}, "81": {"x": 4.999999999999999, "y": 0.9999999999999999, "z": 0.5344909107573744}, "82": {"x": 5.000000000000001, "y": 2.0, "z": 1.0755315792240097}, "83": {"x": 5.000000000000002, "y": 3.000000000000001, "z": 1.528217300545881}, "84": {"x": 5.000000000000001, "y": 4.0, "z": 1.8154628831203468}, "85": {"x": 5.000000000000001, "y": 4.999999999999999, "z": 2.0931805835517676}, "86": {"x": 4.999999999999998, "y": 5.999999999999998, "z": 2.3810599484894257}, "87": {"x": 4.9999999999999964, "y": 6.9999999999999964, "z": 2.4357222437124104}, "88": {"x": 4.999999999999997, "y": 7.9999999999999964, "z": 2.4371764015592667}, "89": {"x": 4.999999999999999, "y": 8.999999999999996, "z": 2.514496396058735}, "90": {"x": 4.999999999999999, "y": 9.999999999999998, "z": 2.232785441545196}, "91": {"x": 4.999999999999999, "y": 10.999999999999998, "z": 1.8725052815410774}, "92": {"x": 5.000000000000001, "y": 12.000000000000002, "z": 1.5262747128362522}, "93": {"x": 5.000000000000002, "y": 13.000000000000002, "z": 1.221626917582396}, "94": {"x": 4.999999999999999, "y": 13.999999999999998, "z": 0.6361815380429423}, "95": {"x": 5.0, "y": 15.0, "z": 0.0}, "96": {"x": 6.0, "y": 0.0, "z": 0.0}, "97": {"x": 5.999999999999999, "y": 0.9999999999999998, "z": 0.5055933043906016}, "98": {"x": 6.000000000000001, "y": 1.9999999999999998, "z": 0.9864154471047837}, "99": {"x": 6.000000000000001, "y": 3.0, "z": 1.3857784016541381}, "100": {"x": 6.000000000000003, "y": 4.000000000000001, "z": 1.6920280869337596}, "101": {"x": 6.000000000000001, "y": 5.0, "z": 1.9434395964007396}, "102": {"x": 5.999999999999997, "y": 5.9999999999999964, "z": 2.1355011344009283}, "103": {"x": 5.999999999999996, "y": 6.999999999999995, "z": 2.227385685417989}, "104": {"x": 5.9999999999999964, "y": 7.999999999999996, "z": 2.2378464863166276}, "105": {"x": 5.999999999999997, "y": 8.999999999999996, "z": 2.177951744181597}, "106": {"x": 5.999999999999999, "y": 10.0, "z": 2.0080205745103763}, "107": {"x": 6.000000000000002, "y": 11.000000000000004, "z": 1.742493940996394}, "108": {"x": 6.000000000000001, "y": 12.000000000000005, "z": 1.4227385939894992}, "109": {"x": 6.000000000000001, "y": 13.000000000000005, "z": 1.0538128850289326}, "110": {"x": 6.0, "y": 14.000000000000002, "z": 0.5732874689312171}, "111": {"x": 6.0, "y": 15.0, "z": 0.0}, "112": {"x": 7.0, "y": 0.0, "z": 0.0}, "113": {"x": 6.999999999999997, "y": 0.9999999999999996, "z": 0.4401352047246112}, "114": {"x": 7.0, "y": 2.0, "z": 0.8552868508158259}, "115": {"x": 7.000000000000001, "y": 3.0000000000000004, "z": 1.200985135896977}, "116": {"x": 7.0, "y": 4.000000000000001, "z": 1.4689231160278908}, "117": {"x": 7.0,