{"attributes": {"name": "Mesh"}, "dva": {"x": 0.0, "y": 0.0, "z": 0.0}, "dea": {}, "dfa": {}, "vertex": {"0": {"x": 0.0, "y": 0.0, "z": 0.0}, "1": {"x": 0.0, "y": 1.0, "z": 0.0}, "2": {"x": 0.0, "y": 2.0, "z": 0.0}, "3": {"x": 0.0, "y": 3.0, "z": 0.0}, "4": {"x": 0.0, "y": 4.0, "z": 0.0}, "5": {"x": 0.0, "y": 5.0, "z": 0.0}, "6": {"x": 0.0, "y": 6.0, "z": 0.0}, "7": {"x": 0.0, "y": 7.0, "z": 0.0}, "8": {"x": 0.0, "y": 8.0, "z": 0.0}, "9": {"x": 0.0, "y": 9.0, "z": 0.0}, "10": {"x": 0.0, "y": 10.0, "z": 0.0}, "11": {"x": 0.0, "y": 11.0, "z": 0.0}, "12": {"x": 0.0, "y": 12.0, "z": 0.0}, "13": {"x": 0.0, "y": 13.0, "z": 0.0}, "14": {"x": 0.0, "y": 14.0, "z": 0.0}, "15": {"x": 0.0, "y": 15.0, "z": 0.0}, "16": {"x": 1.0, "y": 0.0, "z": 0.0}, "17": {"x": 1.0, "y": 1.0000000000000004, "z": 0.20685331224206732}, "18": {"x": 1.0000000000000007, "y": 2.000000000000001, "z": 0.24633450263377651}, "19": {"x": 1.0000000000000007, "y": 3.000000000000001, "z": 0.9460736104815248}, "20": {"x": 1.0000000000000009, "y": 4.000000000000002, "z": 1.3447816674591897}, "21": {"x": 1.000000000000001, "y": 5.000000000000003, "z": 1.2797696177685816}, "22": {"x": 1.0000000000000009, "y": 6.000000000000001, "z": 1.2198953333019606}, "23": {"x": 1.0000000000000004, "y": 7.0, "z": 1.5101824802435957}, "24": {"x": 1.0, "y": 7.9999999999999964, "z": 1.5974321720492903}, "25": {"x": 0.9999999999999997, "y": 8.999999999999995, "z": 1.554421542133418}, "26": {"x": 0.9999999999999997, "y": 9.999999999999996, "z": 1.7135337206210803}, "27": {"x": 0.9999999999999992, "y": 10.999999999999996, "z": 1.4914564920829716}, "28": {"x": 0.999999999999999, "y": 11.999999999999993, "z": 0.8258302025349681}, "29": {"x": 0.999999999999999, "y": 12.999999999999995, "z": 0.6344763115994424}, "30": {"x": 0.9999999999999991, "y": 13.999999999999995, "z": 0.2210526387681803}, "31": {"x": 1.0, "y": 15.0, "z": 0.0}, "32": {"x": 2.0, "y": 0.0, "z": 0.0}, "33": {"x": 2.0, "y": 1.0000000000000007, "z": 0.2863801361832175}, "34": {"x": 2.000000000000001, "y": 2.0000000000000018, "z": 0.4548849368201157}, "35": {"x": 2.000000000000001, "y": 3.0000000000000018, "z": 1.010360463934842}, "36": {"x": 2.0000000000000013, "y": 4.000000000000003, "z": 1.4140569882565317}, "37": {"x": 2.0000000000000018, "y": 5.000000000000003, "z": 1.6655125814242857}, "38": {"x": 2.0000000000000018, "y": 6.000000000000002, "z": 1.820265506455349}, "39": {"x": 2.000000000000001, "y": 7.0, "z": 1.9915878098577688}, "40": {"x": 2.0000000000000004, "y": 7.9999999999999964, "z": 2.056921493347599}, "41": {"x": 2.0, "y": 8.999999999999993, "z": 2.017831386974413}, "42": {"x": 1.999999999999999, "y": 9.999999999999993, "z": 1.9039689956528054}, "43": {"x": 1.9999999999999982, "y": 10.999999999999991, "z": 1.6468935005289616}, "44": {"x": 1.999999999999998, "y": 11.99999999999999, "z": 1.2427120188195264}, "45": {"x": 1.999999999999998, "y": 12.99999999999999, "z": 0.8688611590029934}, "46": {"x": 1.999999999999998, "y": 13.99999999999999, "z": 0.38519686053888846}, "47": {"x": 2.0, "y": 15.0, "z": 0.0}, "48": {"x": 3.0, "y": 0.0, "z": 0.0}, "49": {"x": 3.0000000000000004, "y": 1.0000000000000007, "z": 0.32691955057264793}, "50": {"x": 3.0000000000000004, "y": 2.0000000000000013, "z": 0.5882713952601969}, "51": {"x": 3.0000000000000018, "y": 3.000000000000002, "z": 1.0314355077956339}, "52": {"x": 3.000000000000002, "y": 4.000000000000003, "z": 1.4047614720041166}, "53": {"x": 3.0000000000000018, "y": 5.000000000000002, "z": 1.7103484422990152}, "54": {"x": 3.0000000000000018, "y": 6.0, "z": 1.9292446631121123}, "55": {"x": 3.0000000000000013, "y": 6.999999999999999, "z": 2.0405630753956174}, "56": {"x": 3.000000000000001, "y": 7.999999999999997, "z": 2.070679695148217}, "57": {"x": 2.999999999999999, "y": 8.999999999999991, "z": 2.0160619576342365}, "58": {"x": 2.999999999999999, "y": 9.999999999999991, "z": 1.862360368655885}, "59": {"x": 2.9999999999999987, "y": 10.999999999999991, "z": 1.636465614263335}, "60": {"x": 2.999999999999998, "y": 11.99999999999999, "z": 1.3413651112194844}, "61": {"x": 2.9999999999999973, "y": 12.999999999999988, "z": 0.943278364474956}, "62": {"x": 2.9999999999999973, "y": 13.999999999999988, "z": 0.47318997509213456}, "63": {"x": 3.0, "y": 15.0, "z": 0.0}, "64": {"x": 4.0, "y": 0.0, "z": 0.0}, "65": {"x": 3.9999999999999996, "y": 1.0000000000000002, "z": 0.38801471814136573}, "66": {"x": 3.9999999999999996, "y": 2.000000000000001, "z": 0.6319828050200379}, "67": {"x": 3.9999999999999996, "y": 3.0, "z": 1.3254546298430332}, "68": {"x": 4.0, "y": 4.0, "z": 1.84479300910987}, "69": {"x": 3.9999999999999996, "y": 4.999999999999999, "z": 2.1955535730058067}, "70": {"x": 3.9999999999999996, "y": 5.999999999999998, "z": 2.4185425740513096}, "71": {"x": 4.000000000000001, "y": 7.000000000000002, "z": 2.62384623581094}, "72": {"x": 4.000000000000001, "y": 7.999999999999997, "z": 2.6999947807468363}, "73": {"x": 3.9999999999999987, "y": 8.999999999999993, "z": 2.644689361858867}, "74": {"x": 3.999999999999996, "y": 9.999999999999986, "z": 2.4749706840454384}, "75": {"x": 3.9999999999999942, "y": 10.999999999999984, "z": 2.142835499290857}, "76": {"x": 3.9999999999999933, "y": 11.999999999999979, "z": 1.6470882579758939}, "77": {"x": 3.9999999999999933, "y": 12.999999999999979, "z": 1.146777348885883}, "78": {"x": 3.9999999999999964, "y": 13.999999999999986, "z": 0.516902497995587}, "79": {"x": 4.0, "y": 15.0, "z": 0.0}, "80": {"x": 5.0, "y": 0.0, "z": 0.0}, "81": {"x": 5.000000000000001, "y": 0.9999999999999998, "z": 0.43629377187473806}, "82": {"x": 4.999999999999999, "y": 2.0000000000000004, "z": 0.591887465091097}, "83": {"x": 5.000000000000001, "y": 3.0, "z": 1.766274705784443}, "84": {"x": 4.999999999999999, "y": 3.9999999999999982, "z": 2.4839807408542645}, "85": {"x": 4.999999999999997, "y": 4.9999999999999964, "z": 2.5159086709761675}, "86": {"x": 4.9999999999999964, "y": 5.999999999999996, "z": 2.513504501856034}, "87": {"x": 4.9999999999999964, "y": 6.999999999999996, "z": 2.971614555894666}, "88": {"x": 4.999999999999997, "y": 7.999999999999995, "z": 3.1133352255149656}, "89": {"x": 4.999999999999996, "y": 8.999999999999991, "z": 3.032769677772212}, "90": {"x": 4.999999999999995, "y": 9.999999999999988, "z": 3.1819949507679293}, "91": {"x": 4.999999999999993, "y": 10.999999999999984, "z": 2.763943679178201}, "92": {"x": 4.999999999999991, "y": 11.99999999999998, "z": 1.6939029732832211}, "93": {"x": 4.999999999999995, "y": 12.999999999999984, "z": 1.2574604020844493}, "94": {"x": 4.999999999999997, "y": 13.999999999999991, "z": 0.48013788640997435}, "95": {"x": 5.0, "y": 15.0, "z": 0.0}, "96": {"x": 6.0, "y": 0.0, "z": 0.0}, "97": {"x": 6.000000000000001, "y": 0.9999999999999993, "z": 0.3607336191757625}, "98": {"x": 5.999999999999999, "y": 1.9999999999999993, "z": 0.5135461596205252}, "99": {"x": 5.999999999999999, "y": 2.9999999999999987, "z": 1.3304426540160426}, "100": {"x": 5.999999999999998, "y": 3.999999999999998, "z": 1.8280580158278266}, "101": {"x": 5.999999999999995, "y": 4.999999999999996, "z": 1.9702629462189976}, "102": {"x": 5.999999999999995, "y": 5.999999999999995, "z": 2.0105172441633927}, "103": {"x": 5.999999999999996, "y": 6.999999999999995, "z": 2.3024389270633945}, "104": {"x": 5.999999999999995, "y": 7.999999999999993, "z": 2.4156285543128115}, "105": {"x": 5.999999999999993, "y": 8.999999999999988, "z": 2.378767224304355}, "106": {"x": 5.999999999999993, "y": 9.999999999999988, "z": 2.356905639994639}, "107": {"x": 5.999999999999992, "y": 10.999999999999986, "z": 2.022364061009384}, "108": {"x": 5.999999999999991, "y": 11.999999999999984, "z": 1.34733139498464}, "109": {"x": 5.999999999999994, "y": 12.999999999999988, "z": 0.971162099739963}, "110": {"x": 5.999999999999998, "y": 13.999999999999996, "z": 0.38616211824198177}, "111": {"x": 6.0, "y": 15.0, "z": 0.0}, "112": {"x": 7.0, "y": 0.0, "z": 0.0}, "113": {"x": 6.999999999999998, "y": 0.9999999999999991,