{"attributes": {"name": "Mesh"}, "dva": {"x": 0.0, "y": 0.0, "z": 0.0}, "dea": {}, "dfa": {}, "vertex": {"0": {"x": 0.0, "y": 0.0, "z": 0.0}, "1": {"x": 0.0, "y": 1.0, "z": 0.0}, "2": {"x": 0.0, "y": 2.0, "z": 0.0}, "3": {"x": 0.0, "y": 3.0, "z": 0.0}, "4": {"x": 0.0, "y": 4.0, "z": 0.0}, "5": {"x": 0.0, "y": 5.0, "z": 0.0}, "6": {"x": 0.0, "y": 6.0, "z": 0.0}, "7": {"x": 0.0, "y": 7.0, "z": 0.0}, "8": {"x": 0.0, "y": 8.0, "z": 0.0}, "9": {"x": 0.0, "y": 9.0, "z": 0.0}, "10": {"x": 0.0, "y": 10.0, "z": 0.0}, "11": {"x": 0.0, "y": 11.0, "z": 0.0}, "12": {"x": 0.0, "y": 12.0, "z": 0.0}, "13": {"x": 0.0, "y": 13.0, "z": 0.0}, "14": {"x": 0.0, "y": 14.0, "z": 0.0}, "15": {"x": 0.0, "y": 15.0, "z": 0.0}, "16": {"x": 1.0, "y": 0.0, "z": 0.0}, "17": {"x": 1.0, "y": 1.0000000000000002, "z": 0.32499340779279134}, "18": {"x": 1.0000000000000004, "y": 2.000000000000001, "z": 0.42345675437582253}, "19": {"x": 1.0000000000000004, "y": 3.0000000000000013, "z": 0.6327067320344824}, "20": {"x": 1.0000000000000007, "y": 4.000000000000002, "z": 0.6087741759977553}, "21": {"x": 1.0000000000000018, "y": 5.000000000000004, "z": 0.6307034497274603}, "22": {"x": 1.000000000000002, "y": 6.000000000000005, "z": 0.6342581826097714}, "23": {"x": 1.0000000000000022, "y": 7.000000000000006, "z": 0.8224054938231671}, "24": {"x": 1.000000000000002, "y": 8.000000000000007, "z": 0.7600831153312754}, "25": {"x": 1.0000000000000018, "y": 9.000000000000007, "z": 0.4350587719116139}, "26": {"x": 1.0000000000000024, "y": 10.000000000000009, "z": 0.3156874055817639}, "27": {"x": 1.0000000000000018, "y": 11.000000000000007, "z": 0.4074535703900484}, "28": {"x": 1.0000000000000013, "y": 12.000000000000005, "z": 0.4772711257026618}, "29": {"x": 1.000000000000001, "y": 13.000000000000004, "z": 0.3209839442651493}, "30": {"x": 1.0000000000000009, "y": 14.000000000000004, "z": 0.14798681010993117}, "31": {"x": 1.0, "y": 15.0, "z": 0.0}, "32": {"x": 2.0, "y": 0.0, "z": 0.0}, "33": {"x": 2.0, "y": 1.0000000000000004, "z": 0.3884895557039617}, "34": {"x": 2.000000000000001, "y": 2.0000000000000013, "z": 0.6248210785436159}, "35": {"x": 2.0000000000000013, "y": 3.0000000000000027, "z": 0.8428896425708493}, "36": {"x": 2.0000000000000018, "y": 4.0000000000000036, "z": 0.9233645874689851}, "37": {"x": 2.0000000000000027, "y": 5.000000000000005, "z": 0.9773602970568864}, "38": {"x": 2.000000000000004, "y": 6.000000000000008, "z": 0.9989290697443161}, "39": {"x": 2.0000000000000044, "y": 7.0000000000000115, "z": 1.0628867234288626}, "40": {"x": 2.0000000000000044, "y": 8.000000000000012, "z": 0.974938792112527}, "41": {"x": 2.000000000000004, "y": 9.00000000000001, "z": 0.7308109534944588}, "42": {"x": 2.0000000000000044, "y": 10.000000000000016, "z": 0.5689384325366156}, "43": {"x": 2.000000000000004, "y": 11.000000000000016, "z": 0.6338374972306228}, "44": {"x": 2.000000000000003, "y": 12.000000000000012, "z": 0.6270326898638455}, "45": {"x": 2.000000000000002, "y": 13.000000000000009, "z": 0.47087409183960327}, "46": {"x": 2.0000000000000013, "y": 14.000000000000007, "z": 0.2360432242424498}, "47": {"x": 2.0, "y": 15.0, "z": 0.0}, "48": {"x": 3.0, "y": 0.0, "z": 0.0}, "49": {"x": 3.0000000000000013, "y": 1.0000000000000016, "z": 0.4359896820204452}, "50": {"x": 3.000000000000002, "y": 2.000000000000003, "z": 0.6691056449210423}, "51": {"x": 3.000000000000003, "y": 3.0000000000000053, "z": 0.9438808392832128}, "52": {"x": 3.000000000000005, "y": 4.000000000000008, "z": 1.0163030323009477}, "53": {"x": 3.0000000000000058, "y": 5.00000000000001, "z": 1.088971728902019}, "54": {"x": 3.0000000000000067, "y": 6.000000000000013, "z": 1.1216515537633143}, "55": {"x": 3.0000000000000075, "y": 7.000000000000016, "z": 1.2612320922087215}, "56": {"x": 3.000000000000007, "y": 8.000000000000016, "z": 1.1839903476251719}, "57": {"x": 3.0000000000000058, "y": 9.000000000000012, "z": 0.881384311259786}, "58": {"x": 3.0000000000000053, "y": 10.000000000000016, "z": 0.718669084527211}, "59": {"x": 3.0000000000000044, "y": 11.000000000000014, "z": 0.756814221097387}, "60": {"x": 3.000000000000005, "y": 12.000000000000012, "z": 0.744881197652589}, "61": {"x": 3.0000000000000036, "y": 13.00000000000001, "z": 0.5321483671522456}, "62": {"x": 3.000000000000002, "y": 14.000000000000009, "z": 0.26780056170057204}, "63": {"x": 3.0, "y": 15.0, "z": 0.0}, "64": {"x": 4.0, "y": 0.0, "z": 0.0}, "65": {"x": 4.000000000000002, "y": 1.0000000000000022, "z": 0.2747544255953521}, "66": {"x": 4.000000000000003, "y": 2.000000000000005, "z": 0.5133941767411849}, "67": {"x": 4.000000000000004, "y": 3.0000000000000084, "z": 0.6955911506918483}, "68": {"x": 4.000000000000007, "y": 4.0000000000000115, "z": 0.8423776075995744}, "69": {"x": 4.00000000000001, "y": 5.000000000000016, "z": 0.9398325282195454}, "70": {"x": 4.000000000000011, "y": 6.0000000000000195, "z": 0.9928117252580586}, "71": {"x": 4.0000000000000115, "y": 7.000000000000021, "z": 0.9935332597710749}, "72": {"x": 4.00000000000001, "y": 8.00000000000002, "z": 0.9611657369318263}, "73": {"x": 4.000000000000007, "y": 9.000000000000016, "z": 0.8967507710347862}, "74": {"x": 4.000000000000006, "y": 10.000000000000014, "z": 0.8005656163100494}, "75": {"x": 4.000000000000006, "y": 11.000000000000012, "z": 0.7179308459250893}, "76": {"x": 4.000000000000005, "y": 12.000000000000012, "z": 0.5976626528857555}, "77": {"x": 4.000000000000004, "y": 13.00000000000001, "z": 0.4431728513278191}, "78": {"x": 4.000000000000003, "y": 14.000000000000009, "z": 0.24340801369751383}, "79": {"x": 4.0, "y": 15.0, "z": 0.0}, "80": {"x": 5.0, "y": 0.0, "z": 0.0}, "81": {"x": 5.000000000000002, "y": 1.0000000000000024, "z": 0.3385939992768323}, "82": {"x": 5.000000000000003, "y": 2.000000000000005, "z": 0.5750043711497373}, "83": {"x": 5.000000000000005, "y": 3.000000000000008, "z": 0.7977806697143927}, "84": {"x": 5.000000000000005, "y": 4.00000000000001, "z": 0.919766647252964}, "85": {"x": 5.000000000000006, "y": 5.000000000000012, "z": 1.0132804730244436}, "86": {"x": 5.000000000000007, "y": 6.000000000000012, "z": 1.0654281752178343}, "87": {"x": 5.000000000000007, "y": 7.000000000000013, "z": 1.1296766049939893}, "88": {"x": 5.000000000000007, "y": 8.000000000000014, "z": 1.0874985534391892}, "89": {"x": 5.000000000000007, "y": 9.000000000000014, "z": 0.9360173436755543}, "90": {"x": 5.000000000000007, "y": 10.000000000000014, "z": 0.8175501318652186}, "91": {"x": 5.000000000000007, "y": 11.000000000000014, "z": 0.770821950184401}, "92": {"x": 5.000000000000006, "y": 12.00000000000001, "z": 0.6820946650655688}, "93": {"x": 5.000000000000004, "y": 13.000000000000012, "z": 0.49334481023219723}, "94": {"x": 5.0000000000000036, "y": 14.000000000000012, "z": 0.2597785895325456}, "95": {"x": 5.0, "y": 15.0, "z": 0.0}, "96": {"x": 6.0, "y": 0.0, "z": 0.0}, "97": {"x": 6.000000000000003, "y": 1.0000000000000022, "z": 0.2573980237599023}, "98": {"x": 6.000000000000003, "y": 2.000000000000005, "z": 0.4761066139709622}, "99": {"x": 6.000000000000004, "y": 3.000000000000007, "z": 0.6494199996799106}, "100": {"x": 6.000000000000006, "y": 4.000000000000009, "z": 0.7845861085971613}, "101": {"x": 6.000000000000006, "y": 5.000000000000011, "z": 0.8777606046423453}, "102": {"x": 6.000000000000005, "y": 6.0000000000000115, "z": 0.9311460186962394}, "103": {"x": 6.000000000000005, "y": 7.000000000000011, "z": 0.9435381895276438}, "104": {"x": 6.000000000000006, "y": 8.00000000000001, "z": 0.9188780395971514}, "105": {"x": 6.000000000000006, "y": 9.000000000000012, "z": 0.8576434653242021}, "106": {"x": 6.000000000000007, "y": 10.000000000000012, "z": 0.7705710245770939}, "107": {"x": 6.000000000000007, "y": 11.000000000000016, "z": 0.6902356472048269}, "108": {"x": 6.000000000000009, "y": 12.00000000000002, "z": 0.5749672167227772}, "109": {"x": 6.000000000000006, "y": 13.000000000000016, "z": 0.42250638812275254}, "110": {"x": 6.0000000000000036, "y": 14.00000000000001, "z": 0.23000806624328626}, "111": {"x": 6.0,