{"attributes": {"name": "Mesh"}, "dva": {"x": 0.0, "y": 0.0, "z": 0.0}, "dea": {}, "dfa": {}, "vertex": {"0": {"x": 0.0, "y": 0.0, "z": 0.0}, "1": {"x": 0.0, "y": 1.0, "z": 0.0}, "2": {"x": 0.0, "y": 2.0, "z": 0.0}, "3": {"x": 0.0, "y": 3.0, "z": 0.0}, "4": {"x": 0.0, "y": 4.0, "z": 0.0}, "5": {"x": 0.0, "y": 5.0, "z": 0.0}, "6": {"x": 0.0, "y": 6.0, "z": 0.0}, "7": {"x": 0.0, "y": 7.0, "z": 0.0}, "8": {"x": 0.0, "y": 8.0, "z": 0.0}, "9": {"x": 0.0, "y": 9.0, "z": 0.0}, "10": {"x": 0.0, "y": 10.0, "z": 0.0}, "11": {"x": 0.0, "y": 11.0, "z": 0.0}, "12": {"x": 0.0, "y": 12.0, "z": 0.0}, "13": {"x": 0.0, "y": 13.0, "z": 0.0}, "14": {"x": 0.0, "y": 14.0, "z": 0.0}, "15": {"x": 0.0, "y": 15.0, "z": 0.0}, "16": {"x": 1.0, "y": 0.0, "z": 0.0}, "17": {"x": 1.0000000000000002, "y": 0.9999999999999998, "z": 0.027746593714176915}, "18": {"x": 1.0000000000000009, "y": 2.0000000000000004, "z": 0.49762226785567376}, "19": {"x": 1.0000000000000009, "y": 3.0000000000000004, "z": 1.253717058906914}, "20": {"x": 1.0000000000000009, "y": 4.0, "z": 0.991779162774011}, "21": {"x": 1.0000000000000013, "y": 5.000000000000002, "z": 0.8297959954587968}, "22": {"x": 1.000000000000001, "y": 6.000000000000001, "z": 0.6510269462340814}, "23": {"x": 1.0000000000000013, "y": 7.000000000000002, "z": 0.3532023891380723}, "24": {"x": 1.0000000000000013, "y": 8.000000000000002, "z": 1.2565829343652155}, "25": {"x": 1.0000000000000013, "y": 9.000000000000004, "z": 1.5244547866306932}, "26": {"x": 1.0000000000000013, "y": 10.000000000000002, "z": 0.8652879505624002}, "27": {"x": 1.0000000000000002, "y": 11.000000000000002, "z": 0.5936040415771873}, "28": {"x": 1.0000000000000002, "y": 12.000000000000004, "z": 0.26055718040604947}, "29": {"x": 1.0, "y": 13.000000000000004, "z": 0.9831553549398248}, "30": {"x": 1.0, "y": 14.000000000000004, "z": 1.00288410620352}, "31": {"x": 1.0, "y": 15.0, "z": 0.0}, "32": {"x": 2.0, "y": 0.0, "z": 0.0}, "33": {"x": 2.0000000000000004, "y": 0.9999999999999998, "z": 0.052364619298379114}, "34": {"x": 2.0000000000000018, "y": 2.000000000000001, "z": 0.7638798999623367}, "35": {"x": 2.0000000000000018, "y": 3.0000000000000018, "z": 1.8768328255154485}, "36": {"x": 2.000000000000002, "y": 4.000000000000003, "z": 1.5057956381643482}, "37": {"x": 2.0000000000000027, "y": 5.000000000000003, "z": 1.3304551280616352}, "38": {"x": 2.000000000000002, "y": 6.000000000000003, "z": 1.081276106020519}, "39": {"x": 2.0000000000000027, "y": 7.000000000000004, "z": 0.6541462538296191}, "40": {"x": 2.000000000000002, "y": 8.000000000000004, "z": 1.8153412283587633}, "41": {"x": 2.000000000000002, "y": 9.000000000000004, "z": 2.23632028326226}, "42": {"x": 2.000000000000002, "y": 10.000000000000004, "z": 1.3481722876989308}, "43": {"x": 2.0000000000000004, "y": 11.0, "z": 0.9752130196298066}, "44": {"x": 2.0000000000000004, "y": 12.000000000000005, "z": 0.47561001092565613}, "45": {"x": 1.9999999999999996, "y": 13.0, "z": 1.335846799816396}, "46": {"x": 1.9999999999999996, "y": 14.000000000000002, "z": 1.384327260674804}, "47": {"x": 2.0, "y": 15.0, "z": 0.0}, "48": {"x": 3.0, "y": 0.0, "z": 0.0}, "49": {"x": 3.000000000000001, "y": 0.9999999999999998, "z": 0.07405240935127538}, "50": {"x": 3.0000000000000027, "y": 2.0000000000000013, "z": 0.8109872241007268}, "51": {"x": 3.0000000000000027, "y": 3.0000000000000018, "z": 1.317272038361527}, "52": {"x": 3.000000000000003, "y": 4.000000000000002, "z": 1.5427515562355094}, "53": {"x": 3.0000000000000036, "y": 5.000000000000004, "z": 1.5070107413234408}, "54": {"x": 3.0000000000000044, "y": 6.000000000000007, "z": 1.2852783715781497}, "55": {"x": 3.0000000000000036, "y": 7.000000000000006, "z": 0.9112242268367668}, "56": {"x": 3.000000000000003, "y": 8.000000000000005, "z": 1.4108741488318015}, "57": {"x": 3.000000000000003, "y": 9.000000000000004, "z": 1.590646163693987}, "58": {"x": 3.0000000000000027, "y": 10.000000000000004, "z": 1.4775171365953634}, "59": {"x": 3.000000000000001, "y": 11.000000000000002, "z": 1.1451534205131226}, "60": {"x": 3.0000000000000004, "y": 12.000000000000004, "z": 0.6523151608332479}, "61": {"x": 2.999999999999999, "y": 12.999999999999996, "z": 0.7610830753757999}, "62": {"x": 2.999999999999999, "y": 13.999999999999998, "z": 0.531911470012633}, "63": {"x": 3.0, "y": 15.0, "z": 0.0}, "64": {"x": 4.0, "y": 0.0, "z": 0.0}, "65": {"x": 4.000000000000001, "y": 0.9999999999999997, "z": 0.08638226501523351}, "66": {"x": 4.0000000000000036, "y": 2.0000000000000013, "z": 0.8653183581817698}, "67": {"x": 4.0000000000000036, "y": 3.000000000000002, "z": 1.460708141182758}, "68": {"x": 4.0000000000000036, "y": 4.0000000000000036, "z": 1.6577036954343285}, "69": {"x": 4.0000000000000036, "y": 5.000000000000004, "z": 1.6292203535017462}, "70": {"x": 4.0000000000000036, "y": 6.0000000000000036, "z": 1.4130256037981817}, "71": {"x": 4.000000000000004, "y": 7.000000000000006, "z": 1.0327236898696497}, "72": {"x": 4.0000000000000036, "y": 8.000000000000005, "z": 1.5923411787686046}, "73": {"x": 4.000000000000003, "y": 9.000000000000005, "z": 1.7931178809887562}, "74": {"x": 4.000000000000003, "y": 10.000000000000004, "z": 1.6028786078403223}, "75": {"x": 4.000000000000001, "y": 11.0, "z": 1.2533461427718509}, "76": {"x": 4.0, "y": 12.000000000000002, "z": 0.7348684940043085}, "77": {"x": 3.999999999999999, "y": 12.999999999999998, "z": 0.8806231370361858}, "78": {"x": 4.0, "y": 14.0, "z": 0.6457073884773915}, "79": {"x": 4.0, "y": 15.0, "z": 0.0}, "80": {"x": 5.0, "y": 0.0, "z": 0.0}, "81": {"x": 5.000000000000001, "y": 0.9999999999999996, "z": 0.09270155712361942}, "82": {"x": 5.000000000000005, "y": 2.0000000000000018, "z": 0.8078360061432859}, "83": {"x": 5.0000000000000036, "y": 3.000000000000002, "z": 1.3278429498338287}, "84": {"x": 5.0000000000000036, "y": 4.0000000000000036, "z": 1.553690286372856}, "85": {"x": 5.0000000000000036, "y": 5.0000000000000036, "z": 1.5588801881749543}, "86": {"x": 5.000000000000004, "y": 6.000000000000003, "z": 1.3878615922621353}, "87": {"x": 5.000000000000005, "y": 7.000000000000007, "z": 1.0685923994630318}, "88": {"x": 5.000000000000005, "y": 8.000000000000007, "z": 1.5169972354084833}, "89": {"x": 5.0000000000000036, "y": 9.000000000000005, "z": 1.6750187838283739}, "90": {"x": 5.000000000000002, "y": 10.000000000000002, "z": 1.5381392440690105}, "91": {"x": 5.0, "y": 10.999999999999998, "z": 1.223789234657892}, "92": {"x": 4.999999999999999, "y": 12.0, "z": 0.7540688708185768}, "93": {"x": 4.999999999999997, "y": 12.999999999999998, "z": 0.8088410401352532}, "94": {"x": 4.999999999999998, "y": 13.999999999999996, "z": 0.5575864797870659}, "95": {"x": 5.0, "y": 15.0, "z": 0.0}, "96": {"x": 6.0, "y": 0.0, "z": 0.0}, "97": {"x": 6.000000000000002, "y": 0.9999999999999998, "z": 0.09173577196880614}, "98": {"x": 6.0000000000000036, "y": 2.0000000000000013, "z": 0.6853165741973328}, "99": {"x": 6.000000000000003, "y": 3.000000000000002, "z": 1.1757475561818762}, "100": {"x": 6.000000000000004, "y": 4.0000000000000036, "z": 1.3362185849723323}, "101": {"x": 6.000000000000003, "y": 5.000000000000004, "z": 1.3534412494441106}, "102": {"x": 6.000000000000004, "y": 6.000000000000002, "z": 1.2415692812088073}, "103": {"x": 6.000000000000005, "y": 7.000000000000005, "z": 1.0057422129186027}, "104": {"x": 6.0000000000000036, "y": 8.000000000000002, "z": 1.4150447525800516}, "105": {"x": 6.0000000000000036, "y": 9.0, "z": 1.5443628136146155}, "106": {"x": 6.0, "y": 10.0, "z": 1.354574053653156}, "107": {"x": 5.999999999999999, "y": 11.0, "z": 1.0885378701428594}, "108": {"x": 6.0, "y": 12.0, "z": 0.7029159193940776}, "109": {"x": 5.999999999999997, "y": 12.999999999999995, "z": 0.7808458933928746}, "110": {"x": 5.9999999999999964, "y": 13.999999999999993, "z": 0.5597861793799812}, "111": {"x": 6.0, "y": 15.0, "z": 0.0}, "112": {"x": 7.0, "y": 0.0, "z": 0.0}, "113": {"x": 7.000000000000003, "y": 0.9999999999999997, "z": 0.08532542128228826}, "114": {"x": 7.0000000000000036,