{"attributes": {"name": "Mesh"}, "dva": {"x": 0.0, "y": 0.0, "z": 0.0}, "dea": {}, "dfa": {}, "vertex": {"0": {"x": 0.0, "y": 0.0, "z": 0.0}, "1": {"x": 0.0, "y": 1.0, "z": 0.0}, "2": {"x": 0.0, "y": 2.0, "z": 0.0}, "3": {"x": 0.0, "y": 3.0, "z": 0.0}, "4": {"x": 0.0, "y": 4.0, "z": 0.0}, "5": {"x": 0.0, "y": 5.0, "z": 0.0}, "6": {"x": 0.0, "y": 6.0, "z": 0.0}, "7": {"x": 0.0, "y": 7.0, "z": 0.0}, "8": {"x": 0.0, "y": 8.0, "z": 0.0}, "9": {"x": 0.0, "y": 9.0, "z": 0.0}, "10": {"x": 0.0, "y": 10.0, "z": 0.0}, "11": {"x": 0.0, "y": 11.0, "z": 0.0}, "12": {"x": 0.0, "y": 12.0, "z": 0.0}, "13": {"x": 0.0, "y": 13.0, "z": 0.0}, "14": {"x": 0.0, "y": 14.0, "z": 0.0}, "15": {"x": 0.0, "y": 15.0, "z": 0.0}, "16": {"x": 1.0, "y": 0.0, "z": 0.0}, "17": {"x": 1.0000000000000002, "y": 1.0, "z": 0.29884688485251726}, "18": {"x": 1.0000000000000002, "y": 2.0000000000000004, "z": 0.4054508315252335}, "19": {"x": 1.0, "y": 2.999999999999999, "z": 1.1652938022949795}, "20": {"x": 0.9999999999999997, "y": 3.9999999999999987, "z": 0.6863241063879223}, "21": {"x": 0.9999999999999994, "y": 4.999999999999998, "z": 0.9466616806975608}, "22": {"x": 0.9999999999999996, "y": 5.999999999999999, "z": 0.7410275622071648}, "23": {"x": 0.9999999999999999, "y": 7.000000000000001, "z": 0.6404940871499823}, "24": {"x": 1.0, "y": 8.0, "z": 0.6744525958386937}, "25": {"x": 1.0, "y": 9.0, "z": 1.0011448625036536}, "26": {"x": 1.0000000000000002, "y": 10.0, "z": 0.6127103455818517}, "27": {"x": 0.9999999999999996, "y": 11.0, "z": 0.43936010620838595}, "28": {"x": 0.9999999999999996, "y": 12.000000000000004, "z": 0.15790107902417852}, "29": {"x": 0.9999999999999998, "y": 13.0, "z": 0.946401510157931}, "30": {"x": 1.0, "y": 14.000000000000002, "z": 0.667598402621497}, "31": {"x": 1.0, "y": 15.0, "z": 0.0}, "32": {"x": 2.0, "y": 0.0, "z": 0.0}, "33": {"x": 2.0000000000000004, "y": 1.0, "z": 0.37274615802441036}, "34": {"x": 2.000000000000001, "y": 2.0, "z": 0.6599968589248444}, "35": {"x": 2.0000000000000004, "y": 2.9999999999999996, "z": 0.9027336046000961}, "36": {"x": 1.9999999999999998, "y": 3.9999999999999987, "z": 1.063014218513721}, "37": {"x": 1.9999999999999991, "y": 4.999999999999997, "z": 1.1597583701062446}, "38": {"x": 1.9999999999999993, "y": 5.999999999999999, "z": 1.1740809788476765}, "39": {"x": 1.9999999999999998, "y": 7.000000000000002, "z": 1.1335587716466722}, "40": {"x": 2.0, "y": 8.000000000000004, "z": 1.1022884896238112}, "41": {"x": 2.0000000000000004, "y": 9.000000000000005, "z": 1.026519783467356}, "42": {"x": 2.0, "y": 10.000000000000004, "z": 0.8652018231368279}, "43": {"x": 1.9999999999999996, "y": 11.000000000000004, "z": 0.6228644245311795}, "44": {"x": 1.999999999999999, "y": 12.000000000000002, "z": 0.3022636575955142}, "45": {"x": 1.9999999999999998, "y": 13.000000000000004, "z": 0.2934398923193817}, "46": {"x": 2.0000000000000004, "y": 14.000000000000005, "z": 0.196261119452192}, "47": {"x": 2.0, "y": 15.0, "z": 0.0}, "48": {"x": 3.0, "y": 0.0, "z": 0.0}, "49": {"x": 3.000000000000001, "y": 1.0, "z": 0.5151137601319747}, "50": {"x": 3.0000000000000004, "y": 1.9999999999999996, "z": 0.8742652291581196}, "51": {"x": 3.0, "y": 2.9999999999999996, "z": 1.2717520107036115}, "52": {"x": 3.0000000000000004, "y": 3.9999999999999996, "z": 1.4283217693829178}, "53": {"x": 3.000000000000001, "y": 5.000000000000002, "z": 1.5829200753072739}, "54": {"x": 3.0, "y": 6.000000000000002, "z": 1.554592836713832}, "55": {"x": 3.0, "y": 7.000000000000003, "z": 1.4667948417332364}, "56": {"x": 2.999999999999999, "y": 7.999999999999999, "z": 1.4562302416320174}, "57": {"x": 2.9999999999999982, "y": 9.0, "z": 1.4295464545791745}, "58": {"x": 2.9999999999999996, "y": 10.000000000000004, "z": 1.1894571587340723}, "59": {"x": 2.9999999999999982, "y": 11.000000000000002, "z": 0.8527555495073735}, "60": {"x": 2.999999999999998, "y": 11.999999999999996, "z": 0.3917793277137775}, "61": {"x": 2.999999999999998, "y": 12.999999999999995, "z": 0.5080119114564531}, "62": {"x": 2.9999999999999987, "y": 13.999999999999998, "z": 0.3732374346495971}, "63": {"x": 3.0, "y": 15.0, "z": 0.0}, "64": {"x": 4.0, "y": 0.0, "z": 0.0}, "65": {"x": 4.000000000000001, "y": 1.0, "z": 0.5568410208205966}, "66": {"x": 4.000000000000001, "y": 2.0, "z": 0.9498963361250251}, "67": {"x": 4.000000000000001, "y": 2.9999999999999996, "z": 1.3832739788023205}, "68": {"x": 4.0, "y": 3.999999999999999, "z": 1.5529973076050996}, "69": {"x": 3.999999999999999, "y": 4.999999999999999, "z": 1.7269447066787356}, "70": {"x": 3.9999999999999973, "y": 5.999999999999997, "z": 1.7048870164916399}, "71": {"x": 3.999999999999999, "y": 7.000000000000001, "z": 1.6190308794271444}, "72": {"x": 3.9999999999999987, "y": 7.999999999999997, "z": 1.6013824272110222}, "73": {"x": 3.9999999999999982, "y": 8.999999999999996, "z": 1.5662673363189594}, "74": {"x": 3.9999999999999982, "y": 9.999999999999998, "z": 1.3011445527249776}, "75": {"x": 3.999999999999998, "y": 10.999999999999998, "z": 0.9402546203837977}, "76": {"x": 3.999999999999997, "y": 11.999999999999993, "z": 0.45071979956381836}, "77": {"x": 3.999999999999998, "y": 12.999999999999998, "z": 0.5659878694221767}, "78": {"x": 3.9999999999999996, "y": 14.0, "z": 0.40919520572737506}, "79": {"x": 4.0, "y": 15.0, "z": 0.0}, "80": {"x": 5.0, "y": 0.0, "z": 0.0}, "81": {"x": 5.000000000000001, "y": 1.0000000000000002, "z": 0.49015052541638604}, "82": {"x": 5.000000000000001, "y": 2.0, "z": 0.8878198243181824}, "83": {"x": 5.0, "y": 2.999999999999999, "z": 1.2010181051050108}, "84": {"x": 4.999999999999998, "y": 3.9999999999999982, "z": 1.4317925459087013}, "85": {"x": 4.999999999999998, "y": 4.999999999999998, "z": 1.5700957169435026}, "86": {"x": 4.999999999999998, "y": 5.999999999999999, "z": 1.622683346850553}, "87": {"x": 4.999999999999997, "y": 6.999999999999999, "z": 1.5986071365788403}, "88": {"x": 4.9999999999999964, "y": 7.9999999999999964, "z": 1.5374123695747606}, "89": {"x": 4.9999999999999964, "y": 8.999999999999995, "z": 1.4046895018840433}, "90": {"x": 4.999999999999996, "y": 9.999999999999993, "z": 1.1872366557231482}, "91": {"x": 4.9999999999999964, "y": 10.999999999999993, "z": 0.8768674242244748}, "92": {"x": 4.999999999999996, "y": 11.999999999999993, "z": 0.4802766022733821}, "93": {"x": 4.999999999999998, "y": 12.999999999999996, "z": 0.4058437626996745}, "94": {"x": 4.999999999999999, "y": 13.999999999999996, "z": 0.24763108261839933}, "95": {"x": 5.0, "y": 15.0, "z": 0.0}, "96": {"x": 6.0, "y": 0.0, "z": 0.0}, "97": {"x": 6.0, "y": 0.9999999999999997, "z": 0.4668868513603007}, "98": {"x": 5.999999999999999, "y": 1.9999999999999993, "z": 0.8350773102041681}, "99": {"x": 5.999999999999998, "y": 2.999999999999998, "z": 1.154506124167719}, "100": {"x": 5.999999999999997, "y": 3.999999999999998, "z": 1.3539838301646276}, "101": {"x": 5.999999999999997, "y": 4.999999999999997, "z": 1.4958006377672195}, "102": {"x": 5.999999999999997, "y": 5.999999999999997, "z": 1.5338023326996102}, "103": {"x": 5.9999999999999964, "y": 6.999999999999996, "z": 1.5042551970059987}, "104": {"x": 5.999999999999997, "y": 7.999999999999995, "z": 1.4538830416617516}, "105": {"x": 5.999999999999997, "y": 8.999999999999993, "z": 1.350187968108815}, "106": {"x": 5.999999999999997, "y": 9.999999999999995, "z": 1.1348900630735448}, "107": {"x": 5.999999999999997, "y": 10.999999999999995, "z": 0.8399669689367109}, "108": {"x": 5.999999999999995, "y": 11.999999999999993, "z": 0.4604854409702727}, "109": {"x": 5.9999999999999964, "y": 12.999999999999993, "z": 0.4275475665678001}, "110": {"x": 5.999999999999997, "y": 13.999999999999991, "z": 0.27284646930720236}, "111": {"x": 6.0, "y": 15.0, "z": 0.0}, "112": {"x": 7.0, "y": 0.0, "z": 0.0}, "113": {"x": 7.0, "y": 0.9999999999999998, "z": 0.3896193205931642}, "114": {"x": 6.999999999999999, "y": 1.9999999999999991, "z": 0.7076678813546987}, "115": {"x": 6.999999999999998, "y": 2.9999999999999982, "z": 0.9603007438632619},