{"attributes": {"name": "Mesh"}, "dva": {"x": 0.0, "y": 0.0, "z": 0.0}, "dea": {}, "dfa": {}, "vertex": {"0": {"x": 0.0, "y": 0.0, "z": 0.0}, "1": {"x": 0.0, "y": 1.0, "z": 0.0}, "2": {"x": 0.0, "y": 2.0, "z": 0.0}, "3": {"x": 0.0, "y": 3.0, "z": 0.0}, "4": {"x": 0.0, "y": 4.0, "z": 0.0}, "5": {"x": 0.0, "y": 5.0, "z": 0.0}, "6": {"x": 0.0, "y": 6.0, "z": 0.0}, "7": {"x": 0.0, "y": 7.0, "z": 0.0}, "8": {"x": 0.0, "y": 8.0, "z": 0.0}, "9": {"x": 0.0, "y": 9.0, "z": 0.0}, "10": {"x": 0.0, "y": 10.0, "z": 0.0}, "11": {"x": 0.0, "y": 11.0, "z": 0.0}, "12": {"x": 0.0, "y": 12.0, "z": 0.0}, "13": {"x": 0.0, "y": 13.0, "z": 0.0}, "14": {"x": 0.0, "y": 14.0, "z": 0.0}, "15": {"x": 0.0, "y": 15.0, "z": 0.0}, "16": {"x": 1.0, "y": 0.0, "z": 0.0}, "17": {"x": 0.9999999999999993, "y": 0.9999999999999993, "z": 0.2548047960099772}, "18": {"x": 0.999999999999999, "y": 1.999999999999999, "z": 0.34222351838110754}, "19": {"x": 0.9999999999999988, "y": 2.9999999999999996, "z": 0.43415302691767765}, "20": {"x": 0.9999999999999987, "y": 3.9999999999999996, "z": 0.4527748874325506}, "21": {"x": 0.9999999999999981, "y": 4.999999999999998, "z": 0.35978532653415973}, "22": {"x": 0.9999999999999986, "y": 5.999999999999999, "z": 0.40454323394255515}, "23": {"x": 0.9999999999999989, "y": 6.999999999999998, "z": 0.3327447814336631}, "24": {"x": 0.9999999999999991, "y": 7.999999999999998, "z": 0.3382105190752274}, "25": {"x": 0.999999999999999, "y": 9.0, "z": 0.42624698034675795}, "26": {"x": 0.9999999999999994, "y": 10.0, "z": 0.3451763468756483}, "27": {"x": 1.0, "y": 11.000000000000002, "z": 0.2506984967220813}, "28": {"x": 1.0000000000000002, "y": 12.000000000000002, "z": 0.16608688958374204}, "29": {"x": 1.0, "y": 13.000000000000002, "z": 0.13428136082107572}, "30": {"x": 0.9999999999999999, "y": 14.0, "z": 0.15001828700494388}, "31": {"x": 1.0, "y": 15.0, "z": 0.0}, "32": {"x": 2.0, "y": 0.0, "z": 0.0}, "33": {"x": 1.999999999999999, "y": 0.9999999999999987, "z": 0.186347956297145}, "34": {"x": 1.999999999999998, "y": 1.9999999999999971, "z": 0.3432198276393624}, "35": {"x": 1.9999999999999971, "y": 2.9999999999999956, "z": 0.45821615524462866}, "36": {"x": 1.9999999999999967, "y": 3.999999999999995, "z": 0.5375141859047754}, "37": {"x": 1.9999999999999967, "y": 4.999999999999995, "z": 0.5844197347459175}, "38": {"x": 1.999999999999997, "y": 5.999999999999996, "z": 0.6021109423201819}, "39": {"x": 1.9999999999999978, "y": 6.999999999999996, "z": 0.5905222562918649}, "40": {"x": 1.9999999999999984, "y": 7.999999999999995, "z": 0.5784041971892706}, "41": {"x": 1.9999999999999991, "y": 8.999999999999998, "z": 0.5533266204238125}, "42": {"x": 1.9999999999999996, "y": 9.999999999999998, "z": 0.4996630296657381}, "43": {"x": 2.0, "y": 11.000000000000002, "z": 0.41374717879166717}, "44": {"x": 2.0000000000000004, "y": 12.000000000000004, "z": 0.3053552613412944}, "45": {"x": 2.0, "y": 13.000000000000002, "z": 0.22471718169586002}, "46": {"x": 2.0, "y": 14.000000000000002, "z": 0.12698973299823874}, "47": {"x": 2.0, "y": 15.0, "z": 0.0}, "48": {"x": 3.0, "y": 0.0, "z": 0.0}, "49": {"x": 2.999999999999998, "y": 0.9999999999999977, "z": 0.2809286055907017}, "50": {"x": 2.9999999999999964, "y": 1.9999999999999953, "z": 0.513389328407698}, "51": {"x": 2.999999999999996, "y": 2.9999999999999933, "z": 0.672371743587783}, "52": {"x": 2.9999999999999956, "y": 3.999999999999992, "z": 0.7699240136962645}, "53": {"x": 2.999999999999995, "y": 4.999999999999991, "z": 0.8131103222210164}, "54": {"x": 2.9999999999999956, "y": 5.999999999999991, "z": 0.8285192745340401}, "55": {"x": 2.999999999999997, "y": 6.999999999999993, "z": 0.7959827941193459}, "56": {"x": 2.999999999999998, "y": 7.999999999999994, "z": 0.7821221580973718}, "57": {"x": 2.9999999999999996, "y": 8.999999999999998, "z": 0.7579969371253749}, "58": {"x": 3.0, "y": 9.999999999999998, "z": 0.6871920435688285}, "59": {"x": 3.0, "y": 11.0, "z": 0.5608907272568254}, "60": {"x": 3.0000000000000004, "y": 12.000000000000004, "z": 0.4026469788001006}, "61": {"x": 2.9999999999999996, "y": 13.0, "z": 0.30165185470674005}, "62": {"x": 3.0, "y": 14.000000000000002, "z": 0.1752174920878412}, "63": {"x": 3.0, "y": 15.0, "z": 0.0}, "64": {"x": 4.0, "y": 0.0, "z": 0.0}, "65": {"x": 3.9999999999999973, "y": 0.9999999999999979, "z": 0.6169155546399165}, "66": {"x": 3.9999999999999964, "y": 1.9999999999999964, "z": 0.9013128031195371}, "67": {"x": 3.9999999999999956, "y": 2.999999999999995, "z": 1.1413128413383213}, "68": {"x": 3.9999999999999947, "y": 3.999999999999994, "z": 1.200764184273466}, "69": {"x": 3.9999999999999942, "y": 4.999999999999991, "z": 1.012388401050146}, "70": {"x": 3.999999999999997, "y": 5.9999999999999964, "z": 1.0969394661471825}, "71": {"x": 3.9999999999999982, "y": 6.9999999999999964, "z": 0.9256989853422299}, "72": {"x": 3.9999999999999987, "y": 7.999999999999997, "z": 0.9332557197832869}, "73": {"x": 3.9999999999999987, "y": 8.999999999999996, "z": 1.0967809422332193}, "74": {"x": 4.0, "y": 9.999999999999998, "z": 0.9257301881381289}, "75": {"x": 3.9999999999999996, "y": 11.0, "z": 0.6845930026600032}, "76": {"x": 4.000000000000001, "y": 12.000000000000007, "z": 0.4518947267434067}, "77": {"x": 3.9999999999999996, "y": 13.0, "z": 0.3635824177816416}, "78": {"x": 4.0, "y": 14.0, "z": 0.3536058019123779}, "79": {"x": 4.0, "y": 15.0, "z": 0.0}, "80": {"x": 5.0, "y": 0.0, "z": 0.0}, "81": {"x": 4.999999999999999, "y": 0.9999999999999983, "z": 0.9463822863048358}, "82": {"x": 4.999999999999997, "y": 1.9999999999999967, "z": 1.000300154758879}, "83": {"x": 4.999999999999996, "y": 2.9999999999999947, "z": 1.3046846629894715}, "84": {"x": 4.999999999999995, "y": 3.9999999999999942, "z": 1.4035878023843515}, "85": {"x": 4.999999999999994, "y": 4.999999999999992, "z": 1.0690170253725255}, "86": {"x": 4.999999999999998, "y": 5.9999999999999964, "z": 1.2412927978701727}, "87": {"x": 4.999999999999999, "y": 6.9999999999999964, "z": 0.9734742887924189}, "88": {"x": 4.999999999999999, "y": 8.0, "z": 0.9840196770913129}, "89": {"x": 5.0, "y": 9.0, "z": 1.4455060930345782}, "90": {"x": 4.999999999999999, "y": 9.999999999999998, "z": 1.002270239199554}, "91": {"x": 4.999999999999999, "y": 11.000000000000002, "z": 0.7228522173394657}, "92": {"x": 5.000000000000001, "y": 12.000000000000005, "z": 0.47104992033785187}, "93": {"x": 4.999999999999999, "y": 12.999999999999998, "z": 0.38217939912750787}, "94": {"x": 4.999999999999999, "y": 13.999999999999996, "z": 0.5731775225760376}, "95": {"x": 5.0, "y": 15.0, "z": 0.0}, "96": {"x": 6.0, "y": 0.0, "z": 0.0}, "97": {"x": 5.999999999999999, "y": 0.9999999999999986, "z": 0.3941111870046734}, "98": {"x": 5.999999999999997, "y": 1.9999999999999971, "z": 0.7033375131207502}, "99": {"x": 5.999999999999994, "y": 2.999999999999995, "z": 0.9041305023918116}, "100": {"x": 5.999999999999993, "y": 3.9999999999999942, "z": 1.0065051425441518}, "101": {"x": 5.999999999999996, "y": 4.999999999999994, "z": 1.0173997742335639}, "102": {"x": 5.999999999999998, "y": 5.999999999999996, "z": 1.0283505088899887}, "103": {"x": 5.999999999999999, "y": 6.999999999999997, "z": 0.9567817030142085}, "104": {"x": 5.999999999999999, "y": 7.999999999999999, "z": 0.9432823851184307}, "105": {"x": 5.999999999999998, "y": 9.0, "z": 0.9370091167258499}, "106": {"x": 5.999999999999997, "y": 10.0, "z": 0.848479341752014}, "107": {"x": 5.999999999999999, "y": 11.0, "z": 0.6760521158819399}, "108": {"x": 6.000000000000001, "y": 12.000000000000002, "z": 0.4666418838673426}, "109": {"x": 5.999999999999999, "y": 12.999999999999998, "z": 0.35832369684200044}, "110": {"x": 5.999999999999999, "y": 14.0, "z": 0.22359155593093155}, "111": {"x": 6.0, "y": 15.0, "z": 0.0}, "112": {"x": 7.0, "y": 0.0, "z": 0.0}, "113": {"x": 6.9999999999999964, "y": 0.9999999999999984, "z": 0.3159132739159194}, "114": {"x": 6.9999999999999964, "y": 1.9999999999999973, "z": 0.5745457210574826}, "115": {"x": 6.9999999999999964, "y": 2.9999999999999964,