{"attributes": {"name": "Mesh"}, "dva": {"x": 0.0, "y": 0.0, "z": 0.0}, "dea": {}, "dfa": {}, "vertex": {"0": {"x": 0.0, "y": 0.0, "z": 0.0}, "1": {"x": 0.0, "y": 1.0, "z": 0.0}, "2": {"x": 0.0, "y": 2.0, "z": 0.0}, "3": {"x": 0.0, "y": 3.0, "z": 0.0}, "4": {"x": 0.0, "y": 4.0, "z": 0.0}, "5": {"x": 0.0, "y": 5.0, "z": 0.0}, "6": {"x": 0.0, "y": 6.0, "z": 0.0}, "7": {"x": 0.0, "y": 7.0, "z": 0.0}, "8": {"x": 0.0, "y": 8.0, "z": 0.0}, "9": {"x": 0.0, "y": 9.0, "z": 0.0}, "10": {"x": 0.0, "y": 10.0, "z": 0.0}, "11": {"x": 0.0, "y": 11.0, "z": 0.0}, "12": {"x": 0.0, "y": 12.0, "z": 0.0}, "13": {"x": 0.0, "y": 13.0, "z": 0.0}, "14": {"x": 0.0, "y": 14.0, "z": 0.0}, "15": {"x": 0.0, "y": 15.0, "z": 0.0}, "16": {"x": 1.0, "y": 0.0, "z": 0.0}, "17": {"x": 1.0000000000000002, "y": 1.0000000000000004, "z": 0.2915392391213137}, "18": {"x": 1.0000000000000007, "y": 2.000000000000001, "z": 0.39556630448809316}, "19": {"x": 1.0000000000000007, "y": 3.0000000000000004, "z": 0.49871290197772983}, "20": {"x": 1.0000000000000007, "y": 3.999999999999999, "z": 0.7907319146808369}, "21": {"x": 1.0, "y": 4.999999999999998, "z": 1.0184343091531194}, "22": {"x": 1.0000000000000004, "y": 5.999999999999998, "z": 1.3529036411006}, "23": {"x": 1.0000000000000004, "y": 7.0, "z": 1.2279500299866544}, "24": {"x": 1.0000000000000002, "y": 7.999999999999999, "z": 1.4982162604350373}, "25": {"x": 1.0000000000000002, "y": 9.0, "z": 1.5634649973837305}, "26": {"x": 0.9999999999999997, "y": 9.999999999999996, "z": 1.233670898784926}, "27": {"x": 0.9999999999999996, "y": 10.999999999999996, "z": 0.9263056386325333}, "28": {"x": 0.9999999999999999, "y": 11.999999999999996, "z": 0.5088918718660411}, "29": {"x": 0.9999999999999999, "y": 12.999999999999996, "z": 0.6017898161648516}, "30": {"x": 0.9999999999999999, "y": 14.0, "z": 0.40864498378877756}, "31": {"x": 1.0, "y": 15.0, "z": 0.0}, "32": {"x": 2.0, "y": 0.0, "z": 0.0}, "33": {"x": 2.0000000000000004, "y": 1.0000000000000004, "z": 0.42336031393858325}, "34": {"x": 2.0000000000000013, "y": 2.000000000000001, "z": 0.6700805728326362}, "35": {"x": 2.0000000000000013, "y": 3.000000000000001, "z": 0.8904834187204427}, "36": {"x": 2.0000000000000018, "y": 4.000000000000001, "z": 1.2802888051437533}, "37": {"x": 2.000000000000001, "y": 4.999999999999999, "z": 1.5949065587966025}, "38": {"x": 2.000000000000001, "y": 5.999999999999998, "z": 1.8768323877802362}, "39": {"x": 2.0000000000000004, "y": 6.999999999999999, "z": 1.9249568058588113}, "40": {"x": 1.9999999999999996, "y": 7.999999999999996, "z": 2.0731341745361225}, "41": {"x": 1.9999999999999998, "y": 8.999999999999995, "z": 2.04043467029078}, "42": {"x": 1.9999999999999993, "y": 9.999999999999995, "z": 1.7782462924567735}, "43": {"x": 1.9999999999999993, "y": 10.999999999999996, "z": 1.4073167492230139}, "44": {"x": 1.9999999999999996, "y": 11.999999999999996, "z": 0.9131634434892407}, "45": {"x": 1.9999999999999996, "y": 12.999999999999998, "z": 0.8229557423379211}, "46": {"x": 1.9999999999999998, "y": 14.000000000000002, "z": 0.5165122907415798}, "47": {"x": 2.0, "y": 15.0, "z": 0.0}, "48": {"x": 3.0, "y": 0.0, "z": 0.0}, "49": {"x": 3.000000000000001, "y": 1.0000000000000007, "z": 0.4801592124040726}, "50": {"x": 3.0000000000000018, "y": 2.0000000000000013, "z": 0.835345180422443}, "51": {"x": 3.000000000000002, "y": 3.000000000000002, "z": 1.1459823082124774}, "52": {"x": 3.0000000000000027, "y": 4.000000000000003, "z": 1.5304969032364113}, "53": {"x": 3.000000000000002, "y": 5.000000000000002, "z": 1.837129177015158}, "54": {"x": 3.0000000000000027, "y": 6.000000000000003, "z": 2.0721085768437906}, "55": {"x": 3.0000000000000013, "y": 7.000000000000002, "z": 2.1635640601492145}, "56": {"x": 3.0000000000000004, "y": 8.0, "z": 2.2191031199171474}, "57": {"x": 2.9999999999999996, "y": 8.999999999999996, "z": 2.1456264124178124}, "58": {"x": 2.9999999999999996, "y": 9.999999999999998, "z": 1.9280079329613355}, "59": {"x": 2.9999999999999996, "y": 10.999999999999998, "z": 1.6014420514801875}, "60": {"x": 3.0, "y": 11.999999999999998, "z": 1.1684100659459693}, "61": {"x": 2.9999999999999996, "y": 13.0, "z": 0.9180443779568785}, "62": {"x": 3.0, "y": 14.000000000000002, "z": 0.5300498851586681}, "63": {"x": 3.0, "y": 15.0, "z": 0.0}, "64": {"x": 4.0, "y": 0.0, "z": 0.0}, "65": {"x": 4.000000000000002, "y": 1.0000000000000007, "z": 0.49178131819375137}, "66": {"x": 4.0000000000000036, "y": 2.0000000000000013, "z": 0.9138217706129335}, "67": {"x": 4.000000000000003, "y": 3.000000000000003, "z": 1.2789004599031695}, "68": {"x": 4.0000000000000036, "y": 4.0000000000000036, "z": 1.6128716006417583}, "69": {"x": 4.0000000000000036, "y": 5.0000000000000036, "z": 1.8724135367316108}, "70": {"x": 4.0000000000000036, "y": 6.0000000000000036, "z": 2.0406246801352292}, "71": {"x": 4.000000000000003, "y": 7.0000000000000036, "z": 2.145160381123451}, "72": {"x": 4.000000000000003, "y": 8.000000000000004, "z": 2.128372753736604}, "73": {"x": 4.000000000000002, "y": 9.000000000000002, "z": 2.0345616111496243}, "74": {"x": 4.000000000000002, "y": 10.000000000000002, "z": 1.8741293654040823}, "75": {"x": 4.0, "y": 11.0, "z": 1.6242187741844678}, "76": {"x": 4.000000000000001, "y": 12.000000000000004, "z": 1.2953901611819463}, "77": {"x": 4.000000000000001, "y": 13.000000000000005, "z": 0.9313887673479287}, "78": {"x": 4.000000000000001, "y": 14.000000000000005, "z": 0.5016333134859415}, "79": {"x": 4.0, "y": 15.0, "z": 0.0}, "80": {"x": 5.0, "y": 0.0, "z": 0.0}, "81": {"x": 5.0, "y": 1.0000000000000002, "z": 0.5601446648594844}, "82": {"x": 5.000000000000003, "y": 2.0000000000000013, "z": 0.9953664500544583}, "83": {"x": 5.000000000000002, "y": 3.000000000000002, "z": 1.3751466010879987}, "84": {"x": 5.000000000000002, "y": 4.0000000000000036, "z": 1.8084881926061882}, "85": {"x": 5.0000000000000036, "y": 5.000000000000004, "z": 2.153013808201288}, "86": {"x": 5.000000000000006, "y": 6.000000000000009, "z": 2.3988953526989976}, "87": {"x": 5.000000000000004, "y": 7.000000000000007, "z": 2.52136333901477}, "88": {"x": 5.0000000000000036, "y": 8.000000000000007, "z": 2.552873419025913}, "89": {"x": 5.000000000000004, "y": 9.000000000000007, "z": 2.4546430948257316}, "90": {"x": 5.000000000000003, "y": 10.000000000000002, "z": 2.22732427686903}, "91": {"x": 5.000000000000002, "y": 11.000000000000004, "z": 1.8712751726713355}, "92": {"x": 5.000000000000003, "y": 12.000000000000005, "z": 1.4006286300455921}, "93": {"x": 5.000000000000001, "y": 13.000000000000005, "z": 1.067115210407951}, "94": {"x": 5.000000000000001, "y": 14.000000000000009, "z": 0.6037951743604024}, "95": {"x": 5.0, "y": 15.0, "z": 0.0}, "96": {"x": 6.0, "y": 0.0, "z": 0.0}, "97": {"x": 5.999999999999997, "y": 1.0000000000000002, "z": 0.6353110686879316}, "98": {"x": 6.0, "y": 2.0000000000000013, "z": 1.011140642445295}, "99": {"x": 6.000000000000003, "y": 3.0000000000000018, "z": 1.3512359186062988}, "100": {"x": 5.999999999999999, "y": 4.000000000000002, "z": 1.9150153850257812}, "101": {"x": 6.000000000000003, "y": 5.000000000000004, "z": 2.3626859221675276}, "102": {"x": 6.000000000000003, "y": 6.000000000000004, "z": 2.805597638598689}, "103": {"x": 6.000000000000004, "y": 7.000000000000007, "z": 2.8143672059104863}, "104": {"x": 6.0000000000000036, "y": 8.000000000000007, "z": 3.0711851973064603}, "105": {"x": 6.000000000000003, "y": 9.000000000000007, "z": 3.048004774478595}, "106": {"x": 6.000000000000004, "y": 10.000000000000007, "z": 2.6218690959927695}, "107": {"x": 6.000000000000003, "y": 11.000000000000007, "z": 2.089226966908287}, "108": {"x": 6.000000000000003, "y": 12.000000000000004, "z": 1.3795649795224618}, "109": {"x": 6.000000000000003, "y": 13.000000000000009, "z": 1.2501113770557988}, "110": {"x": 6.0, "y": 14.000000000000004, "z": 0.7765880979375489}, "111": {"x": 6.0, "y": 15.0, "z": 0.0}, "112": {"x": 7.0, "y": 0.0, "z": 0.0}, "113": {"x": 6.999999999999997, "y": 1.0000000000000002, "z": 0.5963725398485605},