{"attributes": {"name": "Mesh"}, "dva": {"x": 0.0, "y": 0.0, "z": 0.0}, "dea": {}, "dfa": {}, "vertex": {"0": {"x": 0.0, "y": 0.0, "z": 0.0}, "1": {"x": 0.0, "y": 1.0, "z": 0.0}, "2": {"x": 0.0, "y": 2.0, "z": 0.0}, "3": {"x": 0.0, "y": 3.0, "z": 0.0}, "4": {"x": 0.0, "y": 4.0, "z": 0.0}, "5": {"x": 0.0, "y": 5.0, "z": 0.0}, "6": {"x": 0.0, "y": 6.0, "z": 0.0}, "7": {"x": 0.0, "y": 7.0, "z": 0.0}, "8": {"x": 0.0, "y": 8.0, "z": 0.0}, "9": {"x": 0.0, "y": 9.0, "z": 0.0}, "10": {"x": 0.0, "y": 10.0, "z": 0.0}, "11": {"x": 0.0, "y": 11.0, "z": 0.0}, "12": {"x": 0.0, "y": 12.0, "z": 0.0}, "13": {"x": 0.0, "y": 13.0, "z": 0.0}, "14": {"x": 0.0, "y": 14.0, "z": 0.0}, "15": {"x": 0.0, "y": 15.0, "z": 0.0}, "16": {"x": 1.0, "y": 0.0, "z": 0.0}, "17": {"x": 1.0, "y": 1.0000000000000002, "z": 0.21599362419690285}, "18": {"x": 1.0, "y": 2.000000000000001, "z": 0.36730304697855526}, "19": {"x": 1.0000000000000004, "y": 3.000000000000001, "z": 0.4150484488552045}, "20": {"x": 1.0000000000000002, "y": 4.000000000000001, "z": 0.5509596058290501}, "21": {"x": 1.0000000000000004, "y": 5.000000000000002, "z": 0.5560836684010023}, "22": {"x": 1.000000000000001, "y": 6.0000000000000036, "z": 0.5384177489449661}, "23": {"x": 1.0000000000000002, "y": 7.0, "z": 0.6011880626908915}, "24": {"x": 0.9999999999999999, "y": 7.999999999999997, "z": 0.5939328422824068}, "25": {"x": 0.9999999999999999, "y": 8.999999999999995, "z": 0.5023584888755797}, "26": {"x": 0.9999999999999998, "y": 9.999999999999995, "z": 0.35924976798337555}, "27": {"x": 0.9999999999999994, "y": 10.999999999999995, "z": 0.13641396474734538}, "28": {"x": 0.9999999999999996, "y": 11.999999999999993, "z": 0.2232090083280643}, "29": {"x": 0.9999999999999993, "y": 12.999999999999993, "z": 0.3106908332333004}, "30": {"x": 0.9999999999999998, "y": 13.999999999999996, "z": 0.19522410323660472}, "31": {"x": 1.0, "y": 15.0, "z": 0.0}, "32": {"x": 2.0, "y": 0.0, "z": 0.0}, "33": {"x": 1.9999999999999998, "y": 1.0000000000000002, "z": 0.3309960157680976}, "34": {"x": 2.0, "y": 2.000000000000001, "z": 0.5715034481954471}, "35": {"x": 2.0000000000000004, "y": 3.000000000000001, "z": 0.7367199446146552}, "36": {"x": 2.0000000000000004, "y": 4.000000000000002, "z": 0.8754532578834788}, "37": {"x": 2.0000000000000004, "y": 5.000000000000002, "z": 0.9495828803762192}, "38": {"x": 2.0000000000000004, "y": 6.000000000000003, "z": 0.9683658416809846}, "39": {"x": 2.0, "y": 7.000000000000001, "z": 0.9838859781459428}, "40": {"x": 2.0, "y": 7.999999999999999, "z": 0.9273692078957795}, "41": {"x": 2.0, "y": 8.999999999999996, "z": 0.7895846785698698}, "42": {"x": 2.0000000000000004, "y": 9.999999999999996, "z": 0.5627165490310507}, "43": {"x": 1.9999999999999993, "y": 10.999999999999996, "z": 0.255573512923331}, "44": {"x": 1.9999999999999996, "y": 11.999999999999995, "z": 0.33502074665980225}, "45": {"x": 1.9999999999999996, "y": 12.999999999999993, "z": 0.3027911076429261}, "46": {"x": 1.9999999999999998, "y": 13.999999999999996, "z": 0.20353891304645175}, "47": {"x": 2.0, "y": 15.0, "z": 0.0}, "48": {"x": 3.0, "y": 0.0, "z": 0.0}, "49": {"x": 3.0, "y": 1.0, "z": 0.5479353906919042}, "50": {"x": 2.999999999999999, "y": 2.0, "z": 0.9005500499880061}, "51": {"x": 2.9999999999999996, "y": 3.0000000000000004, "z": 1.024456147141299}, "52": {"x": 3.0000000000000004, "y": 4.000000000000002, "z": 1.3154011188861834}, "53": {"x": 2.9999999999999996, "y": 5.0, "z": 1.3571727400253057}, "54": {"x": 3.000000000000001, "y": 6.000000000000002, "z": 1.3202826914483563}, "55": {"x": 3.0000000000000018, "y": 7.000000000000003, "z": 1.4865008361031777}, "56": {"x": 3.000000000000002, "y": 8.000000000000002, "z": 1.4835565456908877}, "57": {"x": 3.0000000000000018, "y": 9.0, "z": 1.2733789227046233}, "58": {"x": 3.000000000000002, "y": 10.0, "z": 0.8918190363217401}, "59": {"x": 2.999999999999999, "y": 10.999999999999996, "z": 0.3065613224808598}, "60": {"x": 3.0, "y": 11.999999999999998, "z": 0.5776879315126819}, "61": {"x": 2.9999999999999996, "y": 12.999999999999996, "z": 0.7041444937887744}, "62": {"x": 3.0000000000000004, "y": 13.999999999999998, "z": 0.48747799212951454}, "63": {"x": 3.0, "y": 15.0, "z": 0.0}, "64": {"x": 4.0, "y": 0.0, "z": 0.0}, "65": {"x": 4.0, "y": 1.0000000000000002, "z": 0.6999036882709084}, "66": {"x": 3.9999999999999996, "y": 2.0, "z": 1.123025978613865}, "67": {"x": 3.9999999999999996, "y": 3.0, "z": 1.211246592067737}, "68": {"x": 3.999999999999999, "y": 4.0, "z": 1.6016067778178318}, "69": {"x": 4.0, "y": 5.000000000000001, "z": 1.6236936010974485}, "70": {"x": 4.000000000000002, "y": 6.000000000000002, "z": 1.5444362906129454}, "71": {"x": 4.000000000000003, "y": 7.000000000000004, "z": 1.8243901805940912}, "72": {"x": 4.000000000000002, "y": 8.000000000000002, "z": 1.866024835107589}, "73": {"x": 4.000000000000002, "y": 9.0, "z": 1.610474084550343}, "74": {"x": 4.000000000000003, "y": 9.999999999999998, "z": 1.1175230340740372}, "75": {"x": 4.0, "y": 10.999999999999996, "z": 0.3316169256707971}, "76": {"x": 4.000000000000001, "y": 11.999999999999996, "z": 0.7514394355582048}, "77": {"x": 4.000000000000001, "y": 12.999999999999998, "z": 0.9730952703750233}, "78": {"x": 4.000000000000001, "y": 13.999999999999998, "z": 0.6943184478750887}, "79": {"x": 4.0, "y": 15.0, "z": 0.0}, "80": {"x": 5.0, "y": 0.0, "z": 0.0}, "81": {"x": 5.0, "y": 1.0000000000000002, "z": 0.7877340019985672}, "82": {"x": 5.0, "y": 2.0, "z": 1.2462860790175991}, "83": {"x": 4.999999999999999, "y": 3.0, "z": 1.2881063915166024}, "84": {"x": 4.999999999999998, "y": 3.999999999999999, "z": 1.7502624610304338}, "85": {"x": 5.0, "y": 5.000000000000001, "z": 1.7462180623131867}, "86": {"x": 5.000000000000003, "y": 6.000000000000003, "z": 1.6291298063714434}, "87": {"x": 5.000000000000004, "y": 7.000000000000005, "z": 1.9983828040485119}, "88": {"x": 5.000000000000002, "y": 8.000000000000002, "z": 2.0798160329081528}, "89": {"x": 5.000000000000003, "y": 9.0, "z": 1.7996027296889272}, "90": {"x": 5.000000000000002, "y": 9.999999999999998, "z": 1.2430694170736678}, "91": {"x": 5.000000000000002, "y": 11.0, "z": 0.3306386673094773}, "92": {"x": 5.000000000000001, "y": 11.999999999999998, "z": 0.8553645524656559}, "93": {"x": 5.000000000000001, "y": 12.999999999999998, "z": 1.1597943569198221}, "94": {"x": 5.0, "y": 13.999999999999995, "z": 0.8422630496415731}, "95": {"x": 5.0, "y": 15.0, "z": 0.0}, "96": {"x": 6.0, "y": 0.0, "z": 0.0}, "97": {"x": 5.999999999999999, "y": 1.0, "z": 0.8245264636377764}, "98": {"x": 6.0, "y": 2.0, "z": 1.3112453950146814}, "99": {"x": 5.999999999999999, "y": 2.9999999999999996, "z": 1.2394834159196566}, "100": {"x": 5.999999999999999, "y": 4.000000000000001, "z": 1.8429740899911582}, "101": {"x": 6.000000000000002, "y": 5.000000000000001, "z": 1.7286460314926462}, "102": {"x": 6.0000000000000036, "y": 6.000000000000004, "z": 1.5544991679186688}, "103": {"x": 6.0000000000000036, "y": 7.0000000000000036, "z": 2.0359790027718736}, "104": {"x": 5.999999999999998, "y": 7.999999999999998, "z": 2.170973801241241}, "105": {"x": 6.000000000000002, "y": 8.999999999999998, "z": 1.86022471285886}, "106": {"x": 6.0, "y": 9.999999999999996, "z": 1.2946841766631314}, "107": {"x": 6.000000000000002, "y": 11.0, "z": 0.30016205612998814}, "108": {"x": 6.0, "y": 11.999999999999998, "z": 0.8940735750749151}, "109": {"x": 6.0, "y": 12.999999999999996, "z": 1.5680628894623243}, "110": {"x": 6.0, "y": 13.999999999999995, "z": 0.9859068559230533}, "111": {"x": 6.0, "y": 15.0, "z": 0.0}, "112": {"x": 7.0, "y": 0.0, "z": 0.0}, "113": {"x": 6.999999999999999, "y": 1.0, "z": 0.7448759685566959}, "114": {"x": 7.0, "y": 2.0000000000000004, "z": 1.16538613539229}, "115": {"x": 6.999999999999998, "y": 2.999999999999999, "z": 1.1029151950639429}, "116": {"x": 7.0, "y": 4.000000000000001, "z": 1.610877729935773}, "117": {"x": 7.000000000000002, "y": 5.000000000000002, "z": 1.5372841432326925}, "118": {"x": 7.0000000000000036, "y": 6.0000000000000036,