{"attributes": {"name": "Mesh"}, "dva": {"x": 0.0, "y": 0.0, "z": 0.0}, "dea": {}, "dfa": {}, "vertex": {"0": {"x": 0.0, "y": 0.0, "z": 0.0}, "1": {"x": 0.0, "y": 1.0, "z": 0.0}, "2": {"x": 0.0, "y": 2.0, "z": 0.0}, "3": {"x": 0.0, "y": 3.0, "z": 0.0}, "4": {"x": 0.0, "y": 4.0, "z": 0.0}, "5": {"x": 0.0, "y": 5.0, "z": 0.0}, "6": {"x": 0.0, "y": 6.0, "z": 0.0}, "7": {"x": 0.0, "y": 7.0, "z": 0.0}, "8": {"x": 0.0, "y": 8.0, "z": 0.0}, "9": {"x": 0.0, "y": 9.0, "z": 0.0}, "10": {"x": 0.0, "y": 10.0, "z": 0.0}, "11": {"x": 0.0, "y": 11.0, "z": 0.0}, "12": {"x": 0.0, "y": 12.0, "z": 0.0}, "13": {"x": 0.0, "y": 13.0, "z": 0.0}, "14": {"x": 0.0, "y": 14.0, "z": 0.0}, "15": {"x": 0.0, "y": 15.0, "z": 0.0}, "16": {"x": 1.0, "y": 0.0, "z": 0.0}, "17": {"x": 1.0000000000000004, "y": 1.0000000000000009, "z": 0.06364599109388829}, "18": {"x": 1.0000000000000009, "y": 2.0000000000000018, "z": 0.11983677905050093}, "19": {"x": 1.000000000000001, "y": 3.000000000000002, "z": 0.1645464790565608}, "20": {"x": 1.000000000000001, "y": 4.000000000000002, "z": 0.20307847521142247}, "21": {"x": 1.0000000000000009, "y": 5.000000000000002, "z": 0.22915271074616034}, "22": {"x": 1.0000000000000007, "y": 6.0, "z": 0.24728721618854527}, "23": {"x": 1.0, "y": 6.999999999999995, "z": 0.2550605307005041}, "24": {"x": 0.9999999999999996, "y": 7.99999999999999, "z": 0.2531639316312182}, "25": {"x": 0.9999999999999992, "y": 8.999999999999988, "z": 0.24478984229496234}, "26": {"x": 0.999999999999999, "y": 9.99999999999999, "z": 0.22755776397503077}, "27": {"x": 0.9999999999999991, "y": 10.999999999999991, "z": 0.19763281607465413}, "28": {"x": 0.9999999999999991, "y": 11.999999999999993, "z": 0.16176112648238677}, "29": {"x": 0.9999999999999993, "y": 12.999999999999996, "z": 0.11437116434228224}, "30": {"x": 0.9999999999999999, "y": 14.000000000000002, "z": 0.06014657697579464}, "31": {"x": 1.0, "y": 15.0, "z": 0.0}, "32": {"x": 2.0, "y": 0.0, "z": 0.0}, "33": {"x": 2.0000000000000004, "y": 1.0000000000000004, "z": 0.20207361920833458}, "34": {"x": 2.000000000000001, "y": 2.000000000000001, "z": 0.3630864921336915}, "35": {"x": 2.0000000000000013, "y": 3.000000000000001, "z": 0.49181465529521046}, "36": {"x": 2.000000000000001, "y": 4.000000000000001, "z": 0.5849209326199064}, "37": {"x": 2.000000000000001, "y": 5.0, "z": 0.6522513646185124}, "38": {"x": 2.0000000000000013, "y": 6.000000000000001, "z": 0.6835525032378577}, "39": {"x": 2.0000000000000004, "y": 6.999999999999997, "z": 0.6863364367553476}, "40": {"x": 2.0000000000000004, "y": 7.999999999999995, "z": 0.6563398010652585}, "41": {"x": 1.9999999999999998, "y": 8.999999999999993, "z": 0.5888862765796983}, "42": {"x": 1.9999999999999998, "y": 9.999999999999993, "z": 0.4912841210670413}, "43": {"x": 1.9999999999999996, "y": 10.999999999999993, "z": 0.45220666036856333}, "44": {"x": 1.9999999999999993, "y": 11.999999999999993, "z": 0.37787021463649784}, "45": {"x": 1.9999999999999998, "y": 12.999999999999996, "z": 0.29496971254410614}, "46": {"x": 1.9999999999999996, "y": 14.0, "z": 0.16589772834753685}, "47": {"x": 2.0, "y": 15.0, "z": 0.0}, "48": {"x": 3.0, "y": 0.0, "z": 0.0}, "49": {"x": 2.9999999999999996, "y": 0.9999999999999998, "z": 0.42695699868972226}, "50": {"x": 2.9999999999999987, "y": 1.9999999999999993, "z": 0.6115656515513296}, "51": {"x": 3.0, "y": 3.0, "z": 1.2158983468339575}, "52": {"x": 3.0, "y": 3.999999999999999, "z": 0.9402960977564533}, "53": {"x": 3.0, "y": 5.0, "z": 1.1617205312808179}, "54": {"x": 3.0, "y": 6.0, "z": 1.100346242295611}, "55": {"x": 3.0000000000000018, "y": 6.999999999999999, "z": 1.1328585713287067}, "56": {"x": 3.000000000000001, "y": 7.999999999999997, "z": 1.336828555371215}, "57": {"x": 3.0000000000000004, "y": 8.999999999999996, "z": 0.9277052538404102}, "58": {"x": 2.999999999999999, "y": 9.999999999999995, "z": 0.6665071399902461}, "59": {"x": 2.999999999999999, "y": 10.999999999999993, "z": 1.0723865508843218}, "60": {"x": 2.999999999999999, "y": 11.999999999999993, "z": 0.5537676815473049}, "61": {"x": 2.9999999999999987, "y": 12.999999999999993, "z": 0.6618655170734433}, "62": {"x": 3.0000000000000004, "y": 14.000000000000002, "z": 0.7719962100358247}, "63": {"x": 3.0, "y": 15.0, "z": 0.0}, "64": {"x": 4.0, "y": 0.0, "z": 0.0}, "65": {"x": 3.999999999999999, "y": 0.9999999999999992, "z": 0.4336433806700662}, "66": {"x": 3.999999999999998, "y": 1.999999999999998, "z": 0.6930869656590292}, "67": {"x": 3.9999999999999973, "y": 2.999999999999999, "z": 1.0331852604263019}, "68": {"x": 3.9999999999999987, "y": 3.9999999999999987, "z": 1.0803347904300349}, "69": {"x": 3.9999999999999987, "y": 4.999999999999998, "z": 1.2509758536136188}, "70": {"x": 3.9999999999999987, "y": 5.999999999999998, "z": 1.257645444743976}, "71": {"x": 4.000000000000001, "y": 6.999999999999999, "z": 1.2784225082335159}, "72": {"x": 4.000000000000001, "y": 7.999999999999998, "z": 1.29707726191715}, "73": {"x": 4.0, "y": 8.999999999999995, "z": 1.0549158709562683}, "74": {"x": 3.9999999999999987, "y": 9.999999999999993, "z": 0.7957437024059206}, "75": {"x": 3.9999999999999987, "y": 10.999999999999993, "z": 0.8748963351955992}, "76": {"x": 3.9999999999999982, "y": 11.999999999999991, "z": 0.6479963968665918}, "77": {"x": 3.999999999999998, "y": 12.99999999999999, "z": 0.6472281242400445}, "78": {"x": 3.999999999999999, "y": 13.999999999999996, "z": 0.4756818310538576}, "79": {"x": 4.0, "y": 15.0, "z": 0.0}, "80": {"x": 5.0, "y": 0.0, "z": 0.0}, "81": {"x": 4.999999999999997, "y": 0.9999999999999984, "z": 0.33044291209673626}, "82": {"x": 4.999999999999996, "y": 1.9999999999999973, "z": 0.6130578485918977}, "83": {"x": 4.999999999999995, "y": 2.999999999999996, "z": 0.8203443902238365}, "84": {"x": 4.9999999999999964, "y": 3.9999999999999964, "z": 0.9981328674985972}, "85": {"x": 4.9999999999999964, "y": 4.999999999999996, "z": 1.102046492308894}, "86": {"x": 4.999999999999999, "y": 5.9999999999999964, "z": 1.1609779273833136}, "87": {"x": 4.999999999999999, "y": 6.999999999999997, "z": 1.1592298572969724}, "88": {"x": 4.999999999999998, "y": 7.999999999999996, "z": 1.097665286030072}, "89": {"x": 4.999999999999999, "y": 8.999999999999995, "z": 1.0025857974748784}, "90": {"x": 4.999999999999998, "y": 9.999999999999995, "z": 0.8593298064454239}, "91": {"x": 4.999999999999997, "y": 10.999999999999991, "z": 0.765212592908383}, "92": {"x": 4.999999999999997, "y": 11.999999999999991, "z": 0.644269869311112}, "93": {"x": 4.9999999999999964, "y": 12.999999999999988, "z": 0.47121009117380197}, "94": {"x": 4.999999999999997, "y": 13.999999999999991, "z": 0.24992062621426014}, "95": {"x": 5.0, "y": 15.0, "z": 0.0}, "96": {"x": 6.0, "y": 0.0, "z": 0.0}, "97": {"x": 5.999999999999999, "y": 0.9999999999999992, "z": 0.47233511579359005}, "98": {"x": 5.999999999999999, "y": 1.9999999999999984, "z": 0.7898607117008697}, "99": {"x": 5.9999999999999964, "y": 2.999999999999998, "z": 1.0971297395728126}, "100": {"x": 5.999999999999997, "y": 3.9999999999999973, "z": 1.2240452120395686}, "101": {"x": 5.999999999999999, "y": 4.999999999999998, "z": 1.3824026580186133}, "102": {"x": 5.999999999999999, "y": 5.999999999999998, "z": 1.412132263253082}, "103": {"x": 6.000000000000001, "y": 6.999999999999998, "z": 1.413407102325748}, "104": {"x": 6.0, "y": 7.999999999999995, "z": 1.357968051733341}, "105": {"x": 6.0, "y": 8.999999999999995, "z": 1.1279856595705775}, "106": {"x": 6.000000000000002, "y": 10.0, "z": 0.831829521308434}, "107": {"x": 5.999999999999999, "y": 10.999999999999996, "z": 0.8591917603991276}, "108": {"x": 5.999999999999997, "y": 11.999999999999995, "z": 0.70116538694558}, "109": {"x": 5.9999999999999964, "y": 12.999999999999995, "z": 0.6514648900092954}, "110": {"x": 5.9999999999999964, "y": 13.999999999999996, "z": 0.42102700896287365}, "111": {"x": 6.0, "y": 15.0, "z": 0.0}, "112": {"x": 7.0, "y": 0.0, "z": 0.0}, "113": {"x": 7.0, "y": 0.9999999999999996, "z": 0.5797749326532428}, "114": {"x": 7.0,