{"attributes": {"name": "Mesh"}, "dva": {"x": 0.0, "y": 0.0, "z": 0.0}, "dea": {}, "dfa": {}, "vertex": {"0": {"x": 0.0, "y": 0.0, "z": 0.0}, "1": {"x": 0.0, "y": 1.0, "z": 0.0}, "2": {"x": 0.0, "y": 2.0, "z": 0.0}, "3": {"x": 0.0, "y": 3.0, "z": 0.0}, "4": {"x": 0.0, "y": 4.0, "z": 0.0}, "5": {"x": 0.0, "y": 5.0, "z": 0.0}, "6": {"x": 0.0, "y": 6.0, "z": 0.0}, "7": {"x": 0.0, "y": 7.0, "z": 0.0}, "8": {"x": 0.0, "y": 8.0, "z": 0.0}, "9": {"x": 0.0, "y": 9.0, "z": 0.0}, "10": {"x": 0.0, "y": 10.0, "z": 0.0}, "11": {"x": 0.0, "y": 11.0, "z": 0.0}, "12": {"x": 0.0, "y": 12.0, "z": 0.0}, "13": {"x": 0.0, "y": 13.0, "z": 0.0}, "14": {"x": 0.0, "y": 14.0, "z": 0.0}, "15": {"x": 0.0, "y": 15.0, "z": 0.0}, "16": {"x": 1.0, "y": 0.0, "z": 0.0}, "17": {"x": 1.0, "y": 1.0000000000000002, "z": 0.18688957638826886}, "18": {"x": 1.0000000000000002, "y": 2.0000000000000004, "z": 0.15593957312462112}, "19": {"x": 0.9999999999999997, "y": 3.0, "z": 0.36555248240002186}, "20": {"x": 1.0000000000000004, "y": 4.000000000000001, "z": 0.6494286518680782}, "21": {"x": 1.000000000000001, "y": 5.000000000000001, "z": 0.5236648688439097}, "22": {"x": 1.0000000000000009, "y": 5.999999999999998, "z": 0.5785719195353436}, "23": {"x": 1.0000000000000013, "y": 7.000000000000002, "z": 0.4365034643211111}, "24": {"x": 1.0000000000000013, "y": 8.000000000000002, "z": 0.8354437495808692}, "25": {"x": 1.0000000000000016, "y": 9.000000000000002, "z": 0.6783390238010426}, "26": {"x": 1.0000000000000016, "y": 10.000000000000005, "z": 0.8231000453402865}, "27": {"x": 1.0000000000000013, "y": 11.000000000000002, "z": 0.6014018372779611}, "28": {"x": 1.0000000000000009, "y": 12.0, "z": 0.9941503891612854}, "29": {"x": 1.0000000000000002, "y": 12.999999999999998, "z": 0.9307145429066712}, "30": {"x": 1.0000000000000002, "y": 14.000000000000002, "z": 0.7872754366929464}, "31": {"x": 1.0, "y": 15.0, "z": 0.0}, "32": {"x": 2.0, "y": 0.0, "z": 0.0}, "33": {"x": 1.9999999999999998, "y": 1.0000000000000002, "z": 0.2822724287896778}, "34": {"x": 2.0000000000000004, "y": 2.0000000000000004, "z": 0.28561282528580184}, "35": {"x": 1.9999999999999998, "y": 3.0, "z": 0.6155267069102583}, "36": {"x": 2.000000000000001, "y": 4.000000000000001, "z": 0.9394206014386578}, "37": {"x": 2.0000000000000018, "y": 5.000000000000002, "z": 0.8945354916014635}, "38": {"x": 2.000000000000002, "y": 6.0, "z": 0.9495698241757212}, "39": {"x": 2.0000000000000027, "y": 7.0000000000000036, "z": 0.7920693269801724}, "40": {"x": 2.0000000000000027, "y": 8.000000000000004, "z": 1.171621682387782}, "41": {"x": 2.0000000000000027, "y": 9.000000000000005, "z": 1.1465448765065627}, "42": {"x": 2.000000000000002, "y": 10.0, "z": 1.254377846215083}, "43": {"x": 2.000000000000002, "y": 11.0, "z": 1.0417319978950788}, "44": {"x": 2.0000000000000018, "y": 12.0, "z": 1.3392440421961453}, "45": {"x": 2.000000000000001, "y": 12.999999999999996, "z": 1.254764864116008}, "46": {"x": 2.0000000000000004, "y": 13.999999999999998, "z": 0.8393931981568915}, "47": {"x": 2.0, "y": 15.0, "z": 0.0}, "48": {"x": 3.0, "y": 0.0, "z": 0.0}, "49": {"x": 3.0, "y": 1.0000000000000002, "z": 0.34519426116327817}, "50": {"x": 2.9999999999999996, "y": 2.0, "z": 0.3768932009929903}, "51": {"x": 3.0000000000000004, "y": 3.000000000000001, "z": 0.7605198611407245}, "52": {"x": 3.0000000000000018, "y": 4.000000000000002, "z": 1.2081091419823604}, "53": {"x": 3.0000000000000027, "y": 5.000000000000003, "z": 1.1051155065710725}, "54": {"x": 3.0000000000000044, "y": 6.000000000000004, "z": 1.202675442988297}, "55": {"x": 3.0000000000000053, "y": 7.000000000000007, "z": 1.0263892153960494}, "56": {"x": 3.0000000000000044, "y": 8.000000000000007, "z": 1.590668346372262}, "57": {"x": 3.000000000000004, "y": 9.000000000000007, "z": 1.4031604294594444}, "58": {"x": 3.0000000000000036, "y": 10.000000000000005, "z": 1.5798269119731307}, "59": {"x": 3.0000000000000036, "y": 11.000000000000004, "z": 1.2592845901188334}, "60": {"x": 3.000000000000002, "y": 12.000000000000004, "z": 1.687973640231885}, "61": {"x": 3.0000000000000013, "y": 13.000000000000002, "z": 1.491210372446893}, "62": {"x": 3.0000000000000018, "y": 14.000000000000004, "z": 1.1929950183385964}, "63": {"x": 3.0, "y": 15.0, "z": 0.0}, "64": {"x": 4.0, "y": 0.0, "z": 0.0}, "65": {"x": 4.000000000000001, "y": 1.0000000000000004, "z": 0.31540354699144524}, "66": {"x": 3.9999999999999987, "y": 2.0, "z": 0.4420454983489949}, "67": {"x": 4.000000000000002, "y": 3.000000000000002, "z": 0.793729339049012}, "68": {"x": 4.000000000000004, "y": 4.000000000000004, "z": 1.0854224739858596}, "69": {"x": 4.000000000000004, "y": 5.000000000000004, "z": 1.169611054382411}, "70": {"x": 4.000000000000006, "y": 6.000000000000008, "z": 1.2438836279361003}, "71": {"x": 4.000000000000007, "y": 7.000000000000011, "z": 1.1824487758156321}, "72": {"x": 4.000000000000006, "y": 8.000000000000012, "z": 1.4281687249124377}, "73": {"x": 4.000000000000005, "y": 9.000000000000007, "z": 1.460069190322934}, "74": {"x": 4.000000000000004, "y": 10.000000000000005, "z": 1.4872137132485037}, "75": {"x": 4.000000000000005, "y": 11.000000000000004, "z": 1.3280825605353968}, "76": {"x": 4.0000000000000036, "y": 12.000000000000005, "z": 1.3288222228323356}, "77": {"x": 4.000000000000002, "y": 13.000000000000004, "z": 1.111715257272764}, "78": {"x": 4.000000000000001, "y": 14.000000000000002, "z": 0.669489500314232}, "79": {"x": 4.0, "y": 15.0, "z": 0.0}, "80": {"x": 5.0, "y": 0.0, "z": 0.0}, "81": {"x": 5.000000000000001, "y": 1.0000000000000007, "z": 0.2759416544820656}, "82": {"x": 5.0, "y": 2.000000000000001, "z": 0.4638473210684203}, "83": {"x": 5.000000000000003, "y": 3.000000000000002, "z": 0.7514673172874808}, "84": {"x": 5.000000000000003, "y": 4.0000000000000036, "z": 0.9704589415786515}, "85": {"x": 5.000000000000005, "y": 5.000000000000006, "z": 1.1132609556361563}, "86": {"x": 5.000000000000007, "y": 6.00000000000001, "z": 1.1948447995936406}, "87": {"x": 5.00000000000001, "y": 7.0000000000000115, "z": 1.2128540139240593}, "88": {"x": 5.00000000000001, "y": 8.000000000000012, "z": 1.322162414080287}, "89": {"x": 5.000000000000008, "y": 9.000000000000009, "z": 1.3637521032827404}, "90": {"x": 5.000000000000007, "y": 10.000000000000007, "z": 1.3333297936829098}, "91": {"x": 5.000000000000006, "y": 11.000000000000005, "z": 1.2274167001734861}, "92": {"x": 5.000000000000005, "y": 12.000000000000009, "z": 1.0523405531667724}, "93": {"x": 5.0000000000000036, "y": 13.000000000000005, "z": 0.7971895474785878}, "94": {"x": 5.000000000000004, "y": 14.000000000000005, "z": 0.4337459792473058}, "95": {"x": 5.0, "y": 15.0, "z": 0.0}, "96": {"x": 6.0, "y": 0.0, "z": 0.0}, "97": {"x": 6.000000000000002, "y": 1.0000000000000007, "z": 0.311347795619193}, "98": {"x": 6.000000000000001, "y": 2.0000000000000013, "z": 0.4271013234880843}, "99": {"x": 6.000000000000001, "y": 3.0000000000000013, "z": 0.7370502378379467}, "100": {"x": 6.000000000000001, "y": 4.000000000000003, "z": 1.122151467867187}, "101": {"x": 6.000000000000005, "y": 5.000000000000006, "z": 1.0727691268058217}, "102": {"x": 6.000000000000006, "y": 6.000000000000009, "z": 1.1906549897571361}, "103": {"x": 6.00000000000001, "y": 7.000000000000012, "z": 1.108536105388499}, "104": {"x": 6.00000000000001, "y": 8.000000000000012, "z": 1.5419311882822726}, "105": {"x": 6.000000000000009, "y": 9.00000000000001, "z": 1.3181362676922679}, "106": {"x": 6.000000000000006, "y": 10.000000000000007, "z": 1.4375413103431611}, "107": {"x": 6.000000000000007, "y": 11.000000000000005, "z": 1.1525480881937387}, "108": {"x": 6.000000000000004, "y": 12.000000000000005, "z": 1.4043595878639004}, "109": {"x": 6.000000000000003, "y": 13.000000000000004, "z": 1.1425810621706942}, "110": {"x": 6.000000000000002, "y": 14.000000000000004, "z": 0.9761539312988667}, "111": {"x": 6.0, "y": 15.0, "z": 0.0}, "112": {"x": 7.0, "y": 0.0, "z": 0.0}, "113": {"x": 7.000000000000001, "y": 1.0000000000000007,