{"attributes": {"name": "Mesh"}, "dva": {"x": 0.0, "y": 0.0, "z": 0.0}, "dea": {}, "dfa": {}, "vertex": {"0": {"x": 0.0, "y": 0.0, "z": 0.0}, "1": {"x": 0.0, "y": 1.0, "z": 0.0}, "2": {"x": 0.0, "y": 2.0, "z": 0.0}, "3": {"x": 0.0, "y": 3.0, "z": 0.0}, "4": {"x": 0.0, "y": 4.0, "z": 0.0}, "5": {"x": 0.0, "y": 5.0, "z": 0.0}, "6": {"x": 0.0, "y": 6.0, "z": 0.0}, "7": {"x": 0.0, "y": 7.0, "z": 0.0}, "8": {"x": 0.0, "y": 8.0, "z": 0.0}, "9": {"x": 0.0, "y": 9.0, "z": 0.0}, "10": {"x": 0.0, "y": 10.0, "z": 0.0}, "11": {"x": 0.0, "y": 11.0, "z": 0.0}, "12": {"x": 0.0, "y": 12.0, "z": 0.0}, "13": {"x": 0.0, "y": 13.0, "z": 0.0}, "14": {"x": 0.0, "y": 14.0, "z": 0.0}, "15": {"x": 0.0, "y": 15.0, "z": 0.0}, "16": {"x": 1.0, "y": 0.0, "z": 0.0}, "17": {"x": 1.0000000000000002, "y": 1.0000000000000002, "z": 0.3321483005990908}, "18": {"x": 1.0000000000000007, "y": 2.0000000000000004, "z": 0.4827067587814379}, "19": {"x": 1.0000000000000007, "y": 3.0, "z": 0.5189333291364011}, "20": {"x": 1.0000000000000009, "y": 4.000000000000001, "z": 0.675027763031225}, "21": {"x": 1.000000000000001, "y": 5.0000000000000036, "z": 0.783601946610104}, "22": {"x": 1.0000000000000013, "y": 6.000000000000004, "z": 0.7813649385196835}, "23": {"x": 1.0000000000000016, "y": 7.0000000000000036, "z": 0.616932976674826}, "24": {"x": 1.000000000000001, "y": 8.000000000000002, "z": 0.6374934503092199}, "25": {"x": 1.0000000000000007, "y": 9.0, "z": 0.7831512415849984}, "26": {"x": 1.0000000000000009, "y": 10.000000000000004, "z": 0.7637078140007143}, "27": {"x": 1.0000000000000004, "y": 11.0, "z": 0.692829825469904}, "28": {"x": 1.0, "y": 11.999999999999998, "z": 0.5498363229782401}, "29": {"x": 0.9999999999999998, "y": 12.999999999999995, "z": 0.5643844579230448}, "30": {"x": 0.9999999999999999, "y": 13.999999999999996, "z": 0.3834250187772779}, "31": {"x": 1.0, "y": 15.0, "z": 0.0}, "32": {"x": 2.0, "y": 0.0, "z": 0.0}, "33": {"x": 2.0000000000000013, "y": 1.0000000000000009, "z": 0.3297074011569395}, "34": {"x": 2.0000000000000018, "y": 2.0000000000000018, "z": 0.6131595424215142}, "35": {"x": 2.0000000000000018, "y": 3.000000000000002, "z": 0.8386059999925456}, "36": {"x": 2.0000000000000013, "y": 4.000000000000003, "z": 0.9927315405305713}, "37": {"x": 2.0000000000000018, "y": 5.0000000000000036, "z": 1.0846227071187502}, "38": {"x": 2.000000000000002, "y": 6.000000000000005, "z": 1.1214687893554363}, "39": {"x": 2.0000000000000027, "y": 7.000000000000006, "z": 1.1133125313768717}, "40": {"x": 2.0000000000000018, "y": 8.000000000000005, "z": 1.1306034305926578}, "41": {"x": 2.0000000000000018, "y": 9.000000000000005, "z": 1.1410258535670104}, "42": {"x": 2.0000000000000018, "y": 10.000000000000004, "z": 1.1072383287504526}, "43": {"x": 2.000000000000001, "y": 11.000000000000002, "z": 1.0109804483203528}, "44": {"x": 2.0, "y": 12.0, "z": 0.855249052708268}, "45": {"x": 1.9999999999999993, "y": 12.999999999999995, "z": 0.612685564175713}, "46": {"x": 1.9999999999999991, "y": 13.999999999999995, "z": 0.32730474683450994}, "47": {"x": 2.0, "y": 15.0, "z": 0.0}, "48": {"x": 3.0, "y": 0.0, "z": 0.0}, "49": {"x": 3.0, "y": 1.0000000000000007, "z": 0.9597817138069555}, "50": {"x": 3.0000000000000004, "y": 2.0000000000000013, "z": 1.3095664378827152}, "51": {"x": 3.000000000000001, "y": 3.000000000000002, "z": 1.328059234905629}, "52": {"x": 3.000000000000002, "y": 4.0000000000000036, "z": 1.7476445045416396}, "53": {"x": 3.000000000000002, "y": 5.000000000000004, "z": 2.056365302030803}, "54": {"x": 3.0000000000000013, "y": 6.000000000000004, "z": 2.040838766006016}, "55": {"x": 3.0000000000000018, "y": 7.000000000000003, "z": 1.4858542648433644}, "56": {"x": 3.000000000000002, "y": 8.000000000000005, "z": 1.54932604708521}, "57": {"x": 3.0000000000000018, "y": 9.0, "z": 2.0444899133293792}, "58": {"x": 3.0000000000000018, "y": 10.0, "z": 1.9794315555970612}, "59": {"x": 3.0000000000000018, "y": 10.999999999999998, "z": 1.8068474959312193}, "60": {"x": 3.0000000000000013, "y": 12.000000000000002, "z": 1.4225540730812565}, "61": {"x": 3.000000000000001, "y": 13.000000000000004, "z": 1.6337929524968124}, "62": {"x": 3.000000000000001, "y": 14.000000000000005, "z": 1.1680518151561707}, "63": {"x": 3.0, "y": 15.0, "z": 0.0}, "64": {"x": 4.0, "y": 0.0, "z": 0.0}, "65": {"x": 3.9999999999999987, "y": 1.0000000000000004, "z": 1.1715181777204318}, "66": {"x": 3.9999999999999982, "y": 2.0000000000000004, "z": 1.587775611966884}, "67": {"x": 3.9999999999999996, "y": 3.0000000000000013, "z": 1.6240152655934148}, "68": {"x": 4.000000000000002, "y": 4.0000000000000036, "z": 2.113545260181687}, "69": {"x": 4.000000000000002, "y": 5.0000000000000036, "z": 2.4634663415679157}, "70": {"x": 4.000000000000002, "y": 6.0000000000000036, "z": 2.436062357030057}, "71": {"x": 4.000000000000003, "y": 7.000000000000003, "z": 1.7424463696719057}, "72": {"x": 4.000000000000003, "y": 8.000000000000002, "z": 1.8265578450537032}, "73": {"x": 4.000000000000003, "y": 9.0, "z": 2.454953975723146}, "74": {"x": 4.000000000000002, "y": 10.000000000000002, "z": 2.3828068702704517}, "75": {"x": 4.000000000000001, "y": 11.000000000000004, "z": 2.196406828119226}, "76": {"x": 4.000000000000002, "y": 12.000000000000005, "z": 1.7424555615951771}, "77": {"x": 4.000000000000003, "y": 13.000000000000007, "z": 2.0191737244198396}, "78": {"x": 4.000000000000002, "y": 14.000000000000005, "z": 1.4490642502577513}, "79": {"x": 4.0, "y": 15.0, "z": 0.0}, "80": {"x": 5.0, "y": 0.0, "z": 0.0}, "81": {"x": 4.999999999999998, "y": 1.0000000000000004, "z": 0.8051820517745553}, "82": {"x": 4.999999999999998, "y": 2.000000000000001, "z": 1.3893270096943475}, "83": {"x": 5.0, "y": 3.0000000000000013, "z": 1.7413089288516934}, "84": {"x": 5.000000000000001, "y": 4.000000000000003, "z": 2.0815378757779706}, "85": {"x": 5.000000000000002, "y": 5.000000000000003, "z": 2.2332285361655315}, "86": {"x": 5.0000000000000036, "y": 6.000000000000002, "z": 2.164164617541058}, "87": {"x": 5.0000000000000036, "y": 7.0000000000000036, "z": 1.8907789464966882}, "88": {"x": 5.000000000000003, "y": 8.000000000000002, "z": 1.9696740724064126}, "89": {"x": 5.000000000000003, "y": 9.000000000000002, "z": 2.2326279409057155}, "90": {"x": 5.0, "y": 10.0, "z": 2.2985500262899206}, "91": {"x": 5.000000000000002, "y": 11.000000000000004, "z": 2.1596533167230296}, "92": {"x": 5.000000000000002, "y": 12.000000000000009, "z": 1.8330234098110925}, "93": {"x": 5.000000000000002, "y": 13.000000000000007, "z": 1.4315431036496997}, "94": {"x": 5.000000000000001, "y": 14.000000000000002, "z": 0.8213195708839897}, "95": {"x": 5.0, "y": 15.0, "z": 0.0}, "96": {"x": 6.0, "y": 0.0, "z": 0.0}, "97": {"x": 5.999999999999999, "y": 1.0000000000000007, "z": 0.9843278902608287}, "98": {"x": 6.000000000000001, "y": 2.0000000000000013, "z": 1.5109046554955436}, "99": {"x": 6.000000000000002, "y": 3.0000000000000018, "z": 1.7352592851730486}, "100": {"x": 6.000000000000003, "y": 4.0000000000000036, "z": 2.139277858789501}, "101": {"x": 6.000000000000003, "y": 5.000000000000002, "z": 2.365044456275791}, "102": {"x": 6.000000000000004, "y": 6.000000000000003, "z": 2.2956684402878342}, "103": {"x": 6.000000000000004, "y": 7.000000000000002, "z": 1.8171771588372072}, "104": {"x": 6.000000000000002, "y": 7.999999999999998, "z": 1.9058022536630679}, "105": {"x": 6.000000000000001, "y": 9.0, "z": 2.351738729233287}, "106": {"x": 6.0, "y": 10.000000000000002, "z": 2.377343751809784}, "107": {"x": 6.000000000000001, "y": 11.000000000000004, "z": 2.2278593429666573}, "108": {"x": 6.000000000000002, "y": 12.000000000000005, "z": 1.8461351536144555}, "109": {"x": 6.0, "y": 13.000000000000004, "z": 1.7258806684862804}, "110": {"x": 5.999999999999997, "y": 13.999999999999998, "z": 1.115540872854319}, "111": {"x": 6.0, "y": 15.0, "z": 0.0}, "112": {"x": 7.0, "y": 0.0, "z": 0.0}, "113": {"x": 6.999999999999999, "y": 1.0000000000000002, "z": 0.7456426454659942}, "114": {"x": 7.0, "y": 2.000000000000001,