{"attributes": {"name": "Mesh"}, "dva": {"x": 0.0, "y": 0.0, "z": 0.0}, "dea": {}, "dfa": {}, "vertex": {"0": {"x": 0.0, "y": 0.0, "z": 0.0}, "1": {"x": 0.0, "y": 1.0, "z": 0.0}, "2": {"x": 0.0, "y": 2.0, "z": 0.0}, "3": {"x": 0.0, "y": 3.0, "z": 0.0}, "4": {"x": 0.0, "y": 4.0, "z": 0.0}, "5": {"x": 0.0, "y": 5.0, "z": 0.0}, "6": {"x": 0.0, "y": 6.0, "z": 0.0}, "7": {"x": 0.0, "y": 7.0, "z": 0.0}, "8": {"x": 0.0, "y": 8.0, "z": 0.0}, "9": {"x": 0.0, "y": 9.0, "z": 0.0}, "10": {"x": 0.0, "y": 10.0, "z": 0.0}, "11": {"x": 0.0, "y": 11.0, "z": 0.0}, "12": {"x": 0.0, "y": 12.0, "z": 0.0}, "13": {"x": 0.0, "y": 13.0, "z": 0.0}, "14": {"x": 0.0, "y": 14.0, "z": 0.0}, "15": {"x": 0.0, "y": 15.0, "z": 0.0}, "16": {"x": 1.0, "y": 0.0, "z": 0.0}, "17": {"x": 0.9999999999999997, "y": 1.0, "z": 0.18971132891174605}, "18": {"x": 0.9999999999999992, "y": 2.0, "z": 0.14685068156959769}, "19": {"x": 0.9999999999999991, "y": 2.999999999999999, "z": 0.3823811941790337}, "20": {"x": 0.9999999999999999, "y": 4.0, "z": 0.43122880472678465}, "21": {"x": 1.0000000000000002, "y": 4.999999999999998, "z": 0.6324707613324072}, "22": {"x": 1.0000000000000009, "y": 6.0, "z": 0.48895752805525033}, "23": {"x": 1.0000000000000004, "y": 7.0, "z": 0.7413558372535065}, "24": {"x": 0.9999999999999998, "y": 7.999999999999999, "z": 0.9356109175704329}, "25": {"x": 0.9999999999999996, "y": 9.0, "z": 0.8142037747069628}, "26": {"x": 0.999999999999999, "y": 9.999999999999998, "z": 0.42100088674309083}, "27": {"x": 0.9999999999999989, "y": 10.999999999999996, "z": 0.34912287263314573}, "28": {"x": 0.9999999999999987, "y": 11.999999999999996, "z": 0.16027983027713605}, "29": {"x": 0.9999999999999988, "y": 13.0, "z": 0.23401551203140025}, "30": {"x": 0.9999999999999984, "y": 13.999999999999995, "z": 0.05458331244288937}, "31": {"x": 1.0, "y": 15.0, "z": 0.0}, "32": {"x": 2.0, "y": 0.0, "z": 0.0}, "33": {"x": 1.9999999999999993, "y": 0.9999999999999997, "z": 0.28499876392445517}, "34": {"x": 1.9999999999999984, "y": 1.9999999999999993, "z": 0.26702272275579786}, "35": {"x": 1.9999999999999982, "y": 2.9999999999999996, "z": 0.6287737531345804}, "36": {"x": 1.9999999999999993, "y": 4.000000000000001, "z": 0.7457880129200765}, "37": {"x": 2.000000000000001, "y": 5.000000000000003, "z": 1.0115611851776054}, "38": {"x": 2.000000000000002, "y": 6.000000000000004, "z": 0.8691541068306097}, "39": {"x": 2.000000000000001, "y": 7.000000000000003, "z": 1.2002536664448435}, "40": {"x": 2.0, "y": 8.0, "z": 1.4141907307369748}, "41": {"x": 1.9999999999999993, "y": 8.999999999999998, "z": 1.2463593239319983}, "42": {"x": 1.9999999999999982, "y": 9.999999999999996, "z": 0.7395863404935952}, "43": {"x": 1.9999999999999982, "y": 10.999999999999995, "z": 0.595583996991613}, "44": {"x": 1.9999999999999976, "y": 11.999999999999995, "z": 0.29240517470778093}, "45": {"x": 1.9999999999999973, "y": 12.999999999999995, "z": 0.3562195869043953}, "46": {"x": 1.999999999999997, "y": 13.999999999999993, "z": 0.09792659670582315}, "47": {"x": 2.0, "y": 15.0, "z": 0.0}, "48": {"x": 3.0, "y": 0.0, "z": 0.0}, "49": {"x": 2.9999999999999996, "y": 0.9999999999999998, "z": 0.3031209411091651}, "50": {"x": 2.9999999999999982, "y": 1.9999999999999993, "z": 0.3586107807284068}, "51": {"x": 2.9999999999999982, "y": 3.0, "z": 0.7553417077794328}, "52": {"x": 2.999999999999999, "y": 4.000000000000002, "z": 0.9491215916915287}, "53": {"x": 3.0000000000000013, "y": 5.0000000000000036, "z": 1.173066445983283}, "54": {"x": 3.000000000000002, "y": 6.000000000000005, "z": 1.1391965557172876}, "55": {"x": 3.0000000000000013, "y": 7.000000000000002, "z": 1.413690033794424}, "56": {"x": 3.0, "y": 7.999999999999998, "z": 1.516714703819495}, "57": {"x": 2.9999999999999982, "y": 8.999999999999995, "z": 1.3620062697239805}, "58": {"x": 2.9999999999999982, "y": 9.999999999999996, "z": 0.9572699086964915}, "59": {"x": 2.9999999999999973, "y": 10.999999999999996, "z": 0.7469557994625485}, "60": {"x": 2.999999999999997, "y": 11.999999999999993, "z": 0.39410160617874246}, "61": {"x": 2.999999999999996, "y": 12.999999999999991, "z": 0.3866708802404469}, "62": {"x": 2.9999999999999956, "y": 13.99999999999999, "z": 0.12974967453185804}, "63": {"x": 3.0, "y": 15.0, "z": 0.0}, "64": {"x": 4.0, "y": 0.0, "z": 0.0}, "65": {"x": 3.9999999999999996, "y": 0.9999999999999997, "z": 0.3039380590422903}, "66": {"x": 3.9999999999999973, "y": 1.9999999999999993, "z": 0.41505966216353307}, "67": {"x": 3.9999999999999982, "y": 2.9999999999999996, "z": 0.818194038896548}, "68": {"x": 3.999999999999999, "y": 4.000000000000002, "z": 1.0596952838860052}, "69": {"x": 4.000000000000002, "y": 5.000000000000004, "z": 1.2460524856997908}, "70": {"x": 4.000000000000003, "y": 6.000000000000005, "z": 1.2942329976020053}, "71": {"x": 4.000000000000003, "y": 7.0000000000000036, "z": 1.5081290778757526}, "72": {"x": 4.000000000000002, "y": 8.000000000000002, "z": 1.529903051441209}, "73": {"x": 3.9999999999999996, "y": 8.999999999999996, "z": 1.3944595168425022}, "74": {"x": 3.9999999999999973, "y": 9.999999999999995, "z": 1.07889328555351}, "75": {"x": 3.999999999999996, "y": 10.999999999999995, "z": 0.829368389368593}, "76": {"x": 3.999999999999996, "y": 11.99999999999999, "z": 0.4575424042739429}, "77": {"x": 3.999999999999995, "y": 12.99999999999999, "z": 0.39565193995603154}, "78": {"x": 3.999999999999994, "y": 13.999999999999986, "z": 0.14906995242635648}, "79": {"x": 4.0, "y": 15.0, "z": 0.0}, "80": {"x": 5.0, "y": 0.0, "z": 0.0}, "81": {"x": 4.999999999999998, "y": 0.9999999999999992, "z": 0.5005501525535538}, "82": {"x": 4.999999999999996, "y": 1.999999999999999, "z": 0.4138959077202722}, "83": {"x": 4.9999999999999964, "y": 2.999999999999999, "z": 1.0184625327058905}, "84": {"x": 4.999999999999998, "y": 4.000000000000001, "z": 1.1300169264781414}, "85": {"x": 5.0, "y": 5.000000000000003, "z": 2.1067891065389053}, "86": {"x": 5.0000000000000036, "y": 6.000000000000005, "z": 1.313078321967623}, "87": {"x": 5.000000000000003, "y": 7.0, "z": 1.8696163720871561}, "88": {"x": 5.000000000000001, "y": 7.999999999999999, "z": 2.806862436500314}, "89": {"x": 5.0, "y": 8.999999999999998, "z": 2.345113139256261}, "90": {"x": 4.999999999999998, "y": 9.999999999999993, "z": 1.1105645781549347}, "91": {"x": 4.999999999999999, "y": 10.999999999999998, "z": 0.9334954546122292}, "92": {"x": 4.999999999999996, "y": 11.999999999999988, "z": 0.4558891105811112}, "93": {"x": 4.999999999999996, "y": 12.999999999999988, "z": 0.6484606763750442}, "94": {"x": 4.999999999999991, "y": 13.99999999999998, "z": 0.15218557145022116}, "95": {"x": 5.0, "y": 15.0, "z": 0.0}, "96": {"x": 6.0, "y": 0.0, "z": 0.0}, "97": {"x": 5.999999999999999, "y": 0.9999999999999994, "z": 0.5081202215848329}, "98": {"x": 5.999999999999995, "y": 1.9999999999999984, "z": 0.39332239873085184}, "99": {"x": 5.9999999999999964, "y": 2.9999999999999996, "z": 1.0013655829699033}, "100": {"x": 5.999999999999997, "y": 4.0, "z": 1.0899671799154285}, "101": {"x": 6.0, "y": 5.000000000000003, "z": 2.0713420253433994}, "102": {"x": 6.0000000000000036, "y": 6.0000000000000036, "z": 1.2515853363060911}, "103": {"x": 6.000000000000002, "y": 6.999999999999999, "z": 1.8501818311785239}, "104": {"x": 6.0, "y": 7.999999999999999, "z": 2.8161505165499627}, "105": {"x": 5.999999999999999, "y": 8.999999999999996, "z": 2.348833060265323}, "106": {"x": 5.999999999999998, "y": 9.999999999999991, "z": 1.0646494935849984}, "107": {"x": 5.999999999999999, "y": 10.999999999999996, "z": 0.9061708839570729}, "108": {"x": 5.999999999999997, "y": 11.99999999999999, "z": 0.4333805382852065}, "109": {"x": 5.999999999999995, "y": 12.99999999999999, "z": 0.6540419133005685}, "110": {"x": 5.99999999999999, "y": 13.999999999999977, "z": 0.14574323428316122}, "111": {"x": 6.0, "y": 15.0, "z": 0.0}, "112": {"x": 7.0, "y": 0.0, "z": 0.0}, "113": {"x": 6.999999999999999, "y": 0.9999999999999993, "z": 0.32989496132267093}, "114": {"x": 6.999999999999995,