{"attributes": {"name": "Mesh"}, "dva": {"x": 0.0, "y": 0.0, "z": 0.0}, "dea": {}, "dfa": {}, "vertex": {"0": {"x": 0.0, "y": 0.0, "z": 0.0}, "1": {"x": 0.0, "y": 1.0, "z": 0.0}, "2": {"x": 0.0, "y": 2.0, "z": 0.0}, "3": {"x": 0.0, "y": 3.0, "z": 0.0}, "4": {"x": 0.0, "y": 4.0, "z": 0.0}, "5": {"x": 0.0, "y": 5.0, "z": 0.0}, "6": {"x": 0.0, "y": 6.0, "z": 0.0}, "7": {"x": 0.0, "y": 7.0, "z": 0.0}, "8": {"x": 0.0, "y": 8.0, "z": 0.0}, "9": {"x": 0.0, "y": 9.0, "z": 0.0}, "10": {"x": 0.0, "y": 10.0, "z": 0.0}, "11": {"x": 0.0, "y": 11.0, "z": 0.0}, "12": {"x": 0.0, "y": 12.0, "z": 0.0}, "13": {"x": 0.0, "y": 13.0, "z": 0.0}, "14": {"x": 0.0, "y": 14.0, "z": 0.0}, "15": {"x": 0.0, "y": 15.0, "z": 0.0}, "16": {"x": 1.0, "y": 0.0, "z": 0.0}, "17": {"x": 0.9999999999999997, "y": 1.0, "z": 0.32541135242242536}, "18": {"x": 1.0, "y": 2.0000000000000004, "z": 0.8710036678943255}, "19": {"x": 1.0000000000000002, "y": 2.9999999999999996, "z": 0.8964983020019488}, "20": {"x": 1.0000000000000009, "y": 4.0, "z": 0.39755532833407264}, "21": {"x": 1.0000000000000018, "y": 5.000000000000001, "z": 0.31606362473647837}, "22": {"x": 1.0000000000000018, "y": 6.000000000000002, "z": 1.7175921083268602}, "23": {"x": 1.0000000000000018, "y": 7.000000000000002, "z": 2.4557356496129317}, "24": {"x": 1.000000000000002, "y": 8.000000000000004, "z": 2.6710428141163187}, "25": {"x": 1.0000000000000022, "y": 9.000000000000005, "z": 2.3933768303552165}, "26": {"x": 1.0000000000000024, "y": 10.00000000000001, "z": 1.5490116709063293}, "27": {"x": 1.0000000000000016, "y": 11.000000000000004, "z": 1.386047202844358}, "28": {"x": 1.0000000000000007, "y": 12.0, "z": 0.6400036348216294}, "29": {"x": 1.0000000000000002, "y": 13.000000000000004, "z": 0.23678846848983567}, "30": {"x": 1.0000000000000002, "y": 14.0, "z": 0.2058278530243864}, "31": {"x": 1.0, "y": 15.0, "z": 0.0}, "32": {"x": 2.0, "y": 0.0, "z": 0.0}, "33": {"x": 1.9999999999999993, "y": 1.0, "z": 0.5399157196510144}, "34": {"x": 2.0, "y": 2.0, "z": 1.3732161282640383}, "35": {"x": 2.0000000000000004, "y": 2.9999999999999996, "z": 1.4285453228905083}, "36": {"x": 2.0000000000000018, "y": 4.000000000000001, "z": 0.6995247913784497}, "37": {"x": 2.0000000000000036, "y": 5.0000000000000036, "z": 0.5769665732851226}, "38": {"x": 2.000000000000003, "y": 6.000000000000004, "z": 2.7586723768999835}, "39": {"x": 2.000000000000003, "y": 7.000000000000005, "z": 3.813313762907248}, "40": {"x": 2.000000000000003, "y": 8.000000000000005, "z": 4.15433840635944}, "41": {"x": 2.000000000000004, "y": 9.000000000000009, "z": 3.820184521107118}, "42": {"x": 2.000000000000005, "y": 10.000000000000014, "z": 2.509164749209231}, "43": {"x": 2.000000000000003, "y": 11.000000000000005, "z": 2.313379722296519}, "44": {"x": 2.0000000000000013, "y": 12.0, "z": 1.1040476567032842}, "45": {"x": 2.0000000000000004, "y": 13.000000000000004, "z": 0.43375135467161136}, "46": {"x": 2.0000000000000004, "y": 14.000000000000002, "z": 0.3504538502204912}, "47": {"x": 2.0, "y": 15.0, "z": 0.0}, "48": {"x": 3.0, "y": 0.0, "z": 0.0}, "49": {"x": 2.9999999999999982, "y": 1.0, "z": 0.6557517083586476}, "50": {"x": 2.9999999999999996, "y": 2.0, "z": 1.2458634377403799}, "51": {"x": 3.0000000000000004, "y": 3.0000000000000004, "z": 1.3331533636030222}, "52": {"x": 3.000000000000002, "y": 4.000000000000001, "z": 0.9216618402744023}, "53": {"x": 3.000000000000005, "y": 5.000000000000005, "z": 0.7993351754122562}, "54": {"x": 3.0000000000000044, "y": 6.000000000000004, "z": 2.2601503964140366}, "55": {"x": 3.000000000000005, "y": 7.000000000000007, "z": 3.2178419520899704}, "56": {"x": 3.000000000000005, "y": 8.000000000000007, "z": 3.6461458606404125}, "57": {"x": 3.000000000000005, "y": 9.00000000000001, "z": 3.557191431837918}, "58": {"x": 3.0000000000000058, "y": 10.000000000000014, "z": 2.996580151055651}, "59": {"x": 3.0000000000000044, "y": 11.000000000000007, "z": 2.4141524277556075}, "60": {"x": 3.000000000000002, "y": 12.000000000000004, "z": 1.4154391819074044}, "61": {"x": 3.0000000000000004, "y": 13.000000000000004, "z": 0.5964651307034162}, "62": {"x": 3.0, "y": 14.0, "z": 0.42652240967667326}, "63": {"x": 3.0, "y": 15.0, "z": 0.0}, "64": {"x": 4.0, "y": 0.0, "z": 0.0}, "65": {"x": 3.9999999999999982, "y": 1.0000000000000002, "z": 0.6980148032720056}, "66": {"x": 3.9999999999999996, "y": 2.0000000000000004, "z": 1.4028727332057096}, "67": {"x": 4.000000000000001, "y": 3.0000000000000004, "z": 1.512695896872926}, "68": {"x": 4.000000000000003, "y": 4.000000000000002, "z": 1.0293886287817706}, "69": {"x": 4.000000000000006, "y": 5.000000000000006, "z": 0.915125018874939}, "70": {"x": 4.000000000000006, "y": 6.000000000000007, "z": 2.6168274065423556}, "71": {"x": 4.000000000000006, "y": 7.000000000000007, "z": 3.661417004484462}, "72": {"x": 4.000000000000006, "y": 8.000000000000009, "z": 4.092095009725278}, "73": {"x": 4.000000000000005, "y": 9.00000000000001, "z": 3.9291296397604687}, "74": {"x": 4.000000000000005, "y": 10.000000000000009, "z": 3.169751606771788}, "75": {"x": 4.0000000000000036, "y": 11.000000000000002, "z": 2.6385911287999217}, "76": {"x": 4.000000000000002, "y": 12.000000000000004, "z": 1.539933515245992}, "77": {"x": 4.0, "y": 13.0, "z": 0.6832853701256696}, "78": {"x": 4.0, "y": 14.0, "z": 0.47771643067236524}, "79": {"x": 4.0, "y": 15.0, "z": 0.0}, "80": {"x": 5.0, "y": 0.0, "z": 0.0}, "81": {"x": 4.999999999999999, "y": 1.0000000000000007, "z": 0.6504765924082484}, "82": {"x": 4.999999999999999, "y": 2.0000000000000013, "z": 1.464372828137467}, "83": {"x": 5.000000000000001, "y": 3.000000000000002, "z": 1.594190116931772}, "84": {"x": 5.0000000000000036, "y": 4.000000000000003, "z": 1.036070507547579}, "85": {"x": 5.000000000000007, "y": 5.000000000000007, "z": 0.9539340045317019}, "86": {"x": 5.000000000000007, "y": 6.000000000000006, "z": 2.935288908905248}, "87": {"x": 5.000000000000008, "y": 7.000000000000007, "z": 3.8939717610174434}, "88": {"x": 5.000000000000008, "y": 8.000000000000009, "z": 4.245950992965986}, "89": {"x": 5.000000000000007, "y": 9.000000000000009, "z": 4.020051833111833}, "90": {"x": 5.000000000000007, "y": 10.000000000000009, "z": 2.895480951646186}, "91": {"x": 5.0000000000000036, "y": 11.000000000000004, "z": 2.6646907676750313}, "92": {"x": 5.000000000000002, "y": 12.000000000000004, "z": 1.4913466799940518}, "93": {"x": 4.999999999999999, "y": 12.999999999999998, "z": 0.7146215728180836}, "94": {"x": 4.999999999999998, "y": 13.999999999999993, "z": 0.4838225459026164}, "95": {"x": 5.0, "y": 15.0, "z": 0.0}, "96": {"x": 6.0, "y": 0.0, "z": 0.0}, "97": {"x": 6.000000000000001, "y": 1.000000000000001, "z": 0.5086021712115699}, "98": {"x": 6.0, "y": 2.000000000000002, "z": 0.8650103498253067}, "99": {"x": 6.000000000000002, "y": 3.000000000000003, "z": 1.016107747494562}, "100": {"x": 6.000000000000004, "y": 4.000000000000004, "z": 0.9661023918491194}, "101": {"x": 6.000000000000008, "y": 5.000000000000006, "z": 0.9560750981415181}, "102": {"x": 6.000000000000009, "y": 6.000000000000005, "z": 1.6097557968628238}, "103": {"x": 6.000000000000008, "y": 7.000000000000005, "z": 2.0665634710474117}, "104": {"x": 6.000000000000009, "y": 8.000000000000009, "z": 2.3110187013427215}, "105": {"x": 6.000000000000008, "y": 9.000000000000009, "z": 2.342979081408027}, "106": {"x": 6.000000000000008, "y": 10.00000000000001, "z": 2.1761543760004387}, "107": {"x": 6.000000000000004, "y": 11.000000000000005, "z": 1.8287340250717221}, "108": {"x": 6.000000000000002, "y": 11.999999999999998, "z": 1.296889099638698}, "109": {"x": 5.999999999999999, "y": 12.999999999999996, "z": 0.7121410097533695}, "110": {"x": 5.999999999999999, "y": 13.999999999999993, "z": 0.4209674283420244}, "111": {"x": 6.0, "y": 15.0, "z": 0.0}, "112": {"x": 7.0, "y": 0.0, "z": 0.0}, "113": {"x": 7.000000000000003, "y": 1.000000000000001, "z": 0.36915525668470256}, "114": {"x": 7.0000000000000036, "y": 2.0000000000000027, "z": 0.6086236682911484},