{"attributes": {"name": "Mesh"}, "dva": {"x": 0.0, "y": 0.0, "z": 0.0}, "dea": {}, "dfa": {}, "vertex": {"0": {"x": 0.0, "y": 0.0, "z": 0.0}, "1": {"x": 0.0, "y": 1.0, "z": 0.0}, "2": {"x": 0.0, "y": 2.0, "z": 0.0}, "3": {"x": 0.0, "y": 3.0, "z": 0.0}, "4": {"x": 0.0, "y": 4.0, "z": 0.0}, "5": {"x": 0.0, "y": 5.0, "z": 0.0}, "6": {"x": 0.0, "y": 6.0, "z": 0.0}, "7": {"x": 0.0, "y": 7.0, "z": 0.0}, "8": {"x": 0.0, "y": 8.0, "z": 0.0}, "9": {"x": 0.0, "y": 9.0, "z": 0.0}, "10": {"x": 0.0, "y": 10.0, "z": 0.0}, "11": {"x": 0.0, "y": 11.0, "z": 0.0}, "12": {"x": 0.0, "y": 12.0, "z": 0.0}, "13": {"x": 0.0, "y": 13.0, "z": 0.0}, "14": {"x": 0.0, "y": 14.0, "z": 0.0}, "15": {"x": 0.0, "y": 15.0, "z": 0.0}, "16": {"x": 1.0, "y": 0.0, "z": 0.0}, "17": {"x": 1.0, "y": 1.0, "z": 0.1504494124667042}, "18": {"x": 0.9999999999999999, "y": 1.9999999999999996, "z": 0.3178399848303784}, "19": {"x": 0.9999999999999994, "y": 2.999999999999999, "z": 0.2479617017467502}, "20": {"x": 0.9999999999999989, "y": 3.999999999999998, "z": 0.3733775533603115}, "21": {"x": 0.9999999999999981, "y": 4.999999999999997, "z": 0.3013612321190949}, "22": {"x": 0.999999999999998, "y": 6.0, "z": 0.15085749517668717}, "23": {"x": 0.9999999999999989, "y": 7.000000000000001, "z": 0.16836636515334472}, "24": {"x": 0.9999999999999993, "y": 8.000000000000002, "z": 0.3677813376419664}, "25": {"x": 0.9999999999999992, "y": 9.000000000000002, "z": 0.4437125220358544}, "26": {"x": 0.9999999999999992, "y": 10.000000000000004, "z": 0.3993877517871896}, "27": {"x": 0.9999999999999996, "y": 11.000000000000002, "z": 0.4446872102487689}, "28": {"x": 0.9999999999999994, "y": 12.0, "z": 0.5736916098362072}, "29": {"x": 0.9999999999999999, "y": 13.000000000000004, "z": 0.543882002779119}, "30": {"x": 0.9999999999999997, "y": 14.0, "z": 0.32279243671924635}, "31": {"x": 1.0, "y": 15.0, "z": 0.0}, "32": {"x": 2.0, "y": 0.0, "z": 0.0}, "33": {"x": 2.0, "y": 0.9999999999999999, "z": 0.25989938799868967}, "34": {"x": 1.9999999999999996, "y": 1.9999999999999996, "z": 0.7259597690112379}, "35": {"x": 1.9999999999999991, "y": 2.9999999999999987, "z": 0.4316901178135908}, "36": {"x": 1.999999999999998, "y": 3.999999999999997, "z": 0.6971750079857343}, "37": {"x": 1.9999999999999962, "y": 4.999999999999996, "z": 0.5243216606812638}, "38": {"x": 1.9999999999999956, "y": 5.999999999999999, "z": 0.2704962040220713}, "39": {"x": 1.999999999999998, "y": 7.000000000000003, "z": 0.30159113685154276}, "40": {"x": 1.9999999999999984, "y": 8.000000000000002, "z": 0.6509297317460854}, "41": {"x": 1.9999999999999984, "y": 9.000000000000002, "z": 0.7854587764920393}, "42": {"x": 1.9999999999999987, "y": 10.000000000000004, "z": 0.7002976769641265}, "43": {"x": 1.9999999999999984, "y": 11.000000000000002, "z": 0.7709510024273127}, "44": {"x": 1.9999999999999987, "y": 12.0, "z": 1.0205667885170233}, "45": {"x": 1.9999999999999993, "y": 13.0, "z": 0.9949372158999253}, "46": {"x": 1.9999999999999996, "y": 14.000000000000002, "z": 0.5491693921882139}, "47": {"x": 2.0, "y": 15.0, "z": 0.0}, "48": {"x": 3.0, "y": 0.0, "z": 0.0}, "49": {"x": 3.0, "y": 0.9999999999999999, "z": 0.32536381134932685}, "50": {"x": 2.9999999999999996, "y": 1.999999999999999, "z": 0.5610762520689592}, "51": {"x": 2.999999999999999, "y": 2.9999999999999982, "z": 0.566877819144454}, "52": {"x": 2.9999999999999973, "y": 3.999999999999997, "z": 0.7226407639922507}, "53": {"x": 2.999999999999995, "y": 4.999999999999996, "z": 0.6334310688817409}, "54": {"x": 2.999999999999992, "y": 5.999999999999994, "z": 0.36855819656316197}, "55": {"x": 2.9999999999999973, "y": 7.000000000000003, "z": 0.41088001006570596}, "56": {"x": 2.9999999999999973, "y": 8.000000000000002, "z": 0.7742890139666692}, "57": {"x": 2.999999999999997, "y": 9.0, "z": 0.9415978327716461}, "58": {"x": 2.999999999999997, "y": 9.999999999999998, "z": 0.9228314043345142}, "59": {"x": 2.9999999999999982, "y": 11.000000000000004, "z": 0.9996473240278014}, "60": {"x": 2.9999999999999982, "y": 12.000000000000002, "z": 1.1147459756556644}, "61": {"x": 2.999999999999999, "y": 13.000000000000002, "z": 0.9893948879013719}, "62": {"x": 3.0, "y": 14.0, "z": 0.6115554456762707}, "63": {"x": 3.0, "y": 15.0, "z": 0.0}, "64": {"x": 4.0, "y": 0.0, "z": 0.0}, "65": {"x": 3.999999999999999, "y": 0.9999999999999998, "z": 0.37322473846294174}, "66": {"x": 3.9999999999999996, "y": 1.9999999999999991, "z": 0.9021463909464471}, "67": {"x": 3.9999999999999987, "y": 2.9999999999999987, "z": 0.637116178026298}, "68": {"x": 3.9999999999999973, "y": 3.999999999999998, "z": 0.9569224487764734}, "69": {"x": 3.9999999999999942, "y": 4.999999999999995, "z": 0.7490833938396018}, "70": {"x": 3.999999999999989, "y": 5.999999999999991, "z": 0.41607497817222194}, "71": {"x": 3.999999999999996, "y": 7.0, "z": 0.46361771144623604}, "72": {"x": 3.9999999999999964, "y": 8.0, "z": 0.9312866029636182}, "73": {"x": 3.9999999999999956, "y": 8.999999999999996, "z": 1.1236149964851756}, "74": {"x": 3.9999999999999964, "y": 9.999999999999998, "z": 1.034944493895603}, "75": {"x": 3.999999999999998, "y": 11.000000000000004, "z": 1.1225633108663586}, "76": {"x": 3.999999999999998, "y": 12.000000000000002, "z": 1.4056800233689428}, "77": {"x": 4.0, "y": 13.000000000000007, "z": 1.3271393111193854}, "78": {"x": 4.0, "y": 14.000000000000004, "z": 0.745460791734464}, "79": {"x": 4.0, "y": 15.0, "z": 0.0}, "80": {"x": 5.0, "y": 0.0, "z": 0.0}, "81": {"x": 4.999999999999999, "y": 0.9999999999999998, "z": 0.37631770259472297}, "82": {"x": 4.999999999999998, "y": 1.9999999999999991, "z": 1.1008109945960831}, "83": {"x": 5.0, "y": 2.9999999999999996, "z": 0.6506727918097109}, "84": {"x": 4.999999999999997, "y": 3.9999999999999973, "z": 1.0105823519597747}, "85": {"x": 4.999999999999993, "y": 4.999999999999994, "z": 0.760592146775865}, "86": {"x": 4.9999999999999885, "y": 5.99999999999999, "z": 0.43820295902467643}, "87": {"x": 4.999999999999995, "y": 6.999999999999999, "z": 0.4878985639760648}, "88": {"x": 4.999999999999996, "y": 7.999999999999998, "z": 0.9568095367691961}, "89": {"x": 4.999999999999994, "y": 8.999999999999993, "z": 1.1536596620042654}, "90": {"x": 4.999999999999996, "y": 9.999999999999996, "z": 1.0629645670001744}, "91": {"x": 4.999999999999996, "y": 11.0, "z": 1.1405386411480718}, "92": {"x": 4.999999999999997, "y": 12.000000000000002, "z": 1.4329983390138479}, "93": {"x": 4.999999999999999, "y": 13.000000000000007, "z": 1.3755704230222539}, "94": {"x": 5.0, "y": 14.000000000000005, "z": 0.7343448144847878}, "95": {"x": 5.0, "y": 15.0, "z": 0.0}, "96": {"x": 6.0, "y": 0.0, "z": 0.0}, "97": {"x": 5.999999999999998, "y": 0.9999999999999998, "z": 0.33634149163974264}, "98": {"x": 5.999999999999999, "y": 2.0000000000000004, "z": 0.553458012306253}, "99": {"x": 6.000000000000001, "y": 3.0, "z": 0.6196561436751352}, "100": {"x": 5.999999999999997, "y": 3.999999999999998, "z": 0.7214477715876274}, "101": {"x": 5.999999999999992, "y": 4.999999999999994, "z": 0.6541796413439742}, "102": {"x": 5.999999999999986, "y": 5.9999999999999885, "z": 0.4400725968146693}, "103": {"x": 5.999999999999993, "y": 6.9999999999999964, "z": 0.48981795248771653}, "104": {"x": 5.999999999999995, "y": 7.999999999999997, "z": 0.8112891977813024}, "105": {"x": 5.999999999999994, "y": 8.999999999999996, "z": 0.98544420698773}, "106": {"x": 5.999999999999994, "y": 9.999999999999995, "z": 1.0163810654779393}, "107": {"x": 5.999999999999996, "y": 10.999999999999998, "z": 1.065560671739961}, "108": {"x": 5.9999999999999964, "y": 12.0, "z": 1.0741868125238696}, "109": {"x": 5.999999999999998, "y": 13.000000000000004, "z": 0.9032842913949236}, "110": {"x": 5.999999999999999, "y": 14.000000000000007, "z": 0.5516590065204887}, "111": {"x": 6.0, "y": 15.0, "z": 0.0}, "112": {"x": 7.0, "y": 0.0, "z": 0.0}, "113": {"x": 6.999999999999999, "y": 0.9999999999999998, "z": 0.3059600309788172}, "114": {"x": 6.999999999999999, "y": 2.0, "z": 0.7856291468498828}, "115": {"x": 6.999999999999999,