{"attributes": {"name": "Mesh"}, "dva": {"x": 0.0, "y": 0.0, "z": 0.0}, "dea": {}, "dfa": {}, "vertex": {"0": {"x": 0.0, "y": 0.0, "z": 0.0}, "1": {"x": 0.0, "y": 1.0, "z": 0.0}, "2": {"x": 0.0, "y": 2.0, "z": 0.0}, "3": {"x": 0.0, "y": 3.0, "z": 0.0}, "4": {"x": 0.0, "y": 4.0, "z": 0.0}, "5": {"x": 0.0, "y": 5.0, "z": 0.0}, "6": {"x": 0.0, "y": 6.0, "z": 0.0}, "7": {"x": 0.0, "y": 7.0, "z": 0.0}, "8": {"x": 0.0, "y": 8.0, "z": 0.0}, "9": {"x": 0.0, "y": 9.0, "z": 0.0}, "10": {"x": 0.0, "y": 10.0, "z": 0.0}, "11": {"x": 0.0, "y": 11.0, "z": 0.0}, "12": {"x": 0.0, "y": 12.0, "z": 0.0}, "13": {"x": 0.0, "y": 13.0, "z": 0.0}, "14": {"x": 0.0, "y": 14.0, "z": 0.0}, "15": {"x": 0.0, "y": 15.0, "z": 0.0}, "16": {"x": 1.0, "y": 0.0, "z": 0.0}, "17": {"x": 1.0000000000000004, "y": 1.0000000000000004, "z": 0.08349418521114738}, "18": {"x": 1.0000000000000009, "y": 2.000000000000001, "z": 0.06843607588727849}, "19": {"x": 1.0000000000000009, "y": 3.000000000000001, "z": 0.46742737813064306}, "20": {"x": 1.000000000000001, "y": 4.000000000000002, "z": 0.6772400461057511}, "21": {"x": 1.000000000000001, "y": 5.000000000000003, "z": 0.7456677485888653}, "22": {"x": 1.0000000000000013, "y": 6.0000000000000036, "z": 0.7861141727672175}, "23": {"x": 1.0000000000000009, "y": 7.000000000000002, "z": 0.7461640091357722}, "24": {"x": 1.0000000000000009, "y": 8.000000000000004, "z": 0.921121084296347}, "25": {"x": 1.000000000000001, "y": 9.000000000000005, "z": 0.9116807021898997}, "26": {"x": 1.000000000000001, "y": 10.000000000000004, "z": 0.9137868242404036}, "27": {"x": 1.000000000000001, "y": 11.000000000000005, "z": 0.7701879744533937}, "28": {"x": 1.000000000000001, "y": 12.000000000000005, "z": 0.6591671449642541}, "29": {"x": 1.0000000000000007, "y": 13.000000000000005, "z": 0.46796989483215473}, "30": {"x": 1.0000000000000004, "y": 14.000000000000004, "z": 0.29189744987049465}, "31": {"x": 1.0, "y": 15.0, "z": 0.0}, "32": {"x": 2.0, "y": 0.0, "z": 0.0}, "33": {"x": 2.0000000000000004, "y": 1.0000000000000007, "z": 0.11581460724138194}, "34": {"x": 2.0000000000000018, "y": 2.0000000000000018, "z": 0.126838959126103}, "35": {"x": 2.0000000000000018, "y": 3.000000000000003, "z": 0.5383317008136999}, "36": {"x": 2.000000000000002, "y": 4.000000000000004, "z": 0.8694565518301294}, "37": {"x": 2.000000000000002, "y": 5.000000000000004, "z": 1.1028536093428105}, "38": {"x": 2.0000000000000018, "y": 6.000000000000004, "z": 1.2318468229446133}, "39": {"x": 2.0000000000000018, "y": 7.000000000000006, "z": 1.2825058769847086}, "40": {"x": 2.0000000000000027, "y": 8.00000000000001, "z": 1.388344989130294}, "41": {"x": 2.0000000000000027, "y": 9.000000000000012, "z": 1.4226150163012161}, "42": {"x": 2.0000000000000027, "y": 10.000000000000012, "z": 1.3684701461725597}, "43": {"x": 2.000000000000002, "y": 11.000000000000012, "z": 1.2346156578826761}, "44": {"x": 2.000000000000002, "y": 12.000000000000012, "z": 1.0342426867699828}, "45": {"x": 2.0000000000000013, "y": 13.000000000000009, "z": 0.7579295191198132}, "46": {"x": 2.0000000000000004, "y": 14.000000000000005, "z": 0.4241990737709078}, "47": {"x": 2.0, "y": 15.0, "z": 0.0}, "48": {"x": 3.0, "y": 0.0, "z": 0.0}, "49": {"x": 3.0000000000000013, "y": 1.0000000000000007, "z": 0.21517311785873422}, "50": {"x": 3.000000000000003, "y": 2.000000000000002, "z": 0.15858313563957505}, "51": {"x": 3.0000000000000018, "y": 3.000000000000002, "z": 1.478756546361461}, "52": {"x": 3.0000000000000018, "y": 4.000000000000003, "z": 1.8783511813036282}, "53": {"x": 3.0000000000000018, "y": 5.0000000000000036, "z": 1.781223214332086}, "54": {"x": 3.000000000000003, "y": 6.000000000000008, "z": 1.8335867439317028}, "55": {"x": 3.000000000000002, "y": 7.000000000000005, "z": 1.6150641759013165}, "56": {"x": 3.000000000000002, "y": 8.000000000000007, "z": 2.337941966182732}, "57": {"x": 3.0000000000000013, "y": 9.000000000000009, "z": 2.1083477324860707}, "58": {"x": 2.9999999999999996, "y": 10.000000000000007, "z": 2.2434317343183707}, "59": {"x": 3.0000000000000018, "y": 11.000000000000009, "z": 1.725057999065654}, "60": {"x": 3.0000000000000004, "y": 12.000000000000009, "z": 1.521768558739423}, "61": {"x": 3.000000000000001, "y": 13.000000000000009, "z": 1.0391199904123274}, "62": {"x": 3.000000000000001, "y": 14.000000000000005, "z": 0.7207448206590017}, "63": {"x": 3.0, "y": 15.0, "z": 0.0}, "64": {"x": 4.0, "y": 0.0, "z": 0.0}, "65": {"x": 4.000000000000002, "y": 1.0000000000000007, "z": 0.24131988825157344}, "66": {"x": 4.000000000000003, "y": 2.000000000000002, "z": 0.18320485032315384}, "67": {"x": 4.000000000000002, "y": 3.0000000000000018, "z": 1.5936722768019924}, "68": {"x": 4.000000000000002, "y": 4.000000000000002, "z": 2.0506350793575043}, "69": {"x": 4.000000000000001, "y": 5.000000000000002, "z": 1.9653178760198646}, "70": {"x": 4.000000000000003, "y": 6.000000000000005, "z": 2.010347770637459}, "71": {"x": 4.000000000000001, "y": 7.0000000000000036, "z": 1.7656437794863133}, "72": {"x": 4.000000000000002, "y": 8.000000000000004, "z": 2.5258163245246514}, "73": {"x": 3.999999999999999, "y": 9.000000000000004, "z": 2.308934286138841}, "74": {"x": 3.9999999999999987, "y": 10.000000000000004, "z": 2.4385177262158693}, "75": {"x": 4.0, "y": 11.000000000000005, "z": 1.8858168145966674}, "76": {"x": 3.9999999999999996, "y": 12.000000000000005, "z": 1.6579696955980405}, "77": {"x": 3.9999999999999996, "y": 13.000000000000004, "z": 1.1331096202164535}, "78": {"x": 4.0, "y": 14.000000000000005, "z": 0.7845496469401815}, "79": {"x": 4.0, "y": 15.0, "z": 0.0}, "80": {"x": 5.0, "y": 0.0, "z": 0.0}, "81": {"x": 5.000000000000001, "y": 1.0000000000000007, "z": 0.19616332022004437}, "82": {"x": 5.0000000000000036, "y": 2.0000000000000018, "z": 0.20046279155669158}, "83": {"x": 5.000000000000003, "y": 3.000000000000001, "z": 0.948930588422511}, "84": {"x": 5.000000000000001, "y": 4.000000000000001, "z": 1.4318656499712004}, "85": {"x": 5.000000000000001, "y": 5.0, "z": 1.661519060611454}, "86": {"x": 5.000000000000001, "y": 5.999999999999998, "z": 1.769669018317375}, "87": {"x": 4.999999999999999, "y": 6.999999999999998, "z": 1.7291665935094844}, "88": {"x": 4.999999999999998, "y": 7.9999999999999964, "z": 2.0011331830482026}, "89": {"x": 4.9999999999999964, "y": 8.999999999999995, "z": 2.029578322135561}, "90": {"x": 4.999999999999996, "y": 9.999999999999996, "z": 1.982554736476265}, "91": {"x": 4.999999999999998, "y": 11.0, "z": 1.7149382049368989}, "92": {"x": 4.999999999999998, "y": 12.000000000000002, "z": 1.4487307068065336}, "93": {"x": 4.999999999999998, "y": 13.0, "z": 1.0383950705907488}, "94": {"x": 5.0, "y": 14.000000000000002, "z": 0.6240185583040049}, "95": {"x": 5.0, "y": 15.0, "z": 0.0}, "96": {"x": 6.0, "y": 0.0, "z": 0.0}, "97": {"x": 6.000000000000002, "y": 1.0000000000000007, "z": 0.13182867187991879}, "98": {"x": 6.0000000000000036, "y": 2.0000000000000013, "z": 0.20345986781324174}, "99": {"x": 6.0000000000000036, "y": 3.0000000000000018, "z": 0.5583823218647965}, "100": {"x": 6.000000000000002, "y": 3.9999999999999996, "z": 0.8728119672479605}, "101": {"x": 5.999999999999999, "y": 4.999999999999997, "z": 1.136032131138208}, "102": {"x": 5.999999999999997, "y": 5.999999999999995, "z": 1.3226921741943445}, "103": {"x": 5.9999999999999964, "y": 6.999999999999996, "z": 1.4485363745534805}, "104": {"x": 5.999999999999997, "y": 7.999999999999997, "z": 1.488519329870038}, "105": {"x": 5.9999999999999964, "y": 8.999999999999996, "z": 1.4878636874960744}, "106": {"x": 5.999999999999996, "y": 9.999999999999995, "z": 1.4065196157437199}, "107": {"x": 5.999999999999996, "y": 10.999999999999996, "z": 1.2758429918605623}, "108": {"x": 5.999999999999996, "y": 11.999999999999995, "z": 1.0592821933938519}, "109": {"x": 5.999999999999997, "y": 12.999999999999996, "z": 0.7797919565971618}, "110": {"x": 5.999999999999998, "y": 13.999999999999998, "z": 0.4184119496082285}, "111": {"x": 6.0, "y": 15.0, "z": 0.0}, "112": {"x": 7.0,