{"attributes": {"name": "Mesh"}, "dva": {"x": 0.0, "y": 0.0, "z": 0.0}, "dea": {}, "dfa": {}, "vertex": {"0": {"x": 0.0, "y": 0.0, "z": 0.0}, "1": {"x": 0.0, "y": 1.0, "z": 0.0}, "2": {"x": 0.0, "y": 2.0, "z": 0.0}, "3": {"x": 0.0, "y": 3.0, "z": 0.0}, "4": {"x": 0.0, "y": 4.0, "z": 0.0}, "5": {"x": 0.0, "y": 5.0, "z": 0.0}, "6": {"x": 0.0, "y": 6.0, "z": 0.0}, "7": {"x": 0.0, "y": 7.0, "z": 0.0}, "8": {"x": 0.0, "y": 8.0, "z": 0.0}, "9": {"x": 0.0, "y": 9.0, "z": 0.0}, "10": {"x": 0.0, "y": 10.0, "z": 0.0}, "11": {"x": 0.0, "y": 11.0, "z": 0.0}, "12": {"x": 0.0, "y": 12.0, "z": 0.0}, "13": {"x": 0.0, "y": 13.0, "z": 0.0}, "14": {"x": 0.0, "y": 14.0, "z": 0.0}, "15": {"x": 0.0, "y": 15.0, "z": 0.0}, "16": {"x": 1.0, "y": 0.0, "z": 0.0}, "17": {"x": 0.9999999999999996, "y": 0.9999999999999997, "z": 0.05060741193513175}, "18": {"x": 0.9999999999999994, "y": 1.9999999999999993, "z": 0.45607806345641944}, "19": {"x": 0.9999999999999997, "y": 2.9999999999999996, "z": 0.5678618627183103}, "20": {"x": 0.9999999999999992, "y": 3.9999999999999996, "z": 0.508348726975618}, "21": {"x": 0.9999999999999994, "y": 5.0, "z": 0.9048598682846462}, "22": {"x": 0.999999999999999, "y": 6.000000000000001, "z": 0.25840714849566937}, "23": {"x": 0.9999999999999989, "y": 6.999999999999998, "z": 0.676800403587607}, "24": {"x": 0.9999999999999986, "y": 7.999999999999998, "z": 0.9237271820399878}, "25": {"x": 0.9999999999999988, "y": 8.999999999999998, "z": 1.555578148898431}, "26": {"x": 0.9999999999999989, "y": 10.000000000000002, "z": 1.349688561636026}, "27": {"x": 0.9999999999999986, "y": 11.0, "z": 0.25814676545475596}, "28": {"x": 0.9999999999999992, "y": 12.0, "z": 0.6800847350249599}, "29": {"x": 0.9999999999999996, "y": 13.0, "z": 0.8789630162458947}, "30": {"x": 0.9999999999999998, "y": 14.000000000000002, "z": 0.4950303312547332}, "31": {"x": 1.0, "y": 15.0, "z": 0.0}, "32": {"x": 2.0, "y": 0.0, "z": 0.0}, "33": {"x": 1.9999999999999991, "y": 0.9999999999999993, "z": 0.09367823202687292}, "34": {"x": 1.999999999999999, "y": 1.9999999999999993, "z": 0.7042268306980517}, "35": {"x": 1.9999999999999991, "y": 2.9999999999999996, "z": 0.9033164457708706}, "36": {"x": 1.9999999999999982, "y": 3.9999999999999982, "z": 0.8462824434383734}, "37": {"x": 1.999999999999999, "y": 4.999999999999999, "z": 1.228980792098635}, "38": {"x": 1.9999999999999978, "y": 5.9999999999999964, "z": 0.4774998821025805}, "39": {"x": 1.9999999999999976, "y": 6.999999999999997, "z": 1.095408172354375}, "40": {"x": 1.9999999999999973, "y": 7.9999999999999964, "z": 1.465619359248999}, "41": {"x": 1.9999999999999964, "y": 8.999999999999996, "z": 2.1199707393718916}, "42": {"x": 1.999999999999997, "y": 10.0, "z": 1.8040148744431135}, "43": {"x": 1.9999999999999971, "y": 11.0, "z": 0.4711060214002293}, "44": {"x": 1.999999999999998, "y": 12.000000000000002, "z": 1.0429484286259014}, "45": {"x": 1.9999999999999984, "y": 13.0, "z": 1.2575777877442975}, "46": {"x": 1.9999999999999998, "y": 14.0, "z": 0.745613525095514}, "47": {"x": 2.0, "y": 15.0, "z": 0.0}, "48": {"x": 3.0, "y": 0.0, "z": 0.0}, "49": {"x": 2.999999999999999, "y": 0.9999999999999996, "z": 0.12848921417228537}, "50": {"x": 2.9999999999999987, "y": 1.9999999999999993, "z": 0.7680007279926894}, "51": {"x": 2.9999999999999987, "y": 2.9999999999999982, "z": 1.0233290856378272}, "52": {"x": 2.9999999999999973, "y": 3.999999999999997, "z": 1.0153527613938822}, "53": {"x": 2.9999999999999973, "y": 4.999999999999997, "z": 1.1547935665585904}, "54": {"x": 2.9999999999999973, "y": 5.999999999999996, "z": 0.6522856889294724}, "55": {"x": 2.999999999999996, "y": 6.999999999999996, "z": 1.2727634455708843}, "56": {"x": 2.9999999999999964, "y": 7.999999999999996, "z": 1.6480729749998768}, "57": {"x": 2.9999999999999942, "y": 8.999999999999991, "z": 1.9583111532820268}, "58": {"x": 2.999999999999994, "y": 9.999999999999991, "z": 1.6255804968117453}, "59": {"x": 2.9999999999999947, "y": 10.999999999999995, "z": 0.6326671091932916}, "60": {"x": 2.999999999999996, "y": 11.999999999999995, "z": 1.1269206121622546}, "61": {"x": 2.9999999999999973, "y": 12.999999999999996, "z": 1.2316994181985976}, "62": {"x": 2.9999999999999987, "y": 13.999999999999998, "z": 0.776259904758974}, "63": {"x": 3.0, "y": 15.0, "z": 0.0}, "64": {"x": 4.0, "y": 0.0, "z": 0.0}, "65": {"x": 3.9999999999999987, "y": 0.9999999999999993, "z": 0.15164444148531556}, "66": {"x": 3.9999999999999982, "y": 1.9999999999999991, "z": 0.7571995367082934}, "67": {"x": 3.9999999999999987, "y": 2.999999999999998, "z": 1.008327399782659}, "68": {"x": 3.999999999999998, "y": 3.999999999999997, "z": 1.0223396358393944}, "69": {"x": 3.999999999999998, "y": 4.999999999999997, "z": 1.6236830883210134}, "70": {"x": 3.999999999999997, "y": 5.999999999999996, "z": 0.7591895708545663}, "71": {"x": 3.9999999999999947, "y": 6.999999999999995, "z": 1.290026993164664}, "72": {"x": 3.9999999999999956, "y": 7.999999999999995, "z": 1.5703810450915927}, "73": {"x": 3.9999999999999942, "y": 8.999999999999995, "z": 2.3448290742876594}, "74": {"x": 3.9999999999999933, "y": 9.999999999999991, "z": 2.0813931082545745}, "75": {"x": 3.9999999999999933, "y": 10.999999999999991, "z": 0.7140496166720385}, "76": {"x": 3.9999999999999947, "y": 11.999999999999993, "z": 1.1081366268409556}, "77": {"x": 3.999999999999996, "y": 12.999999999999991, "z": 1.2506293588906199}, "78": {"x": 3.9999999999999987, "y": 13.999999999999996, "z": 0.7006498134154431}, "79": {"x": 4.0, "y": 15.0, "z": 0.0}, "80": {"x": 5.0, "y": 0.0, "z": 0.0}, "81": {"x": 4.999999999999999, "y": 0.9999999999999993, "z": 0.1678340944224433}, "82": {"x": 4.999999999999999, "y": 1.9999999999999993, "z": 0.5151744019720919}, "83": {"x": 4.999999999999999, "y": 2.999999999999999, "z": 0.7503706099625874}, "84": {"x": 4.999999999999999, "y": 3.9999999999999987, "z": 0.8743742301376901}, "85": {"x": 4.999999999999998, "y": 4.999999999999998, "z": 0.8917429133648361}, "86": {"x": 4.9999999999999964, "y": 5.999999999999997, "z": 0.8327983904317652}, "87": {"x": 4.999999999999994, "y": 6.999999999999994, "z": 1.0388257300602772}, "88": {"x": 4.999999999999993, "y": 7.999999999999993, "z": 1.1414934880793306}, "89": {"x": 4.999999999999994, "y": 8.999999999999995, "z": 1.1025643238557767}, "90": {"x": 4.999999999999994, "y": 9.999999999999991, "z": 0.9744465785801887}, "91": {"x": 4.999999999999993, "y": 10.99999999999999, "z": 0.7602884958300067}, "92": {"x": 4.999999999999994, "y": 11.99999999999999, "z": 0.7443423002985978}, "93": {"x": 4.999999999999995, "y": 12.99999999999999, "z": 0.611494503202033}, "94": {"x": 4.999999999999998, "y": 13.999999999999995, "z": 0.37344008219927205}, "95": {"x": 5.0, "y": 15.0, "z": 0.0}, "96": {"x": 6.0, "y": 0.0, "z": 0.0}, "97": {"x": 6.0, "y": 0.9999999999999996, "z": 0.16004060839218062}, "98": {"x": 5.999999999999999, "y": 1.999999999999999, "z": 0.5111310485854125}, "99": {"x": 5.999999999999999, "y": 2.999999999999998, "z": 0.726113798645116}, "100": {"x": 5.999999999999999, "y": 3.9999999999999982, "z": 0.8279281337689077}, "101": {"x": 5.999999999999996, "y": 4.999999999999997, "z": 0.9272303489517572}, "102": {"x": 5.999999999999996, "y": 5.9999999999999964, "z": 0.7868137634357026}, "103": {"x": 5.999999999999994, "y": 6.999999999999995, "z": 1.0081260787068897}, "104": {"x": 5.999999999999994, "y": 7.999999999999996, "z": 1.1242942459838083}, "105": {"x": 5.999999999999992, "y": 8.999999999999993, "z": 1.2071190540987398}, "106": {"x": 5.999999999999991, "y": 9.999999999999991, "z": 1.0726485685958593}, "107": {"x": 5.999999999999995, "y": 10.999999999999993, "z": 0.7145733941029638}, "108": {"x": 5.999999999999995, "y": 11.999999999999993, "z": 0.7511058885798614}, "109": {"x": 5.999999999999996, "y": 12.999999999999996, "z": 0.661570117217504}, "110": {"x": 5.9999999999999964, "y": 13.999999999999996, "z": 0.38879915970073464}, "111": {"x": 6.0, "y": 15.0, "z": 0.0}, "112": {"x": 7.0, "y": 0.0, "z": 0.0},