{"attributes": {"name": "Mesh"}, "dva": {"x": 0.0, "y": 0.0, "z": 0.0}, "dea": {}, "dfa": {}, "vertex": {"0": {"x": 0.0, "y": 0.0, "z": 0.0}, "1": {"x": 0.0, "y": 1.0, "z": 0.0}, "2": {"x": 0.0, "y": 2.0, "z": 0.0}, "3": {"x": 0.0, "y": 3.0, "z": 0.0}, "4": {"x": 0.0, "y": 4.0, "z": 0.0}, "5": {"x": 0.0, "y": 5.0, "z": 0.0}, "6": {"x": 0.0, "y": 6.0, "z": 0.0}, "7": {"x": 0.0, "y": 7.0, "z": 0.0}, "8": {"x": 0.0, "y": 8.0, "z": 0.0}, "9": {"x": 0.0, "y": 9.0, "z": 0.0}, "10": {"x": 0.0, "y": 10.0, "z": 0.0}, "11": {"x": 0.0, "y": 11.0, "z": 0.0}, "12": {"x": 0.0, "y": 12.0, "z": 0.0}, "13": {"x": 0.0, "y": 13.0, "z": 0.0}, "14": {"x": 0.0, "y": 14.0, "z": 0.0}, "15": {"x": 0.0, "y": 15.0, "z": 0.0}, "16": {"x": 1.0, "y": 0.0, "z": 0.0}, "17": {"x": 1.0, "y": 1.0000000000000004, "z": 0.18388367084565366}, "18": {"x": 1.0000000000000004, "y": 2.000000000000001, "z": 0.3239387557083179}, "19": {"x": 1.0000000000000007, "y": 3.0000000000000018, "z": 0.41810589136603377}, "20": {"x": 1.0000000000000009, "y": 4.000000000000003, "z": 0.46391740947256244}, "21": {"x": 1.0000000000000009, "y": 5.000000000000003, "z": 0.4625807943004635}, "22": {"x": 1.0000000000000009, "y": 6.000000000000005, "z": 0.41792322648326063}, "23": {"x": 1.0000000000000007, "y": 7.000000000000003, "z": 0.3782758149749555}, "24": {"x": 1.0000000000000004, "y": 8.0, "z": 0.3012161362182979}, "25": {"x": 1.0000000000000002, "y": 9.0, "z": 0.23247945298500522}, "26": {"x": 1.0000000000000004, "y": 10.000000000000007, "z": 0.20157485463247288}, "27": {"x": 1.0000000000000004, "y": 11.000000000000004, "z": 0.2533510473330666}, "28": {"x": 1.0000000000000002, "y": 12.0, "z": 0.2618947792152957}, "29": {"x": 1.0000000000000002, "y": 12.999999999999998, "z": 0.21795551110711758}, "30": {"x": 1.0000000000000002, "y": 14.0, "z": 0.13237502136862528}, "31": {"x": 1.0, "y": 15.0, "z": 0.0}, "32": {"x": 2.0, "y": 0.0, "z": 0.0}, "33": {"x": 2.0000000000000013, "y": 1.0000000000000007, "z": 0.45771687308918235}, "34": {"x": 2.0000000000000013, "y": 2.0000000000000013, "z": 0.6693420340516294}, "35": {"x": 2.0000000000000013, "y": 3.0000000000000018, "z": 0.9508437245846415}, "36": {"x": 2.0000000000000013, "y": 4.000000000000003, "z": 1.0919209066122524}, "37": {"x": 2.000000000000001, "y": 5.000000000000001, "z": 1.0430801688785727}, "38": {"x": 2.000000000000001, "y": 6.000000000000003, "z": 0.7626184739576717}, "39": {"x": 2.0000000000000013, "y": 7.000000000000002, "z": 0.7365460348215289}, "40": {"x": 2.000000000000001, "y": 8.000000000000002, "z": 0.5352592022963435}, "41": {"x": 2.0000000000000004, "y": 9.000000000000002, "z": 0.40229123905823205}, "42": {"x": 2.000000000000001, "y": 10.00000000000001, "z": 0.34807400680034084}, "43": {"x": 2.0000000000000004, "y": 11.000000000000007, "z": 0.5833381640540546}, "44": {"x": 1.9999999999999998, "y": 12.0, "z": 0.5768954542237548}, "45": {"x": 1.9999999999999996, "y": 12.999999999999996, "z": 0.5592062047786229}, "46": {"x": 2.0000000000000004, "y": 13.999999999999998, "z": 0.27708075201494115}, "47": {"x": 2.0, "y": 15.0, "z": 0.0}, "48": {"x": 3.0, "y": 0.0, "z": 0.0}, "49": {"x": 3.0, "y": 1.0000000000000004, "z": 0.662966893532939}, "50": {"x": 3.0000000000000013, "y": 2.0000000000000013, "z": 0.8376173143753449}, "51": {"x": 3.000000000000001, "y": 3.0000000000000018, "z": 1.2310972414807182}, "52": {"x": 3.000000000000001, "y": 4.000000000000002, "z": 1.464095247400687}, "53": {"x": 3.0000000000000004, "y": 5.000000000000002, "z": 1.4483509960594572}, "54": {"x": 3.0000000000000018, "y": 6.000000000000002, "z": 0.9802269110780768}, "55": {"x": 3.000000000000002, "y": 7.000000000000003, "z": 0.980500913071072}, "56": {"x": 3.0000000000000013, "y": 8.000000000000004, "z": 0.6995136150506931}, "57": {"x": 3.0, "y": 9.000000000000002, "z": 0.530486471198099}, "58": {"x": 3.0000000000000004, "y": 10.000000000000005, "z": 0.457247786070338}, "59": {"x": 3.0, "y": 11.000000000000002, "z": 0.8301259488328653}, "60": {"x": 2.9999999999999996, "y": 11.999999999999998, "z": 0.7322585498248173}, "61": {"x": 2.9999999999999996, "y": 12.999999999999998, "z": 0.8781522649689634}, "62": {"x": 2.9999999999999996, "y": 13.999999999999998, "z": 0.35028349123614977}, "63": {"x": 3.0, "y": 15.0, "z": 0.0}, "64": {"x": 4.0, "y": 0.0, "z": 0.0}, "65": {"x": 4.000000000000001, "y": 1.0000000000000004, "z": 0.4676444977783405}, "66": {"x": 4.000000000000002, "y": 2.000000000000001, "z": 0.8309896902013988}, "67": {"x": 4.000000000000001, "y": 3.0000000000000013, "z": 1.0743065777547047}, "68": {"x": 4.000000000000002, "y": 4.000000000000002, "z": 1.1961229565614324}, "69": {"x": 4.000000000000003, "y": 5.000000000000002, "z": 1.1988582403672334}, "70": {"x": 4.000000000000003, "y": 6.000000000000003, "z": 1.0985216670377553}, "71": {"x": 4.000000000000002, "y": 7.000000000000003, "z": 0.996595445492297}, "72": {"x": 4.000000000000002, "y": 8.000000000000004, "z": 0.8012149626140005}, "73": {"x": 4.0, "y": 9.000000000000002, "z": 0.6230909558338555}, "74": {"x": 3.9999999999999987, "y": 10.000000000000002, "z": 0.5395422552038418}, "75": {"x": 3.9999999999999996, "y": 11.000000000000002, "z": 0.6587704064933623}, "76": {"x": 4.0, "y": 12.000000000000002, "z": 0.6752497698556772}, "77": {"x": 4.000000000000001, "y": 13.000000000000004, "z": 0.5517191251235148}, "78": {"x": 4.0, "y": 14.0, "z": 0.3392909011374463}, "79": {"x": 4.0, "y": 15.0, "z": 0.0}, "80": {"x": 5.0, "y": 0.0, "z": 0.0}, "81": {"x": 5.000000000000001, "y": 1.0000000000000007, "z": 0.7393241827535227}, "82": {"x": 5.000000000000002, "y": 2.000000000000001, "z": 0.930385077777646}, "83": {"x": 5.000000000000004, "y": 3.000000000000003, "z": 1.3318865489186709}, "84": {"x": 5.000000000000004, "y": 4.0000000000000036, "z": 1.5873160118453304}, "85": {"x": 5.000000000000004, "y": 5.000000000000004, "z": 1.6259333654796198}, "86": {"x": 5.000000000000003, "y": 6.000000000000003, "z": 1.1532878769914956}, "87": {"x": 5.000000000000002, "y": 7.000000000000003, "z": 1.134946168577775}, "88": {"x": 5.000000000000002, "y": 8.000000000000004, "z": 0.8333398677920042}, "89": {"x": 5.000000000000001, "y": 9.000000000000002, "z": 0.6391279271380245}, "90": {"x": 4.999999999999998, "y": 10.0, "z": 0.5508638123136644}, "91": {"x": 4.999999999999998, "y": 11.0, "z": 0.9342602183186418}, "92": {"x": 5.0, "y": 12.0, "z": 0.7928487179501588}, "93": {"x": 5.000000000000001, "y": 13.000000000000002, "z": 1.0256249095137366}, "94": {"x": 4.999999999999998, "y": 13.999999999999998, "z": 0.38832404109761326}, "95": {"x": 5.0, "y": 15.0, "z": 0.0}, "96": {"x": 6.0, "y": 0.0, "z": 0.0}, "97": {"x": 6.000000000000003, "y": 1.0000000000000009, "z": 0.4876238373260826}, "98": {"x": 6.000000000000004, "y": 2.0000000000000018, "z": 0.8672779485696586}, "99": {"x": 6.000000000000006, "y": 3.000000000000003, "z": 1.1145619900350492}, "100": {"x": 6.000000000000006, "y": 4.0000000000000036, "z": 1.2341615844352536}, "101": {"x": 6.000000000000005, "y": 5.000000000000003, "z": 1.2309379993810838}, "102": {"x": 6.000000000000003, "y": 6.000000000000002, "z": 1.1208522765351028}, "103": {"x": 6.000000000000002, "y": 7.000000000000001, "z": 1.010779706422932}, "104": {"x": 6.000000000000001, "y": 8.000000000000002, "z": 0.8054344524089608}, "105": {"x": 5.999999999999999, "y": 9.000000000000002, "z": 0.6204834247274233}, "106": {"x": 5.999999999999998, "y": 9.999999999999996, "z": 0.5379572639984848}, "107": {"x": 5.999999999999999, "y": 10.999999999999998, "z": 0.6707330788373392}, "108": {"x": 5.999999999999999, "y": 11.999999999999998, "z": 0.6970075378864661}, "109": {"x": 6.0, "y": 12.999999999999998, "z": 0.5730181471966938}, "110": {"x": 5.999999999999999, "y": 13.999999999999998, "z": 0.3540776989182095}, "111": {"x": 6.0, "y": 15.0, "z": 0.0}, "112": {"x": 7.0, "y": 0.0, "z": 0.0}, "113": {"x": 7.000000000000002, "y": 1.0000000000000009, "z": 0.5706914986114963}, "114": {"x": 7.0000000000000036, "y": 2.0000000000000013,