{"attributes": {"name": "Mesh"}, "dva": {"x": 0.0, "y": 0.0, "z": 0.0}, "dea": {}, "dfa": {}, "vertex": {"0": {"x": 0.0, "y": 0.0, "z": 0.0}, "1": {"x": 0.0, "y": 1.0, "z": 0.0}, "2": {"x": 0.0, "y": 2.0, "z": 0.0}, "3": {"x": 0.0, "y": 3.0, "z": 0.0}, "4": {"x": 0.0, "y": 4.0, "z": 0.0}, "5": {"x": 0.0, "y": 5.0, "z": 0.0}, "6": {"x": 0.0, "y": 6.0, "z": 0.0}, "7": {"x": 0.0, "y": 7.0, "z": 0.0}, "8": {"x": 0.0, "y": 8.0, "z": 0.0}, "9": {"x": 0.0, "y": 9.0, "z": 0.0}, "10": {"x": 0.0, "y": 10.0, "z": 0.0}, "11": {"x": 0.0, "y": 11.0, "z": 0.0}, "12": {"x": 0.0, "y": 12.0, "z": 0.0}, "13": {"x": 0.0, "y": 13.0, "z": 0.0}, "14": {"x": 0.0, "y": 14.0, "z": 0.0}, "15": {"x": 0.0, "y": 15.0, "z": 0.0}, "16": {"x": 1.0, "y": 0.0, "z": 0.0}, "17": {"x": 0.9999999999999999, "y": 0.9999999999999996, "z": 0.09874675860005987}, "18": {"x": 0.9999999999999998, "y": 1.9999999999999991, "z": 0.1906151623057281}, "19": {"x": 0.9999999999999998, "y": 2.9999999999999987, "z": 0.2565482176587543}, "20": {"x": 0.9999999999999998, "y": 3.999999999999998, "z": 0.3037947483187495}, "21": {"x": 1.0, "y": 4.999999999999997, "z": 0.3253428461658145}, "22": {"x": 0.9999999999999998, "y": 5.9999999999999964, "z": 0.3390238086842173}, "23": {"x": 1.0, "y": 6.999999999999998, "z": 0.33006737297493377}, "24": {"x": 1.0000000000000002, "y": 7.999999999999999, "z": 0.2953094761259206}, "25": {"x": 1.0000000000000004, "y": 9.0, "z": 0.24390135244409222}, "26": {"x": 1.0000000000000002, "y": 9.999999999999998, "z": 0.26010675094082797}, "27": {"x": 1.0, "y": 10.999999999999995, "z": 0.2502766332855236}, "28": {"x": 0.9999999999999996, "y": 11.99999999999999, "z": 0.21779858574279484}, "29": {"x": 0.9999999999999996, "y": 12.999999999999993, "z": 0.1733123066417216}, "30": {"x": 0.9999999999999999, "y": 13.999999999999996, "z": 0.10127275544541946}, "31": {"x": 1.0, "y": 15.0, "z": 0.0}, "32": {"x": 2.0, "y": 0.0, "z": 0.0}, "33": {"x": 2.0, "y": 0.9999999999999993, "z": 0.1774364239723245}, "34": {"x": 2.0, "y": 1.9999999999999993, "z": 0.48231407618487676}, "35": {"x": 1.9999999999999996, "y": 2.9999999999999982, "z": 0.5053501325651039}, "36": {"x": 1.9999999999999993, "y": 3.9999999999999973, "z": 0.8665639400594918}, "37": {"x": 2.0, "y": 4.999999999999998, "z": 0.5930974590235599}, "38": {"x": 2.0, "y": 5.9999999999999964, "z": 0.7147220869527657}, "39": {"x": 2.0000000000000004, "y": 7.0, "z": 0.8578170274641446}, "40": {"x": 2.0000000000000013, "y": 8.0, "z": 0.5688421386983704}, "41": {"x": 2.000000000000001, "y": 9.0, "z": 0.409098821407686}, "42": {"x": 2.0000000000000004, "y": 9.999999999999998, "z": 0.7942443344505595}, "43": {"x": 1.9999999999999998, "y": 10.999999999999998, "z": 0.5250969957875933}, "44": {"x": 1.9999999999999996, "y": 11.999999999999993, "z": 0.4070143704626576}, "45": {"x": 2.0, "y": 12.999999999999996, "z": 0.6884485446481111}, "46": {"x": 2.0, "y": 14.0, "z": 0.45266205143385047}, "47": {"x": 2.0, "y": 15.0, "z": 0.0}, "48": {"x": 3.0, "y": 0.0, "z": 0.0}, "49": {"x": 3.0000000000000004, "y": 0.9999999999999994, "z": 0.22400990664450993}, "50": {"x": 3.0, "y": 1.999999999999999, "z": 0.47590985620973253}, "51": {"x": 2.9999999999999996, "y": 2.9999999999999987, "z": 0.6110642180533189}, "52": {"x": 3.0, "y": 3.9999999999999982, "z": 0.7520043390881189}, "53": {"x": 3.0, "y": 4.999999999999998, "z": 0.7515035798944553}, "54": {"x": 3.0000000000000013, "y": 6.000000000000001, "z": 0.8216066672964305}, "55": {"x": 3.000000000000001, "y": 6.999999999999999, "z": 0.8269174726059771}, "56": {"x": 3.0000000000000018, "y": 8.0, "z": 0.7025798893637324}, "57": {"x": 3.0000000000000013, "y": 9.000000000000002, "z": 0.5527422266330231}, "58": {"x": 3.000000000000001, "y": 9.999999999999998, "z": 0.657590646306682}, "59": {"x": 3.0, "y": 10.999999999999996, "z": 0.6120685996226831}, "60": {"x": 2.9999999999999996, "y": 11.999999999999995, "z": 0.5133603317723296}, "61": {"x": 3.0000000000000004, "y": 13.0, "z": 0.48710278289884984}, "62": {"x": 3.0000000000000004, "y": 14.000000000000002, "z": 0.31409312573286585}, "63": {"x": 3.0, "y": 15.0, "z": 0.0}, "64": {"x": 4.0, "y": 0.0, "z": 0.0}, "65": {"x": 4.000000000000001, "y": 0.9999999999999991, "z": 0.23352054420082272}, "66": {"x": 3.999999999999998, "y": 1.9999999999999976, "z": 0.4280362722053454}, "67": {"x": 3.9999999999999973, "y": 2.999999999999998, "z": 0.5842839297086319}, "68": {"x": 3.999999999999998, "y": 3.9999999999999987, "z": 0.6914950507509471}, "69": {"x": 3.9999999999999987, "y": 4.999999999999999, "z": 0.7642402865303708}, "70": {"x": 4.000000000000001, "y": 6.000000000000002, "z": 0.7914091451582846}, "71": {"x": 4.000000000000003, "y": 7.000000000000003, "z": 0.7775931938401037}, "72": {"x": 4.000000000000003, "y": 8.000000000000002, "z": 0.7284843861842248}, "73": {"x": 4.000000000000002, "y": 9.0, "z": 0.6443024888063196}, "74": {"x": 4.000000000000001, "y": 9.999999999999996, "z": 0.6345178449916327}, "75": {"x": 4.0, "y": 10.999999999999995, "z": 0.5921773872351348}, "76": {"x": 3.9999999999999996, "y": 11.999999999999996, "z": 0.5084716702116197}, "77": {"x": 3.999999999999999, "y": 12.999999999999996, "z": 0.3752155208773943}, "78": {"x": 4.0, "y": 13.999999999999998, "z": 0.20652474096607473}, "79": {"x": 4.0, "y": 15.0, "z": 0.0}, "80": {"x": 5.0, "y": 0.0, "z": 0.0}, "81": {"x": 5.000000000000003, "y": 0.9999999999999996, "z": 0.25183298817791383}, "82": {"x": 5.0, "y": 1.9999999999999987, "z": 0.46777813038122956}, "83": {"x": 4.999999999999998, "y": 2.9999999999999982, "z": 0.6360059528829353}, "84": {"x": 4.999999999999999, "y": 3.9999999999999982, "z": 0.7530961745697072}, "85": {"x": 5.0, "y": 4.999999999999998, "z": 0.8249789404043655}, "86": {"x": 5.0, "y": 5.999999999999998, "z": 0.8552112838791063}, "87": {"x": 4.999999999999999, "y": 6.999999999999999, "z": 0.8380450878369065}, "88": {"x": 5.000000000000003, "y": 8.0, "z": 0.7753771444483003}, "89": {"x": 5.000000000000002, "y": 8.999999999999998, "z": 0.6740263417163282}, "90": {"x": 5.000000000000003, "y": 9.999999999999998, "z": 0.6775266970808186}, "91": {"x": 5.000000000000002, "y": 10.999999999999998, "z": 0.6371845847696431}, "92": {"x": 5.000000000000001, "y": 11.999999999999998, "z": 0.549360613425932}, "93": {"x": 5.000000000000001, "y": 13.0, "z": 0.41385520022848216}, "94": {"x": 5.000000000000003, "y": 14.0, "z": 0.2315007374296427}, "95": {"x": 5.0, "y": 15.0, "z": 0.0}, "96": {"x": 6.0, "y": 0.0, "z": 0.0}, "97": {"x": 6.000000000000003, "y": 0.9999999999999999, "z": 0.26506933771544633}, "98": {"x": 6.000000000000002, "y": 1.9999999999999993, "z": 0.5439958829112603}, "99": {"x": 6.0, "y": 2.999999999999999, "z": 0.7117215276695839}, "100": {"x": 6.0, "y": 3.9999999999999987, "z": 0.8600958304432635}, "101": {"x": 6.000000000000002, "y": 5.0, "z": 0.882705434265796}, "102": {"x": 6.000000000000002, "y": 6.0, "z": 0.9462177009382927}, "103": {"x": 6.0, "y": 6.999999999999998, "z": 0.9371073990363485}, "104": {"x": 6.000000000000003, "y": 8.000000000000002, "z": 0.8088534333434751}, "105": {"x": 6.000000000000003, "y": 8.999999999999998, "z": 0.6422237619508516}, "106": {"x": 6.000000000000003, "y": 9.999999999999998, "z": 0.7377243255782094}, "107": {"x": 6.000000000000003, "y": 11.0, "z": 0.7006723551941885}, "108": {"x": 6.000000000000002, "y": 11.999999999999998, "z": 0.5980761168636267}, "109": {"x": 6.000000000000002, "y": 13.0, "z": 0.531819682452734}, "110": {"x": 6.000000000000001, "y": 14.000000000000002, "z": 0.3325572059818352}, "111": {"x": 6.0, "y": 15.0, "z": 0.0}, "112": {"x": 7.0, "y": 0.0, "z": 0.0}, "113": {"x": 7.000000000000002, "y": 1.0, "z": 0.24415022482499307}, "114": {"x": 7.000000000000003, "y": 1.9999999999999998, "z": 0.5926827783110565}, "115": {"x": 7.0, "y": 2.9999999999999996, "z": 0.6807258099322081}, "116": {"x": 7.000000000000002, "y": 3.999999999999999, "z": 1.00048105640301}, "117": {"x": 7.000000000000003, "y": 4.999999999999999, "z": 0.8130560263641595},