{"attributes": {"name": "Mesh"}, "dva": {"x": 0.0, "y": 0.0, "z": 0.0}, "dea": {}, "dfa": {}, "vertex": {"0": {"x": 0.0, "y": 0.0, "z": 0.0}, "1": {"x": 0.0, "y": 1.0, "z": 0.0}, "2": {"x": 0.0, "y": 2.0, "z": 0.0}, "3": {"x": 0.0, "y": 3.0, "z": 0.0}, "4": {"x": 0.0, "y": 4.0, "z": 0.0}, "5": {"x": 0.0, "y": 5.0, "z": 0.0}, "6": {"x": 0.0, "y": 6.0, "z": 0.0}, "7": {"x": 0.0, "y": 7.0, "z": 0.0}, "8": {"x": 0.0, "y": 8.0, "z": 0.0}, "9": {"x": 0.0, "y": 9.0, "z": 0.0}, "10": {"x": 0.0, "y": 10.0, "z": 0.0}, "11": {"x": 0.0, "y": 11.0, "z": 0.0}, "12": {"x": 0.0, "y": 12.0, "z": 0.0}, "13": {"x": 0.0, "y": 13.0, "z": 0.0}, "14": {"x": 0.0, "y": 14.0, "z": 0.0}, "15": {"x": 0.0, "y": 15.0, "z": 0.0}, "16": {"x": 1.0, "y": 0.0, "z": 0.0}, "17": {"x": 1.0000000000000002, "y": 1.0000000000000002, "z": 0.33782617481299687}, "18": {"x": 1.0000000000000007, "y": 2.0000000000000004, "z": 0.6472528582632725}, "19": {"x": 1.000000000000001, "y": 3.000000000000001, "z": 0.8751568785699566}, "20": {"x": 1.0000000000000013, "y": 4.000000000000002, "z": 0.9936707291011462}, "21": {"x": 1.0000000000000013, "y": 5.0000000000000036, "z": 1.0472871712487843}, "22": {"x": 1.0000000000000013, "y": 6.0000000000000036, "z": 1.027441447178365}, "23": {"x": 1.0000000000000016, "y": 7.000000000000004, "z": 0.9756772853629974}, "24": {"x": 1.000000000000001, "y": 8.000000000000002, "z": 0.8183059176165882}, "25": {"x": 1.000000000000001, "y": 9.000000000000004, "z": 0.6464827309467975}, "26": {"x": 1.0000000000000007, "y": 9.999999999999998, "z": 0.6806354950829598}, "27": {"x": 1.0000000000000002, "y": 10.999999999999995, "z": 0.6155828734816041}, "28": {"x": 1.0, "y": 11.999999999999993, "z": 0.42872108592028824}, "29": {"x": 1.0000000000000002, "y": 12.999999999999996, "z": 0.11865443857471808}, "30": {"x": 1.0000000000000002, "y": 14.0, "z": 0.11555672365353263}, "31": {"x": 1.0, "y": 15.0, "z": 0.0}, "32": {"x": 2.0, "y": 0.0, "z": 0.0}, "33": {"x": 2.0000000000000013, "y": 1.0000000000000007, "z": 0.6130771108058205}, "34": {"x": 2.0000000000000018, "y": 2.000000000000001, "z": 1.2724070392906528}, "35": {"x": 2.0000000000000018, "y": 3.0000000000000013, "z": 1.9553265660059744}, "36": {"x": 2.000000000000002, "y": 4.000000000000004, "z": 1.8973734063072762}, "37": {"x": 2.0000000000000027, "y": 5.000000000000005, "z": 2.0174407291434107}, "38": {"x": 2.000000000000003, "y": 6.000000000000005, "z": 1.8995089366914384}, "39": {"x": 2.0000000000000027, "y": 7.000000000000004, "z": 2.4529040819905608}, "40": {"x": 2.0000000000000018, "y": 8.000000000000005, "z": 1.487737695302162}, "41": {"x": 2.0000000000000018, "y": 9.000000000000007, "z": 1.0823477192544222}, "42": {"x": 2.0000000000000013, "y": 10.000000000000005, "z": 1.4054845480886167}, "43": {"x": 1.9999999999999998, "y": 10.999999999999998, "z": 1.478067824996245}, "44": {"x": 2.0000000000000004, "y": 11.999999999999996, "z": 1.0045106185350006}, "45": {"x": 2.000000000000001, "y": 12.999999999999996, "z": 0.19900005573202265}, "46": {"x": 2.0000000000000004, "y": 13.999999999999998, "z": 0.938217042610813}, "47": {"x": 2.0, "y": 15.0, "z": 0.0}, "48": {"x": 3.0, "y": 0.0, "z": 0.0}, "49": {"x": 3.000000000000002, "y": 1.000000000000001, "z": 0.7947790990625864}, "50": {"x": 3.000000000000003, "y": 2.0000000000000018, "z": 1.628535593828318}, "51": {"x": 3.000000000000003, "y": 3.000000000000003, "z": 2.3935649266911105}, "52": {"x": 3.0000000000000036, "y": 4.000000000000005, "z": 2.4454901898632184}, "53": {"x": 3.0000000000000036, "y": 5.000000000000006, "z": 2.5828163618082765}, "54": {"x": 3.000000000000004, "y": 6.000000000000006, "z": 2.468122462166533}, "55": {"x": 3.0000000000000044, "y": 7.000000000000005, "z": 2.7820257439389793}, "56": {"x": 3.000000000000002, "y": 8.000000000000007, "z": 1.942073267833914}, "57": {"x": 3.0000000000000013, "y": 9.000000000000007, "z": 1.4373747677632702}, "58": {"x": 3.000000000000001, "y": 10.000000000000005, "z": 1.7851745847028295}, "59": {"x": 2.9999999999999987, "y": 10.999999999999995, "z": 1.8104212306864371}, "60": {"x": 3.0000000000000004, "y": 11.999999999999996, "z": 1.246769678246151}, "61": {"x": 3.0000000000000018, "y": 13.0, "z": 0.26576053025594515}, "62": {"x": 3.000000000000001, "y": 13.999999999999998, "z": 0.7716447243910306}, "63": {"x": 3.0, "y": 15.0, "z": 0.0}, "64": {"x": 4.0, "y": 0.0, "z": 0.0}, "65": {"x": 4.0000000000000036, "y": 1.0000000000000016, "z": 0.8818389680754573}, "66": {"x": 4.000000000000005, "y": 2.000000000000003, "z": 1.731742914079904}, "67": {"x": 4.000000000000004, "y": 3.000000000000004, "z": 2.418317111614482}, "68": {"x": 4.000000000000004, "y": 4.000000000000005, "z": 2.6389234128925887}, "69": {"x": 4.000000000000004, "y": 5.000000000000007, "z": 2.787754240557632}, "70": {"x": 4.000000000000006, "y": 6.00000000000001, "z": 2.7163849849602606}, "71": {"x": 4.000000000000005, "y": 7.000000000000009, "z": 2.7521922549757516}, "72": {"x": 4.000000000000003, "y": 8.000000000000005, "z": 2.173930532449965}, "73": {"x": 4.000000000000001, "y": 9.000000000000007, "z": 1.6883145948271876}, "74": {"x": 3.9999999999999987, "y": 9.999999999999998, "z": 1.8760702892092178}, "75": {"x": 3.9999999999999987, "y": 10.999999999999996, "z": 1.7705570689219106}, "76": {"x": 4.000000000000001, "y": 11.999999999999996, "z": 1.2273213843048978}, "77": {"x": 4.000000000000003, "y": 13.0, "z": 0.3143259939704572}, "78": {"x": 4.000000000000001, "y": 14.0, "z": 0.4934635765568142}, "79": {"x": 4.0, "y": 15.0, "z": 0.0}, "80": {"x": 5.0, "y": 0.0, "z": 0.0}, "81": {"x": 5.000000000000004, "y": 1.0000000000000018, "z": 0.8813496447303064}, "82": {"x": 5.000000000000004, "y": 2.000000000000003, "z": 1.63361546705277}, "83": {"x": 5.000000000000006, "y": 3.0000000000000053, "z": 2.1754709359909286}, "84": {"x": 5.000000000000006, "y": 4.000000000000006, "z": 2.534911039395159}, "85": {"x": 5.000000000000006, "y": 5.000000000000008, "z": 2.6950477303708196}, "86": {"x": 5.000000000000007, "y": 6.000000000000009, "z": 2.6832499832887033}, "87": {"x": 5.000000000000004, "y": 7.000000000000007, "z": 2.5119680695109654}, "88": {"x": 5.000000000000003, "y": 8.000000000000005, "z": 2.203304476647437}, "89": {"x": 5.000000000000001, "y": 9.000000000000004, "z": 1.8116317267795357}, "90": {"x": 4.999999999999998, "y": 9.999999999999998, "z": 1.7535958497171333}, "91": {"x": 4.999999999999997, "y": 10.999999999999996, "z": 1.5017487048204239}, "92": {"x": 5.0, "y": 11.999999999999996, "z": 1.0382119698212224}, "93": {"x": 5.000000000000004, "y": 13.000000000000005, "z": 0.3401972687870666}, "94": {"x": 5.000000000000004, "y": 14.000000000000009, "z": 0.23902039862861665}, "95": {"x": 5.0, "y": 15.0, "z": 0.0}, "96": {"x": 6.0, "y": 0.0, "z": 0.0}, "97": {"x": 6.000000000000006, "y": 1.0000000000000018, "z": 0.8912831230649386}, "98": {"x": 6.000000000000005, "y": 2.0000000000000027, "z": 1.7527651661428731}, "99": {"x": 6.000000000000004, "y": 3.0000000000000036, "z": 2.4422536739052614}, "100": {"x": 6.000000000000003, "y": 4.000000000000004, "z": 2.6705626432965315}, "101": {"x": 6.000000000000003, "y": 5.000000000000005, "z": 2.8169787882943744}, "102": {"x": 6.000000000000006, "y": 6.000000000000008, "z": 2.7411576331928367}, "103": {"x": 6.000000000000005, "y": 7.000000000000007, "z": 2.7648558363526745}, "104": {"x": 6.000000000000003, "y": 8.000000000000004, "z": 2.182181350473834}, "105": {"x": 5.999999999999998, "y": 9.000000000000004, "z": 1.6887508887034757}, "106": {"x": 5.999999999999997, "y": 9.999999999999995, "z": 1.88697748072825}, "107": {"x": 5.999999999999999, "y": 10.999999999999998, "z": 1.783488817141603}, "108": {"x": 6.000000000000001, "y": 12.0, "z": 1.238577777071448}, "109": {"x": 6.000000000000005, "y": 13.00000000000001, "z": 0.31318487658171484}, "110": {"x": 6.0000000000000036, "y": 14.000000000000002, "z": 0.48831170884758335}, "111": {"x": 6.0, "y": 15.0, "z": 0.0}, "112": {"x": 7.0, "y": 0.0, "z": 0.0},