{"attributes": {"name": "Mesh"}, "dva": {"x": 0.0, "y": 0.0, "z": 0.0}, "dea": {}, "dfa": {}, "vertex": {"0": {"x": 0.0, "y": 0.0, "z": 0.0}, "1": {"x": 0.0, "y": 1.0, "z": 0.0}, "2": {"x": 0.0, "y": 2.0, "z": 0.0}, "3": {"x": 0.0, "y": 3.0, "z": 0.0}, "4": {"x": 0.0, "y": 4.0, "z": 0.0}, "5": {"x": 0.0, "y": 5.0, "z": 0.0}, "6": {"x": 0.0, "y": 6.0, "z": 0.0}, "7": {"x": 0.0, "y": 7.0, "z": 0.0}, "8": {"x": 0.0, "y": 8.0, "z": 0.0}, "9": {"x": 0.0, "y": 9.0, "z": 0.0}, "10": {"x": 0.0, "y": 10.0, "z": 0.0}, "11": {"x": 0.0, "y": 11.0, "z": 0.0}, "12": {"x": 0.0, "y": 12.0, "z": 0.0}, "13": {"x": 0.0, "y": 13.0, "z": 0.0}, "14": {"x": 0.0, "y": 14.0, "z": 0.0}, "15": {"x": 0.0, "y": 15.0, "z": 0.0}, "16": {"x": 1.0, "y": 0.0, "z": 0.0}, "17": {"x": 1.0000000000000004, "y": 1.0000000000000004, "z": 0.07243280038574042}, "18": {"x": 1.0000000000000007, "y": 2.0000000000000004, "z": 0.15030841207836482}, "19": {"x": 1.0000000000000009, "y": 3.0000000000000013, "z": 0.32231119682917414}, "20": {"x": 1.0000000000000013, "y": 4.0000000000000036, "z": 0.39989100916841663}, "21": {"x": 1.0000000000000018, "y": 5.000000000000004, "z": 0.2670825043669478}, "22": {"x": 1.0000000000000022, "y": 6.000000000000007, "z": 0.39826873712480776}, "23": {"x": 1.0000000000000018, "y": 7.000000000000004, "z": 0.5389920211216983}, "24": {"x": 1.0000000000000018, "y": 8.000000000000007, "z": 0.6666696326650118}, "25": {"x": 1.0000000000000013, "y": 9.000000000000005, "z": 0.7062801778654745}, "26": {"x": 1.000000000000001, "y": 10.000000000000004, "z": 0.6192073553994699}, "27": {"x": 1.0000000000000004, "y": 11.000000000000002, "z": 0.4237207936187986}, "28": {"x": 1.0000000000000004, "y": 12.000000000000002, "z": 0.42921132372052323}, "29": {"x": 1.0000000000000004, "y": 13.000000000000004, "z": 0.29766667987582607}, "30": {"x": 1.0000000000000002, "y": 14.000000000000002, "z": 0.23660555917625092}, "31": {"x": 1.0, "y": 15.0, "z": 0.0}, "32": {"x": 2.0, "y": 0.0, "z": 0.0}, "33": {"x": 2.0000000000000013, "y": 1.0000000000000009, "z": 0.12928538596552433}, "34": {"x": 2.0000000000000013, "y": 2.0000000000000013, "z": 0.2580643463371124}, "35": {"x": 2.0000000000000018, "y": 3.000000000000003, "z": 0.37328673196844314}, "36": {"x": 2.000000000000002, "y": 4.000000000000005, "z": 0.44738684021799147}, "37": {"x": 2.000000000000003, "y": 5.000000000000009, "z": 0.4943749460209006}, "38": {"x": 2.000000000000004, "y": 6.0000000000000115, "z": 0.6233140848561151}, "39": {"x": 2.0000000000000036, "y": 7.00000000000001, "z": 0.7175320037180657}, "40": {"x": 2.0000000000000027, "y": 8.000000000000009, "z": 0.7673629530315872}, "41": {"x": 2.000000000000002, "y": 9.000000000000009, "z": 0.7759855445631851}, "42": {"x": 2.0000000000000018, "y": 10.000000000000009, "z": 0.7470428660638293}, "43": {"x": 2.000000000000001, "y": 11.000000000000007, "z": 0.6792548742247344}, "44": {"x": 2.000000000000001, "y": 12.000000000000004, "z": 0.5686027091270396}, "45": {"x": 2.000000000000001, "y": 13.000000000000005, "z": 0.42323408868850176}, "46": {"x": 2.0000000000000004, "y": 14.000000000000002, "z": 0.2279851705447571}, "47": {"x": 2.0, "y": 15.0, "z": 0.0}, "48": {"x": 3.0, "y": 0.0, "z": 0.0}, "49": {"x": 3.0000000000000018, "y": 1.0000000000000009, "z": 0.17125871501377352}, "50": {"x": 3.0000000000000013, "y": 2.0000000000000013, "z": 0.35449095417201243}, "51": {"x": 3.000000000000002, "y": 3.000000000000003, "z": 0.8296782218867708}, "52": {"x": 3.000000000000003, "y": 4.000000000000006, "z": 1.1901043079841573}, "53": {"x": 3.000000000000004, "y": 5.000000000000009, "z": 0.630034567941478}, "54": {"x": 3.0000000000000044, "y": 6.0000000000000115, "z": 0.9507822207135478}, "55": {"x": 3.000000000000002, "y": 7.000000000000008, "z": 1.3014030659342217}, "56": {"x": 3.0000000000000018, "y": 8.000000000000005, "z": 1.6824461728287932}, "57": {"x": 3.0000000000000013, "y": 9.000000000000007, "z": 1.8414043198466807}, "58": {"x": 3.000000000000001, "y": 10.000000000000005, "z": 1.5915957725485104}, "59": {"x": 3.000000000000001, "y": 11.000000000000004, "z": 1.0261162243961777}, "60": {"x": 3.0, "y": 12.0, "z": 1.1175375434330257}, "61": {"x": 3.0, "y": 13.000000000000002, "z": 0.7247260099401263}, "62": {"x": 3.0000000000000004, "y": 14.000000000000002, "z": 0.6835743255995538}, "63": {"x": 3.0, "y": 15.0, "z": 0.0}, "64": {"x": 4.0, "y": 0.0, "z": 0.0}, "65": {"x": 4.000000000000003, "y": 1.000000000000001, "z": 0.19785710854799074}, "66": {"x": 4.000000000000002, "y": 2.0000000000000018, "z": 0.41355461115886977}, "67": {"x": 4.000000000000003, "y": 3.0000000000000044, "z": 0.8798789945664449}, "68": {"x": 4.0000000000000036, "y": 4.000000000000006, "z": 1.1071467613637875}, "69": {"x": 4.0000000000000036, "y": 5.000000000000008, "z": 0.7340634652027969}, "70": {"x": 4.000000000000004, "y": 6.000000000000009, "z": 1.107849540848238}, "71": {"x": 4.000000000000001, "y": 7.000000000000004, "z": 1.495629672434027}, "72": {"x": 4.000000000000001, "y": 8.000000000000005, "z": 1.8566971436548994}, "73": {"x": 4.0, "y": 9.000000000000004, "z": 1.9822564561129006}, "74": {"x": 3.9999999999999987, "y": 10.0, "z": 1.7577071240470787}, "75": {"x": 4.000000000000001, "y": 11.000000000000004, "z": 1.2357200434971027}, "76": {"x": 4.0, "y": 12.000000000000002, "z": 1.241922137337219}, "77": {"x": 4.0, "y": 13.000000000000002, "z": 0.8577186129431851}, "78": {"x": 3.999999999999999, "y": 14.000000000000002, "z": 0.6785563526047822}, "79": {"x": 4.0, "y": 15.0, "z": 0.0}, "80": {"x": 5.0, "y": 0.0, "z": 0.0}, "81": {"x": 5.0000000000000036, "y": 1.000000000000001, "z": 0.20880962640838951}, "82": {"x": 5.000000000000002, "y": 2.0000000000000013, "z": 0.43044385217040004}, "83": {"x": 5.0000000000000036, "y": 3.000000000000004, "z": 0.6450064005418291}, "84": {"x": 5.000000000000004, "y": 4.000000000000005, "z": 0.7589267999100839}, "85": {"x": 5.0000000000000036, "y": 5.000000000000006, "z": 0.7977056185077414}, "86": {"x": 5.0000000000000036, "y": 6.000000000000005, "z": 1.0947516803311743}, "87": {"x": 5.000000000000003, "y": 7.000000000000004, "z": 1.324168275332834}, "88": {"x": 5.0, "y": 8.000000000000002, "z": 1.4560701039426118}, "89": {"x": 5.0, "y": 9.0, "z": 1.4899925480934346}, "90": {"x": 4.999999999999999, "y": 9.999999999999998, "z": 1.4315132513023006}, "91": {"x": 5.0, "y": 10.999999999999998, "z": 1.2805161603833017}, "92": {"x": 5.0, "y": 11.999999999999998, "z": 1.0900456828088956}, "93": {"x": 5.000000000000001, "y": 13.000000000000002, "z": 0.8163696298017846}, "94": {"x": 5.0, "y": 14.000000000000002, "z": 0.4505082804096278}, "95": {"x": 5.0, "y": 15.0, "z": 0.0}, "96": {"x": 6.0, "y": 0.0, "z": 0.0}, "97": {"x": 6.000000000000005, "y": 1.000000000000001, "z": 0.20159271203557966}, "98": {"x": 6.0000000000000036, "y": 2.0000000000000018, "z": 0.41993309811246615}, "99": {"x": 6.000000000000003, "y": 3.000000000000002, "z": 0.6366370220939296}, "100": {"x": 6.000000000000001, "y": 4.000000000000003, "z": 0.7497034026135958}, "101": {"x": 6.0000000000000036, "y": 5.000000000000006, "z": 0.7685095118434169}, "102": {"x": 6.000000000000002, "y": 6.000000000000004, "z": 1.0840608202018762}, "103": {"x": 6.000000000000001, "y": 7.000000000000002, "z": 1.3289817338042977}, "104": {"x": 6.000000000000001, "y": 8.000000000000002, "z": 1.4729459681275099}, "105": {"x": 5.999999999999999, "y": 9.0, "z": 1.5124301255797619}, "106": {"x": 6.0, "y": 10.0, "z": 1.4500010780401658}, "107": {"x": 6.0, "y": 11.0, "z": 1.2878043048401782}, "108": {"x": 6.000000000000001, "y": 12.0, "z": 1.1035583159409552}, "109": {"x": 6.000000000000001, "y": 13.0, "z": 0.8260579060971426}, "110": {"x": 5.999999999999999, "y": 13.999999999999998, "z": 0.4621970662251961}, "111": {"x": 6.0, "y": 15.0, "z": 0.0}, "112": {"x": 7.0, "y": 0.0, "z": 0.0}, "113": {"x": 7.000000000000004, "y": 1.0000000000000009, "z": 0.17636237358354362}, "114": {"x": 7.000000000000003, "y": 2.000000000000001,