{"attributes": {"name": "Mesh"}, "dva": {"x": 0.0, "y": 0.0, "z": 0.0}, "dea": {}, "dfa": {}, "vertex": {"0": {"x": 0.0, "y": 0.0, "z": 0.0}, "1": {"x": 0.0, "y": 1.0, "z": 0.0}, "2": {"x": 0.0, "y": 2.0, "z": 0.0}, "3": {"x": 0.0, "y": 3.0, "z": 0.0}, "4": {"x": 0.0, "y": 4.0, "z": 0.0}, "5": {"x": 0.0, "y": 5.0, "z": 0.0}, "6": {"x": 0.0, "y": 6.0, "z": 0.0}, "7": {"x": 0.0, "y": 7.0, "z": 0.0}, "8": {"x": 0.0, "y": 8.0, "z": 0.0}, "9": {"x": 0.0, "y": 9.0, "z": 0.0}, "10": {"x": 0.0, "y": 10.0, "z": 0.0}, "11": {"x": 0.0, "y": 11.0, "z": 0.0}, "12": {"x": 0.0, "y": 12.0, "z": 0.0}, "13": {"x": 0.0, "y": 13.0, "z": 0.0}, "14": {"x": 0.0, "y": 14.0, "z": 0.0}, "15": {"x": 0.0, "y": 15.0, "z": 0.0}, "16": {"x": 1.0, "y": 0.0, "z": 0.0}, "17": {"x": 0.9999999999999999, "y": 1.0, "z": 0.19548446268024633}, "18": {"x": 0.9999999999999997, "y": 2.0, "z": 0.29948337440307077}, "19": {"x": 0.9999999999999996, "y": 3.0000000000000004, "z": 0.3546926346631436}, "20": {"x": 0.9999999999999998, "y": 4.000000000000001, "z": 0.33330191247290647}, "21": {"x": 1.0, "y": 5.000000000000002, "z": 0.2846093466802157}, "22": {"x": 1.0000000000000002, "y": 6.000000000000003, "z": 0.1478574721518792}, "23": {"x": 1.0, "y": 7.000000000000001, "z": 0.22490487495995173}, "24": {"x": 0.9999999999999998, "y": 8.000000000000002, "z": 0.3613735560158731}, "25": {"x": 0.9999999999999998, "y": 9.000000000000002, "z": 0.4050163020972196}, "26": {"x": 0.9999999999999998, "y": 9.999999999999998, "z": 0.4687437625376853}, "27": {"x": 0.9999999999999999, "y": 11.0, "z": 0.45496953643267535}, "28": {"x": 0.9999999999999999, "y": 12.0, "z": 0.48654018168293867}, "29": {"x": 1.0, "y": 13.0, "z": 0.37589261919157735}, "30": {"x": 1.0000000000000004, "y": 14.000000000000004, "z": 0.10007116341487032}, "31": {"x": 1.0, "y": 15.0, "z": 0.0}, "32": {"x": 2.0, "y": 0.0, "z": 0.0}, "33": {"x": 1.9999999999999996, "y": 1.0, "z": 0.2615305851299587}, "34": {"x": 1.9999999999999993, "y": 2.0, "z": 0.4054845593336025}, "35": {"x": 1.9999999999999991, "y": 3.0000000000000004, "z": 0.49257570791028493}, "36": {"x": 1.9999999999999998, "y": 4.000000000000002, "z": 0.47850890722665784}, "37": {"x": 2.0, "y": 5.000000000000003, "z": 0.4346409897972334}, "38": {"x": 2.0000000000000004, "y": 6.0000000000000036, "z": 0.27580424658608793}, "39": {"x": 1.9999999999999996, "y": 7.0, "z": 0.38738894570263327}, "40": {"x": 1.9999999999999993, "y": 8.0, "z": 0.5634624067757407}, "41": {"x": 1.9999999999999996, "y": 9.0, "z": 0.6121701120575421}, "42": {"x": 1.9999999999999993, "y": 9.999999999999996, "z": 0.6867972969946157}, "43": {"x": 2.0, "y": 11.0, "z": 0.6524898623272147}, "44": {"x": 2.0, "y": 12.0, "z": 0.7063835880947296}, "45": {"x": 2.0, "y": 13.000000000000002, "z": 0.562726970996675}, "46": {"x": 2.0000000000000004, "y": 14.000000000000005, "z": 0.1667906220995883}, "47": {"x": 2.0, "y": 15.0, "z": 0.0}, "48": {"x": 3.0, "y": 0.0, "z": 0.0}, "49": {"x": 2.9999999999999996, "y": 1.0000000000000002, "z": 0.16672899074668776}, "50": {"x": 2.9999999999999996, "y": 2.000000000000001, "z": 0.2959956206617328}, "51": {"x": 2.999999999999999, "y": 3.0000000000000013, "z": 0.3795666206825863}, "52": {"x": 2.999999999999999, "y": 4.000000000000002, "z": 0.42384451731753503}, "53": {"x": 2.9999999999999996, "y": 5.000000000000003, "z": 0.42147790945113334}, "54": {"x": 2.9999999999999996, "y": 6.000000000000003, "z": 0.3864613272995648}, "55": {"x": 2.9999999999999987, "y": 7.0, "z": 0.49290695461591616}, "56": {"x": 2.9999999999999987, "y": 8.0, "z": 0.5755043994674943}, "57": {"x": 2.999999999999999, "y": 9.0, "z": 0.6259944564469232}, "58": {"x": 3.000000000000001, "y": 10.000000000000004, "z": 0.6238083164138151}, "59": {"x": 3.0000000000000004, "y": 11.000000000000002, "z": 0.5838196412539918}, "60": {"x": 3.0000000000000004, "y": 12.000000000000002, "z": 0.48187020406824954}, "61": {"x": 3.000000000000001, "y": 13.000000000000004, "z": 0.3534122423263967}, "62": {"x": 3.0000000000000004, "y": 14.000000000000004, "z": 0.20376807947711034}, "63": {"x": 3.0, "y": 15.0, "z": 0.0}, "64": {"x": 4.0, "y": 0.0, "z": 0.0}, "65": {"x": 3.999999999999998, "y": 0.9999999999999998, "z": 0.3709423782545557}, "66": {"x": 3.999999999999999, "y": 2.0, "z": 0.6098440267254885}, "67": {"x": 3.999999999999999, "y": 3.0, "z": 0.7332135255413097}, "68": {"x": 3.9999999999999982, "y": 4.0, "z": 0.7339012534948499}, "69": {"x": 3.9999999999999982, "y": 5.0, "z": 0.6346627741443859}, "70": {"x": 3.9999999999999982, "y": 6.000000000000003, "z": 0.4156693900594056}, "71": {"x": 3.9999999999999964, "y": 6.999999999999999, "z": 0.6148181018715515}, "72": {"x": 3.9999999999999973, "y": 8.0, "z": 0.8602400049127358}, "73": {"x": 3.9999999999999987, "y": 9.000000000000002, "z": 0.9923147396514026}, "74": {"x": 4.0, "y": 10.000000000000005, "z": 1.0677386920775567}, "75": {"x": 4.0, "y": 11.000000000000004, "z": 1.0297192970459323}, "76": {"x": 4.0, "y": 12.000000000000005, "z": 0.9254170906947865}, "77": {"x": 4.0, "y": 13.000000000000007, "z": 0.6765472142119076}, "78": {"x": 4.0, "y": 14.000000000000004, "z": 0.27537474908189485}, "79": {"x": 4.0, "y": 15.0, "z": 0.0}, "80": {"x": 5.0, "y": 0.0, "z": 0.0}, "81": {"x": 4.999999999999998, "y": 0.9999999999999992, "z": 0.5329583397279162}, "82": {"x": 4.999999999999997, "y": 1.999999999999999, "z": 0.8534304205362675}, "83": {"x": 4.999999999999997, "y": 2.9999999999999987, "z": 1.0038494929703332}, "84": {"x": 4.9999999999999964, "y": 3.9999999999999982, "z": 0.9632978944639491}, "85": {"x": 4.999999999999996, "y": 4.999999999999998, "z": 0.7847643102196494}, "86": {"x": 4.999999999999995, "y": 6.0, "z": 0.4117415806263048}, "87": {"x": 4.999999999999995, "y": 6.999999999999998, "z": 0.6761448470647251}, "88": {"x": 4.9999999999999964, "y": 8.0, "z": 1.0525050096674953}, "89": {"x": 4.999999999999999, "y": 9.000000000000002, "z": 1.2450614650322858}, "90": {"x": 4.999999999999999, "y": 10.000000000000004, "z": 1.3886474410938914}, "91": {"x": 5.0, "y": 11.000000000000005, "z": 1.3571682702044277}, "92": {"x": 4.999999999999998, "y": 11.999999999999998, "z": 1.26445584010772}, "93": {"x": 5.0, "y": 13.000000000000002, "z": 0.9221595264320218}, "94": {"x": 5.000000000000001, "y": 14.000000000000007, "z": 0.3167598599477822}, "95": {"x": 5.0, "y": 15.0, "z": 0.0}, "96": {"x": 6.0, "y": 0.0, "z": 0.0}, "97": {"x": 5.999999999999999, "y": 0.9999999999999994, "z": 0.6407938934541754}, "98": {"x": 5.999999999999995, "y": 1.9999999999999984, "z": 1.0004031560546656}, "99": {"x": 5.9999999999999964, "y": 2.999999999999998, "z": 1.166348323647619}, "100": {"x": 5.9999999999999964, "y": 3.9999999999999982, "z": 1.0854573013257562}, "101": {"x": 5.999999999999993, "y": 4.999999999999997, "z": 0.8626883249772918}, "102": {"x": 5.999999999999991, "y": 5.999999999999997, "z": 0.37716656228817214}, "103": {"x": 5.999999999999993, "y": 6.999999999999996, "z": 0.6710464057963168}, "104": {"x": 5.999999999999995, "y": 7.999999999999997, "z": 1.141191315136395}, "105": {"x": 5.9999999999999964, "y": 9.0, "z": 1.3526773988375143}, "106": {"x": 5.999999999999999, "y": 10.000000000000002, "z": 1.55688699058423}, "107": {"x": 5.999999999999999, "y": 11.000000000000005, "z": 1.5265915453172123}, "108": {"x": 5.999999999999999, "y": 12.000000000000005, "z": 1.5180806740822765}, "109": {"x": 6.000000000000002, "y": 13.000000000000007, "z": 1.132138700070884}, "110": {"x": 6.000000000000001, "y": 14.000000000000009, "z": 0.3232200353920894}, "111": {"x": 6.0, "y": 15.0, "z": 0.0}, "112": {"x": 7.0, "y": 0.0, "z": 0.0}, "113": {"x": 6.999999999999999, "y": 0.9999999999999994, "z": 0.6506735590259788}, "114": {"x": 6.999999999999997, "y": 1.999999999999999, "z": 0.9969076819109194}, "115": {"x": 6.9999999999999964, "y": 2.9999999999999973, "z": 1.159468650442367}, "116": {"x": 6.9999999999999964, "y": 3.999999999999998, "z": 1.0563334629786423}, "117": {"x": 6.999999999999993, "y": 4.9999999999999964,