{"attributes": {"name": "Mesh"}, "dva": {"x": 0.0, "y": 0.0, "z": 0.0}, "dea": {}, "dfa": {}, "vertex": {"0": {"x": 0.0, "y": 0.0, "z": 0.0}, "1": {"x": 0.0, "y": 1.0, "z": 0.0}, "2": {"x": 0.0, "y": 2.0, "z": 0.0}, "3": {"x": 0.0, "y": 3.0, "z": 0.0}, "4": {"x": 0.0, "y": 4.0, "z": 0.0}, "5": {"x": 0.0, "y": 5.0, "z": 0.0}, "6": {"x": 0.0, "y": 6.0, "z": 0.0}, "7": {"x": 0.0, "y": 7.0, "z": 0.0}, "8": {"x": 0.0, "y": 8.0, "z": 0.0}, "9": {"x": 0.0, "y": 9.0, "z": 0.0}, "10": {"x": 0.0, "y": 10.0, "z": 0.0}, "11": {"x": 0.0, "y": 11.0, "z": 0.0}, "12": {"x": 0.0, "y": 12.0, "z": 0.0}, "13": {"x": 0.0, "y": 13.0, "z": 0.0}, "14": {"x": 0.0, "y": 14.0, "z": 0.0}, "15": {"x": 0.0, "y": 15.0, "z": 0.0}, "16": {"x": 1.0, "y": 0.0, "z": 0.0}, "17": {"x": 1.0000000000000004, "y": 1.0000000000000002, "z": 0.12173853673284724}, "18": {"x": 1.0000000000000004, "y": 2.0000000000000004, "z": 0.21023101794293608}, "19": {"x": 1.0000000000000002, "y": 3.0, "z": 0.28382830226752975}, "20": {"x": 1.0000000000000004, "y": 4.000000000000001, "z": 0.31121842895546836}, "21": {"x": 1.0, "y": 5.0, "z": 0.29222735214042916}, "22": {"x": 0.9999999999999996, "y": 6.000000000000001, "z": 0.22097609298401688}, "23": {"x": 0.9999999999999993, "y": 6.999999999999997, "z": 0.33877034555198987}, "24": {"x": 0.9999999999999992, "y": 7.999999999999995, "z": 0.429998997704584}, "25": {"x": 0.9999999999999991, "y": 8.999999999999993, "z": 0.4684947336538725}, "26": {"x": 0.9999999999999999, "y": 9.999999999999998, "z": 0.4541085251355391}, "27": {"x": 1.0000000000000002, "y": 11.000000000000002, "z": 0.41781902933598064}, "28": {"x": 1.0000000000000002, "y": 12.000000000000002, "z": 0.3797817290691411}, "29": {"x": 1.0000000000000004, "y": 13.000000000000004, "z": 0.2903166075200778}, "30": {"x": 1.0000000000000002, "y": 14.0, "z": 0.16233320787720065}, "31": {"x": 1.0, "y": 15.0, "z": 0.0}, "32": {"x": 2.0, "y": 0.0, "z": 0.0}, "33": {"x": 2.000000000000001, "y": 1.0000000000000002, "z": 0.21979127261188997}, "34": {"x": 2.0000000000000013, "y": 2.0, "z": 0.37027751942517695}, "35": {"x": 2.000000000000001, "y": 2.9999999999999996, "z": 0.5366464418153337}, "36": {"x": 2.0000000000000004, "y": 3.9999999999999996, "z": 0.5923143291094564}, "37": {"x": 2.0, "y": 4.999999999999998, "z": 0.5842218097380854}, "38": {"x": 1.999999999999998, "y": 5.999999999999994, "z": 0.3867594157231444}, "39": {"x": 1.9999999999999984, "y": 6.999999999999996, "z": 0.6119496388298628}, "40": {"x": 1.9999999999999998, "y": 7.999999999999998, "z": 0.8656760103346467}, "41": {"x": 2.0, "y": 9.0, "z": 0.9470936343684366}, "42": {"x": 2.000000000000001, "y": 10.0, "z": 0.811367111813316}, "43": {"x": 2.0000000000000013, "y": 11.000000000000004, "z": 0.732536913118548}, "44": {"x": 2.0000000000000004, "y": 12.0, "z": 0.748601512819969}, "45": {"x": 2.0000000000000004, "y": 13.000000000000002, "z": 0.533817582781345}, "46": {"x": 2.0, "y": 14.0, "z": 0.2931206762124645}, "47": {"x": 2.0, "y": 15.0, "z": 0.0}, "48": {"x": 3.0, "y": 0.0, "z": 0.0}, "49": {"x": 3.0000000000000018, "y": 1.0000000000000002, "z": 0.2629455569817851}, "50": {"x": 3.000000000000002, "y": 2.0000000000000004, "z": 0.4576407914303681}, "51": {"x": 3.000000000000002, "y": 2.9999999999999996, "z": 0.5892185357540917}, "52": {"x": 3.0000000000000013, "y": 3.999999999999999, "z": 0.6449998065960738}, "53": {"x": 3.0000000000000004, "y": 4.999999999999998, "z": 0.6211416975348671}, "54": {"x": 2.999999999999999, "y": 5.999999999999996, "z": 0.5292127726802247}, "55": {"x": 2.9999999999999982, "y": 6.999999999999996, "z": 0.7432347542549831}, "56": {"x": 2.9999999999999996, "y": 7.999999999999999, "z": 0.8931494775045338}, "57": {"x": 3.0000000000000013, "y": 9.000000000000004, "z": 0.971091939371933}, "58": {"x": 3.0000000000000027, "y": 10.000000000000007, "z": 0.9806229103767944}, "59": {"x": 3.000000000000002, "y": 11.000000000000005, "z": 0.917813378619363}, "60": {"x": 3.0000000000000013, "y": 12.000000000000002, "z": 0.7970274245141983}, "61": {"x": 3.0000000000000013, "y": 13.000000000000002, "z": 0.6099059708769367}, "62": {"x": 3.0, "y": 14.0, "z": 0.34280041872686073}, "63": {"x": 3.0, "y": 15.0, "z": 0.0}, "64": {"x": 4.0, "y": 0.0, "z": 0.0}, "65": {"x": 4.000000000000002, "y": 1.0000000000000002, "z": 0.3342791436734522}, "66": {"x": 4.000000000000003, "y": 2.0000000000000004, "z": 0.5678438734441238}, "67": {"x": 4.000000000000003, "y": 3.0, "z": 0.7995842145239358}, "68": {"x": 4.000000000000003, "y": 3.9999999999999996, "z": 0.8769991448738796}, "69": {"x": 4.000000000000001, "y": 4.999999999999998, "z": 0.848944754959273}, "70": {"x": 3.9999999999999996, "y": 5.999999999999996, "z": 0.5828772622529412}, "71": {"x": 3.9999999999999982, "y": 6.9999999999999964, "z": 0.9206868596573529}, "72": {"x": 3.9999999999999996, "y": 8.0, "z": 1.261567937357872}, "73": {"x": 3.999999999999999, "y": 9.0, "z": 1.3832158515872441}, "74": {"x": 4.000000000000001, "y": 10.000000000000004, "z": 1.2364038019416266}, "75": {"x": 4.000000000000003, "y": 11.000000000000005, "z": 1.126290363512434}, "76": {"x": 4.000000000000002, "y": 12.000000000000005, "z": 1.1074836629911229}, "77": {"x": 4.000000000000001, "y": 13.000000000000004, "z": 0.8068238823092567}, "78": {"x": 3.9999999999999996, "y": 13.999999999999998, "z": 0.446695535780336}, "79": {"x": 4.0, "y": 15.0, "z": 0.0}, "80": {"x": 5.0, "y": 0.0, "z": 0.0}, "81": {"x": 5.000000000000002, "y": 1.0000000000000004, "z": 0.35285432555651525}, "82": {"x": 5.000000000000003, "y": 2.0000000000000004, "z": 0.6081115680049224}, "83": {"x": 5.000000000000003, "y": 3.0000000000000004, "z": 0.8204459319920475}, "84": {"x": 5.0000000000000036, "y": 4.0, "z": 0.895066476617294}, "85": {"x": 5.000000000000003, "y": 5.0, "z": 0.8306476202656724}, "86": {"x": 5.000000000000001, "y": 5.999999999999999, "z": 0.6110437602686156}, "87": {"x": 5.0, "y": 6.999999999999999, "z": 0.964037761652363}, "88": {"x": 4.999999999999999, "y": 8.000000000000002, "z": 1.2373611848834773}, "89": {"x": 4.999999999999998, "y": 9.0, "z": 1.3538841480386519}, "90": {"x": 5.0, "y": 10.000000000000002, "z": 1.3140497108346594}, "91": {"x": 5.000000000000002, "y": 11.000000000000004, "z": 1.2098393341572613}, "92": {"x": 5.000000000000001, "y": 12.000000000000004, "z": 1.1035895850020736}, "93": {"x": 5.0, "y": 13.000000000000002, "z": 0.8457868712461503}, "94": {"x": 5.0, "y": 14.0, "z": 0.4735620073024463}, "95": {"x": 5.0, "y": 15.0, "z": 0.0}, "96": {"x": 6.0, "y": 0.0, "z": 0.0}, "97": {"x": 6.000000000000004, "y": 1.0000000000000007, "z": 0.3492363569341949}, "98": {"x": 6.0000000000000036, "y": 2.0000000000000004, "z": 0.5985357137666789}, "99": {"x": 6.000000000000002, "y": 3.0000000000000004, "z": 0.8225258576448742}, "100": {"x": 6.000000000000003, "y": 3.9999999999999996, "z": 0.8967380634524031}, "101": {"x": 6.000000000000003, "y": 4.999999999999999, "z": 0.833461052063932}, "102": {"x": 6.000000000000001, "y": 6.0, "z": 0.5810334503402492}, "103": {"x": 6.000000000000001, "y": 7.0, "z": 0.9457588506514095}, "104": {"x": 6.0000000000000036, "y": 8.000000000000007, "z": 1.2520898360841464}, "105": {"x": 6.0000000000000036, "y": 9.000000000000009, "z": 1.373807957756178}, "106": {"x": 6.000000000000003, "y": 10.000000000000004, "z": 1.2974518849686079}, "107": {"x": 6.000000000000001, "y": 11.000000000000004, "z": 1.1881899863194307}, "108": {"x": 6.000000000000001, "y": 12.000000000000004, "z": 1.1150171810496667}, "109": {"x": 6.000000000000001, "y": 13.000000000000002, "z": 0.8442786626306026}, "110": {"x": 6.000000000000001, "y": 14.000000000000002, "z": 0.4713733724035462}, "111": {"x": 6.0, "y": 15.0, "z": 0.0}, "112": {"x": 7.0, "y": 0.0, "z": 0.0}, "113": {"x": 7.000000000000005, "y": 1.0000000000000002, "z": 0.3049526159789584}, "114": {"x": 7.000000000000002, "y": 2.0, "z": 0.525444740130441}, "115": {"x": 7.000000000000001, "y": 3.0, "z": 0.7077170547017}, "116": {"x": 7.000000000000002,