{"attributes": {"name": "Mesh"}, "dva": {"x": 0.0, "y": 0.0, "z": 0.0}, "dea": {}, "dfa": {}, "vertex": {"0": {"x": 0.0, "y": 0.0, "z": 0.0}, "1": {"x": 0.0, "y": 1.0, "z": 0.0}, "2": {"x": 0.0, "y": 2.0, "z": 0.0}, "3": {"x": 0.0, "y": 3.0, "z": 0.0}, "4": {"x": 0.0, "y": 4.0, "z": 0.0}, "5": {"x": 0.0, "y": 5.0, "z": 0.0}, "6": {"x": 0.0, "y": 6.0, "z": 0.0}, "7": {"x": 0.0, "y": 7.0, "z": 0.0}, "8": {"x": 0.0, "y": 8.0, "z": 0.0}, "9": {"x": 0.0, "y": 9.0, "z": 0.0}, "10": {"x": 0.0, "y": 10.0, "z": 0.0}, "11": {"x": 0.0, "y": 11.0, "z": 0.0}, "12": {"x": 0.0, "y": 12.0, "z": 0.0}, "13": {"x": 0.0, "y": 13.0, "z": 0.0}, "14": {"x": 0.0, "y": 14.0, "z": 0.0}, "15": {"x": 0.0, "y": 15.0, "z": 0.0}, "16": {"x": 1.0, "y": 0.0, "z": 0.0}, "17": {"x": 0.9999999999999999, "y": 0.9999999999999996, "z": 0.3979336071292518}, "18": {"x": 0.9999999999999997, "y": 1.9999999999999987, "z": 0.566071568647806}, "19": {"x": 0.9999999999999993, "y": 2.999999999999997, "z": 0.6092922991389941}, "20": {"x": 0.9999999999999994, "y": 3.999999999999998, "z": 0.6466927299356326}, "21": {"x": 0.9999999999999996, "y": 4.999999999999997, "z": 0.5676810104542227}, "22": {"x": 0.9999999999999998, "y": 5.9999999999999964, "z": 0.4228258878341044}, "23": {"x": 0.9999999999999997, "y": 6.999999999999996, "z": 0.4394370591177171}, "24": {"x": 0.9999999999999996, "y": 7.999999999999997, "z": 0.42024370373210973}, "25": {"x": 0.9999999999999997, "y": 9.0, "z": 0.22200473676215507}, "26": {"x": 1.0, "y": 10.000000000000002, "z": 0.2567767295649568}, "27": {"x": 1.0, "y": 11.0, "z": 0.1738179780746864}, "28": {"x": 1.0000000000000002, "y": 12.000000000000002, "z": 0.34830637395939124}, "29": {"x": 0.9999999999999998, "y": 12.999999999999996, "z": 0.45051895713842505}, "30": {"x": 1.0, "y": 13.999999999999996, "z": 0.34290335972702685}, "31": {"x": 1.0, "y": 15.0, "z": 0.0}, "32": {"x": 2.0, "y": 0.0, "z": 0.0}, "33": {"x": 2.0, "y": 0.9999999999999993, "z": 0.6569526493095097}, "34": {"x": 1.9999999999999996, "y": 1.9999999999999982, "z": 0.8089988559542017}, "35": {"x": 1.999999999999999, "y": 2.9999999999999973, "z": 0.8467784025599}, "36": {"x": 1.9999999999999993, "y": 3.9999999999999973, "z": 0.946852206469232}, "37": {"x": 1.9999999999999996, "y": 4.999999999999997, "z": 0.8578778448883209}, "38": {"x": 2.0, "y": 5.9999999999999964, "z": 0.681103779386442}, "39": {"x": 1.9999999999999993, "y": 6.999999999999993, "z": 0.7040420510581076}, "40": {"x": 1.9999999999999993, "y": 7.999999999999995, "z": 0.7010544196164502}, "41": {"x": 1.9999999999999996, "y": 8.999999999999996, "z": 0.4028300465623654}, "42": {"x": 1.9999999999999996, "y": 10.0, "z": 0.43735187693864264}, "43": {"x": 1.9999999999999998, "y": 11.000000000000002, "z": 0.3102306140555538}, "44": {"x": 2.0000000000000004, "y": 12.000000000000004, "z": 0.5094494752283536}, "45": {"x": 2.0, "y": 12.999999999999998, "z": 0.721759574190895}, "46": {"x": 2.0, "y": 14.0, "z": 0.6073054382593023}, "47": {"x": 2.0, "y": 15.0, "z": 0.0}, "48": {"x": 3.0, "y": 0.0, "z": 0.0}, "49": {"x": 3.0, "y": 0.9999999999999996, "z": 0.26893079548237164}, "50": {"x": 3.0, "y": 1.9999999999999991, "z": 0.4995261366329247}, "51": {"x": 2.9999999999999996, "y": 2.9999999999999987, "z": 0.6677154065692064}, "52": {"x": 2.9999999999999996, "y": 3.999999999999998, "z": 0.7693931818264077}, "53": {"x": 3.000000000000001, "y": 4.999999999999998, "z": 0.8172935577534484}, "54": {"x": 3.000000000000001, "y": 5.999999999999996, "z": 0.8110292259254147}, "55": {"x": 3.0, "y": 6.999999999999994, "z": 0.7714960388282388}, "56": {"x": 2.999999999999999, "y": 7.999999999999992, "z": 0.6847211954573995}, "57": {"x": 2.9999999999999987, "y": 8.999999999999993, "z": 0.5521777856508582}, "58": {"x": 2.9999999999999987, "y": 9.999999999999996, "z": 0.5056995635551506}, "59": {"x": 3.0, "y": 11.0, "z": 0.4196226570915898}, "60": {"x": 3.0000000000000004, "y": 12.000000000000002, "z": 0.3986894147147524}, "61": {"x": 3.0000000000000004, "y": 13.0, "z": 0.3131953276982996}, "62": {"x": 3.0000000000000004, "y": 14.0, "z": 0.17644605943574856}, "63": {"x": 3.0, "y": 15.0, "z": 0.0}, "64": {"x": 4.0, "y": 0.0, "z": 0.0}, "65": {"x": 3.9999999999999996, "y": 0.9999999999999993, "z": 1.3928067971567895}, "66": {"x": 3.9999999999999996, "y": 1.9999999999999987, "z": 1.2239521912338773}, "67": {"x": 4.000000000000001, "y": 2.9999999999999987, "z": 1.1433790182003807}, "68": {"x": 4.000000000000002, "y": 4.0, "z": 1.3907016222638102}, "69": {"x": 4.000000000000001, "y": 4.999999999999998, "z": 1.2391787675666284}, "70": {"x": 3.9999999999999996, "y": 5.999999999999995, "z": 0.9764968412669739}, "71": {"x": 3.999999999999999, "y": 6.999999999999994, "z": 1.0299249394570344}, "72": {"x": 3.999999999999999, "y": 7.999999999999993, "z": 1.1328093862633255}, "73": {"x": 3.9999999999999996, "y": 8.999999999999995, "z": 0.6066611772814969}, "74": {"x": 4.000000000000001, "y": 9.999999999999998, "z": 0.6656911351399547}, "75": {"x": 4.000000000000001, "y": 11.000000000000002, "z": 0.4625703052152481}, "76": {"x": 3.9999999999999982, "y": 11.999999999999995, "z": 0.7249758941062919}, "77": {"x": 3.999999999999999, "y": 12.999999999999998, "z": 1.3647051257847231}, "78": {"x": 3.9999999999999996, "y": 14.0, "z": 1.4058702518240511}, "79": {"x": 4.0, "y": 15.0, "z": 0.0}, "80": {"x": 5.0, "y": 0.0, "z": 0.0}, "81": {"x": 5.0, "y": 0.9999999999999994, "z": 1.4116775352442439}, "82": {"x": 4.999999999999998, "y": 1.9999999999999984, "z": 1.2596412209458088}, "83": {"x": 5.000000000000001, "y": 2.9999999999999987, "z": 1.191247995008184}, "84": {"x": 5.0, "y": 3.9999999999999987, "z": 1.4450547607246977}, "85": {"x": 5.0, "y": 4.999999999999998, "z": 1.2959914637992094}, "86": {"x": 4.999999999999999, "y": 5.999999999999996, "z": 1.0314912458249637}, "87": {"x": 5.000000000000001, "y": 6.999999999999995, "z": 1.0794213004486841}, "88": {"x": 5.0, "y": 7.999999999999994, "z": 1.173370774893542}, "89": {"x": 5.0, "y": 8.999999999999995, "z": 0.6355394914829469}, "90": {"x": 5.000000000000001, "y": 10.0, "z": 0.6920984912312307}, "91": {"x": 5.000000000000002, "y": 11.000000000000002, "z": 0.4842105173832436}, "92": {"x": 4.999999999999998, "y": 11.999999999999996, "z": 0.7468633425524264}, "93": {"x": 4.999999999999998, "y": 12.999999999999998, "z": 1.3821636433573652}, "94": {"x": 5.0, "y": 14.000000000000002, "z": 1.4156631554090666}, "95": {"x": 5.0, "y": 15.0, "z": 0.0}, "96": {"x": 6.0, "y": 0.0, "z": 0.0}, "97": {"x": 5.999999999999998, "y": 0.9999999999999992, "z": 0.3275954562077104}, "98": {"x": 5.999999999999997, "y": 1.9999999999999984, "z": 0.6077528119008713}, "99": {"x": 5.999999999999997, "y": 2.999999999999998, "z": 0.8121360206273005}, "100": {"x": 5.999999999999998, "y": 3.999999999999997, "z": 0.9334587481794188}, "101": {"x": 5.999999999999999, "y": 4.9999999999999964, "z": 0.9883427678006593}, "102": {"x": 5.999999999999999, "y": 5.9999999999999964, "z": 0.9761487267064853}, "103": {"x": 6.0, "y": 6.999999999999996, "z": 0.9202495009412717}, "104": {"x": 6.0, "y": 7.999999999999996, "z": 0.8069549817615155}, "105": {"x": 6.0, "y": 8.999999999999998, "z": 0.6387401919062431}, "106": {"x": 6.000000000000001, "y": 10.0, "z": 0.5850491977074844}, "107": {"x": 6.000000000000001, "y": 11.000000000000002, "z": 0.4845091821656348}, "108": {"x": 6.000000000000001, "y": 12.000000000000002, "z": 0.4648193767683188}, "109": {"x": 6.0, "y": 13.000000000000002, "z": 0.3671892219732928}, "110": {"x": 5.999999999999999, "y": 14.0, "z": 0.20795205978818326}, "111": {"x": 6.0, "y": 15.0, "z": 0.0}, "112": {"x": 7.0, "y": 0.0, "z": 0.0}, "113": {"x": 7.000000000000001, "y": 0.999999999999999, "z": 0.5616471537266833}, "114": {"x": 7.0, "y": 1.9999999999999982, "z": 0.8804548224906285}, "115": {"x": 6.999999999999999, "y": 2.9999999999999973, "z": 1.0487974393857722}, "116": {"x": 7.000000000000001, "y": 3.9999999999999987, "z": 1.1504089355158995}, "117": {"x": 7.0,