{"attributes": {"name": "Mesh"}, "dva": {"x": 0.0, "y": 0.0, "z": 0.0}, "dea": {}, "dfa": {}, "vertex": {"0": {"x": 0.0, "y": 0.0, "z": 0.0}, "1": {"x": 0.0, "y": 1.0, "z": 0.0}, "2": {"x": 0.0, "y": 2.0, "z": 0.0}, "3": {"x": 0.0, "y": 3.0, "z": 0.0}, "4": {"x": 0.0, "y": 4.0, "z": 0.0}, "5": {"x": 0.0, "y": 5.0, "z": 0.0}, "6": {"x": 0.0, "y": 6.0, "z": 0.0}, "7": {"x": 0.0, "y": 7.0, "z": 0.0}, "8": {"x": 0.0, "y": 8.0, "z": 0.0}, "9": {"x": 0.0, "y": 9.0, "z": 0.0}, "10": {"x": 0.0, "y": 10.0, "z": 0.0}, "11": {"x": 0.0, "y": 11.0, "z": 0.0}, "12": {"x": 0.0, "y": 12.0, "z": 0.0}, "13": {"x": 0.0, "y": 13.0, "z": 0.0}, "14": {"x": 0.0, "y": 14.0, "z": 0.0}, "15": {"x": 0.0, "y": 15.0, "z": 0.0}, "16": {"x": 1.0, "y": 0.0, "z": 0.0}, "17": {"x": 1.0000000000000004, "y": 1.0000000000000004, "z": 0.20482983560553622}, "18": {"x": 1.0000000000000009, "y": 2.000000000000001, "z": 0.3270330324666364}, "19": {"x": 1.0000000000000013, "y": 3.0000000000000013, "z": 0.3831659566378921}, "20": {"x": 1.0000000000000016, "y": 4.000000000000002, "z": 0.39135219038191166}, "21": {"x": 1.0000000000000013, "y": 5.000000000000003, "z": 0.40628018461214105}, "22": {"x": 1.0000000000000013, "y": 6.0000000000000036, "z": 0.38040063183569917}, "23": {"x": 1.000000000000001, "y": 7.000000000000002, "z": 0.44075568680602367}, "24": {"x": 1.0000000000000009, "y": 8.000000000000002, "z": 0.45506165846188396}, "25": {"x": 1.0000000000000009, "y": 9.000000000000004, "z": 0.433811946372437}, "26": {"x": 1.000000000000001, "y": 10.000000000000004, "z": 0.3798567589512376}, "27": {"x": 1.0000000000000013, "y": 11.0, "z": 0.28310171202207807}, "28": {"x": 1.0000000000000007, "y": 11.999999999999998, "z": 0.3334209204111146}, "29": {"x": 1.0000000000000002, "y": 12.999999999999998, "z": 0.3036362926698822}, "30": {"x": 1.0, "y": 14.0, "z": 0.19534182117093726}, "31": {"x": 1.0, "y": 15.0, "z": 0.0}, "32": {"x": 2.0, "y": 0.0, "z": 0.0}, "33": {"x": 2.000000000000001, "y": 1.000000000000001, "z": 0.27441259967206266}, "34": {"x": 2.0000000000000013, "y": 2.000000000000002, "z": 0.46640887526797764}, "35": {"x": 2.0000000000000027, "y": 3.0000000000000036, "z": 0.5840158212362383}, "36": {"x": 2.0000000000000036, "y": 4.000000000000005, "z": 0.6395954947254859}, "37": {"x": 2.000000000000003, "y": 5.000000000000005, "z": 0.6777196598176287}, "38": {"x": 2.000000000000003, "y": 6.000000000000004, "z": 0.6668472583746182}, "39": {"x": 2.0000000000000027, "y": 7.000000000000004, "z": 0.7335954568845802}, "40": {"x": 2.000000000000002, "y": 8.000000000000005, "z": 0.7465681331184923}, "41": {"x": 2.0000000000000018, "y": 9.000000000000004, "z": 0.7114231761952514}, "42": {"x": 2.000000000000002, "y": 10.000000000000004, "z": 0.6301252687264912}, "43": {"x": 2.0000000000000027, "y": 11.000000000000002, "z": 0.49688522333521257}, "44": {"x": 2.0000000000000013, "y": 12.000000000000002, "z": 0.4950141313777979}, "45": {"x": 2.000000000000001, "y": 13.000000000000002, "z": 0.4123319864932639}, "46": {"x": 2.0000000000000004, "y": 14.000000000000002, "z": 0.24839011616298698}, "47": {"x": 2.0, "y": 15.0, "z": 0.0}, "48": {"x": 3.0, "y": 0.0, "z": 0.0}, "49": {"x": 3.000000000000002, "y": 1.0000000000000022, "z": 0.2881150535855454}, "50": {"x": 3.0000000000000036, "y": 2.000000000000004, "z": 0.5156353560169747}, "51": {"x": 3.0000000000000053, "y": 3.000000000000006, "z": 0.6786055115749744}, "52": {"x": 3.0000000000000058, "y": 4.000000000000007, "z": 0.7815615037512393}, "53": {"x": 3.0000000000000053, "y": 5.000000000000008, "z": 0.8448161255615785}, "54": {"x": 3.000000000000005, "y": 6.000000000000007, "z": 0.8610592437279224}, "55": {"x": 3.0000000000000036, "y": 7.000000000000004, "z": 0.9153657296176779}, "56": {"x": 3.000000000000003, "y": 8.000000000000005, "z": 0.9205726038956091}, "57": {"x": 3.000000000000003, "y": 9.000000000000005, "z": 0.8766775696766508}, "58": {"x": 3.000000000000004, "y": 10.000000000000007, "z": 0.7843519247682369}, "59": {"x": 3.0000000000000036, "y": 11.000000000000007, "z": 0.6432776924171827}, "60": {"x": 3.0000000000000036, "y": 12.000000000000012, "z": 0.5758453293815}, "61": {"x": 3.000000000000004, "y": 13.000000000000012, "z": 0.44722009139232655}, "62": {"x": 3.000000000000002, "y": 14.00000000000001, "z": 0.2526673653023841}, "63": {"x": 3.0, "y": 15.0, "z": 0.0}, "64": {"x": 4.0, "y": 0.0, "z": 0.0}, "65": {"x": 4.000000000000001, "y": 1.0000000000000022, "z": 0.7863267087891721}, "66": {"x": 4.000000000000004, "y": 2.0000000000000044, "z": 0.8664473732007516}, "67": {"x": 4.000000000000005, "y": 3.000000000000006, "z": 0.9066499356619097}, "68": {"x": 4.000000000000006, "y": 4.000000000000008, "z": 0.9092982905414371}, "69": {"x": 4.000000000000006, "y": 5.000000000000008, "z": 1.0259147323939861}, "70": {"x": 4.000000000000005, "y": 6.000000000000008, "z": 0.9652627067162921}, "71": {"x": 4.000000000000006, "y": 7.000000000000009, "z": 1.1281704501333092}, "72": {"x": 4.000000000000006, "y": 8.00000000000001, "z": 1.1225218589873978}, "73": {"x": 4.000000000000005, "y": 9.000000000000005, "z": 1.0636746881308365}, "74": {"x": 4.000000000000005, "y": 10.00000000000001, "z": 0.9620557244365053}, "75": {"x": 4.000000000000005, "y": 11.000000000000009, "z": 0.7188183732432633}, "76": {"x": 4.000000000000005, "y": 12.00000000000001, "z": 1.159129442656588}, "77": {"x": 4.000000000000004, "y": 13.000000000000012, "z": 1.12659950598112}, "78": {"x": 4.0000000000000036, "y": 14.000000000000009, "z": 1.0771563005216103}, "79": {"x": 4.0, "y": 15.0, "z": 0.0}, "80": {"x": 5.0, "y": 0.0, "z": 0.0}, "81": {"x": 5.000000000000001, "y": 1.0000000000000024, "z": 0.3043080528482625}, "82": {"x": 5.0000000000000036, "y": 2.000000000000005, "z": 0.5605722492054668}, "83": {"x": 5.000000000000006, "y": 3.0000000000000067, "z": 0.7591068655938396}, "84": {"x": 5.000000000000007, "y": 4.000000000000008, "z": 0.8980033396496501}, "85": {"x": 5.000000000000007, "y": 5.000000000000009, "z": 0.980704412032174}, "86": {"x": 5.000000000000007, "y": 6.000000000000011, "z": 1.0169165981453645}, "87": {"x": 5.000000000000007, "y": 7.000000000000011, "z": 1.0634073559707478}, "88": {"x": 5.000000000000007, "y": 8.00000000000001, "z": 1.0631243053835846}, "89": {"x": 5.000000000000009, "y": 9.000000000000012, "z": 1.0121359089642141}, "90": {"x": 5.000000000000008, "y": 10.000000000000012, "z": 0.9102096805440685}, "91": {"x": 5.000000000000007, "y": 11.000000000000014, "z": 0.7608569031966117}, "92": {"x": 5.000000000000008, "y": 12.000000000000014, "z": 0.6455007256427384}, "93": {"x": 5.000000000000007, "y": 13.000000000000014, "z": 0.4811022216286003}, "94": {"x": 5.000000000000004, "y": 14.00000000000001, "z": 0.2626916641362696}, "95": {"x": 5.0, "y": 15.0, "z": 0.0}, "96": {"x": 6.0, "y": 0.0, "z": 0.0}, "97": {"x": 6.000000000000001, "y": 1.000000000000001, "z": 0.506798036198461}, "98": {"x": 6.000000000000001, "y": 2.000000000000003, "z": 0.8003516378889716}, "99": {"x": 6.000000000000001, "y": 3.0000000000000036, "z": 0.9462691225641363}, "100": {"x": 6.000000000000005, "y": 4.000000000000007, "z": 0.9893957424523331}, "101": {"x": 6.000000000000005, "y": 5.000000000000008, "z": 1.0480758898483018}, "102": {"x": 6.000000000000009, "y": 6.000000000000011, "z": 1.0043874588382387}, "103": {"x": 6.000000000000008, "y": 7.000000000000012, "z": 1.1389035106956535}, "104": {"x": 6.000000000000007, "y": 8.000000000000009, "z": 1.1629849901036495}, "105": {"x": 6.000000000000007, "y": 9.00000000000001, "z": 1.1071526953792632}, "106": {"x": 6.000000000000006, "y": 10.000000000000009, "z": 0.978105767854129}, "107": {"x": 6.000000000000006, "y": 11.00000000000001, "z": 0.747671622656683}, "108": {"x": 6.000000000000004, "y": 12.000000000000007, "z": 0.8583163866266711}, "109": {"x": 6.000000000000002, "y": 13.000000000000004, "z": 0.7707778500268301}, "110": {"x": 5.999999999999999, "y": 14.000000000000002, "z": 0.5011733191751163}, "111": {"x": 6.0, "y": 15.0,