{"attributes": {"name": "Mesh"}, "dva": {"x": 0.0, "y": 0.0, "z": 0.0}, "dea": {}, "dfa": {}, "vertex": {"0": {"x": 0.0, "y": 0.0, "z": 0.0}, "1": {"x": 0.0, "y": 1.0, "z": 0.0}, "2": {"x": 0.0, "y": 2.0, "z": 0.0}, "3": {"x": 0.0, "y": 3.0, "z": 0.0}, "4": {"x": 0.0, "y": 4.0, "z": 0.0}, "5": {"x": 0.0, "y": 5.0, "z": 0.0}, "6": {"x": 0.0, "y": 6.0, "z": 0.0}, "7": {"x": 0.0, "y": 7.0, "z": 0.0}, "8": {"x": 0.0, "y": 8.0, "z": 0.0}, "9": {"x": 0.0, "y": 9.0, "z": 0.0}, "10": {"x": 0.0, "y": 10.0, "z": 0.0}, "11": {"x": 0.0, "y": 11.0, "z": 0.0}, "12": {"x": 0.0, "y": 12.0, "z": 0.0}, "13": {"x": 0.0, "y": 13.0, "z": 0.0}, "14": {"x": 0.0, "y": 14.0, "z": 0.0}, "15": {"x": 0.0, "y": 15.0, "z": 0.0}, "16": {"x": 1.0, "y": 0.0, "z": 0.0}, "17": {"x": 1.0000000000000002, "y": 1.0000000000000004, "z": 0.149723959927506}, "18": {"x": 1.0000000000000007, "y": 2.0000000000000013, "z": 0.23204039055881365}, "19": {"x": 1.0000000000000007, "y": 3.0000000000000004, "z": 0.3523586899826917}, "20": {"x": 1.0000000000000007, "y": 4.000000000000001, "z": 0.3813069339333263}, "21": {"x": 1.0000000000000009, "y": 5.000000000000002, "z": 0.43496922232238594}, "22": {"x": 1.0000000000000013, "y": 6.000000000000005, "z": 0.5445891117067294}, "23": {"x": 1.000000000000001, "y": 7.000000000000004, "z": 0.5803219058271364}, "24": {"x": 1.0000000000000009, "y": 8.000000000000002, "z": 0.40756172728550943}, "25": {"x": 1.0000000000000007, "y": 9.000000000000002, "z": 0.5047445253749246}, "26": {"x": 0.9999999999999998, "y": 9.999999999999995, "z": 0.6494891854086322}, "27": {"x": 0.9999999999999998, "y": 10.999999999999993, "z": 0.6449288138756796}, "28": {"x": 0.9999999999999998, "y": 11.999999999999996, "z": 0.44840124115811963}, "29": {"x": 1.0, "y": 13.0, "z": 0.35407859894832555}, "30": {"x": 1.0, "y": 14.000000000000002, "z": 0.2540368241491022}, "31": {"x": 1.0, "y": 15.0, "z": 0.0}, "32": {"x": 2.0, "y": 0.0, "z": 0.0}, "33": {"x": 2.0000000000000004, "y": 1.0000000000000007, "z": 0.21923192633799182}, "34": {"x": 2.0000000000000013, "y": 2.0000000000000013, "z": 0.38884450737653103}, "35": {"x": 2.0000000000000013, "y": 3.0000000000000013, "z": 0.5385577743192849}, "36": {"x": 2.0000000000000013, "y": 4.000000000000002, "z": 0.6401754863879302}, "37": {"x": 2.0000000000000013, "y": 5.000000000000002, "z": 0.7207475229350088}, "38": {"x": 2.000000000000002, "y": 6.000000000000004, "z": 0.7801934536195637}, "39": {"x": 2.0000000000000018, "y": 7.0000000000000036, "z": 0.7873998442699813}, "40": {"x": 2.0000000000000018, "y": 8.000000000000002, "z": 0.7389607598465845}, "41": {"x": 2.0000000000000004, "y": 9.0, "z": 0.7816428258888571}, "42": {"x": 2.0, "y": 9.999999999999998, "z": 0.7868227111005648}, "43": {"x": 2.0000000000000004, "y": 11.0, "z": 0.7348301741153761}, "44": {"x": 2.0, "y": 11.999999999999998, "z": 0.6260224178696616}, "45": {"x": 2.0000000000000004, "y": 12.999999999999998, "z": 0.4714520880618379}, "46": {"x": 2.0, "y": 13.999999999999998, "z": 0.2648933673437049}, "47": {"x": 2.0, "y": 15.0, "z": 0.0}, "48": {"x": 3.0, "y": 0.0, "z": 0.0}, "49": {"x": 3.0000000000000004, "y": 1.0000000000000009, "z": 0.2768674722362719}, "50": {"x": 3.000000000000001, "y": 2.0000000000000018, "z": 0.5039047317535416}, "51": {"x": 3.000000000000001, "y": 3.0000000000000018, "z": 0.6889488553849326}, "52": {"x": 3.0000000000000018, "y": 4.000000000000003, "z": 0.8300242787745562}, "53": {"x": 3.0000000000000027, "y": 5.0000000000000036, "z": 0.9314070242173806}, "54": {"x": 3.000000000000003, "y": 6.000000000000004, "z": 0.9892696713610475}, "55": {"x": 3.000000000000003, "y": 7.000000000000004, "z": 0.9987939195892555}, "56": {"x": 3.000000000000002, "y": 8.000000000000002, "z": 0.9752181452587568}, "57": {"x": 3.000000000000002, "y": 9.000000000000002, "z": 0.9966438416313943}, "58": {"x": 3.0000000000000013, "y": 10.000000000000002, "z": 0.9629610361846828}, "59": {"x": 3.000000000000001, "y": 11.0, "z": 0.8851953921936491}, "60": {"x": 3.0, "y": 11.999999999999996, "z": 0.770067656317959}, "61": {"x": 3.0, "y": 12.999999999999998, "z": 0.5732597678142749}, "62": {"x": 3.0, "y": 13.999999999999998, "z": 0.3090990033785031}, "63": {"x": 3.0, "y": 15.0, "z": 0.0}, "64": {"x": 4.0, "y": 0.0, "z": 0.0}, "65": {"x": 4.000000000000002, "y": 1.000000000000001, "z": 0.44347534653236725}, "66": {"x": 4.000000000000001, "y": 2.000000000000001, "z": 0.6624919253314417}, "67": {"x": 4.000000000000001, "y": 3.0000000000000013, "z": 1.0387414923466474}, "68": {"x": 4.0, "y": 4.000000000000001, "z": 1.0840712876484346}, "69": {"x": 4.000000000000001, "y": 5.000000000000003, "z": 1.230542150638117}, "70": {"x": 4.000000000000001, "y": 6.000000000000002, "z": 1.6078798254978597}, "71": {"x": 4.000000000000004, "y": 7.000000000000005, "z": 2.0521237194647175}, "72": {"x": 4.0000000000000036, "y": 8.000000000000004, "z": 1.110977928492564}, "73": {"x": 4.0000000000000036, "y": 9.000000000000005, "z": 1.4384187521013823}, "74": {"x": 4.000000000000002, "y": 10.000000000000002, "z": 2.1421564707845295}, "75": {"x": 4.0, "y": 10.999999999999998, "z": 2.3292756833788295}, "76": {"x": 3.9999999999999996, "y": 11.999999999999996, "z": 1.342072145616309}, "77": {"x": 4.0, "y": 13.0, "z": 1.081680009578949}, "78": {"x": 4.0, "y": 14.000000000000004, "z": 0.8775013047290134}, "79": {"x": 4.0, "y": 15.0, "z": 0.0}, "80": {"x": 5.0, "y": 0.0, "z": 0.0}, "81": {"x": 5.000000000000004, "y": 1.000000000000001, "z": 0.5083245583729055}, "82": {"x": 5.0, "y": 2.0000000000000004, "z": 0.752203517570737}, "83": {"x": 5.000000000000001, "y": 3.000000000000001, "z": 1.1549594398130374}, "84": {"x": 5.000000000000001, "y": 4.000000000000001, "z": 1.2227929742575399}, "85": {"x": 5.0, "y": 5.000000000000001, "z": 1.3979712098526382}, "86": {"x": 5.000000000000002, "y": 6.000000000000002, "z": 1.7708944986723758}, "87": {"x": 5.000000000000003, "y": 7.0000000000000036, "z": 1.8241765376125234}, "88": {"x": 5.000000000000004, "y": 8.000000000000005, "z": 1.1935586133311327}, "89": {"x": 5.0000000000000036, "y": 9.000000000000005, "z": 1.6628391224470125}, "90": {"x": 5.000000000000002, "y": 10.000000000000005, "z": 2.246327825095469}, "91": {"x": 5.000000000000001, "y": 11.000000000000002, "z": 2.2810120582541646}, "92": {"x": 4.999999999999999, "y": 12.0, "z": 1.671685344315243}, "93": {"x": 5.0, "y": 13.000000000000004, "z": 1.3425656969932513}, "94": {"x": 4.999999999999999, "y": 14.0, "z": 0.9475675893826262}, "95": {"x": 5.0, "y": 15.0, "z": 0.0}, "96": {"x": 6.0, "y": 0.0, "z": 0.0}, "97": {"x": 6.000000000000003, "y": 1.0000000000000007, "z": 0.5061369256315112}, "98": {"x": 6.000000000000002, "y": 2.0000000000000004, "z": 0.761374267886995}, "99": {"x": 6.0, "y": 3.000000000000001, "z": 1.138479675731879}, "100": {"x": 6.0, "y": 4.000000000000001, "z": 1.2325127662304343}, "101": {"x": 6.0, "y": 5.000000000000001, "z": 1.408234501814195}, "102": {"x": 6.000000000000001, "y": 6.000000000000002, "z": 1.7025588939888412}, "103": {"x": 6.0000000000000036, "y": 7.000000000000004, "z": 1.6651625419798153}, "104": {"x": 6.0000000000000036, "y": 8.000000000000005, "z": 1.1806492927608399}, "105": {"x": 6.000000000000002, "y": 9.000000000000004, "z": 1.6641523898785728}, "106": {"x": 6.000000000000001, "y": 10.000000000000004, "z": 2.1147747850525955}, "107": {"x": 6.0, "y": 11.0, "z": 2.142125554853304}, "108": {"x": 5.999999999999998, "y": 12.0, "z": 1.7307631906474348}, "109": {"x": 5.999999999999999, "y": 12.999999999999998, "z": 1.3849829457246319}, "110": {"x": 6.0, "y": 14.000000000000002, "z": 0.903536689141574}, "111": {"x": 6.0, "y": 15.0, "z": 0.0}, "112": {"x": 7.0, "y": 0.0, "z": 0.0}, "113": {"x": 7.000000000000002, "y": 1.0000000000000004, "z": 0.45556307762301257}, "114": {"x": 7.000000000000002, "y": 2.0000000000000004, "z": 0.6876700167348854}, "115": {"x": 7.0, "y": 3.0000000000000004, "z": 1.0251766353918523}, "116": {"x": 7.0, "y": 4.000000000000001, "z": 1.1106992858209164},