{"attributes": {"name": "Mesh"}, "dva": {"x": 0.0, "y": 0.0, "z": 0.0}, "dea": {}, "dfa": {}, "vertex": {"0": {"x": 0.0, "y": 0.0, "z": 0.0}, "1": {"x": 0.0, "y": 1.0, "z": 0.0}, "2": {"x": 0.0, "y": 2.0, "z": 0.0}, "3": {"x": 0.0, "y": 3.0, "z": 0.0}, "4": {"x": 0.0, "y": 4.0, "z": 0.0}, "5": {"x": 0.0, "y": 5.0, "z": 0.0}, "6": {"x": 0.0, "y": 6.0, "z": 0.0}, "7": {"x": 0.0, "y": 7.0, "z": 0.0}, "8": {"x": 0.0, "y": 8.0, "z": 0.0}, "9": {"x": 0.0, "y": 9.0, "z": 0.0}, "10": {"x": 0.0, "y": 10.0, "z": 0.0}, "11": {"x": 0.0, "y": 11.0, "z": 0.0}, "12": {"x": 0.0, "y": 12.0, "z": 0.0}, "13": {"x": 0.0, "y": 13.0, "z": 0.0}, "14": {"x": 0.0, "y": 14.0, "z": 0.0}, "15": {"x": 0.0, "y": 15.0, "z": 0.0}, "16": {"x": 1.0, "y": 0.0, "z": 0.0}, "17": {"x": 1.0, "y": 0.9999999999999998, "z": 0.02704556572293532}, "18": {"x": 0.9999999999999989, "y": 1.9999999999999991, "z": 0.19464645529922356}, "19": {"x": 0.9999999999999986, "y": 2.9999999999999987, "z": 0.20299540272195532}, "20": {"x": 0.9999999999999981, "y": 3.999999999999997, "z": 0.37064306550131226}, "21": {"x": 0.9999999999999984, "y": 5.000000000000001, "z": 0.3807930279344567}, "22": {"x": 0.9999999999999976, "y": 6.000000000000002, "z": 0.2860493595755376}, "23": {"x": 0.9999999999999974, "y": 6.999999999999998, "z": 0.6670875607436727}, "24": {"x": 0.9999999999999976, "y": 7.999999999999996, "z": 0.3964980967456915}, "25": {"x": 0.9999999999999983, "y": 8.999999999999996, "z": 0.8266974377683569}, "26": {"x": 0.9999999999999996, "y": 10.0, "z": 0.8525128571333959}, "27": {"x": 0.9999999999999997, "y": 11.0, "z": 0.5656278564155983}, "28": {"x": 1.0000000000000007, "y": 12.000000000000002, "z": 0.029831913216706963}, "29": {"x": 1.0000000000000009, "y": 13.000000000000002, "z": 0.22082844482268288}, "30": {"x": 1.0000000000000007, "y": 13.999999999999998, "z": 0.17101020359975294}, "31": {"x": 1.0, "y": 15.0, "z": 0.0}, "32": {"x": 2.0, "y": 0.0, "z": 0.0}, "33": {"x": 2.0, "y": 0.9999999999999998, "z": 0.050340778628601715}, "34": {"x": 1.9999999999999978, "y": 1.9999999999999984, "z": 0.32220254538817417}, "35": {"x": 1.9999999999999971, "y": 2.9999999999999982, "z": 0.3586056610410548}, "36": {"x": 1.9999999999999967, "y": 3.9999999999999956, "z": 0.6175139591092436}, "37": {"x": 1.9999999999999971, "y": 4.999999999999999, "z": 0.6445917984840305}, "38": {"x": 1.999999999999995, "y": 5.999999999999997, "z": 0.5146664904888406}, "39": {"x": 1.9999999999999947, "y": 6.999999999999995, "z": 1.0614928542204587}, "40": {"x": 1.9999999999999953, "y": 7.999999999999995, "z": 0.6859371335780157}, "41": {"x": 1.9999999999999967, "y": 8.999999999999995, "z": 1.2818151108664306}, "42": {"x": 1.999999999999999, "y": 10.000000000000002, "z": 1.2967725489665927}, "43": {"x": 1.9999999999999993, "y": 10.999999999999998, "z": 0.8601501151181369}, "44": {"x": 2.0000000000000013, "y": 12.000000000000005, "z": 0.056528170713264464}, "45": {"x": 2.0000000000000013, "y": 13.000000000000004, "z": 0.3376075029306584}, "46": {"x": 2.0000000000000013, "y": 14.000000000000002, "z": 0.26381773810553755}, "47": {"x": 2.0, "y": 15.0, "z": 0.0}, "48": {"x": 3.0, "y": 0.0, "z": 0.0}, "49": {"x": 2.999999999999999, "y": 0.9999999999999994, "z": 0.0699614525332533}, "50": {"x": 2.9999999999999964, "y": 1.9999999999999978, "z": 0.38029554931826837}, "51": {"x": 2.999999999999995, "y": 2.9999999999999964, "z": 0.4683560487398054}, "52": {"x": 2.9999999999999956, "y": 3.999999999999995, "z": 0.736235578613319}, "53": {"x": 2.999999999999995, "y": 4.999999999999997, "z": 0.7888827824004284}, "54": {"x": 2.999999999999991, "y": 5.999999999999992, "z": 0.6902134890466913}, "55": {"x": 2.9999999999999925, "y": 6.999999999999991, "z": 1.1070412312387234}, "56": {"x": 2.9999999999999933, "y": 7.999999999999991, "z": 0.8796366871314574}, "57": {"x": 2.9999999999999947, "y": 8.999999999999993, "z": 1.319783558468822}, "58": {"x": 2.9999999999999964, "y": 9.999999999999996, "z": 1.2980148818561785}, "59": {"x": 2.9999999999999987, "y": 10.999999999999998, "z": 0.8672139793068941}, "60": {"x": 3.0000000000000013, "y": 12.000000000000007, "z": 0.08036950587855184}, "61": {"x": 3.000000000000002, "y": 13.000000000000007, "z": 0.3443009624851029}, "62": {"x": 3.0000000000000027, "y": 14.000000000000009, "z": 0.276733701856927}, "63": {"x": 3.0, "y": 15.0, "z": 0.0}, "64": {"x": 4.0, "y": 0.0, "z": 0.0}, "65": {"x": 3.9999999999999987, "y": 0.9999999999999992, "z": 0.08527196791446728}, "66": {"x": 3.999999999999995, "y": 1.999999999999997, "z": 0.3812500996890417}, "67": {"x": 3.999999999999993, "y": 2.9999999999999956, "z": 0.5272155831366101}, "68": {"x": 3.999999999999993, "y": 3.9999999999999942, "z": 0.7485903724117388}, "69": {"x": 3.999999999999992, "y": 4.999999999999994, "z": 0.8278062817813912}, "70": {"x": 3.999999999999988, "y": 5.999999999999988, "z": 0.798884967393368}, "71": {"x": 3.9999999999999902, "y": 6.999999999999988, "z": 1.0057956467032343}, "72": {"x": 3.9999999999999902, "y": 7.999999999999988, "z": 0.9504593745533053}, "73": {"x": 3.999999999999994, "y": 8.999999999999993, "z": 1.1015680015078857}, "74": {"x": 3.999999999999996, "y": 9.999999999999996, "z": 1.011343216974417}, "75": {"x": 3.9999999999999982, "y": 11.0, "z": 0.6744608492419648}, "76": {"x": 4.000000000000002, "y": 12.000000000000012, "z": 0.09978238255314566}, "77": {"x": 4.000000000000003, "y": 13.00000000000001, "z": 0.2713672546603814}, "78": {"x": 4.0000000000000036, "y": 14.000000000000012, "z": 0.22387007389927074}, "79": {"x": 4.0, "y": 15.0, "z": 0.0}, "80": {"x": 5.0, "y": 0.0, "z": 0.0}, "81": {"x": 4.999999999999998, "y": 0.999999999999999, "z": 0.09450903761467903}, "82": {"x": 4.999999999999994, "y": 1.9999999999999964, "z": 0.3488749305341978}, "83": {"x": 4.999999999999991, "y": 2.9999999999999942, "z": 0.5317773441216326}, "84": {"x": 4.99999999999999, "y": 3.9999999999999916, "z": 0.6954147521253211}, "85": {"x": 4.9999999999999885, "y": 4.999999999999989, "z": 0.7912395702533102}, "86": {"x": 4.999999999999986, "y": 5.999999999999984, "z": 0.8277947536186872}, "87": {"x": 4.999999999999988, "y": 6.999999999999986, "z": 0.8957106317540018}, "88": {"x": 4.99999999999999, "y": 7.999999999999989, "z": 0.8967790183511601}, "89": {"x": 4.999999999999993, "y": 8.999999999999993, "z": 0.8326859341897139}, "90": {"x": 4.999999999999996, "y": 9.999999999999998, "z": 0.6846533851572879}, "91": {"x": 4.999999999999997, "y": 11.000000000000002, "z": 0.44561950953916124}, "92": {"x": 5.000000000000002, "y": 12.000000000000009, "z": 0.11148650728357871}, "93": {"x": 5.0000000000000036, "y": 13.000000000000014, "z": 0.1757742069316978}, "94": {"x": 5.0000000000000036, "y": 14.00000000000001, "z": 0.14187942222274136}, "95": {"x": 5.0, "y": 15.0, "z": 0.0}, "96": {"x": 6.0, "y": 0.0, "z": 0.0}, "97": {"x": 5.999999999999997, "y": 0.9999999999999988, "z": 0.09120129159557216}, "98": {"x": 5.999999999999996, "y": 1.9999999999999964, "z": 0.3321909014729862}, "99": {"x": 5.999999999999993, "y": 2.9999999999999947, "z": 0.5077717810527176}, "100": {"x": 5.99999999999999, "y": 3.999999999999993, "z": 0.6624970201409992}, "101": {"x": 5.99999999999999, "y": 4.999999999999991, "z": 0.7546950919467}, "102": {"x": 5.999999999999987, "y": 5.999999999999986, "z": 0.7919760012517237}, "103": {"x": 5.999999999999988, "y": 6.999999999999987, "z": 0.8539197073148435}, "104": {"x": 5.999999999999989, "y": 7.99999999999999, "z": 0.8500881231350825}, "105": {"x": 5.999999999999993, "y": 8.999999999999998, "z": 0.7859257173770239}, "106": {"x": 5.999999999999998, "y": 10.000000000000002, "z": 0.6436421592781344}, "107": {"x": 6.0, "y": 11.000000000000007, "z": 0.41837742383871446}, "108": {"x": 6.000000000000002, "y": 12.000000000000007, "z": 0.10751666074130763}, "109": {"x": 6.000000000000003, "y": 13.00000000000001, "z": 0.16358807012690593}, "110": {"x": 6.0000000000000036, "y": 14.000000000000007, "z": 0.13061915833503943}, "111": {"x": 6.0, "y": 15.0,