{"attributes": {"name": "Mesh"}, "dva": {"x": 0.0, "y": 0.0, "z": 0.0}, "dea": {}, "dfa": {}, "vertex": {"0": {"x": 0.0, "y": 0.0, "z": 0.0}, "1": {"x": 0.0, "y": 1.0, "z": 0.0}, "2": {"x": 0.0, "y": 2.0, "z": 0.0}, "3": {"x": 0.0, "y": 3.0, "z": 0.0}, "4": {"x": 0.0, "y": 4.0, "z": 0.0}, "5": {"x": 0.0, "y": 5.0, "z": 0.0}, "6": {"x": 0.0, "y": 6.0, "z": 0.0}, "7": {"x": 0.0, "y": 7.0, "z": 0.0}, "8": {"x": 0.0, "y": 8.0, "z": 0.0}, "9": {"x": 0.0, "y": 9.0, "z": 0.0}, "10": {"x": 0.0, "y": 10.0, "z": 0.0}, "11": {"x": 0.0, "y": 11.0, "z": 0.0}, "12": {"x": 0.0, "y": 12.0, "z": 0.0}, "13": {"x": 0.0, "y": 13.0, "z": 0.0}, "14": {"x": 0.0, "y": 14.0, "z": 0.0}, "15": {"x": 0.0, "y": 15.0, "z": 0.0}, "16": {"x": 1.0, "y": 0.0, "z": 0.0}, "17": {"x": 0.9999999999999998, "y": 0.9999999999999998, "z": 0.27517079047462234}, "18": {"x": 0.9999999999999998, "y": 1.9999999999999998, "z": 0.5023798531830612}, "19": {"x": 0.9999999999999996, "y": 2.9999999999999996, "z": 0.6591374606570001}, "20": {"x": 0.9999999999999996, "y": 3.9999999999999996, "z": 0.3328117553262306}, "21": {"x": 0.9999999999999994, "y": 5.000000000000001, "z": 0.2744519497012397}, "22": {"x": 0.9999999999999997, "y": 5.999999999999999, "z": 0.11152722700613694}, "23": {"x": 0.999999999999999, "y": 6.999999999999999, "z": 0.19514922551698538}, "24": {"x": 0.9999999999999991, "y": 7.999999999999999, "z": 0.4051470585403461}, "25": {"x": 0.9999999999999991, "y": 9.0, "z": 0.5149133552475319}, "26": {"x": 0.999999999999999, "y": 10.000000000000002, "z": 0.44306770267818196}, "27": {"x": 0.9999999999999991, "y": 10.999999999999996, "z": 0.533305086509539}, "28": {"x": 0.9999999999999997, "y": 11.999999999999998, "z": 0.3260817922807645}, "29": {"x": 0.9999999999999999, "y": 13.000000000000002, "z": 0.31213901984632103}, "30": {"x": 1.0000000000000002, "y": 14.0, "z": 0.19114169960487506}, "31": {"x": 1.0, "y": 15.0, "z": 0.0}, "32": {"x": 2.0, "y": 0.0, "z": 0.0}, "33": {"x": 1.9999999999999998, "y": 0.9999999999999996, "z": 0.3253579668036144}, "34": {"x": 1.9999999999999998, "y": 1.9999999999999993, "z": 0.5277875372203891}, "35": {"x": 1.9999999999999991, "y": 2.9999999999999996, "z": 0.5839415058661688}, "36": {"x": 1.9999999999999993, "y": 4.0, "z": 0.5098514162570537}, "37": {"x": 1.9999999999999996, "y": 5.000000000000001, "z": 0.40837846200334077}, "38": {"x": 1.9999999999999996, "y": 6.000000000000001, "z": 0.21318187684608353}, "39": {"x": 1.9999999999999982, "y": 6.9999999999999964, "z": 0.35297880391965647}, "40": {"x": 1.9999999999999978, "y": 7.999999999999996, "z": 0.5837200649404954}, "41": {"x": 1.9999999999999976, "y": 8.999999999999995, "z": 0.706456898901643}, "42": {"x": 1.9999999999999978, "y": 9.999999999999996, "z": 0.7116617836579692}, "43": {"x": 1.9999999999999984, "y": 10.999999999999996, "z": 0.6974041844125431}, "44": {"x": 1.9999999999999991, "y": 11.999999999999996, "z": 0.5566138969547513}, "45": {"x": 1.9999999999999993, "y": 13.0, "z": 0.46438886287559494}, "46": {"x": 2.0000000000000004, "y": 14.000000000000004, "z": 0.2785403927222306}, "47": {"x": 2.0, "y": 15.0, "z": 0.0}, "48": {"x": 3.0, "y": 0.0, "z": 0.0}, "49": {"x": 3.000000000000001, "y": 0.9999999999999999, "z": 0.4013283110069237}, "50": {"x": 3.0, "y": 1.9999999999999993, "z": 0.72198477642516}, "51": {"x": 2.9999999999999996, "y": 3.0, "z": 0.9679362825261495}, "52": {"x": 2.9999999999999987, "y": 4.0, "z": 0.603162830721363}, "53": {"x": 2.9999999999999982, "y": 4.999999999999999, "z": 0.5162237539940915}, "54": {"x": 2.9999999999999987, "y": 6.0, "z": 0.28590001057736353}, "55": {"x": 2.999999999999997, "y": 6.999999999999995, "z": 0.45375743312937405}, "56": {"x": 2.999999999999997, "y": 7.999999999999995, "z": 0.7548370296172374}, "57": {"x": 2.999999999999997, "y": 8.999999999999995, "z": 0.9236837949305963}, "58": {"x": 2.9999999999999973, "y": 9.999999999999993, "z": 0.8644891777627772}, "59": {"x": 2.9999999999999982, "y": 10.999999999999993, "z": 0.954032744923077}, "60": {"x": 2.999999999999999, "y": 11.999999999999996, "z": 0.680695091968907}, "61": {"x": 2.9999999999999996, "y": 12.999999999999996, "z": 0.5866598344130353}, "62": {"x": 3.0000000000000004, "y": 14.000000000000002, "z": 0.34671906301289557}, "63": {"x": 3.0, "y": 15.0, "z": 0.0}, "64": {"x": 4.0, "y": 0.0, "z": 0.0}, "65": {"x": 4.000000000000001, "y": 0.9999999999999999, "z": 0.25687582521926877}, "66": {"x": 4.000000000000001, "y": 1.9999999999999996, "z": 0.4276716578869457}, "67": {"x": 3.9999999999999996, "y": 2.9999999999999996, "z": 0.5174392662367915}, "68": {"x": 3.9999999999999973, "y": 3.9999999999999982, "z": 0.5506338371898716}, "69": {"x": 3.999999999999998, "y": 4.999999999999998, "z": 0.4842870043224485}, "70": {"x": 3.999999999999997, "y": 5.999999999999997, "z": 0.3481824411611492}, "71": {"x": 3.999999999999997, "y": 6.999999999999997, "z": 0.5184615542393953}, "72": {"x": 3.9999999999999973, "y": 7.999999999999994, "z": 0.6989571769796642}, "73": {"x": 3.999999999999997, "y": 8.999999999999991, "z": 0.8104869377556941}, "74": {"x": 3.9999999999999973, "y": 9.999999999999993, "z": 0.853480718201742}, "75": {"x": 3.9999999999999982, "y": 10.999999999999995, "z": 0.8161555538527967}, "76": {"x": 3.999999999999999, "y": 11.999999999999996, "z": 0.7157603466257972}, "77": {"x": 3.999999999999999, "y": 12.999999999999996, "z": 0.5497200827266283}, "78": {"x": 3.9999999999999996, "y": 13.999999999999998, "z": 0.31288330757189087}, "79": {"x": 4.0, "y": 15.0, "z": 0.0}, "80": {"x": 5.0, "y": 0.0, "z": 0.0}, "81": {"x": 5.000000000000001, "y": 0.9999999999999997, "z": 0.31604996750198383}, "82": {"x": 4.999999999999999, "y": 1.999999999999999, "z": 0.5237469632386733}, "83": {"x": 4.999999999999999, "y": 2.999999999999999, "z": 0.6249387148963973}, "84": {"x": 4.999999999999998, "y": 3.9999999999999982, "z": 0.623404566620965}, "85": {"x": 4.9999999999999964, "y": 4.999999999999997, "z": 0.534195502156072}, "86": {"x": 4.999999999999997, "y": 5.999999999999998, "z": 0.356058017117041}, "87": {"x": 4.9999999999999964, "y": 6.9999999999999964, "z": 0.5449420551446873}, "88": {"x": 4.999999999999998, "y": 7.999999999999999, "z": 0.7695160708715871}, "89": {"x": 4.999999999999998, "y": 8.999999999999998, "z": 0.9039374492711778}, "90": {"x": 4.999999999999999, "y": 9.999999999999998, "z": 0.943078215832705}, "91": {"x": 4.999999999999999, "y": 10.999999999999996, "z": 0.9103598071281173}, "92": {"x": 4.999999999999999, "y": 11.999999999999993, "z": 0.7806895336062152}, "93": {"x": 4.999999999999999, "y": 12.999999999999996, "z": 0.6105470792474166}, "94": {"x": 4.999999999999999, "y": 14.0, "z": 0.3515686687009328}, "95": {"x": 5.0, "y": 15.0, "z": 0.0}, "96": {"x": 6.0, "y": 0.0, "z": 0.0}, "97": {"x": 6.000000000000002, "y": 0.9999999999999998, "z": 0.38890689153297014}, "98": {"x": 6.000000000000001, "y": 1.999999999999999, "z": 0.6403162044676898}, "99": {"x": 5.999999999999998, "y": 2.9999999999999982, "z": 0.7366448951513914}, "100": {"x": 5.999999999999997, "y": 3.999999999999998, "z": 0.6800453441461962}, "101": {"x": 5.9999999999999964, "y": 4.999999999999997, "z": 0.561946016756004}, "102": {"x": 5.9999999999999964, "y": 5.999999999999998, "z": 0.330935684244824}, "103": {"x": 5.999999999999997, "y": 6.999999999999997, "z": 0.5291330726753058}, "104": {"x": 5.999999999999998, "y": 7.999999999999998, "z": 0.8078051551478459}, "105": {"x": 5.999999999999999, "y": 8.999999999999998, "z": 0.9658261676404934}, "106": {"x": 6.0, "y": 10.0, "z": 0.9906584445295792}, "107": {"x": 6.0, "y": 10.999999999999998, "z": 0.9680845150493129}, "108": {"x": 5.999999999999999, "y": 11.999999999999995, "z": 0.8007745548947625}, "109": {"x": 5.999999999999999, "y": 13.0, "z": 0.6458789467834297}, "110": {"x": 6.0, "y": 14.000000000000002, "z": 0.3789792491929751}, "111": {"x": 6.0, "y": 15.0, "z": 0.0}, "112": {"x": 7.0, "y": 0.0, "z": 0.0}, "113": {"x": 7.0, "y": 0.9999999999999999, "z": 0.4818349504636461},