{"attributes": {"name": "Mesh"}, "dva": {"x": 0.0, "y": 0.0, "z": 0.0}, "dea": {}, "dfa": {}, "vertex": {"0": {"x": 0.0, "y": 0.0, "z": 0.0}, "1": {"x": 0.0, "y": 1.0, "z": 0.0}, "2": {"x": 0.0, "y": 2.0, "z": 0.0}, "3": {"x": 0.0, "y": 3.0, "z": 0.0}, "4": {"x": 0.0, "y": 4.0, "z": 0.0}, "5": {"x": 0.0, "y": 5.0, "z": 0.0}, "6": {"x": 0.0, "y": 6.0, "z": 0.0}, "7": {"x": 0.0, "y": 7.0, "z": 0.0}, "8": {"x": 0.0, "y": 8.0, "z": 0.0}, "9": {"x": 0.0, "y": 9.0, "z": 0.0}, "10": {"x": 0.0, "y": 10.0, "z": 0.0}, "11": {"x": 0.0, "y": 11.0, "z": 0.0}, "12": {"x": 0.0, "y": 12.0, "z": 0.0}, "13": {"x": 0.0, "y": 13.0, "z": 0.0}, "14": {"x": 0.0, "y": 14.0, "z": 0.0}, "15": {"x": 0.0, "y": 15.0, "z": 0.0}, "16": {"x": 1.0, "y": 0.0, "z": 0.0}, "17": {"x": 1.0, "y": 1.0, "z": 0.46498511658868946}, "18": {"x": 0.9999999999999999, "y": 1.9999999999999998, "z": 1.070120391185716}, "19": {"x": 0.9999999999999998, "y": 3.0, "z": 1.2173029428211515}, "20": {"x": 0.9999999999999993, "y": 3.999999999999999, "z": 0.9236261486190407}, "21": {"x": 0.999999999999999, "y": 4.999999999999998, "z": 0.5090253419762438}, "22": {"x": 0.999999999999999, "y": 5.999999999999999, "z": 0.7564774173031145}, "23": {"x": 0.9999999999999996, "y": 6.999999999999999, "z": 0.6401287324113011}, "24": {"x": 0.9999999999999993, "y": 7.999999999999997, "z": 0.8389249220700654}, "25": {"x": 0.9999999999999994, "y": 9.0, "z": 0.881672161372508}, "26": {"x": 0.9999999999999997, "y": 10.000000000000002, "z": 0.7455305474453181}, "27": {"x": 0.9999999999999992, "y": 10.999999999999996, "z": 0.6542351907287839}, "28": {"x": 0.9999999999999992, "y": 11.999999999999995, "z": 0.402656055147024}, "29": {"x": 0.9999999999999997, "y": 12.999999999999998, "z": 0.4592775756239836}, "30": {"x": 0.9999999999999999, "y": 14.0, "z": 0.514014345096483}, "31": {"x": 1.0, "y": 15.0, "z": 0.0}, "32": {"x": 2.0, "y": 0.0, "z": 0.0}, "33": {"x": 2.0, "y": 0.9999999999999998, "z": 0.6072435033073774}, "34": {"x": 1.9999999999999993, "y": 1.9999999999999996, "z": 1.3053850075511293}, "35": {"x": 1.9999999999999991, "y": 2.999999999999999, "z": 1.531376602325822}, "36": {"x": 1.9999999999999987, "y": 3.9999999999999987, "z": 1.3015096430121003}, "37": {"x": 1.9999999999999984, "y": 4.9999999999999964, "z": 0.9196270136831297}, "38": {"x": 1.9999999999999982, "y": 5.999999999999997, "z": 1.2100889281582465}, "39": {"x": 1.9999999999999991, "y": 6.9999999999999964, "z": 1.123167618227843}, "40": {"x": 1.9999999999999984, "y": 7.999999999999995, "z": 1.3374380332665676}, "41": {"x": 1.9999999999999987, "y": 8.999999999999996, "z": 1.3731220719953887}, "42": {"x": 1.9999999999999991, "y": 10.0, "z": 1.2064559253397071}, "43": {"x": 1.9999999999999982, "y": 10.999999999999996, "z": 1.0552789375568474}, "44": {"x": 1.999999999999999, "y": 11.999999999999995, "z": 0.7223446785727388}, "45": {"x": 1.9999999999999991, "y": 13.0, "z": 0.696961179360565}, "46": {"x": 1.9999999999999998, "y": 14.000000000000002, "z": 0.636366481802229}, "47": {"x": 2.0, "y": 15.0, "z": 0.0}, "48": {"x": 3.0, "y": 0.0, "z": 0.0}, "49": {"x": 2.9999999999999987, "y": 0.9999999999999993, "z": 0.44647602298484884}, "50": {"x": 2.9999999999999987, "y": 1.999999999999999, "z": 0.7625825951261094}, "51": {"x": 2.9999999999999982, "y": 2.9999999999999982, "z": 1.0022178115174827}, "52": {"x": 2.999999999999998, "y": 3.9999999999999973, "z": 1.1647421407537426}, "53": {"x": 2.999999999999998, "y": 4.9999999999999964, "z": 1.2310426697995895}, "54": {"x": 2.999999999999997, "y": 5.999999999999994, "z": 1.3744169967522317}, "55": {"x": 2.9999999999999982, "y": 6.999999999999995, "z": 1.4513491613826575}, "56": {"x": 2.999999999999998, "y": 7.999999999999993, "z": 1.510564284225228}, "57": {"x": 2.9999999999999973, "y": 8.99999999999999, "z": 1.4931187975925384}, "58": {"x": 2.9999999999999973, "y": 9.999999999999991, "z": 1.3945189730182999}, "59": {"x": 2.9999999999999973, "y": 10.999999999999991, "z": 1.2138679866522022}, "60": {"x": 2.9999999999999982, "y": 11.999999999999993, "z": 0.9591211805994235}, "61": {"x": 2.999999999999999, "y": 13.0, "z": 0.7241596269903117}, "62": {"x": 2.9999999999999996, "y": 14.0, "z": 0.3951390888168802}, "63": {"x": 3.0, "y": 15.0, "z": 0.0}, "64": {"x": 4.0, "y": 0.0, "z": 0.0}, "65": {"x": 3.9999999999999973, "y": 0.9999999999999989, "z": 0.6187413498761599}, "66": {"x": 3.9999999999999973, "y": 1.999999999999998, "z": 1.0707958805292304}, "67": {"x": 3.999999999999997, "y": 2.999999999999998, "z": 1.353493163177686}, "68": {"x": 3.9999999999999973, "y": 3.9999999999999973, "z": 1.4678816740184737}, "69": {"x": 3.999999999999997, "y": 4.999999999999997, "z": 1.4274201523905072}, "70": {"x": 3.999999999999997, "y": 5.999999999999996, "z": 1.6361632653850497}, "71": {"x": 3.9999999999999982, "y": 6.9999999999999964, "z": 1.7054633947604583}, "72": {"x": 3.999999999999998, "y": 7.999999999999995, "z": 1.826977430049777}, "73": {"x": 3.9999999999999996, "y": 8.999999999999996, "z": 1.8264020989186103}, "74": {"x": 4.0, "y": 9.999999999999996, "z": 1.69335069827278}, "75": {"x": 3.9999999999999996, "y": 10.999999999999998, "z": 1.465174665612638}, "76": {"x": 3.9999999999999996, "y": 11.999999999999993, "z": 1.1197958043479102}, "77": {"x": 3.999999999999999, "y": 12.999999999999996, "z": 0.889695293227727}, "78": {"x": 4.0, "y": 14.0, "z": 0.5286983587635044}, "79": {"x": 4.0, "y": 15.0, "z": 0.0}, "80": {"x": 5.0, "y": 0.0, "z": 0.0}, "81": {"x": 4.999999999999997, "y": 0.999999999999999, "z": 0.7910389208577482}, "82": {"x": 4.9999999999999964, "y": 1.9999999999999982, "z": 1.4220584673395178}, "83": {"x": 4.999999999999995, "y": 2.999999999999997, "z": 1.731042197093924}, "84": {"x": 4.999999999999995, "y": 3.9999999999999964, "z": 1.7237546704915512}, "85": {"x": 4.9999999999999964, "y": 4.999999999999997, "z": 1.500576508673521}, "86": {"x": 4.9999999999999964, "y": 5.999999999999995, "z": 1.7890148018277385}, "87": {"x": 4.999999999999998, "y": 6.999999999999997, "z": 1.8194940616866893}, "88": {"x": 5.0, "y": 8.0, "z": 2.024517775217846}, "89": {"x": 5.000000000000001, "y": 9.0, "z": 2.050275489358269}, "90": {"x": 5.000000000000002, "y": 10.0, "z": 1.8777151680834927}, "91": {"x": 5.000000000000002, "y": 11.0, "z": 1.617553668448912}, "92": {"x": 5.000000000000002, "y": 12.0, "z": 1.184489145777687}, "93": {"x": 5.000000000000001, "y": 12.999999999999998, "z": 1.0075373017016398}, "94": {"x": 5.0, "y": 13.999999999999998, "z": 0.678813750831966}, "95": {"x": 5.0, "y": 15.0, "z": 0.0}, "96": {"x": 6.0, "y": 0.0, "z": 0.0}, "97": {"x": 5.999999999999996, "y": 0.9999999999999988, "z": 0.808683387235855}, "98": {"x": 5.999999999999996, "y": 1.9999999999999976, "z": 1.3609051045746825}, "99": {"x": 5.999999999999994, "y": 2.9999999999999964, "z": 1.6558233588409508}, "100": {"x": 5.999999999999995, "y": 3.999999999999998, "z": 1.6907696119253637}, "101": {"x": 5.999999999999997, "y": 4.999999999999997, "z": 1.4580294973366752}, "102": {"x": 5.999999999999998, "y": 5.999999999999998, "z": 1.7266279798704818}, "103": {"x": 5.999999999999999, "y": 6.999999999999999, "z": 1.777985614918036}, "104": {"x": 6.000000000000002, "y": 8.000000000000002, "z": 1.986757341897327}, "105": {"x": 6.000000000000004, "y": 9.000000000000002, "z": 2.018460796045875}, "106": {"x": 6.000000000000004, "y": 10.000000000000005, "z": 1.8567337960794006}, "107": {"x": 6.000000000000004, "y": 11.000000000000007, "z": 1.5878894831089163}, "108": {"x": 6.0000000000000036, "y": 12.000000000000004, "z": 1.1543004570620827}, "109": {"x": 6.000000000000003, "y": 13.000000000000002, "z": 0.9916905835829455}, "110": {"x": 6.000000000000001, "y": 14.000000000000002, "z": 0.6128938759698079}, "111": {"x": 6.0, "y": 15.0, "z": 0.0}, "112": {"x": 7.0, "y": 0.0, "z": 0.0}, "113": {"x": 6.9999999999999964, "y": 0.9999999999999989, "z": 0.9443536917928371}, "114": {"x": 6.999999999999997, "y": 1.999999999999998, "z": 2.4926370212315634},