{"attributes": {"name": "Mesh"}, "dva": {"x": 0.0, "y": 0.0, "z": 0.0}, "dea": {}, "dfa": {}, "vertex": {"0": {"x": 0.0, "y": 0.0, "z": 0.0}, "1": {"x": 0.0, "y": 1.0, "z": 0.0}, "2": {"x": 0.0, "y": 2.0, "z": 0.0}, "3": {"x": 0.0, "y": 3.0, "z": 0.0}, "4": {"x": 0.0, "y": 4.0, "z": 0.0}, "5": {"x": 0.0, "y": 5.0, "z": 0.0}, "6": {"x": 0.0, "y": 6.0, "z": 0.0}, "7": {"x": 0.0, "y": 7.0, "z": 0.0}, "8": {"x": 0.0, "y": 8.0, "z": 0.0}, "9": {"x": 0.0, "y": 9.0, "z": 0.0}, "10": {"x": 0.0, "y": 10.0, "z": 0.0}, "11": {"x": 0.0, "y": 11.0, "z": 0.0}, "12": {"x": 0.0, "y": 12.0, "z": 0.0}, "13": {"x": 0.0, "y": 13.0, "z": 0.0}, "14": {"x": 0.0, "y": 14.0, "z": 0.0}, "15": {"x": 0.0, "y": 15.0, "z": 0.0}, "16": {"x": 1.0, "y": 0.0, "z": 0.0}, "17": {"x": 1.0000000000000002, "y": 1.0000000000000002, "z": 0.25597210043697405}, "18": {"x": 1.0, "y": 2.0, "z": 0.3904473123372984}, "19": {"x": 1.0, "y": 3.0000000000000004, "z": 0.4044269471089714}, "20": {"x": 1.0000000000000004, "y": 4.000000000000001, "z": 0.29194567823957424}, "21": {"x": 1.000000000000001, "y": 5.000000000000002, "z": 0.6074640323809118}, "22": {"x": 1.0000000000000013, "y": 6.000000000000003, "z": 0.797763746533546}, "23": {"x": 1.0000000000000016, "y": 7.000000000000004, "z": 0.857322138345554}, "24": {"x": 1.0000000000000018, "y": 8.000000000000005, "z": 0.7924783345311361}, "25": {"x": 1.0000000000000018, "y": 9.000000000000005, "z": 0.6623871077782801}, "26": {"x": 1.0000000000000016, "y": 10.000000000000005, "z": 0.6566597334159222}, "27": {"x": 1.0000000000000013, "y": 11.000000000000004, "z": 0.6098965496358636}, "28": {"x": 1.0000000000000004, "y": 12.000000000000002, "z": 0.5822309780410687}, "29": {"x": 1.0, "y": 13.0, "z": 0.4525040883337591}, "30": {"x": 0.9999999999999994, "y": 13.999999999999998, "z": 0.19850365269776848}, "31": {"x": 1.0, "y": 15.0, "z": 0.0}, "32": {"x": 2.0, "y": 0.0, "z": 0.0}, "33": {"x": 2.0000000000000004, "y": 1.0000000000000002, "z": 0.5235589072081548}, "34": {"x": 2.0, "y": 2.0000000000000004, "z": 0.7925314699292982}, "35": {"x": 1.9999999999999998, "y": 3.0000000000000004, "z": 0.9298209527569186}, "36": {"x": 2.0000000000000004, "y": 4.000000000000001, "z": 0.5010393167711116}, "37": {"x": 2.000000000000002, "y": 5.0000000000000036, "z": 1.2682685780302012}, "38": {"x": 2.000000000000002, "y": 6.000000000000004, "z": 1.7657193666509603}, "39": {"x": 2.0000000000000027, "y": 7.000000000000006, "z": 1.9092281094322354}, "40": {"x": 2.0000000000000027, "y": 8.000000000000007, "z": 1.4683590751540125}, "41": {"x": 2.000000000000003, "y": 9.000000000000009, "z": 1.1405397065016225}, "42": {"x": 2.0000000000000036, "y": 10.00000000000001, "z": 1.1697492126602151}, "43": {"x": 2.000000000000003, "y": 11.00000000000001, "z": 1.0718925398942163}, "44": {"x": 2.0000000000000013, "y": 12.000000000000004, "z": 1.1188539060708766}, "45": {"x": 2.0000000000000004, "y": 13.000000000000002, "z": 0.9688831398985166}, "46": {"x": 1.9999999999999987, "y": 13.999999999999995, "z": 0.3464548352128989}, "47": {"x": 2.0, "y": 15.0, "z": 0.0}, "48": {"x": 3.0, "y": 0.0, "z": 0.0}, "49": {"x": 3.0000000000000004, "y": 1.0000000000000002, "z": 0.6181541109606417}, "50": {"x": 3.0, "y": 2.0000000000000004, "z": 0.9422136911895095}, "51": {"x": 2.9999999999999987, "y": 2.999999999999999, "z": 0.970988303291673}, "52": {"x": 3.0, "y": 4.0, "z": 0.6687111052470108}, "53": {"x": 3.000000000000003, "y": 5.000000000000004, "z": 1.464740311491571}, "54": {"x": 3.0000000000000027, "y": 6.000000000000004, "z": 1.9312547221942677}, "55": {"x": 3.0000000000000027, "y": 7.000000000000005, "z": 2.047600745030739}, "56": {"x": 3.0000000000000036, "y": 8.000000000000009, "z": 1.8436582494224725}, "57": {"x": 3.000000000000004, "y": 9.00000000000001, "z": 1.4941005288549776}, "58": {"x": 3.0000000000000058, "y": 10.000000000000016, "z": 1.492383014413434}, "59": {"x": 3.0000000000000036, "y": 11.000000000000012, "z": 1.3862161118909184}, "60": {"x": 3.0000000000000018, "y": 12.000000000000004, "z": 1.3589239384407412}, "61": {"x": 3.0000000000000004, "y": 13.0, "z": 1.0688308410876424}, "62": {"x": 2.9999999999999982, "y": 13.999999999999995, "z": 0.4496036193295059}, "63": {"x": 3.0, "y": 15.0, "z": 0.0}, "64": {"x": 4.0, "y": 0.0, "z": 0.0}, "65": {"x": 4.000000000000002, "y": 1.0000000000000007, "z": 0.7376837365904987}, "66": {"x": 4.0, "y": 2.0000000000000004, "z": 1.1236940251830956}, "67": {"x": 3.9999999999999996, "y": 3.0, "z": 1.3340813712272255}, "68": {"x": 4.000000000000001, "y": 4.000000000000001, "z": 0.7459873261099373}, "69": {"x": 4.000000000000002, "y": 5.000000000000003, "z": 1.8183323671409295}, "70": {"x": 4.000000000000003, "y": 6.0000000000000036, "z": 2.514298683735369}, "71": {"x": 4.000000000000004, "y": 7.000000000000007, "z": 2.722191898409954}, "72": {"x": 4.000000000000004, "y": 8.000000000000007, "z": 2.097905981983494}, "73": {"x": 4.000000000000004, "y": 9.000000000000009, "z": 1.642825726944126}, "74": {"x": 4.000000000000004, "y": 10.00000000000001, "z": 1.6798357506785713}, "75": {"x": 4.0000000000000036, "y": 11.000000000000009, "z": 1.5359961621071414}, "76": {"x": 4.000000000000003, "y": 12.000000000000007, "z": 1.5934714811481137}, "77": {"x": 4.000000000000001, "y": 13.000000000000002, "z": 1.3770034014046701}, "78": {"x": 3.9999999999999982, "y": 13.999999999999996, "z": 0.49681775356210056}, "79": {"x": 4.0, "y": 15.0, "z": 0.0}, "80": {"x": 5.0, "y": 0.0, "z": 0.0}, "81": {"x": 5.000000000000001, "y": 1.0000000000000002, "z": 0.6787297467048222}, "82": {"x": 5.000000000000001, "y": 2.000000000000001, "z": 1.0479053834467118}, "83": {"x": 5.0, "y": 3.0000000000000004, "z": 1.1623224969908637}, "84": {"x": 5.0, "y": 4.000000000000001, "z": 0.7836109321452928}, "85": {"x": 5.000000000000003, "y": 5.000000000000004, "z": 1.6934471183418982}, "86": {"x": 5.000000000000003, "y": 6.000000000000004, "z": 2.252082413862994}, "87": {"x": 5.0000000000000036, "y": 7.0000000000000036, "z": 2.3944746473245915}, "88": {"x": 5.000000000000007, "y": 8.000000000000009, "z": 2.0516459156004307}, "89": {"x": 5.000000000000006, "y": 9.000000000000012, "z": 1.6698560175594654}, "90": {"x": 5.000000000000004, "y": 10.000000000000007, "z": 1.6752078667724648}, "91": {"x": 5.0000000000000036, "y": 11.000000000000007, "z": 1.539619236995199}, "92": {"x": 5.000000000000003, "y": 12.000000000000004, "z": 1.5253361854129377}, "93": {"x": 5.000000000000001, "y": 13.000000000000002, "z": 1.2387654515655595}, "94": {"x": 4.999999999999998, "y": 13.999999999999998, "z": 0.5000139075994696}, "95": {"x": 5.0, "y": 15.0, "z": 0.0}, "96": {"x": 6.0, "y": 0.0, "z": 0.0}, "97": {"x": 6.000000000000002, "y": 1.0000000000000007, "z": 0.5180579280144187}, "98": {"x": 6.000000000000002, "y": 2.000000000000001, "z": 0.8173529583016644}, "99": {"x": 6.000000000000002, "y": 3.0000000000000018, "z": 0.8900519853954748}, "100": {"x": 6.000000000000001, "y": 4.000000000000001, "z": 0.7609073499562937}, "101": {"x": 6.000000000000001, "y": 5.0000000000000036, "z": 1.3408963162205845}, "102": {"x": 6.0000000000000036, "y": 6.000000000000004, "z": 1.6971404658060323}, "103": {"x": 6.000000000000006, "y": 7.000000000000007, "z": 1.8261955555013611}, "104": {"x": 6.000000000000007, "y": 8.00000000000001, "z": 1.758199765709103}, "105": {"x": 6.000000000000008, "y": 9.00000000000001, "z": 1.5434737947435881}, "106": {"x": 6.000000000000006, "y": 10.000000000000007, "z": 1.5070829602234148}, "107": {"x": 6.0000000000000036, "y": 11.000000000000005, "z": 1.38737590437651}, "108": {"x": 6.0000000000000036, "y": 12.000000000000004, "z": 1.2707397103433227}, "109": {"x": 6.000000000000002, "y": 13.000000000000002, "z": 0.9652732963687444}, "110": {"x": 5.999999999999999, "y": 14.0, "z": 0.4537183328099185}, "111": {"x": 6.0, "y": 15.0, "z": 0.0}, "112": {"x": 7.0, "y": 0.0, "z": 0.0}, "113": {"x": 7.000000000000001, "y": 1.0000000000000004, "z": 0.4530499815690403}, "114": {"x": 7.000000000000001,