{"attributes": {"name": "Mesh"}, "dva": {"x": 0.0, "y": 0.0, "z": 0.0}, "dea": {}, "dfa": {}, "vertex": {"0": {"x": 0.0, "y": 0.0, "z": 0.0}, "1": {"x": 0.0, "y": 1.0, "z": 0.0}, "2": {"x": 0.0, "y": 2.0, "z": 0.0}, "3": {"x": 0.0, "y": 3.0, "z": 0.0}, "4": {"x": 0.0, "y": 4.0, "z": 0.0}, "5": {"x": 0.0, "y": 5.0, "z": 0.0}, "6": {"x": 0.0, "y": 6.0, "z": 0.0}, "7": {"x": 0.0, "y": 7.0, "z": 0.0}, "8": {"x": 0.0, "y": 8.0, "z": 0.0}, "9": {"x": 0.0, "y": 9.0, "z": 0.0}, "10": {"x": 0.0, "y": 10.0, "z": 0.0}, "11": {"x": 0.0, "y": 11.0, "z": 0.0}, "12": {"x": 0.0, "y": 12.0, "z": 0.0}, "13": {"x": 0.0, "y": 13.0, "z": 0.0}, "14": {"x": 0.0, "y": 14.0, "z": 0.0}, "15": {"x": 0.0, "y": 15.0, "z": 0.0}, "16": {"x": 1.0, "y": 0.0, "z": 0.0}, "17": {"x": 0.9999999999999997, "y": 0.9999999999999992, "z": 0.13598548298177457}, "18": {"x": 0.9999999999999998, "y": 1.999999999999999, "z": 0.4223304131096139}, "19": {"x": 0.9999999999999999, "y": 2.999999999999998, "z": 0.4816866150317245}, "20": {"x": 0.9999999999999994, "y": 3.9999999999999964, "z": 0.35045527468251725}, "21": {"x": 0.999999999999999, "y": 4.999999999999996, "z": 0.3294260489108998}, "22": {"x": 0.9999999999999986, "y": 5.999999999999994, "z": 0.4914377501340676}, "23": {"x": 0.9999999999999983, "y": 6.999999999999995, "z": 0.8494149233936482}, "24": {"x": 0.9999999999999983, "y": 7.999999999999993, "z": 0.4455765737363655}, "25": {"x": 0.9999999999999981, "y": 8.999999999999991, "z": 0.31248582689100507}, "26": {"x": 0.9999999999999987, "y": 9.999999999999995, "z": 0.3692235843339836}, "27": {"x": 0.9999999999999987, "y": 10.999999999999995, "z": 0.18191097473400344}, "28": {"x": 0.9999999999999981, "y": 11.99999999999999, "z": 0.1641439375180285}, "29": {"x": 0.9999999999999988, "y": 12.999999999999993, "z": 0.2509736654822153}, "30": {"x": 0.9999999999999994, "y": 13.999999999999998, "z": 0.5491616392158954}, "31": {"x": 1.0, "y": 15.0, "z": 0.0}, "32": {"x": 2.0, "y": 0.0, "z": 0.0}, "33": {"x": 1.9999999999999993, "y": 0.9999999999999987, "z": 0.15784075208051856}, "34": {"x": 2.0, "y": 1.9999999999999978, "z": 0.29148852365542555}, "35": {"x": 2.0, "y": 2.999999999999996, "z": 0.3920003345324413}, "36": {"x": 1.999999999999999, "y": 3.999999999999994, "z": 0.46032130804654725}, "37": {"x": 1.999999999999998, "y": 4.999999999999992, "z": 0.5072146717889879}, "38": {"x": 1.9999999999999973, "y": 5.999999999999991, "z": 0.5459329844482078}, "39": {"x": 1.9999999999999964, "y": 6.999999999999987, "z": 0.5557942259543561}, "40": {"x": 1.999999999999997, "y": 7.9999999999999885, "z": 0.5346907172182297}, "41": {"x": 1.999999999999997, "y": 8.99999999999999, "z": 0.48650239581640364}, "42": {"x": 1.9999999999999976, "y": 9.999999999999991, "z": 0.4272234640135743}, "43": {"x": 1.999999999999997, "y": 10.999999999999988, "z": 0.33791024419701826}, "44": {"x": 1.9999999999999964, "y": 11.999999999999986, "z": 0.28114262590446704}, "45": {"x": 1.9999999999999973, "y": 12.999999999999984, "z": 0.22109431658209844}, "46": {"x": 1.9999999999999982, "y": 13.999999999999988, "z": 0.1263558376642754}, "47": {"x": 2.0, "y": 15.0, "z": 0.0}, "48": {"x": 3.0, "y": 0.0, "z": 0.0}, "49": {"x": 2.9999999999999996, "y": 0.9999999999999977, "z": 0.1683208451363116}, "50": {"x": 2.9999999999999987, "y": 1.9999999999999951, "z": 0.3058110046329015}, "51": {"x": 2.9999999999999973, "y": 2.9999999999999925, "z": 0.42432290275777973}, "52": {"x": 2.999999999999996, "y": 3.999999999999989, "z": 0.5229572656569546}, "53": {"x": 2.999999999999995, "y": 4.999999999999988, "z": 0.5917277116415243}, "54": {"x": 2.9999999999999942, "y": 5.999999999999986, "z": 0.6234748339529674}, "55": {"x": 2.999999999999994, "y": 6.999999999999982, "z": 0.6300523855913583}, "56": {"x": 2.999999999999994, "y": 7.99999999999998, "z": 0.6224320800969722}, "57": {"x": 2.999999999999994, "y": 8.999999999999979, "z": 0.5887104716796039}, "58": {"x": 2.999999999999994, "y": 9.999999999999979, "z": 0.5247509949329568}, "59": {"x": 2.9999999999999947, "y": 10.999999999999979, "z": 0.44342558593573017}, "60": {"x": 2.9999999999999956, "y": 11.999999999999982, "z": 0.3596960856721425}, "61": {"x": 2.999999999999997, "y": 12.999999999999988, "z": 0.25784859983542496}, "62": {"x": 2.9999999999999987, "y": 13.999999999999993, "z": 0.13538452659832723}, "63": {"x": 3.0, "y": 15.0, "z": 0.0}, "64": {"x": 4.0, "y": 0.0, "z": 0.0}, "65": {"x": 3.9999999999999996, "y": 0.9999999999999979, "z": 0.35015561958091335}, "66": {"x": 3.999999999999999, "y": 1.999999999999996, "z": 0.7494614131600593}, "67": {"x": 3.999999999999997, "y": 2.9999999999999933, "z": 0.9379064636008175}, "68": {"x": 3.999999999999995, "y": 3.9999999999999893, "z": 0.938251401651295}, "69": {"x": 3.9999999999999956, "y": 4.999999999999989, "z": 0.9705268065853379}, "70": {"x": 3.9999999999999956, "y": 5.999999999999988, "z": 1.1506601347160736}, "71": {"x": 3.9999999999999942, "y": 6.999999999999984, "z": 1.3173488762332168}, "72": {"x": 3.9999999999999942, "y": 7.999999999999984, "z": 1.0838105883692903}, "73": {"x": 3.9999999999999956, "y": 8.999999999999984, "z": 0.8872040437881118}, "74": {"x": 3.999999999999995, "y": 9.999999999999984, "z": 0.8144019091690915}, "75": {"x": 3.9999999999999947, "y": 10.99999999999998, "z": 0.5307398795353278}, "76": {"x": 3.9999999999999956, "y": 11.999999999999984, "z": 0.46314443069762734}, "77": {"x": 3.999999999999997, "y": 12.999999999999988, "z": 0.4851269760724925}, "78": {"x": 3.999999999999998, "y": 13.999999999999988, "z": 0.46237127530972383}, "79": {"x": 4.0, "y": 15.0, "z": 0.0}, "80": {"x": 5.0, "y": 0.0, "z": 0.0}, "81": {"x": 4.999999999999998, "y": 0.9999999999999979, "z": 0.41997433492329084}, "82": {"x": 4.999999999999997, "y": 1.9999999999999956, "z": 0.7900210839435335}, "83": {"x": 4.999999999999996, "y": 2.999999999999993, "z": 1.0199484982650395}, "84": {"x": 4.999999999999995, "y": 3.999999999999991, "z": 1.1180189542219283}, "85": {"x": 4.999999999999996, "y": 4.999999999999991, "z": 1.1790280873966452}, "86": {"x": 4.9999999999999964, "y": 5.99999999999999, "z": 1.306496330679366}, "87": {"x": 4.999999999999997, "y": 6.999999999999991, "z": 1.3391138471137602}, "88": {"x": 4.999999999999997, "y": 7.999999999999991, "z": 1.2283751651882302}, "89": {"x": 4.999999999999997, "y": 8.99999999999999, "z": 1.0363481287840086}, "90": {"x": 4.9999999999999964, "y": 9.999999999999986, "z": 0.8737146531776615}, "91": {"x": 4.999999999999994, "y": 10.999999999999982, "z": 0.5857524526983133}, "92": {"x": 4.999999999999996, "y": 11.999999999999986, "z": 0.515534470186563}, "93": {"x": 4.999999999999997, "y": 12.99999999999999, "z": 0.49031667631151465}, "94": {"x": 4.999999999999999, "y": 13.999999999999993, "z": 0.32076923008923125}, "95": {"x": 5.0, "y": 15.0, "z": 0.0}, "96": {"x": 6.0, "y": 0.0, "z": 0.0}, "97": {"x": 5.999999999999998, "y": 0.9999999999999981, "z": 0.4237144912461009}, "98": {"x": 5.999999999999998, "y": 1.9999999999999964, "z": 0.8294809278793379}, "99": {"x": 5.9999999999999964, "y": 2.9999999999999947, "z": 1.0616444184945297}, "100": {"x": 5.999999999999995, "y": 3.9999999999999933, "z": 1.13424471230878}, "101": {"x": 5.999999999999996, "y": 4.999999999999992, "z": 1.191059880272015}, "102": {"x": 5.999999999999996, "y": 5.999999999999991, "z": 1.3388321185643035}, "103": {"x": 5.999999999999997, "y": 6.999999999999993, "z": 1.4179799201661982}, "104": {"x": 5.999999999999998, "y": 7.999999999999994, "z": 1.2482521940547775}, "105": {"x": 5.999999999999998, "y": 8.99999999999999, "z": 1.0388947446059826}, "106": {"x": 5.999999999999996, "y": 9.999999999999988, "z": 0.8922529837462821}, "107": {"x": 5.999999999999996, "y": 10.999999999999986, "z": 0.5821115188953422}, "108": {"x": 5.999999999999995, "y": 11.999999999999986, "z": 0.5101922104826461}, "109": {"x": 5.9999999999999964, "y": 12.999999999999993, "z": 0.5023788063624279}, "110": {"x": 5.999999999999998, "y": 13.999999999999998,