{"attributes": {"name": "Mesh"}, "dva": {"x": 0.0, "y": 0.0, "z": 0.0}, "dea": {}, "dfa": {}, "vertex": {"0": {"x": 0.0, "y": 0.0, "z": 0.0}, "1": {"x": 0.0, "y": 1.0, "z": 0.0}, "2": {"x": 0.0, "y": 2.0, "z": 0.0}, "3": {"x": 0.0, "y": 3.0, "z": 0.0}, "4": {"x": 0.0, "y": 4.0, "z": 0.0}, "5": {"x": 0.0, "y": 5.0, "z": 0.0}, "6": {"x": 0.0, "y": 6.0, "z": 0.0}, "7": {"x": 0.0, "y": 7.0, "z": 0.0}, "8": {"x": 0.0, "y": 8.0, "z": 0.0}, "9": {"x": 0.0, "y": 9.0, "z": 0.0}, "10": {"x": 0.0, "y": 10.0, "z": 0.0}, "11": {"x": 0.0, "y": 11.0, "z": 0.0}, "12": {"x": 0.0, "y": 12.0, "z": 0.0}, "13": {"x": 0.0, "y": 13.0, "z": 0.0}, "14": {"x": 0.0, "y": 14.0, "z": 0.0}, "15": {"x": 0.0, "y": 15.0, "z": 0.0}, "16": {"x": 1.0, "y": 0.0, "z": 0.0}, "17": {"x": 0.9999999999999998, "y": 0.9999999999999999, "z": 0.06328093703410877}, "18": {"x": 0.9999999999999994, "y": 1.9999999999999996, "z": 0.11716647258958589}, "19": {"x": 0.9999999999999997, "y": 3.0, "z": 0.16349026454740978}, "20": {"x": 1.0, "y": 4.000000000000001, "z": 0.19627870186384674}, "21": {"x": 1.0000000000000004, "y": 5.000000000000003, "z": 0.21595820906446442}, "22": {"x": 1.0000000000000007, "y": 6.000000000000004, "z": 0.2235972736023726}, "23": {"x": 1.0000000000000009, "y": 7.000000000000004, "z": 0.21869464473783756}, "24": {"x": 1.0000000000000009, "y": 8.000000000000005, "z": 0.2036527024777153}, "25": {"x": 1.0000000000000007, "y": 9.000000000000005, "z": 0.17965088503991528}, "26": {"x": 1.0000000000000007, "y": 10.000000000000007, "z": 0.17898236592970032}, "27": {"x": 1.0000000000000004, "y": 11.000000000000005, "z": 0.16615473848871554}, "28": {"x": 1.0000000000000004, "y": 12.000000000000005, "z": 0.1410723035557495}, "29": {"x": 1.0000000000000007, "y": 13.000000000000005, "z": 0.10229584936854452}, "30": {"x": 1.0000000000000004, "y": 14.000000000000004, "z": 0.05729370032825312}, "31": {"x": 1.0, "y": 15.0, "z": 0.0}, "32": {"x": 2.0, "y": 0.0, "z": 0.0}, "33": {"x": 2.0000000000000004, "y": 1.0, "z": 0.13176115451053994}, "34": {"x": 1.999999999999999, "y": 1.9999999999999991, "z": 0.23434917248352316}, "35": {"x": 1.9999999999999984, "y": 2.9999999999999996, "z": 0.6285967464866696}, "36": {"x": 1.9999999999999991, "y": 4.000000000000001, "z": 0.8827538197820803}, "37": {"x": 1.9999999999999998, "y": 5.000000000000002, "z": 0.9597862825521859}, "38": {"x": 2.0000000000000004, "y": 6.000000000000004, "z": 0.7993047680839068}, "39": {"x": 2.0000000000000018, "y": 7.000000000000006, "z": 0.44775873222539786}, "40": {"x": 2.0000000000000018, "y": 8.000000000000007, "z": 0.5726951619732795}, "41": {"x": 2.0000000000000013, "y": 9.000000000000007, "z": 0.30478516519830967}, "42": {"x": 2.0000000000000004, "y": 10.000000000000005, "z": 0.45955839274034005}, "43": {"x": 2.0000000000000004, "y": 11.000000000000004, "z": 0.5166739634221793}, "44": {"x": 2.000000000000001, "y": 12.000000000000007, "z": 0.390510713615483}, "45": {"x": 2.0000000000000018, "y": 13.000000000000005, "z": 0.20137939474032754}, "46": {"x": 2.0000000000000004, "y": 14.000000000000002, "z": 0.13602651524604234}, "47": {"x": 2.0, "y": 15.0, "z": 0.0}, "48": {"x": 3.0, "y": 0.0, "z": 0.0}, "49": {"x": 3.0000000000000004, "y": 1.0, "z": 0.1803083492074405}, "50": {"x": 2.9999999999999987, "y": 1.9999999999999993, "z": 0.3242687612487713}, "51": {"x": 2.999999999999998, "y": 3.0, "z": 0.8328284195087504}, "52": {"x": 2.999999999999998, "y": 4.000000000000001, "z": 1.168249186821605}, "53": {"x": 3.0, "y": 5.0000000000000036, "z": 1.2897534216277884}, "54": {"x": 3.000000000000001, "y": 6.000000000000005, "z": 1.0709563549003835}, "55": {"x": 3.0000000000000027, "y": 7.000000000000008, "z": 0.6140323485731285}, "56": {"x": 3.0000000000000018, "y": 8.000000000000007, "z": 0.8385415856256574}, "57": {"x": 3.0000000000000018, "y": 9.000000000000007, "z": 0.4039056152938608}, "58": {"x": 3.0000000000000013, "y": 10.000000000000009, "z": 0.610089374206885}, "59": {"x": 3.000000000000001, "y": 11.000000000000004, "z": 0.6930827723850373}, "60": {"x": 3.000000000000001, "y": 12.000000000000007, "z": 0.5255062110624209}, "61": {"x": 3.000000000000003, "y": 13.00000000000001, "z": 0.2771113147494264}, "62": {"x": 3.0000000000000013, "y": 14.0, "z": 0.18600772949516337}, "63": {"x": 3.0, "y": 15.0, "z": 0.0}, "64": {"x": 4.0, "y": 0.0, "z": 0.0}, "65": {"x": 4.000000000000001, "y": 1.0, "z": 0.20810377756566548}, "66": {"x": 3.9999999999999973, "y": 1.999999999999999, "z": 0.39322621940226654}, "67": {"x": 3.999999999999996, "y": 3.0, "z": 0.7055759661347715}, "68": {"x": 3.9999999999999982, "y": 4.000000000000001, "z": 0.8940361534477989}, "69": {"x": 3.9999999999999987, "y": 5.000000000000003, "z": 0.9576992061702273}, "70": {"x": 3.999999999999999, "y": 6.000000000000004, "z": 0.9045253842234666}, "71": {"x": 4.000000000000001, "y": 7.000000000000007, "z": 0.7345158154501061}, "72": {"x": 4.000000000000001, "y": 8.000000000000005, "z": 0.6549292586453638}, "73": {"x": 4.000000000000002, "y": 9.000000000000007, "z": 0.4832845347636303}, "74": {"x": 4.000000000000001, "y": 10.000000000000007, "z": 0.6093524840986222}, "75": {"x": 4.000000000000002, "y": 11.000000000000005, "z": 0.628877498273992}, "76": {"x": 4.000000000000002, "y": 12.000000000000007, "z": 0.5352502086750633}, "77": {"x": 4.0000000000000036, "y": 13.000000000000009, "z": 0.3324237190819216}, "78": {"x": 4.000000000000002, "y": 14.0, "z": 0.20423434915217073}, "79": {"x": 4.0, "y": 15.0, "z": 0.0}, "80": {"x": 5.0, "y": 0.0, "z": 0.0}, "81": {"x": 5.000000000000002, "y": 1.0000000000000002, "z": 0.22136834796636012}, "82": {"x": 4.999999999999997, "y": 1.9999999999999991, "z": 0.4166646840507303}, "83": {"x": 4.999999999999998, "y": 2.9999999999999996, "z": 0.8522159458827935}, "84": {"x": 4.999999999999997, "y": 4.0, "z": 1.1075299483703696}, "85": {"x": 4.999999999999997, "y": 5.0, "z": 1.1777442227437733}, "86": {"x": 4.999999999999998, "y": 6.000000000000002, "z": 1.0693456067300577}, "87": {"x": 4.999999999999999, "y": 7.000000000000003, "z": 0.786677485628157}, "88": {"x": 5.000000000000001, "y": 8.000000000000005, "z": 0.7178121033924049}, "89": {"x": 5.000000000000002, "y": 9.000000000000007, "z": 0.49425327635497235}, "90": {"x": 5.0, "y": 10.000000000000007, "z": 0.6883294648803188}, "91": {"x": 5.000000000000002, "y": 11.000000000000007, "z": 0.7335576211609878}, "92": {"x": 5.000000000000002, "y": 12.000000000000007, "z": 0.613679392943667}, "93": {"x": 5.000000000000003, "y": 13.000000000000009, "z": 0.35055639674173084}, "94": {"x": 5.000000000000001, "y": 14.000000000000004, "z": 0.2243455529702405}, "95": {"x": 5.0, "y": 15.0, "z": 0.0}, "96": {"x": 6.0, "y": 0.0, "z": 0.0}, "97": {"x": 6.000000000000001, "y": 1.0000000000000002, "z": 0.217053954744728}, "98": {"x": 5.9999999999999964, "y": 1.9999999999999987, "z": 0.39694725159965627}, "99": {"x": 5.999999999999999, "y": 3.0, "z": 1.08137078299283}, "100": {"x": 5.999999999999997, "y": 3.999999999999999, "z": 1.4873058531400485}, "101": {"x": 5.999999999999997, "y": 4.999999999999999, "z": 1.5805776927511515}, "102": {"x": 5.9999999999999964, "y": 6.000000000000001, "z": 1.32820271422078}, "103": {"x": 6.000000000000001, "y": 7.000000000000002, "z": 0.7648037470987382}, "104": {"x": 6.000000000000003, "y": 8.000000000000004, "z": 0.819966728060641}, "105": {"x": 6.000000000000002, "y": 9.000000000000007, "z": 0.4543015332123308}, "106": {"x": 6.0, "y": 10.000000000000005, "z": 0.768093815270611}, "107": {"x": 6.000000000000001, "y": 11.000000000000007, "z": 0.872154216747667}, "108": {"x": 6.0, "y": 12.000000000000005, "z": 0.6876955350650911}, "109": {"x": 6.000000000000002, "y": 13.000000000000005, "z": 0.3335446537822612}, "110": {"x": 6.000000000000001, "y": 14.000000000000002, "z": 0.2329151939538338}, "111": {"x": 6.0, "y": 15.0, "z": 0.0}, "112": {"x": 7.0, "y": 0.0, "z": 0.0}, "113": {"x": 7.000000000000002, "y": 1.0000000000000002, "z": 0.19318993976847296},