{"attributes": {"name": "Mesh"}, "dva": {"x": 0.0, "y": 0.0, "z": 0.0}, "dea": {}, "dfa": {}, "vertex": {"0": {"x": 0.0, "y": 0.0, "z": 0.0}, "1": {"x": 0.0, "y": 1.0, "z": 0.0}, "2": {"x": 0.0, "y": 2.0, "z": 0.0}, "3": {"x": 0.0, "y": 3.0, "z": 0.0}, "4": {"x": 0.0, "y": 4.0, "z": 0.0}, "5": {"x": 0.0, "y": 5.0, "z": 0.0}, "6": {"x": 0.0, "y": 6.0, "z": 0.0}, "7": {"x": 0.0, "y": 7.0, "z": 0.0}, "8": {"x": 0.0, "y": 8.0, "z": 0.0}, "9": {"x": 0.0, "y": 9.0, "z": 0.0}, "10": {"x": 0.0, "y": 10.0, "z": 0.0}, "11": {"x": 0.0, "y": 11.0, "z": 0.0}, "12": {"x": 0.0, "y": 12.0, "z": 0.0}, "13": {"x": 0.0, "y": 13.0, "z": 0.0}, "14": {"x": 0.0, "y": 14.0, "z": 0.0}, "15": {"x": 0.0, "y": 15.0, "z": 0.0}, "16": {"x": 1.0, "y": 0.0, "z": 0.0}, "17": {"x": 0.9999999999999999, "y": 1.0000000000000002, "z": 0.40515929759484653}, "18": {"x": 0.9999999999999996, "y": 1.9999999999999998, "z": 0.3416799584930313}, "19": {"x": 1.0000000000000002, "y": 3.0000000000000013, "z": 0.2687266360990534}, "20": {"x": 1.0000000000000004, "y": 4.000000000000001, "z": 0.4749158905982285}, "21": {"x": 1.0000000000000004, "y": 5.0, "z": 0.235288779228174}, "22": {"x": 0.9999999999999992, "y": 5.999999999999998, "z": 0.31276137976655277}, "23": {"x": 0.9999999999999994, "y": 7.000000000000001, "z": 0.2740584916602441}, "24": {"x": 0.9999999999999992, "y": 7.999999999999998, "z": 0.2339134448511871}, "25": {"x": 0.9999999999999994, "y": 8.999999999999996, "z": 0.2990122893225523}, "26": {"x": 0.9999999999999998, "y": 9.999999999999998, "z": 0.3389368447559614}, "27": {"x": 1.0000000000000004, "y": 11.000000000000002, "z": 0.2754403268035211}, "28": {"x": 1.0, "y": 11.999999999999998, "z": 0.31584122828735073}, "29": {"x": 1.0000000000000002, "y": 13.000000000000002, "z": 0.19899167589909036}, "30": {"x": 1.0000000000000002, "y": 13.999999999999998, "z": 0.1492904074665669}, "31": {"x": 1.0, "y": 15.0, "z": 0.0}, "32": {"x": 2.0, "y": 0.0, "z": 0.0}, "33": {"x": 1.9999999999999998, "y": 1.0000000000000004, "z": 0.2608115876971918}, "34": {"x": 1.9999999999999998, "y": 2.000000000000001, "z": 0.4176406486486122}, "35": {"x": 2.0, "y": 3.0000000000000013, "z": 0.4747764797819405}, "36": {"x": 2.0000000000000004, "y": 4.000000000000001, "z": 0.5056617210369695}, "37": {"x": 2.0000000000000004, "y": 5.000000000000002, "z": 0.44043850412730656}, "38": {"x": 1.9999999999999991, "y": 5.999999999999999, "z": 0.49128638174247524}, "39": {"x": 1.9999999999999991, "y": 7.000000000000002, "z": 0.4760838885106525}, "40": {"x": 1.9999999999999984, "y": 7.999999999999999, "z": 0.43736633412053805}, "41": {"x": 1.9999999999999993, "y": 8.999999999999998, "z": 0.5069386345889423}, "42": {"x": 1.9999999999999998, "y": 10.0, "z": 0.5354711565518774}, "43": {"x": 2.0000000000000004, "y": 11.000000000000002, "z": 0.49655586760502385}, "44": {"x": 2.0000000000000004, "y": 12.0, "z": 0.4643880423883964}, "45": {"x": 2.0000000000000004, "y": 13.0, "z": 0.351647505177462}, "46": {"x": 2.000000000000001, "y": 14.000000000000004, "z": 0.21835964219461435}, "47": {"x": 2.0, "y": 15.0, "z": 0.0}, "48": {"x": 3.0, "y": 0.0, "z": 0.0}, "49": {"x": 2.9999999999999996, "y": 1.0000000000000002, "z": 0.35964432015837117}, "50": {"x": 2.999999999999999, "y": 2.0000000000000004, "z": 0.575860976500849}, "51": {"x": 2.999999999999999, "y": 3.0000000000000004, "z": 0.6436370464238448}, "52": {"x": 2.999999999999999, "y": 4.000000000000001, "z": 0.675833425295219}, "53": {"x": 3.0000000000000004, "y": 5.000000000000002, "z": 0.5776169666523402}, "54": {"x": 2.9999999999999987, "y": 5.999999999999999, "z": 0.6511322422961888}, "55": {"x": 2.9999999999999982, "y": 7.0, "z": 0.6282811900603461}, "56": {"x": 2.9999999999999973, "y": 7.999999999999999, "z": 0.5698652499095064}, "57": {"x": 3.0000000000000004, "y": 9.000000000000002, "z": 0.6724417240285999}, "58": {"x": 3.0000000000000013, "y": 10.000000000000004, "z": 0.7150058414131237}, "59": {"x": 3.0000000000000013, "y": 11.000000000000005, "z": 0.6607532143432995}, "60": {"x": 3.000000000000001, "y": 12.000000000000002, "z": 0.6231600733650472}, "61": {"x": 3.0, "y": 13.000000000000002, "z": 0.4712946859024488}, "62": {"x": 3.0000000000000013, "y": 14.000000000000005, "z": 0.29714280210219807}, "63": {"x": 3.0, "y": 15.0, "z": 0.0}, "64": {"x": 4.0, "y": 0.0, "z": 0.0}, "65": {"x": 3.999999999999999, "y": 0.9999999999999997, "z": 0.6882332848022178}, "66": {"x": 3.9999999999999982, "y": 1.9999999999999996, "z": 0.8385161037351245}, "67": {"x": 3.9999999999999973, "y": 2.9999999999999996, "z": 0.7746853919939164}, "68": {"x": 3.999999999999999, "y": 4.0, "z": 0.9647359837913996}, "69": {"x": 4.0, "y": 5.000000000000002, "z": 0.6444928026739913}, "70": {"x": 3.9999999999999987, "y": 6.0, "z": 0.7974250254986195}, "71": {"x": 3.9999999999999973, "y": 6.999999999999998, "z": 0.7324367492102627}, "72": {"x": 3.9999999999999964, "y": 7.999999999999997, "z": 0.6288314511554524}, "73": {"x": 4.0, "y": 9.000000000000004, "z": 0.7977255807681738}, "74": {"x": 4.000000000000001, "y": 10.000000000000004, "z": 0.8808600787572607}, "75": {"x": 4.000000000000003, "y": 11.000000000000009, "z": 0.7644965646314579}, "76": {"x": 4.000000000000002, "y": 12.000000000000005, "z": 0.7946080707044972}, "77": {"x": 3.999999999999999, "y": 12.999999999999998, "z": 0.5551875571659889}, "78": {"x": 4.000000000000002, "y": 14.000000000000004, "z": 0.38867928359984466}, "79": {"x": 4.0, "y": 15.0, "z": 0.0}, "80": {"x": 5.0, "y": 0.0, "z": 0.0}, "81": {"x": 5.000000000000001, "y": 1.0, "z": 0.619130815714054}, "82": {"x": 4.999999999999999, "y": 1.9999999999999996, "z": 0.8773272704375563}, "83": {"x": 4.999999999999996, "y": 2.9999999999999987, "z": 0.8381926891864553}, "84": {"x": 4.999999999999998, "y": 4.0, "z": 0.9244227181202032}, "85": {"x": 5.0, "y": 5.000000000000001, "z": 0.6748735126900793}, "86": {"x": 4.999999999999997, "y": 5.999999999999998, "z": 0.8263059314146977}, "87": {"x": 4.9999999999999964, "y": 6.9999999999999964, "z": 0.7666076428700773}, "88": {"x": 4.999999999999995, "y": 7.999999999999994, "z": 0.6525046246870937}, "89": {"x": 4.999999999999998, "y": 9.0, "z": 0.8369698718725957}, "90": {"x": 5.0, "y": 10.000000000000002, "z": 0.9207326137437927}, "91": {"x": 5.000000000000003, "y": 11.000000000000005, "z": 0.8102082147810991}, "92": {"x": 5.000000000000002, "y": 12.000000000000002, "z": 0.8242158928810426}, "93": {"x": 4.999999999999999, "y": 12.999999999999998, "z": 0.5914110869615392}, "94": {"x": 5.000000000000002, "y": 14.000000000000004, "z": 0.4107681198912642}, "95": {"x": 5.0, "y": 15.0, "z": 0.0}, "96": {"x": 6.0, "y": 0.0, "z": 0.0}, "97": {"x": 6.0, "y": 1.0000000000000004, "z": 0.6954639921879647}, "98": {"x": 5.999999999999999, "y": 1.9999999999999993, "z": 0.9170697028504641}, "99": {"x": 5.999999999999997, "y": 2.999999999999999, "z": 0.8209564085421795}, "100": {"x": 5.999999999999998, "y": 4.0, "z": 0.9551787409706423}, "101": {"x": 6.000000000000001, "y": 5.000000000000001, "z": 0.6418653208469823}, "102": {"x": 5.9999999999999964, "y": 5.999999999999997, "z": 0.814845242528485}, "103": {"x": 5.999999999999995, "y": 6.999999999999994, "z": 0.7419400473428275}, "104": {"x": 5.999999999999994, "y": 7.999999999999994, "z": 0.6173450393727681}, "105": {"x": 5.999999999999997, "y": 8.999999999999998, "z": 0.815512641637779}, "106": {"x": 5.999999999999999, "y": 10.000000000000004, "z": 0.909600570999122}, "107": {"x": 6.0000000000000036, "y": 11.000000000000005, "z": 0.7816560343379872}, "108": {"x": 6.000000000000002, "y": 12.000000000000004, "z": 0.8241334276914781}, "109": {"x": 5.999999999999999, "y": 12.999999999999996, "z": 0.5744799859721792}, "110": {"x": 6.000000000000001, "y": 14.000000000000004, "z": 0.4142463220802536}, "111": {"x": 6.0, "y": 15.0, "z": 0.0}, "112": {"x": 7.0, "y": 0.0, "z": 0.0}, "113": {"x": 7.000000000000001, "y": 1.0, "z": 0.6974533539020399}, "114": {"x": 6.999999999999998, "y": 1.9999999999999991,