{"attributes": {"name": "Mesh"}, "dva": {"x": 0.0, "y": 0.0, "z": 0.0}, "dea": {}, "dfa": {}, "vertex": {"0": {"x": 0.0, "y": 0.0, "z": 0.0}, "1": {"x": 0.0, "y": 1.0, "z": 0.0}, "2": {"x": 0.0, "y": 2.0, "z": 0.0}, "3": {"x": 0.0, "y": 3.0, "z": 0.0}, "4": {"x": 0.0, "y": 4.0, "z": 0.0}, "5": {"x": 0.0, "y": 5.0, "z": 0.0}, "6": {"x": 0.0, "y": 6.0, "z": 0.0}, "7": {"x": 0.0, "y": 7.0, "z": 0.0}, "8": {"x": 0.0, "y": 8.0, "z": 0.0}, "9": {"x": 0.0, "y": 9.0, "z": 0.0}, "10": {"x": 0.0, "y": 10.0, "z": 0.0}, "11": {"x": 0.0, "y": 11.0, "z": 0.0}, "12": {"x": 0.0, "y": 12.0, "z": 0.0}, "13": {"x": 0.0, "y": 13.0, "z": 0.0}, "14": {"x": 0.0, "y": 14.0, "z": 0.0}, "15": {"x": 0.0, "y": 15.0, "z": 0.0}, "16": {"x": 1.0, "y": 0.0, "z": 0.0}, "17": {"x": 0.9999999999999997, "y": 0.9999999999999999, "z": 0.1520901604447866}, "18": {"x": 0.9999999999999998, "y": 2.0, "z": 0.23450951164587236}, "19": {"x": 0.9999999999999996, "y": 2.9999999999999987, "z": 0.36985834902737275}, "20": {"x": 0.9999999999999998, "y": 3.9999999999999987, "z": 0.37955620677105834}, "21": {"x": 1.0, "y": 4.999999999999999, "z": 0.19954311123057536}, "22": {"x": 1.0000000000000009, "y": 6.0000000000000036, "z": 0.3263601666075426}, "23": {"x": 1.0, "y": 7.0, "z": 0.2975907024418922}, "24": {"x": 1.0000000000000004, "y": 8.0, "z": 0.37535123017673416}, "25": {"x": 1.0000000000000002, "y": 8.999999999999998, "z": 0.30947516807134096}, "26": {"x": 0.9999999999999993, "y": 9.999999999999993, "z": 0.38647532374450944}, "27": {"x": 0.9999999999999994, "y": 10.999999999999996, "z": 0.5144670750336919}, "28": {"x": 0.9999999999999998, "y": 11.999999999999995, "z": 0.4680921207497353}, "29": {"x": 0.9999999999999999, "y": 13.0, "z": 0.263731230288651}, "30": {"x": 0.9999999999999998, "y": 13.999999999999998, "z": 0.21253217157925278}, "31": {"x": 1.0, "y": 15.0, "z": 0.0}, "32": {"x": 2.0, "y": 0.0, "z": 0.0}, "33": {"x": 1.9999999999999993, "y": 0.9999999999999997, "z": 0.2518863252801671}, "34": {"x": 1.9999999999999991, "y": 1.9999999999999996, "z": 0.40684728196363723}, "35": {"x": 1.9999999999999996, "y": 2.9999999999999987, "z": 0.5484406191707679}, "36": {"x": 1.9999999999999996, "y": 3.9999999999999973, "z": 0.5407694211190229}, "37": {"x": 2.0, "y": 4.999999999999998, "z": 0.36923425178451913}, "38": {"x": 2.0000000000000013, "y": 6.000000000000002, "z": 0.5194012909527032}, "39": {"x": 1.9999999999999998, "y": 6.999999999999999, "z": 0.5328069403919046}, "40": {"x": 2.000000000000001, "y": 8.0, "z": 0.6118680659207564}, "41": {"x": 2.000000000000001, "y": 8.999999999999998, "z": 0.5655575486678631}, "42": {"x": 1.999999999999999, "y": 9.999999999999991, "z": 0.6704466392006483}, "43": {"x": 1.9999999999999987, "y": 10.99999999999999, "z": 0.7588564111960785}, "44": {"x": 1.9999999999999993, "y": 11.999999999999991, "z": 0.6906483772703418}, "45": {"x": 2.0, "y": 12.999999999999998, "z": 0.4677018329576889}, "46": {"x": 1.9999999999999996, "y": 13.999999999999998, "z": 0.3118198105286696}, "47": {"x": 2.0, "y": 15.0, "z": 0.0}, "48": {"x": 3.0, "y": 0.0, "z": 0.0}, "49": {"x": 2.9999999999999982, "y": 0.9999999999999994, "z": 0.32347816133144963}, "50": {"x": 2.999999999999999, "y": 1.9999999999999993, "z": 0.5278068778122027}, "51": {"x": 3.0000000000000004, "y": 2.999999999999999, "z": 0.6842530255358098}, "52": {"x": 3.0, "y": 3.9999999999999982, "z": 0.672167335834804}, "53": {"x": 3.0000000000000004, "y": 4.999999999999998, "z": 0.4893081751582844}, "54": {"x": 3.000000000000001, "y": 6.0, "z": 0.6651158137030992}, "55": {"x": 3.0000000000000004, "y": 7.0, "z": 0.6991269744171736}, "56": {"x": 3.0000000000000013, "y": 7.999999999999998, "z": 0.7879162843616639}, "57": {"x": 3.0000000000000013, "y": 8.999999999999998, "z": 0.7468723416363269}, "58": {"x": 2.9999999999999987, "y": 9.99999999999999, "z": 0.8709877171186381}, "59": {"x": 2.999999999999999, "y": 10.999999999999993, "z": 0.9503458177169385}, "60": {"x": 2.9999999999999996, "y": 11.999999999999995, "z": 0.863834775096246}, "61": {"x": 3.0, "y": 12.999999999999998, "z": 0.6104618607113738}, "62": {"x": 2.9999999999999996, "y": 13.999999999999998, "z": 0.3892674597999591}, "63": {"x": 3.0, "y": 15.0, "z": 0.0}, "64": {"x": 4.0, "y": 0.0, "z": 0.0}, "65": {"x": 3.9999999999999982, "y": 0.9999999999999996, "z": 0.39124375727105704}, "66": {"x": 4.0, "y": 1.9999999999999998, "z": 0.6141595419364644}, "67": {"x": 4.0, "y": 2.999999999999999, "z": 0.9073156238258714}, "68": {"x": 4.000000000000001, "y": 4.0, "z": 0.9349332825247462}, "69": {"x": 4.000000000000002, "y": 4.999999999999999, "z": 0.5418412412451974}, "70": {"x": 4.000000000000001, "y": 6.000000000000001, "z": 0.8347579801287935}, "71": {"x": 4.0, "y": 6.999999999999998, "z": 0.7934279933385672}, "72": {"x": 4.000000000000001, "y": 7.999999999999998, "z": 0.9685669366025494}, "73": {"x": 4.000000000000003, "y": 9.000000000000002, "z": 0.8352324020437714}, "74": {"x": 3.9999999999999982, "y": 9.999999999999991, "z": 1.0119852124813724}, "75": {"x": 4.0, "y": 10.999999999999995, "z": 1.277932781059829}, "76": {"x": 4.0, "y": 11.999999999999998, "z": 1.1566544072623077}, "77": {"x": 4.000000000000001, "y": 13.000000000000002, "z": 0.6975149643049042}, "78": {"x": 3.999999999999999, "y": 13.999999999999993, "z": 0.5242396137374331}, "79": {"x": 4.0, "y": 15.0, "z": 0.0}, "80": {"x": 5.0, "y": 0.0, "z": 0.0}, "81": {"x": 4.999999999999997, "y": 0.9999999999999996, "z": 0.40090845334878034}, "82": {"x": 4.999999999999999, "y": 1.9999999999999996, "z": 0.64349331097967}, "83": {"x": 5.000000000000001, "y": 3.0, "z": 0.8902653977683196}, "84": {"x": 5.000000000000001, "y": 3.999999999999999, "z": 0.8768482339735099}, "85": {"x": 5.000000000000002, "y": 5.0, "z": 0.5721711586776084}, "86": {"x": 5.0, "y": 5.999999999999998, "z": 0.8249832280165769}, "87": {"x": 4.999999999999999, "y": 6.999999999999997, "z": 0.8333302274161705}, "88": {"x": 5.0, "y": 7.999999999999998, "z": 0.9678181127785191}, "89": {"x": 5.0000000000000036, "y": 9.000000000000002, "z": 0.8784901289411693}, "90": {"x": 4.999999999999999, "y": 9.999999999999993, "z": 1.0579530035403992}, "91": {"x": 4.999999999999999, "y": 10.999999999999995, "z": 1.225612957020938}, "92": {"x": 4.999999999999998, "y": 11.999999999999996, "z": 1.1167875254988289}, "93": {"x": 5.000000000000001, "y": 13.000000000000002, "z": 0.7353592219141579}, "94": {"x": 4.999999999999998, "y": 13.999999999999993, "z": 0.5048316074417936}, "95": {"x": 5.0, "y": 15.0, "z": 0.0}, "96": {"x": 6.0, "y": 0.0, "z": 0.0}, "97": {"x": 5.999999999999997, "y": 0.9999999999999997, "z": 0.38905903050162316}, "98": {"x": 6.0, "y": 1.9999999999999998, "z": 0.616311951118667}, "99": {"x": 6.000000000000002, "y": 3.0000000000000004, "z": 0.8927566806859062}, "100": {"x": 6.0, "y": 4.0, "z": 0.8955049511144664}, "101": {"x": 6.000000000000004, "y": 5.0, "z": 0.5442292399666401}, "102": {"x": 6.000000000000001, "y": 5.999999999999999, "z": 0.8169353299556262}, "103": {"x": 6.000000000000002, "y": 6.999999999999999, "z": 0.7967378122059069}, "104": {"x": 6.000000000000002, "y": 8.0, "z": 0.9513237423798754}, "105": {"x": 6.0000000000000036, "y": 9.000000000000002, "z": 0.8365453390284299}, "106": {"x": 6.000000000000001, "y": 9.999999999999996, "z": 1.016443741690424}, "107": {"x": 5.999999999999999, "y": 10.999999999999995, "z": 1.2357385610424563}, "108": {"x": 5.999999999999998, "y": 11.999999999999993, "z": 1.1243442045955683}, "109": {"x": 6.000000000000001, "y": 12.999999999999998, "z": 0.7010939087417106}, "110": {"x": 6.0, "y": 13.999999999999995, "z": 0.5088020848792911}, "111": {"x": 6.0, "y": 15.0, "z": 0.0}, "112": {"x": 7.0, "y": 0.0, "z": 0.0}, "113": {"x": 6.999999999999998, "y": 0.9999999999999999, "z": 0.3302458349305509}, "114": {"x": 7.000000000000001, "y": 1.9999999999999998, "z": 0.5294757182895923}, "115": {"x": 7.0, "y": 3.0, "z": 0.7380598805922978}, "116": {"x": 7.000000000000002, "y": 4.000000000000001, "z": 0.7355087053466913},