{"attributes": {"name": "Mesh"}, "dva": {"x": 0.0, "y": 0.0, "z": 0.0}, "dea": {}, "dfa": {}, "vertex": {"0": {"x": 0.0, "y": 0.0, "z": 0.0}, "1": {"x": 0.0, "y": 1.0, "z": 0.0}, "2": {"x": 0.0, "y": 2.0, "z": 0.0}, "3": {"x": 0.0, "y": 3.0, "z": 0.0}, "4": {"x": 0.0, "y": 4.0, "z": 0.0}, "5": {"x": 0.0, "y": 5.0, "z": 0.0}, "6": {"x": 0.0, "y": 6.0, "z": 0.0}, "7": {"x": 0.0, "y": 7.0, "z": 0.0}, "8": {"x": 0.0, "y": 8.0, "z": 0.0}, "9": {"x": 0.0, "y": 9.0, "z": 0.0}, "10": {"x": 0.0, "y": 10.0, "z": 0.0}, "11": {"x": 0.0, "y": 11.0, "z": 0.0}, "12": {"x": 0.0, "y": 12.0, "z": 0.0}, "13": {"x": 0.0, "y": 13.0, "z": 0.0}, "14": {"x": 0.0, "y": 14.0, "z": 0.0}, "15": {"x": 0.0, "y": 15.0, "z": 0.0}, "16": {"x": 1.0, "y": 0.0, "z": 0.0}, "17": {"x": 1.0, "y": 1.0000000000000002, "z": 0.1528285124831672}, "18": {"x": 0.9999999999999998, "y": 2.0000000000000004, "z": 0.27620453182410837}, "19": {"x": 1.0000000000000002, "y": 3.0000000000000018, "z": 0.2564566327469834}, "20": {"x": 1.0000000000000002, "y": 4.000000000000001, "z": 0.24235074491944686}, "21": {"x": 1.0000000000000004, "y": 5.000000000000002, "z": 0.3555727777124595}, "22": {"x": 1.0000000000000009, "y": 6.000000000000005, "z": 0.34173133139685086}, "23": {"x": 1.0000000000000009, "y": 7.000000000000004, "z": 0.3474800764933734}, "24": {"x": 1.0000000000000004, "y": 8.000000000000004, "z": 0.3319225153922368}, "25": {"x": 1.0, "y": 9.000000000000002, "z": 0.24044854371838698}, "26": {"x": 0.9999999999999999, "y": 10.000000000000002, "z": 0.3329303133336337}, "27": {"x": 0.9999999999999994, "y": 11.0, "z": 0.4609878992452105}, "28": {"x": 0.9999999999999994, "y": 12.000000000000004, "z": 0.3722193117885043}, "29": {"x": 0.9999999999999994, "y": 13.0, "z": 0.26139316320769296}, "30": {"x": 0.9999999999999997, "y": 14.000000000000002, "z": 0.15761142308750117}, "31": {"x": 1.0, "y": 15.0, "z": 0.0}, "32": {"x": 2.0, "y": 0.0, "z": 0.0}, "33": {"x": 2.0, "y": 1.0000000000000007, "z": 0.21328801618223314}, "34": {"x": 1.9999999999999998, "y": 2.000000000000001, "z": 0.3554731492333495}, "35": {"x": 2.0, "y": 3.0000000000000018, "z": 0.419208273496968}, "36": {"x": 2.0000000000000004, "y": 4.000000000000003, "z": 0.44137628583603455}, "37": {"x": 2.000000000000001, "y": 5.000000000000005, "z": 0.5419127382372444}, "38": {"x": 2.000000000000002, "y": 6.00000000000001, "z": 0.5741173401254002}, "39": {"x": 2.0000000000000018, "y": 7.000000000000009, "z": 0.577107300087331}, "40": {"x": 2.0000000000000004, "y": 8.000000000000007, "z": 0.5398813450649581}, "41": {"x": 1.9999999999999996, "y": 9.000000000000004, "z": 0.4486413535690984}, "42": {"x": 1.999999999999999, "y": 10.000000000000002, "z": 0.5300947624248293}, "43": {"x": 1.999999999999998, "y": 10.999999999999998, "z": 0.5643602453143615}, "44": {"x": 1.9999999999999982, "y": 12.0, "z": 0.5200614766179429}, "45": {"x": 1.9999999999999984, "y": 13.0, "z": 0.40408778977137527}, "46": {"x": 1.9999999999999993, "y": 14.000000000000002, "z": 0.23440064173200673}, "47": {"x": 2.0, "y": 15.0, "z": 0.0}, "48": {"x": 3.0, "y": 0.0, "z": 0.0}, "49": {"x": 3.0000000000000004, "y": 1.0000000000000004, "z": 0.2668988369167766}, "50": {"x": 2.999999999999999, "y": 2.000000000000001, "z": 0.44603942962769993}, "51": {"x": 2.999999999999999, "y": 3.0000000000000013, "z": 0.5401730953053198}, "52": {"x": 3.0000000000000004, "y": 4.000000000000003, "z": 0.5789295305157851}, "53": {"x": 3.000000000000001, "y": 5.000000000000005, "z": 0.697691376683165}, "54": {"x": 3.000000000000002, "y": 6.000000000000009, "z": 0.7432666488828407}, "55": {"x": 3.0000000000000018, "y": 7.000000000000009, "z": 0.7467769216710011}, "56": {"x": 3.0, "y": 8.000000000000007, "z": 0.6993292128567643}, "57": {"x": 2.9999999999999987, "y": 9.000000000000002, "z": 0.5918271807409115}, "58": {"x": 2.999999999999997, "y": 9.999999999999996, "z": 0.6811187907046744}, "59": {"x": 2.9999999999999973, "y": 10.999999999999995, "z": 0.7092736608043172}, "60": {"x": 2.999999999999998, "y": 11.999999999999998, "z": 0.6535359567736134}, "61": {"x": 2.999999999999999, "y": 13.0, "z": 0.512578263077726}, "62": {"x": 2.9999999999999996, "y": 14.000000000000002, "z": 0.29631229047190727}, "63": {"x": 3.0, "y": 15.0, "z": 0.0}, "64": {"x": 4.0, "y": 0.0, "z": 0.0}, "65": {"x": 3.999999999999999, "y": 1.0000000000000002, "z": 0.3259557018021138}, "66": {"x": 3.9999999999999973, "y": 1.9999999999999998, "z": 0.544256424079057}, "67": {"x": 3.999999999999998, "y": 3.0000000000000004, "z": 0.6302898036061637}, "68": {"x": 4.0, "y": 4.000000000000002, "z": 0.6570868681809002}, "69": {"x": 4.0, "y": 5.0000000000000036, "z": 0.8173926484957381}, "70": {"x": 4.000000000000001, "y": 6.000000000000006, "z": 0.8616241620441965}, "71": {"x": 4.0, "y": 7.000000000000006, "z": 0.8671126739503867}, "72": {"x": 3.9999999999999982, "y": 8.000000000000005, "z": 0.8122190605851358}, "73": {"x": 3.999999999999998, "y": 9.000000000000002, "z": 0.6681170137842591}, "74": {"x": 3.999999999999997, "y": 9.999999999999996, "z": 0.7998568648474832}, "75": {"x": 3.9999999999999973, "y": 10.999999999999998, "z": 0.8631349290464834}, "76": {"x": 3.9999999999999973, "y": 11.999999999999996, "z": 0.7924988917128495}, "77": {"x": 3.999999999999998, "y": 12.999999999999996, "z": 0.6099034432732561}, "78": {"x": 4.0, "y": 14.000000000000002, "z": 0.35432821717655494}, "79": {"x": 4.0, "y": 15.0, "z": 0.0}, "80": {"x": 5.0, "y": 0.0, "z": 0.0}, "81": {"x": 4.999999999999999, "y": 1.0, "z": 0.38596286751293546}, "82": {"x": 4.999999999999997, "y": 1.9999999999999996, "z": 0.7339044045417367}, "83": {"x": 4.999999999999998, "y": 3.0000000000000004, "z": 0.6795182776705454}, "84": {"x": 5.000000000000001, "y": 4.000000000000003, "z": 0.6670125631168198}, "85": {"x": 5.0, "y": 5.000000000000003, "z": 0.9632261428075144}, "86": {"x": 5.000000000000001, "y": 6.000000000000004, "z": 0.9146704588359379}, "87": {"x": 4.999999999999998, "y": 7.0000000000000036, "z": 0.9323477817116467}, "88": {"x": 4.999999999999995, "y": 8.0, "z": 0.8978304188900053}, "89": {"x": 4.9999999999999964, "y": 8.999999999999998, "z": 0.6730433086688813}, "90": {"x": 4.999999999999996, "y": 9.999999999999995, "z": 0.8751803028511526}, "91": {"x": 4.999999999999996, "y": 10.999999999999995, "z": 1.3575891331132393}, "92": {"x": 4.999999999999996, "y": 11.99999999999999, "z": 0.9434907912868415}, "93": {"x": 4.999999999999999, "y": 12.999999999999996, "z": 0.6706124397627444}, "94": {"x": 5.000000000000001, "y": 14.0, "z": 0.40501666648600537}, "95": {"x": 5.0, "y": 15.0, "z": 0.0}, "96": {"x": 6.0, "y": 0.0, "z": 0.0}, "97": {"x": 6.0, "y": 1.0000000000000002, "z": 0.34486828952442905}, "98": {"x": 5.999999999999999, "y": 1.9999999999999998, "z": 0.6000753846091774}, "99": {"x": 5.999999999999998, "y": 3.0, "z": 0.6353485765975434}, "100": {"x": 6.000000000000002, "y": 4.000000000000003, "z": 0.6431270539514771}, "101": {"x": 6.000000000000001, "y": 5.0000000000000036, "z": 0.8510710367854691}, "102": {"x": 5.999999999999999, "y": 6.0000000000000036, "z": 0.8626052297232966}, "103": {"x": 5.9999999999999964, "y": 7.000000000000001, "z": 0.873084223712463}, "104": {"x": 5.999999999999994, "y": 7.999999999999997, "z": 0.8286669697406763}, "105": {"x": 5.9999999999999964, "y": 8.999999999999998, "z": 0.6548831052619363}, "106": {"x": 5.999999999999994, "y": 9.999999999999995, "z": 0.816551990729982}, "107": {"x": 5.999999999999995, "y": 10.999999999999993, "z": 0.9669635898909044}, "108": {"x": 5.9999999999999964, "y": 11.999999999999996, "z": 0.839220267500019}, "109": {"x": 5.999999999999998, "y": 12.999999999999995, "z": 0.6150627734298836}, "110": {"x": 6.000000000000001, "y": 13.999999999999998, "z": 0.3621034204822185}, "111": {"x": 6.0, "y": 15.0, "z": 0.0}, "112": {"x": 7.0, "y": 0.0, "z": 0.0}, "113": {"x": 6.999999999999999, "y": 1.0000000000000004, "z": 0.2356946837563125}, "114": {"x": 6.999999999999999, "y": 2.000000000000001, "z": 0.39948527386192667},