{"attributes": {"name": "Mesh"}, "dva": {"x": 0.0, "y": 0.0, "z": 0.0}, "dea": {}, "dfa": {}, "vertex": {"0": {"x": 0.0, "y": 0.0, "z": 0.0}, "1": {"x": 0.0, "y": 1.0, "z": 0.0}, "2": {"x": 0.0, "y": 2.0, "z": 0.0}, "3": {"x": 0.0, "y": 3.0, "z": 0.0}, "4": {"x": 0.0, "y": 4.0, "z": 0.0}, "5": {"x": 0.0, "y": 5.0, "z": 0.0}, "6": {"x": 0.0, "y": 6.0, "z": 0.0}, "7": {"x": 0.0, "y": 7.0, "z": 0.0}, "8": {"x": 0.0, "y": 8.0, "z": 0.0}, "9": {"x": 0.0, "y": 9.0, "z": 0.0}, "10": {"x": 0.0, "y": 10.0, "z": 0.0}, "11": {"x": 0.0, "y": 11.0, "z": 0.0}, "12": {"x": 0.0, "y": 12.0, "z": 0.0}, "13": {"x": 0.0, "y": 13.0, "z": 0.0}, "14": {"x": 0.0, "y": 14.0, "z": 0.0}, "15": {"x": 0.0, "y": 15.0, "z": 0.0}, "16": {"x": 1.0, "y": 0.0, "z": 0.0}, "17": {"x": 0.9999999999999999, "y": 0.9999999999999999, "z": 0.12211385555574866}, "18": {"x": 0.9999999999999997, "y": 1.9999999999999998, "z": 0.2604138846921845}, "19": {"x": 0.9999999999999996, "y": 3.0000000000000013, "z": 0.3056547020803383}, "20": {"x": 0.9999999999999994, "y": 4.000000000000002, "z": 0.45550510766129043}, "21": {"x": 0.9999999999999993, "y": 5.000000000000001, "z": 0.5065335505966302}, "22": {"x": 0.9999999999999996, "y": 6.000000000000002, "z": 0.6611467095566022}, "23": {"x": 1.0, "y": 7.000000000000003, "z": 0.7403859184939802}, "24": {"x": 0.9999999999999999, "y": 8.000000000000002, "z": 0.7154549913400382}, "25": {"x": 0.9999999999999997, "y": 9.0, "z": 0.6577692728975656}, "26": {"x": 0.9999999999999996, "y": 9.999999999999998, "z": 0.5578088754967664}, "27": {"x": 0.9999999999999996, "y": 11.000000000000002, "z": 0.41483967430065216}, "28": {"x": 0.9999999999999997, "y": 12.0, "z": 0.31997141669104406}, "29": {"x": 0.9999999999999998, "y": 12.999999999999998, "z": 0.3051756592442891}, "30": {"x": 1.0, "y": 14.000000000000002, "z": 0.2057156202323392}, "31": {"x": 1.0, "y": 15.0, "z": 0.0}, "32": {"x": 2.0, "y": 0.0, "z": 0.0}, "33": {"x": 2.0, "y": 1.0, "z": 0.2115508438101804}, "34": {"x": 1.9999999999999998, "y": 2.0, "z": 0.4456413698906298}, "35": {"x": 1.9999999999999991, "y": 3.0000000000000004, "z": 0.5377921984345746}, "36": {"x": 1.9999999999999984, "y": 4.000000000000001, "z": 0.7797563733833858}, "37": {"x": 1.9999999999999987, "y": 5.000000000000002, "z": 0.8600636122467997}, "38": {"x": 1.9999999999999987, "y": 6.000000000000001, "z": 1.0890269650764512}, "39": {"x": 1.9999999999999993, "y": 7.000000000000003, "z": 1.21001830042165}, "40": {"x": 2.0, "y": 8.000000000000002, "z": 1.1575804873900102}, "41": {"x": 1.9999999999999998, "y": 9.000000000000002, "z": 1.0734886814201088}, "42": {"x": 1.9999999999999996, "y": 10.0, "z": 0.9292328421741534}, "43": {"x": 1.9999999999999991, "y": 11.000000000000002, "z": 0.7187091024496483}, "44": {"x": 1.9999999999999996, "y": 12.0, "z": 0.5608492514450306}, "45": {"x": 2.0, "y": 13.000000000000002, "z": 0.507581576964695}, "46": {"x": 1.9999999999999998, "y": 14.000000000000002, "z": 0.33716847426544017}, "47": {"x": 2.0, "y": 15.0, "z": 0.0}, "48": {"x": 3.0, "y": 0.0, "z": 0.0}, "49": {"x": 3.0000000000000004, "y": 1.0, "z": 0.2691632886648254}, "50": {"x": 3.0, "y": 2.0, "z": 0.5135187695616313}, "51": {"x": 2.9999999999999987, "y": 2.9999999999999996, "z": 0.7030566488477975}, "52": {"x": 2.999999999999997, "y": 3.999999999999999, "z": 0.9156321399199797}, "53": {"x": 2.9999999999999973, "y": 5.0, "z": 1.0742240936476428}, "54": {"x": 2.999999999999998, "y": 6.0, "z": 1.2011496107541058}, "55": {"x": 2.9999999999999982, "y": 7.000000000000002, "z": 1.2675629445815488}, "56": {"x": 3.0, "y": 8.000000000000005, "z": 1.277539589372944}, "57": {"x": 3.0, "y": 9.000000000000004, "z": 1.2199889136458002}, "58": {"x": 2.9999999999999987, "y": 9.999999999999998, "z": 1.100080813246482}, "59": {"x": 2.999999999999999, "y": 11.000000000000002, "z": 0.9240109653037855}, "60": {"x": 2.9999999999999996, "y": 12.000000000000002, "z": 0.7310891044186253}, "61": {"x": 3.000000000000001, "y": 13.000000000000004, "z": 0.5465909089964269}, "62": {"x": 3.0, "y": 14.0, "z": 0.3023390495297885}, "63": {"x": 3.0, "y": 15.0, "z": 0.0}, "64": {"x": 4.0, "y": 0.0, "z": 0.0}, "65": {"x": 4.000000000000001, "y": 1.0, "z": 0.3114394294520974}, "66": {"x": 3.999999999999999, "y": 1.9999999999999996, "z": 0.5919980854991065}, "67": {"x": 3.999999999999997, "y": 2.9999999999999982, "z": 0.8129798346817815}, "68": {"x": 3.9999999999999964, "y": 3.9999999999999987, "z": 1.0623446399763434}, "69": {"x": 3.9999999999999964, "y": 4.999999999999999, "z": 1.255555943666467}, "70": {"x": 3.999999999999997, "y": 6.0, "z": 1.4030078807528408}, "71": {"x": 3.9999999999999982, "y": 7.000000000000002, "z": 1.4802753738771874}, "72": {"x": 3.9999999999999987, "y": 8.000000000000005, "z": 1.4988843141073418}, "73": {"x": 3.9999999999999987, "y": 9.000000000000005, "z": 1.430946941148923}, "74": {"x": 3.9999999999999987, "y": 10.0, "z": 1.286642196596846}, "75": {"x": 3.9999999999999996, "y": 11.000000000000002, "z": 1.0756638275831139}, "76": {"x": 3.9999999999999987, "y": 11.999999999999998, "z": 0.8471561514305571}, "77": {"x": 3.999999999999999, "y": 12.999999999999998, "z": 0.6314597461074898}, "78": {"x": 4.0, "y": 14.000000000000002, "z": 0.34674057029108496}, "79": {"x": 4.0, "y": 15.0, "z": 0.0}, "80": {"x": 5.0, "y": 0.0, "z": 0.0}, "81": {"x": 5.000000000000003, "y": 1.0, "z": 0.3423084041146159}, "82": {"x": 4.999999999999998, "y": 1.999999999999999, "z": 0.7320963286192544}, "83": {"x": 4.999999999999995, "y": 2.9999999999999973, "z": 0.8628655482768556}, "84": {"x": 4.999999999999995, "y": 3.999999999999998, "z": 1.2934956122874215}, "85": {"x": 4.999999999999996, "y": 4.999999999999997, "z": 1.4281853814649363}, "86": {"x": 4.999999999999995, "y": 5.999999999999998, "z": 1.8505972555912598}, "87": {"x": 4.999999999999995, "y": 6.999999999999997, "z": 2.07656588700417}, "88": {"x": 4.999999999999996, "y": 8.0, "z": 1.9821921272901888}, "89": {"x": 4.9999999999999964, "y": 9.000000000000002, "z": 1.828253062395409}, "90": {"x": 4.9999999999999964, "y": 9.999999999999998, "z": 1.5621326694293642}, "91": {"x": 4.999999999999998, "y": 11.000000000000002, "z": 1.1756948458786842}, "92": {"x": 4.999999999999999, "y": 12.000000000000002, "z": 0.9047520975688026}, "93": {"x": 4.999999999999999, "y": 12.999999999999998, "z": 0.848116783073823}, "94": {"x": 4.999999999999997, "y": 13.999999999999995, "z": 0.5772907063912796}, "95": {"x": 5.0, "y": 15.0, "z": 0.0}, "96": {"x": 6.0, "y": 0.0, "z": 0.0}, "97": {"x": 6.0000000000000036, "y": 1.0, "z": 0.3409298163105018}, "98": {"x": 5.999999999999998, "y": 1.9999999999999984, "z": 0.7502608956340587}, "99": {"x": 5.999999999999993, "y": 2.9999999999999964, "z": 0.8436832535076194}, "100": {"x": 5.999999999999994, "y": 3.999999999999997, "z": 1.3262850503200645}, "101": {"x": 5.999999999999995, "y": 4.9999999999999964, "z": 1.4589747767995167}, "102": {"x": 5.999999999999992, "y": 5.999999999999995, "z": 1.9752956385114862}, "103": {"x": 5.999999999999992, "y": 6.999999999999995, "z": 2.248586471352725}, "104": {"x": 5.999999999999993, "y": 7.999999999999994, "z": 2.1441128647014533}, "105": {"x": 5.999999999999995, "y": 8.999999999999996, "z": 1.9567881307607793}, "106": {"x": 5.999999999999995, "y": 9.999999999999996, "z": 1.6349070697536359}, "107": {"x": 5.999999999999997, "y": 11.0, "z": 1.1735160937815408}, "108": {"x": 5.999999999999997, "y": 12.0, "z": 0.8892459611917675}, "109": {"x": 6.0, "y": 13.000000000000002, "z": 0.8980122012753384}, "110": {"x": 6.0, "y": 13.999999999999998, "z": 0.6340360895896373}, "111": {"x": 6.0, "y": 15.0, "z": 0.0}, "112": {"x": 7.0, "y": 0.0, "z": 0.0}, "113": {"x": 7.000000000000001, "y": 0.9999999999999999, "z": 0.30646440867041985}, "114": {"x": 6.999999999999997, "y": 1.9999999999999984, "z": 0.6582519857964791}, "115": {"x": 6.999999999999993, "y": 2.999999999999997, "z": 0.752011925400703}, "116": {"x": 6.999999999999996, "y": 3.999999999999998, "z": 1.170009740129802},