{"attributes": {"name": "Mesh"}, "dva": {"x": 0.0, "y": 0.0, "z": 0.0}, "dea": {}, "dfa": {}, "vertex": {"0": {"x": 0.0, "y": 0.0, "z": 0.0}, "1": {"x": 0.0, "y": 1.0, "z": 0.0}, "2": {"x": 0.0, "y": 2.0, "z": 0.0}, "3": {"x": 0.0, "y": 3.0, "z": 0.0}, "4": {"x": 0.0, "y": 4.0, "z": 0.0}, "5": {"x": 0.0, "y": 5.0, "z": 0.0}, "6": {"x": 0.0, "y": 6.0, "z": 0.0}, "7": {"x": 0.0, "y": 7.0, "z": 0.0}, "8": {"x": 0.0, "y": 8.0, "z": 0.0}, "9": {"x": 0.0, "y": 9.0, "z": 0.0}, "10": {"x": 0.0, "y": 10.0, "z": 0.0}, "11": {"x": 0.0, "y": 11.0, "z": 0.0}, "12": {"x": 0.0, "y": 12.0, "z": 0.0}, "13": {"x": 0.0, "y": 13.0, "z": 0.0}, "14": {"x": 0.0, "y": 14.0, "z": 0.0}, "15": {"x": 0.0, "y": 15.0, "z": 0.0}, "16": {"x": 1.0, "y": 0.0, "z": 0.0}, "17": {"x": 0.9999999999999997, "y": 0.9999999999999994, "z": 0.17664798287436126}, "18": {"x": 0.9999999999999991, "y": 1.999999999999999, "z": 0.269133050986026}, "19": {"x": 0.9999999999999988, "y": 2.999999999999998, "z": 0.32950025766383073}, "20": {"x": 0.9999999999999986, "y": 3.999999999999998, "z": 0.3447974652532272}, "21": {"x": 0.9999999999999988, "y": 4.999999999999998, "z": 0.2731677275527077}, "22": {"x": 0.999999999999999, "y": 5.999999999999998, "z": 0.34021488906338615}, "23": {"x": 0.9999999999999993, "y": 7.0, "z": 0.35946224321270276}, "24": {"x": 0.9999999999999997, "y": 8.0, "z": 0.3060305560198539}, "25": {"x": 0.9999999999999994, "y": 9.0, "z": 0.3059764670337876}, "26": {"x": 0.9999999999999992, "y": 9.999999999999998, "z": 0.2221819697345851}, "27": {"x": 1.0000000000000002, "y": 11.000000000000002, "z": 0.2391415441551841}, "28": {"x": 1.0, "y": 12.0, "z": 0.3225317357903197}, "29": {"x": 0.9999999999999999, "y": 12.999999999999998, "z": 0.31215736391048915}, "30": {"x": 0.9999999999999999, "y": 14.0, "z": 0.2013322373581873}, "31": {"x": 1.0, "y": 15.0, "z": 0.0}, "32": {"x": 2.0, "y": 0.0, "z": 0.0}, "33": {"x": 1.9999999999999996, "y": 0.9999999999999991, "z": 0.3488639419777167}, "34": {"x": 1.9999999999999984, "y": 1.999999999999998, "z": 0.482565669898152}, "35": {"x": 1.9999999999999982, "y": 2.999999999999997, "z": 0.6038050068526174}, "36": {"x": 1.9999999999999976, "y": 3.9999999999999964, "z": 0.7176635678271852}, "37": {"x": 1.9999999999999976, "y": 4.999999999999997, "z": 0.4773686180537937}, "38": {"x": 1.9999999999999978, "y": 5.999999999999997, "z": 0.62118614620355}, "39": {"x": 1.9999999999999984, "y": 6.999999999999997, "z": 0.6775628479194511}, "40": {"x": 1.9999999999999991, "y": 7.999999999999997, "z": 0.5388175152417938}, "41": {"x": 1.9999999999999987, "y": 8.999999999999995, "z": 0.6001672659076677}, "42": {"x": 1.9999999999999976, "y": 9.999999999999993, "z": 0.38922067385030806}, "43": {"x": 2.000000000000001, "y": 11.000000000000002, "z": 0.41993721423237684}, "44": {"x": 2.0, "y": 11.999999999999998, "z": 0.7050721721549593}, "45": {"x": 1.9999999999999996, "y": 12.999999999999995, "z": 0.7361414098659652}, "46": {"x": 1.9999999999999993, "y": 13.999999999999993, "z": 0.5417182430321559}, "47": {"x": 2.0, "y": 15.0, "z": 0.0}, "48": {"x": 3.0, "y": 0.0, "z": 0.0}, "49": {"x": 2.9999999999999996, "y": 0.999999999999999, "z": 0.43180827275294165}, "50": {"x": 2.999999999999998, "y": 1.9999999999999978, "z": 0.6100172911467822}, "51": {"x": 2.999999999999998, "y": 2.999999999999997, "z": 0.7644140501802136}, "52": {"x": 2.999999999999998, "y": 3.9999999999999964, "z": 0.9029375789701939}, "53": {"x": 2.999999999999997, "y": 4.999999999999996, "z": 0.6285452114050906}, "54": {"x": 2.999999999999997, "y": 5.9999999999999964, "z": 0.7994283592622298}, "55": {"x": 2.9999999999999973, "y": 6.999999999999994, "z": 0.8655822100350234}, "56": {"x": 2.9999999999999996, "y": 7.999999999999997, "z": 0.7026666397167609}, "57": {"x": 2.9999999999999982, "y": 8.999999999999995, "z": 0.7675926868475429}, "58": {"x": 2.9999999999999973, "y": 9.999999999999991, "z": 0.514751677073244}, "59": {"x": 3.000000000000001, "y": 11.000000000000004, "z": 0.5458242967854922}, "60": {"x": 3.0000000000000004, "y": 12.000000000000002, "z": 0.8655609522231916}, "61": {"x": 3.0000000000000004, "y": 12.999999999999998, "z": 0.8880704971082017}, "62": {"x": 3.000000000000001, "y": 14.0, "z": 0.6465031154278851}, "63": {"x": 3.0, "y": 15.0, "z": 0.0}, "64": {"x": 4.0, "y": 0.0, "z": 0.0}, "65": {"x": 4.0, "y": 0.9999999999999989, "z": 0.4266702081041621}, "66": {"x": 3.999999999999998, "y": 1.9999999999999978, "z": 0.6533424753786055}, "67": {"x": 3.999999999999997, "y": 2.999999999999997, "z": 0.813221907194507}, "68": {"x": 3.999999999999997, "y": 3.999999999999996, "z": 0.8990403015770386}, "69": {"x": 3.9999999999999973, "y": 4.999999999999996, "z": 0.7268671536751983}, "70": {"x": 3.999999999999997, "y": 5.999999999999996, "z": 0.8757560281128796}, "71": {"x": 3.9999999999999982, "y": 6.999999999999996, "z": 0.9243765581385636}, "72": {"x": 3.999999999999999, "y": 7.999999999999997, "z": 0.7981476901008647}, "73": {"x": 3.999999999999997, "y": 8.999999999999995, "z": 0.808340720248054}, "74": {"x": 3.9999999999999973, "y": 9.999999999999993, "z": 0.5986622189286949}, "75": {"x": 4.0, "y": 11.000000000000002, "z": 0.6174070474741706}, "76": {"x": 4.000000000000001, "y": 11.999999999999998, "z": 0.8052237314537906}, "77": {"x": 4.0, "y": 12.999999999999996, "z": 0.7694483075317616}, "78": {"x": 4.0, "y": 13.999999999999995, "z": 0.5142357236423569}, "79": {"x": 4.0, "y": 15.0, "z": 0.0}, "80": {"x": 5.0, "y": 0.0, "z": 0.0}, "81": {"x": 4.999999999999999, "y": 0.9999999999999988, "z": 0.3702485081961919}, "82": {"x": 4.999999999999997, "y": 1.9999999999999973, "z": 0.6300430492077205}, "83": {"x": 4.999999999999996, "y": 2.999999999999996, "z": 0.7782881862812806}, "84": {"x": 4.999999999999998, "y": 3.999999999999997, "z": 0.8083917803609398}, "85": {"x": 4.999999999999997, "y": 4.9999999999999964, "z": 0.7669981366377625}, "86": {"x": 4.999999999999998, "y": 5.999999999999997, "z": 0.8688845358361954}, "87": {"x": 4.999999999999999, "y": 6.999999999999998, "z": 0.8913536376388197}, "88": {"x": 4.999999999999999, "y": 7.999999999999998, "z": 0.825308644747417}, "89": {"x": 4.999999999999998, "y": 8.999999999999995, "z": 0.7710968616483691}, "90": {"x": 4.9999999999999964, "y": 9.999999999999993, "z": 0.6354213325430503}, "91": {"x": 4.999999999999998, "y": 10.999999999999998, "z": 0.6351949188911438}, "92": {"x": 4.9999999999999964, "y": 11.999999999999993, "z": 0.6372001137718449}, "93": {"x": 4.9999999999999964, "y": 12.999999999999993, "z": 0.5327523512070943}, "94": {"x": 4.999999999999998, "y": 13.999999999999998, "z": 0.30553306271968456}, "95": {"x": 5.0, "y": 15.0, "z": 0.0}, "96": {"x": 6.0, "y": 0.0, "z": 0.0}, "97": {"x": 6.000000000000001, "y": 0.9999999999999989, "z": 0.4570534227424153}, "98": {"x": 5.999999999999999, "y": 1.9999999999999978, "z": 0.6703055861965042}, "99": {"x": 5.999999999999998, "y": 2.999999999999998, "z": 0.8380125782412409}, "100": {"x": 5.999999999999999, "y": 3.999999999999997, "z": 0.9824633423944602}, "101": {"x": 5.999999999999996, "y": 4.999999999999995, "z": 0.7225632935958446}, "102": {"x": 6.0, "y": 6.0, "z": 0.8914851698875853}, "103": {"x": 6.000000000000001, "y": 7.0, "z": 0.9545718387179184}, "104": {"x": 6.000000000000001, "y": 8.0, "z": 0.7990487812896778}, "105": {"x": 5.999999999999998, "y": 8.999999999999996, "z": 0.8460774896470882}, "106": {"x": 5.9999999999999964, "y": 9.999999999999993, "z": 0.5938939661549626}, "107": {"x": 5.999999999999997, "y": 10.999999999999995, "z": 0.6189313999809121}, "108": {"x": 5.9999999999999964, "y": 11.999999999999993, "z": 0.893652643239117}, "109": {"x": 5.999999999999998, "y": 12.999999999999995, "z": 0.8877978689230173}, "110": {"x": 5.999999999999998, "y": 14.000000000000002, "z": 0.641028478653616}, "111": {"x": 6.0, "y": 15.0, "z": 0.0}, "112": {"x": 7.0, "y": 0.0, "z": 0.0}, "113": {"x": 7.000000000000002, "y": 0.9999999999999994, "z": 0.45125379029350743}, "114": {"x": 6.999999999999999,