{"attributes": {"name": "Mesh"}, "dva": {"x": 0.0, "y": 0.0, "z": 0.0}, "dea": {}, "dfa": {}, "vertex": {"0": {"x": 0.0, "y": 0.0, "z": 0.0}, "1": {"x": 0.0, "y": 1.0, "z": 0.0}, "2": {"x": 0.0, "y": 2.0, "z": 0.0}, "3": {"x": 0.0, "y": 3.0, "z": 0.0}, "4": {"x": 0.0, "y": 4.0, "z": 0.0}, "5": {"x": 0.0, "y": 5.0, "z": 0.0}, "6": {"x": 0.0, "y": 6.0, "z": 0.0}, "7": {"x": 0.0, "y": 7.0, "z": 0.0}, "8": {"x": 0.0, "y": 8.0, "z": 0.0}, "9": {"x": 0.0, "y": 9.0, "z": 0.0}, "10": {"x": 0.0, "y": 10.0, "z": 0.0}, "11": {"x": 0.0, "y": 11.0, "z": 0.0}, "12": {"x": 0.0, "y": 12.0, "z": 0.0}, "13": {"x": 0.0, "y": 13.0, "z": 0.0}, "14": {"x": 0.0, "y": 14.0, "z": 0.0}, "15": {"x": 0.0, "y": 15.0, "z": 0.0}, "16": {"x": 1.0, "y": 0.0, "z": 0.0}, "17": {"x": 1.0, "y": 0.9999999999999994, "z": 0.04931938068732723}, "18": {"x": 0.9999999999999996, "y": 1.9999999999999982, "z": 0.13632115056121832}, "19": {"x": 0.9999999999999989, "y": 2.9999999999999964, "z": 0.19783329649349762}, "20": {"x": 0.9999999999999986, "y": 3.999999999999996, "z": 0.23907603244649375}, "21": {"x": 0.9999999999999986, "y": 4.999999999999995, "z": 0.2659939395712365}, "22": {"x": 0.9999999999999982, "y": 5.999999999999994, "z": 0.27816820257155817}, "23": {"x": 0.999999999999998, "y": 6.999999999999992, "z": 0.2775673730460224}, "24": {"x": 0.9999999999999983, "y": 7.999999999999992, "z": 0.2577481906730081}, "25": {"x": 0.9999999999999984, "y": 8.999999999999991, "z": 0.26495390047303136}, "26": {"x": 0.9999999999999984, "y": 9.99999999999999, "z": 0.24844436542991266}, "27": {"x": 0.9999999999999984, "y": 10.99999999999999, "z": 0.20927497274028897}, "28": {"x": 0.9999999999999988, "y": 11.999999999999995, "z": 0.146718854449481}, "29": {"x": 0.9999999999999991, "y": 12.999999999999996, "z": 0.10719692744641453}, "30": {"x": 0.9999999999999994, "y": 13.999999999999995, "z": 0.06550978895855962}, "31": {"x": 1.0, "y": 15.0, "z": 0.0}, "32": {"x": 2.0, "y": 0.0, "z": 0.0}, "33": {"x": 2.0, "y": 0.9999999999999988, "z": 0.07901099883589704}, "34": {"x": 1.9999999999999987, "y": 1.9999999999999971, "z": 0.49380183646081127}, "35": {"x": 1.9999999999999978, "y": 2.999999999999996, "z": 0.7288726032542572}, "36": {"x": 1.9999999999999971, "y": 3.999999999999994, "z": 0.454387195324067}, "37": {"x": 1.9999999999999962, "y": 4.999999999999991, "z": 0.49737306941016207}, "38": {"x": 1.9999999999999953, "y": 5.999999999999988, "z": 0.515496774993654}, "39": {"x": 1.999999999999997, "y": 6.99999999999999, "z": 0.732784300852237}, "40": {"x": 1.9999999999999973, "y": 7.99999999999999, "z": 0.4096812907384571}, "41": {"x": 1.9999999999999971, "y": 8.99999999999999, "z": 0.6503634538201095}, "42": {"x": 1.9999999999999978, "y": 9.99999999999999, "z": 0.8403848633678676}, "43": {"x": 1.9999999999999973, "y": 10.999999999999988, "z": 0.6834061862501156}, "44": {"x": 1.9999999999999971, "y": 11.999999999999988, "z": 0.23665521378445342}, "45": {"x": 1.9999999999999984, "y": 12.99999999999999, "z": 0.18311098333392264}, "46": {"x": 1.999999999999999, "y": 13.999999999999993, "z": 0.23840527829182334}, "47": {"x": 2.0, "y": 15.0, "z": 0.0}, "48": {"x": 3.0, "y": 0.0, "z": 0.0}, "49": {"x": 2.9999999999999996, "y": 0.999999999999998, "z": 0.09915550740869841}, "50": {"x": 2.999999999999997, "y": 1.9999999999999956, "z": 0.4617252456922456}, "51": {"x": 2.9999999999999956, "y": 2.999999999999993, "z": 0.6314699422428937}, "52": {"x": 2.999999999999995, "y": 3.999999999999991, "z": 0.4985439323437356}, "53": {"x": 2.9999999999999942, "y": 4.999999999999987, "z": 0.5453794854879267}, "54": {"x": 2.9999999999999933, "y": 5.999999999999985, "z": 0.5705452449016961}, "55": {"x": 2.999999999999994, "y": 6.999999999999988, "z": 0.6828967058812353}, "56": {"x": 2.9999999999999964, "y": 7.9999999999999885, "z": 0.48349046446345534}, "57": {"x": 2.999999999999997, "y": 8.999999999999991, "z": 0.6837696282341754}, "58": {"x": 2.9999999999999964, "y": 9.99999999999999, "z": 0.7929922013035079}, "59": {"x": 2.999999999999996, "y": 10.999999999999984, "z": 0.6550115713349338}, "60": {"x": 2.999999999999996, "y": 11.999999999999986, "z": 0.28697013728085397}, "61": {"x": 2.999999999999998, "y": 12.99999999999999, "z": 0.2176647623107589}, "62": {"x": 2.999999999999999, "y": 13.999999999999995, "z": 0.22481722091661585}, "63": {"x": 3.0, "y": 15.0, "z": 0.0}, "64": {"x": 4.0, "y": 0.0, "z": 0.0}, "65": {"x": 3.9999999999999987, "y": 0.9999999999999973, "z": 0.10793339571086773}, "66": {"x": 3.9999999999999956, "y": 1.9999999999999938, "z": 0.2048353883629859}, "67": {"x": 3.999999999999995, "y": 2.999999999999992, "z": 0.2887662661633131}, "68": {"x": 3.999999999999993, "y": 3.999999999999989, "z": 0.36423287931934073}, "69": {"x": 3.999999999999993, "y": 4.9999999999999885, "z": 0.41529245036402807}, "70": {"x": 3.999999999999994, "y": 5.999999999999988, "z": 0.44853306853643193}, "71": {"x": 3.9999999999999942, "y": 6.9999999999999885, "z": 0.4604040634221249}, "72": {"x": 3.9999999999999947, "y": 7.9999999999999885, "z": 0.46421789361425236}, "73": {"x": 3.9999999999999947, "y": 8.999999999999988, "z": 0.4402880967831601}, "74": {"x": 3.999999999999995, "y": 9.999999999999988, "z": 0.40107901805744167}, "75": {"x": 3.9999999999999956, "y": 10.99999999999999, "z": 0.3512235450922115}, "76": {"x": 3.9999999999999956, "y": 11.999999999999986, "z": 0.2900275361105391}, "77": {"x": 3.9999999999999973, "y": 12.999999999999988, "z": 0.20850748348393805}, "78": {"x": 3.9999999999999996, "y": 13.999999999999996, "z": 0.10986550973054786}, "79": {"x": 4.0, "y": 15.0, "z": 0.0}, "80": {"x": 5.0, "y": 0.0, "z": 0.0}, "81": {"x": 4.9999999999999964, "y": 0.9999999999999971, "z": 0.12257541676458908}, "82": {"x": 4.999999999999996, "y": 1.9999999999999953, "z": 0.6209258789169633}, "83": {"x": 4.999999999999995, "y": 2.9999999999999933, "z": 1.2152789830163515}, "84": {"x": 4.999999999999993, "y": 3.9999999999999916, "z": 0.6074265182561052}, "85": {"x": 4.999999999999994, "y": 4.99999999999999, "z": 0.6865730165933551}, "86": {"x": 4.999999999999994, "y": 5.999999999999989, "z": 0.7091634269950576}, "87": {"x": 4.999999999999995, "y": 6.999999999999989, "z": 1.3178263368042942}, "88": {"x": 4.999999999999996, "y": 7.999999999999991, "z": 0.6073916703702951}, "89": {"x": 4.9999999999999964, "y": 8.99999999999999, "z": 0.8308350530942247}, "90": {"x": 4.999999999999996, "y": 9.999999999999988, "z": 1.1511191621645214}, "91": {"x": 4.999999999999996, "y": 10.999999999999988, "z": 0.9163297125091334}, "92": {"x": 4.9999999999999964, "y": 11.99999999999999, "z": 0.3564869314656939}, "93": {"x": 4.999999999999996, "y": 12.999999999999988, "z": 0.26995056008765456}, "94": {"x": 4.999999999999998, "y": 13.999999999999995, "z": 0.3139484938834328}, "95": {"x": 5.0, "y": 15.0, "z": 0.0}, "96": {"x": 6.0, "y": 0.0, "z": 0.0}, "97": {"x": 5.999999999999997, "y": 0.9999999999999977, "z": 0.12997352898008563}, "98": {"x": 5.999999999999996, "y": 1.9999999999999967, "z": 0.4844825077482045}, "99": {"x": 5.999999999999994, "y": 2.999999999999995, "z": 0.6773306020623577}, "100": {"x": 5.999999999999996, "y": 3.9999999999999942, "z": 0.7048086080726889}, "101": {"x": 5.999999999999995, "y": 4.999999999999994, "z": 0.7714171129133163}, "102": {"x": 5.9999999999999964, "y": 5.999999999999993, "z": 0.7985969872392519}, "103": {"x": 5.999999999999998, "y": 6.999999999999993, "z": 0.8276795197630336}, "104": {"x": 5.999999999999998, "y": 7.999999999999993, "z": 0.6934139437005505}, "105": {"x": 5.999999999999998, "y": 8.99999999999999, "z": 0.8265952389748558}, "106": {"x": 5.999999999999998, "y": 9.99999999999999, "z": 0.8453627523011097}, "107": {"x": 5.999999999999999, "y": 10.999999999999991, "z": 0.7008981014998507}, "108": {"x": 5.9999999999999964, "y": 11.999999999999991, "z": 0.39360078405139}, "109": {"x": 5.9999999999999964, "y": 12.999999999999993, "z": 0.294097623733498}, "110": {"x": 5.999999999999998, "y": 13.999999999999996,