{"attributes": {"name": "Mesh"}, "dva": {"x": 0.0, "y": 0.0, "z": 0.0}, "dea": {}, "dfa": {}, "vertex": {"0": {"x": 0.0, "y": 0.0, "z": 0.0}, "1": {"x": 0.0, "y": 1.0, "z": 0.0}, "2": {"x": 0.0, "y": 2.0, "z": 0.0}, "3": {"x": 0.0, "y": 3.0, "z": 0.0}, "4": {"x": 0.0, "y": 4.0, "z": 0.0}, "5": {"x": 0.0, "y": 5.0, "z": 0.0}, "6": {"x": 0.0, "y": 6.0, "z": 0.0}, "7": {"x": 0.0, "y": 7.0, "z": 0.0}, "8": {"x": 0.0, "y": 8.0, "z": 0.0}, "9": {"x": 0.0, "y": 9.0, "z": 0.0}, "10": {"x": 0.0, "y": 10.0, "z": 0.0}, "11": {"x": 0.0, "y": 11.0, "z": 0.0}, "12": {"x": 0.0, "y": 12.0, "z": 0.0}, "13": {"x": 0.0, "y": 13.0, "z": 0.0}, "14": {"x": 0.0, "y": 14.0, "z": 0.0}, "15": {"x": 0.0, "y": 15.0, "z": 0.0}, "16": {"x": 1.0, "y": 0.0, "z": 0.0}, "17": {"x": 1.0000000000000002, "y": 1.0000000000000004, "z": 0.25841609860349696}, "18": {"x": 1.0000000000000004, "y": 2.000000000000001, "z": 0.4087087590677563}, "19": {"x": 1.0000000000000007, "y": 3.0000000000000013, "z": 0.5064528075857663}, "20": {"x": 1.0000000000000009, "y": 4.000000000000003, "z": 0.6657678497755443}, "21": {"x": 1.0000000000000007, "y": 5.0000000000000036, "z": 0.9246552913418642}, "22": {"x": 1.0000000000000004, "y": 6.000000000000002, "z": 1.0911782741259284}, "23": {"x": 1.0000000000000004, "y": 7.0000000000000036, "z": 1.1690884663945127}, "24": {"x": 1.0000000000000007, "y": 8.000000000000007, "z": 1.2959533590298251}, "25": {"x": 1.0000000000000009, "y": 9.00000000000001, "z": 1.3269017115846196}, "26": {"x": 1.000000000000001, "y": 10.000000000000014, "z": 1.2534595192961}, "27": {"x": 1.0000000000000002, "y": 11.000000000000005, "z": 1.091177518940548}, "28": {"x": 0.9999999999999999, "y": 11.999999999999998, "z": 0.9632109575496546}, "29": {"x": 0.9999999999999998, "y": 13.0, "z": 0.7298824203653181}, "30": {"x": 0.9999999999999999, "y": 14.0, "z": 0.4199511651028301}, "31": {"x": 1.0, "y": 15.0, "z": 0.0}, "32": {"x": 2.0, "y": 0.0, "z": 0.0}, "33": {"x": 2.0, "y": 1.0000000000000007, "z": 0.5024913669420011}, "34": {"x": 2.0000000000000004, "y": 2.0000000000000013, "z": 0.7434438349798976}, "35": {"x": 2.0000000000000013, "y": 3.0000000000000018, "z": 0.8910123647365595}, "36": {"x": 2.0000000000000018, "y": 4.000000000000002, "z": 1.1735230666853482}, "37": {"x": 2.0000000000000013, "y": 5.000000000000001, "z": 1.6993373640528842}, "38": {"x": 2.000000000000001, "y": 6.000000000000002, "z": 2.0023699834868105}, "39": {"x": 2.000000000000001, "y": 7.0000000000000036, "z": 2.098078215572267}, "40": {"x": 2.000000000000001, "y": 8.000000000000007, "z": 2.409571865692535}, "41": {"x": 2.0000000000000004, "y": 9.000000000000005, "z": 2.4925098327421082}, "42": {"x": 2.0, "y": 10.000000000000005, "z": 2.3287486142395597}, "43": {"x": 2.0, "y": 11.000000000000002, "z": 1.964215212767441}, "44": {"x": 1.9999999999999996, "y": 12.0, "z": 1.788442667475286}, "45": {"x": 1.9999999999999991, "y": 12.999999999999998, "z": 1.3677424593094107}, "46": {"x": 1.9999999999999993, "y": 13.999999999999998, "z": 0.8137134997072036}, "47": {"x": 2.0, "y": 15.0, "z": 0.0}, "48": {"x": 3.0, "y": 0.0, "z": 0.0}, "49": {"x": 3.0, "y": 1.0000000000000009, "z": 0.8409266593170223}, "50": {"x": 3.0, "y": 2.0000000000000013, "z": 0.9968073631398361}, "51": {"x": 3.000000000000002, "y": 3.000000000000002, "z": 1.1495139003293475}, "52": {"x": 3.000000000000003, "y": 4.000000000000003, "z": 1.506706101979789}, "53": {"x": 3.0000000000000018, "y": 5.000000000000002, "z": 2.4762572596094548}, "54": {"x": 3.000000000000001, "y": 5.999999999999999, "z": 2.853970353352687}, "55": {"x": 3.0000000000000013, "y": 7.000000000000003, "z": 2.6985622345572438}, "56": {"x": 3.0000000000000013, "y": 8.000000000000004, "z": 3.5611911374460856}, "57": {"x": 3.000000000000001, "y": 9.000000000000004, "z": 3.9518415138583762}, "58": {"x": 2.9999999999999996, "y": 10.0, "z": 3.3182375521724152}, "59": {"x": 2.9999999999999982, "y": 10.999999999999996, "z": 2.529015597792693}, "60": {"x": 2.9999999999999987, "y": 11.999999999999998, "z": 2.886139665218887}, "61": {"x": 2.9999999999999996, "y": 13.0, "z": 1.8870778705389852}, "62": {"x": 2.999999999999999, "y": 14.0, "z": 1.6570236489048717}, "63": {"x": 3.0, "y": 15.0, "z": 0.0}, "64": {"x": 4.0, "y": 0.0, "z": 0.0}, "65": {"x": 3.9999999999999996, "y": 1.0000000000000007, "z": 0.7830378094575514}, "66": {"x": 4.0, "y": 2.0000000000000018, "z": 1.1099870755085448}, "67": {"x": 4.000000000000003, "y": 3.000000000000003, "z": 1.3235697791242649}, "68": {"x": 4.0000000000000036, "y": 4.0000000000000036, "z": 1.737419586566545}, "69": {"x": 4.0000000000000036, "y": 5.000000000000002, "z": 2.561567620905947}, "70": {"x": 4.000000000000003, "y": 6.000000000000001, "z": 2.9943889051759016}, "71": {"x": 4.0000000000000036, "y": 7.000000000000004, "z": 3.068752273020287}, "72": {"x": 4.0000000000000036, "y": 8.000000000000005, "z": 3.615466339104579}, "73": {"x": 4.000000000000002, "y": 9.000000000000004, "z": 3.7687608664062284}, "74": {"x": 3.9999999999999982, "y": 9.999999999999996, "z": 3.4707102654476345}, "75": {"x": 3.999999999999997, "y": 10.999999999999993, "z": 2.855502689788409}, "76": {"x": 3.9999999999999973, "y": 11.999999999999995, "z": 2.673355858401917}, "77": {"x": 3.9999999999999996, "y": 13.0, "z": 2.024671699578287}, "78": {"x": 3.999999999999999, "y": 14.0, "z": 1.2606365587066322}, "79": {"x": 4.0, "y": 15.0, "z": 0.0}, "80": {"x": 5.0, "y": 0.0, "z": 0.0}, "81": {"x": 4.999999999999998, "y": 1.0000000000000004, "z": 0.7391218783526171}, "82": {"x": 5.000000000000001, "y": 2.0000000000000018, "z": 1.1186158777690944}, "83": {"x": 5.000000000000003, "y": 3.0000000000000036, "z": 1.383853031753711}, "84": {"x": 5.000000000000005, "y": 4.000000000000004, "z": 1.8078688202767579}, "85": {"x": 5.000000000000006, "y": 5.000000000000004, "z": 2.540642593452446}, "86": {"x": 5.000000000000005, "y": 6.000000000000004, "z": 2.9628344009613663}, "87": {"x": 5.000000000000004, "y": 7.0000000000000036, "z": 3.095144132976699}, "88": {"x": 5.000000000000004, "y": 8.0, "z": 3.5166668237776673}, "89": {"x": 5.000000000000002, "y": 8.999999999999996, "z": 3.627084321848863}, "90": {"x": 4.999999999999998, "y": 9.999999999999995, "z": 3.368608039235232}, "91": {"x": 4.9999999999999964, "y": 10.999999999999991, "z": 2.852925336015185}, "92": {"x": 5.0, "y": 11.999999999999998, "z": 2.593129349541116}, "93": {"x": 5.000000000000001, "y": 13.000000000000002, "z": 1.9428698870199756}, "94": {"x": 5.000000000000001, "y": 14.000000000000004, "z": 1.1771913088515884}, "95": {"x": 5.0, "y": 15.0, "z": 0.0}, "96": {"x": 6.0, "y": 0.0, "z": 0.0}, "97": {"x": 5.999999999999999, "y": 1.0000000000000009, "z": 0.5934260686377177}, "98": {"x": 6.000000000000001, "y": 2.0000000000000027, "z": 1.0229749119204075}, "99": {"x": 6.000000000000007, "y": 3.0000000000000053, "z": 1.3376851527979443}, "100": {"x": 6.000000000000007, "y": 4.000000000000006, "z": 1.7370925985312677}, "101": {"x": 6.000000000000008, "y": 5.000000000000008, "z": 2.2519926084435875}, "102": {"x": 6.000000000000008, "y": 6.000000000000007, "z": 2.622155158845115}, "103": {"x": 6.000000000000008, "y": 7.000000000000005, "z": 2.8464144667218316}, "104": {"x": 6.000000000000006, "y": 8.000000000000004, "z": 3.0178495533067378}, "105": {"x": 6.000000000000005, "y": 9.0, "z": 3.032103794733799}, "106": {"x": 6.000000000000001, "y": 9.999999999999998, "z": 2.892029765346779}, "107": {"x": 5.999999999999999, "y": 10.999999999999993, "z": 2.587723796795554}, "108": {"x": 6.000000000000001, "y": 11.999999999999996, "z": 2.1890170302960703}, "109": {"x": 6.000000000000001, "y": 13.0, "z": 1.6417178552635319}, "110": {"x": 6.0, "y": 14.000000000000002, "z": 0.8961557764290806}, "111": {"x": 6.0, "y": 15.0, "z": 0.0}, "112": {"x": 7.0, "y": 0.0, "z": 0.0}, "113": {"x": 7.0, "y": 1.0000000000000009, "z": 0.5371303819385923}, "114": {"x": 7.000000000000001, "y": 2.0000000000000018, "z": 0.9018216712838909}, "115": {"x": 7.000000000000005,