{"attributes": {"name": "Mesh"}, "dva": {"x": 0.0, "y": 0.0, "z": 0.0}, "dea": {}, "dfa": {}, "vertex": {"0": {"x": 0.0, "y": 0.0, "z": 0.0}, "1": {"x": 0.0, "y": 1.0, "z": 0.0}, "2": {"x": 0.0, "y": 2.0, "z": 0.0}, "3": {"x": 0.0, "y": 3.0, "z": 0.0}, "4": {"x": 0.0, "y": 4.0, "z": 0.0}, "5": {"x": 0.0, "y": 5.0, "z": 0.0}, "6": {"x": 0.0, "y": 6.0, "z": 0.0}, "7": {"x": 0.0, "y": 7.0, "z": 0.0}, "8": {"x": 0.0, "y": 8.0, "z": 0.0}, "9": {"x": 0.0, "y": 9.0, "z": 0.0}, "10": {"x": 0.0, "y": 10.0, "z": 0.0}, "11": {"x": 0.0, "y": 11.0, "z": 0.0}, "12": {"x": 0.0, "y": 12.0, "z": 0.0}, "13": {"x": 0.0, "y": 13.0, "z": 0.0}, "14": {"x": 0.0, "y": 14.0, "z": 0.0}, "15": {"x": 0.0, "y": 15.0, "z": 0.0}, "16": {"x": 1.0, "y": 0.0, "z": 0.0}, "17": {"x": 1.0, "y": 1.0, "z": 0.1732998535887315}, "18": {"x": 1.0, "y": 2.0, "z": 0.24737123378326992}, "19": {"x": 0.9999999999999999, "y": 2.9999999999999996, "z": 0.24278273007609127}, "20": {"x": 0.9999999999999996, "y": 3.999999999999999, "z": 0.21684891537037018}, "21": {"x": 0.9999999999999997, "y": 5.000000000000001, "z": 0.40664646693707807}, "22": {"x": 0.9999999999999999, "y": 6.0000000000000036, "z": 0.5200480777912673}, "23": {"x": 1.0000000000000002, "y": 7.000000000000005, "z": 0.5536144022624551}, "24": {"x": 1.0000000000000009, "y": 8.000000000000009, "z": 0.5129083364703372}, "25": {"x": 1.0000000000000016, "y": 9.000000000000009, "z": 0.44577166693716996}, "26": {"x": 1.000000000000002, "y": 10.00000000000001, "z": 0.3112465784819978}, "27": {"x": 1.0000000000000013, "y": 11.000000000000007, "z": 0.2939924714049685}, "28": {"x": 1.0000000000000004, "y": 12.0, "z": 0.2037421529917608}, "29": {"x": 0.9999999999999998, "y": 12.999999999999998, "z": 0.190084974901294}, "30": {"x": 1.0000000000000002, "y": 13.999999999999998, "z": 0.11050719025555869}, "31": {"x": 1.0, "y": 15.0, "z": 0.0}, "32": {"x": 2.0, "y": 0.0, "z": 0.0}, "33": {"x": 2.0, "y": 0.9999999999999998, "z": 0.4003550339861358}, "34": {"x": 1.9999999999999998, "y": 2.0, "z": 0.5811717374599691}, "35": {"x": 1.9999999999999996, "y": 2.9999999999999996, "z": 0.44717384451782893}, "36": {"x": 1.9999999999999991, "y": 3.999999999999999, "z": 0.3690315998154133}, "37": {"x": 1.9999999999999991, "y": 5.000000000000001, "z": 0.8138922053967802}, "38": {"x": 1.9999999999999996, "y": 6.000000000000003, "z": 1.1038803339517296}, "39": {"x": 2.0, "y": 7.000000000000004, "z": 1.0997695814748023}, "40": {"x": 2.000000000000001, "y": 8.00000000000001, "z": 0.9466532394984036}, "41": {"x": 2.0000000000000027, "y": 9.000000000000012, "z": 0.8530343333247782}, "42": {"x": 2.0000000000000044, "y": 10.000000000000021, "z": 0.5388986999899009}, "43": {"x": 2.000000000000002, "y": 11.000000000000012, "z": 0.5755628017098898}, "44": {"x": 2.000000000000001, "y": 12.000000000000002, "z": 0.3550585552191824}, "45": {"x": 1.9999999999999993, "y": 12.999999999999995, "z": 0.3657921323132972}, "46": {"x": 2.0000000000000004, "y": 13.999999999999998, "z": 0.20192838689276982}, "47": {"x": 2.0, "y": 15.0, "z": 0.0}, "48": {"x": 3.0, "y": 0.0, "z": 0.0}, "49": {"x": 3.0, "y": 0.9999999999999999, "z": 0.5813554349131439}, "50": {"x": 3.0, "y": 2.0, "z": 1.081636942213761}, "51": {"x": 2.999999999999999, "y": 2.999999999999999, "z": 0.5881776089430828}, "52": {"x": 2.9999999999999982, "y": 3.9999999999999982, "z": 0.4745453455312113}, "53": {"x": 2.9999999999999987, "y": 5.000000000000001, "z": 1.115070079404073}, "54": {"x": 2.9999999999999996, "y": 6.000000000000001, "z": 1.6778242214223025}, "55": {"x": 2.999999999999999, "y": 7.000000000000005, "z": 1.4986340538903256}, "56": {"x": 2.9999999999999996, "y": 8.000000000000009, "z": 1.2348461612132142}, "57": {"x": 3.000000000000002, "y": 9.000000000000012, "z": 1.1750449844354616}, "58": {"x": 3.000000000000005, "y": 10.000000000000025, "z": 0.6946512624587855}, "59": {"x": 3.0000000000000013, "y": 11.000000000000012, "z": 0.8180051839292112}, "60": {"x": 3.000000000000001, "y": 12.000000000000005, "z": 0.45982782922179943}, "61": {"x": 2.9999999999999982, "y": 12.999999999999993, "z": 0.497687659163905}, "62": {"x": 3.000000000000001, "y": 14.000000000000002, "z": 0.2653485607177342}, "63": {"x": 3.0, "y": 15.0, "z": 0.0}, "64": {"x": 4.0, "y": 0.0, "z": 0.0}, "65": {"x": 4.0, "y": 0.9999999999999998, "z": 0.5953879150773779}, "66": {"x": 3.9999999999999987, "y": 1.9999999999999993, "z": 0.9029171614434778}, "67": {"x": 3.9999999999999987, "y": 2.9999999999999987, "z": 0.6606549572406509}, "68": {"x": 3.999999999999998, "y": 3.999999999999998, "z": 0.5536351630113376}, "69": {"x": 3.999999999999998, "y": 4.999999999999999, "z": 1.2069874964982492}, "70": {"x": 3.999999999999999, "y": 6.000000000000003, "z": 1.6603790851097493}, "71": {"x": 3.999999999999999, "y": 7.000000000000005, "z": 1.6200017244862495}, "72": {"x": 3.9999999999999996, "y": 8.000000000000009, "z": 1.3832827148159617}, "73": {"x": 4.000000000000001, "y": 9.000000000000012, "z": 1.2688704385125422}, "74": {"x": 4.000000000000002, "y": 10.000000000000014, "z": 0.8025746650071647}, "75": {"x": 4.000000000000001, "y": 11.00000000000001, "z": 0.8711582201139781}, "76": {"x": 4.000000000000001, "y": 12.000000000000004, "z": 0.5306878773816153}, "77": {"x": 3.9999999999999982, "y": 12.999999999999993, "z": 0.5445324336189085}, "78": {"x": 4.000000000000002, "y": 13.999999999999998, "z": 0.2974356292159089}, "79": {"x": 4.0, "y": 15.0, "z": 0.0}, "80": {"x": 5.0, "y": 0.0, "z": 0.0}, "81": {"x": 5.0, "y": 0.9999999999999996, "z": 0.5275955070342598}, "82": {"x": 4.999999999999999, "y": 1.9999999999999993, "z": 0.8064879668511618}, "83": {"x": 4.999999999999998, "y": 2.999999999999999, "z": 0.6662747312075344}, "84": {"x": 4.999999999999997, "y": 3.999999999999997, "z": 0.5917849342557183}, "85": {"x": 4.999999999999998, "y": 5.0, "z": 1.159999668401625}, "86": {"x": 5.000000000000001, "y": 6.0000000000000036, "z": 1.5440229885513637}, "87": {"x": 5.0, "y": 7.000000000000005, "z": 1.5541517927007595}, "88": {"x": 4.999999999999999, "y": 8.000000000000005, "z": 1.3827101623504814}, "89": {"x": 5.0, "y": 9.000000000000007, "z": 1.249289745007513}, "90": {"x": 4.999999999999999, "y": 10.000000000000009, "z": 0.8445590143490299}, "91": {"x": 5.000000000000001, "y": 11.000000000000007, "z": 0.8552671254686578}, "92": {"x": 5.0, "y": 12.000000000000002, "z": 0.5580357572912847}, "93": {"x": 4.999999999999998, "y": 12.999999999999993, "z": 0.536898813535304}, "94": {"x": 5.000000000000002, "y": 13.999999999999998, "z": 0.3004266429839376}, "95": {"x": 5.0, "y": 15.0, "z": 0.0}, "96": {"x": 6.0, "y": 0.0, "z": 0.0}, "97": {"x": 6.000000000000001, "y": 0.9999999999999996, "z": 0.3815065401003072}, "98": {"x": 5.999999999999999, "y": 1.999999999999999, "z": 0.5580262783553548}, "99": {"x": 5.999999999999998, "y": 2.9999999999999982, "z": 0.610674359198067}, "100": {"x": 5.999999999999997, "y": 3.999999999999998, "z": 0.5886505671883715}, "101": {"x": 5.999999999999999, "y": 5.0, "z": 0.9828853250808626}, "102": {"x": 5.999999999999998, "y": 6.000000000000003, "z": 1.2160171066606706}, "103": {"x": 6.0, "y": 7.000000000000005, "z": 1.3130525209520887}, "104": {"x": 6.0, "y": 8.000000000000005, "z": 1.250556066943614}, "105": {"x": 6.0, "y": 9.000000000000005, "z": 1.0998584531557873}, "106": {"x": 5.999999999999998, "y": 10.000000000000005, "z": 0.8228483054521878}, "107": {"x": 6.0, "y": 11.000000000000004, "z": 0.7483727207250414}, "108": {"x": 6.0, "y": 12.000000000000002, "z": 0.542998997855905}, "109": {"x": 5.999999999999999, "y": 12.999999999999996, "z": 0.4742789812159256}, "110": {"x": 6.000000000000002, "y": 13.999999999999996, "z": 0.2759123575703851}, "111": {"x": 6.0, "y": 15.0, "z": 0.0}, "112": {"x": 7.0, "y": 0.0, "z": 0.0}, "113": {"x": 7.0, "y": 0.9999999999999998, "z": 0.3856186783409923}, "114": {"x": 6.999999999999999, "y": 1.9999999999999996, "z": 0.6158177010889321}, "115": {"x": 6.999999999999999, "y": 2.9999999999999996,