{"attributes": {"name": "Mesh"}, "dva": {"x": 0.0, "y": 0.0, "z": 0.0}, "dea": {}, "dfa": {}, "vertex": {"0": {"x": 0.0, "y": 0.0, "z": 0.0}, "1": {"x": 0.0, "y": 1.0, "z": 0.0}, "2": {"x": 0.0, "y": 2.0, "z": 0.0}, "3": {"x": 0.0, "y": 3.0, "z": 0.0}, "4": {"x": 0.0, "y": 4.0, "z": 0.0}, "5": {"x": 0.0, "y": 5.0, "z": 0.0}, "6": {"x": 0.0, "y": 6.0, "z": 0.0}, "7": {"x": 0.0, "y": 7.0, "z": 0.0}, "8": {"x": 0.0, "y": 8.0, "z": 0.0}, "9": {"x": 0.0, "y": 9.0, "z": 0.0}, "10": {"x": 0.0, "y": 10.0, "z": 0.0}, "11": {"x": 0.0, "y": 11.0, "z": 0.0}, "12": {"x": 0.0, "y": 12.0, "z": 0.0}, "13": {"x": 0.0, "y": 13.0, "z": 0.0}, "14": {"x": 0.0, "y": 14.0, "z": 0.0}, "15": {"x": 0.0, "y": 15.0, "z": 0.0}, "16": {"x": 1.0, "y": 0.0, "z": 0.0}, "17": {"x": 1.0, "y": 1.0000000000000002, "z": 0.08214867631642599}, "18": {"x": 1.0, "y": 2.0000000000000004, "z": 0.19727285626596822}, "19": {"x": 1.0, "y": 3.0000000000000004, "z": 0.358763052501034}, "20": {"x": 1.0, "y": 3.9999999999999996, "z": 0.534406373182311}, "21": {"x": 0.9999999999999998, "y": 4.999999999999997, "z": 0.34688688517501376}, "22": {"x": 0.9999999999999992, "y": 5.999999999999999, "z": 0.25379688847571186}, "23": {"x": 0.9999999999999992, "y": 6.999999999999999, "z": 0.3049245342548405}, "24": {"x": 0.9999999999999989, "y": 7.999999999999999, "z": 0.368327316467314}, "25": {"x": 0.9999999999999986, "y": 9.0, "z": 0.05505668145246843}, "26": {"x": 0.9999999999999989, "y": 10.000000000000002, "z": 0.33328467681646035}, "27": {"x": 0.999999999999999, "y": 10.999999999999998, "z": 0.23126482785660188}, "28": {"x": 0.9999999999999992, "y": 11.999999999999998, "z": 0.28933033423904864}, "29": {"x": 0.9999999999999998, "y": 13.0, "z": 0.11014084054485689}, "30": {"x": 0.9999999999999998, "y": 14.0, "z": 0.21161877997991851}, "31": {"x": 1.0, "y": 15.0, "z": 0.0}, "32": {"x": 2.0, "y": 0.0, "z": 0.0}, "33": {"x": 2.0, "y": 1.0000000000000002, "z": 0.14426574641980747}, "34": {"x": 2.0, "y": 2.0, "z": 0.3276170133414862}, "35": {"x": 2.0, "y": 3.0000000000000004, "z": 0.5058656885909963}, "36": {"x": 2.0000000000000004, "y": 4.000000000000001, "z": 0.5811229318293992}, "37": {"x": 2.0, "y": 5.0, "z": 0.5398097887064734}, "38": {"x": 1.999999999999999, "y": 5.999999999999998, "z": 0.4433760947416557}, "39": {"x": 1.9999999999999984, "y": 6.999999999999998, "z": 0.43857922568051}, "40": {"x": 1.999999999999998, "y": 7.999999999999998, "z": 0.3300284696318751}, "41": {"x": 1.9999999999999967, "y": 8.999999999999996, "z": 0.10340098877001276}, "42": {"x": 1.9999999999999976, "y": 9.999999999999996, "z": 0.2813897529093564}, "43": {"x": 1.999999999999998, "y": 10.999999999999996, "z": 0.3416236957558537}, "44": {"x": 1.9999999999999984, "y": 12.0, "z": 0.33003333523673034}, "45": {"x": 1.9999999999999996, "y": 13.0, "z": 0.19108254508003467}, "46": {"x": 1.9999999999999998, "y": 14.000000000000002, "z": 0.1605421099009086}, "47": {"x": 2.0, "y": 15.0, "z": 0.0}, "48": {"x": 3.0, "y": 0.0, "z": 0.0}, "49": {"x": 3.0000000000000004, "y": 1.0000000000000002, "z": 0.18090166492029772}, "50": {"x": 2.999999999999999, "y": 2.0, "z": 0.4002543096246757}, "51": {"x": 3.0, "y": 3.000000000000001, "z": 0.6459005657279598}, "52": {"x": 3.0, "y": 4.000000000000001, "z": 0.8754324828430334}, "53": {"x": 2.9999999999999996, "y": 5.0, "z": 0.6713682686370103}, "54": {"x": 2.9999999999999996, "y": 5.999999999999999, "z": 0.5428173502938095}, "55": {"x": 2.9999999999999987, "y": 6.999999999999998, "z": 0.5676826988574647}, "56": {"x": 2.9999999999999964, "y": 7.999999999999996, "z": 0.5769810764604555}, "57": {"x": 2.999999999999995, "y": 8.999999999999991, "z": 0.13794176175527115}, "58": {"x": 2.9999999999999947, "y": 9.99999999999999, "z": 0.5066986946567438}, "59": {"x": 2.999999999999997, "y": 10.999999999999993, "z": 0.4229472609042338}, "60": {"x": 2.999999999999998, "y": 11.999999999999995, "z": 0.47420515108894046}, "61": {"x": 2.999999999999999, "y": 12.999999999999996, "z": 0.2359375010171862}, "62": {"x": 3.0, "y": 14.0, "z": 0.3039238402811971}, "63": {"x": 3.0, "y": 15.0, "z": 0.0}, "64": {"x": 4.0, "y": 0.0, "z": 0.0}, "65": {"x": 4.000000000000001, "y": 1.0000000000000002, "z": 0.1975451249201791}, "66": {"x": 3.999999999999999, "y": 1.9999999999999996, "z": 0.40929763491556537}, "67": {"x": 3.999999999999999, "y": 2.9999999999999996, "z": 0.5870050604244914}, "68": {"x": 3.9999999999999996, "y": 3.999999999999999, "z": 0.6710560237954846}, "69": {"x": 3.999999999999999, "y": 4.999999999999999, "z": 0.6579632654256052}, "70": {"x": 4.0, "y": 6.0, "z": 0.5798268240059462}, "71": {"x": 3.9999999999999982, "y": 6.999999999999997, "z": 0.5349841837929605}, "72": {"x": 3.999999999999995, "y": 7.999999999999995, "z": 0.39895547816324517}, "73": {"x": 3.999999999999994, "y": 8.99999999999999, "z": 0.1652410143250868}, "74": {"x": 3.9999999999999956, "y": 9.999999999999993, "z": 0.32788280300737954}, "75": {"x": 3.999999999999996, "y": 10.999999999999995, "z": 0.3928803831741891}, "76": {"x": 3.999999999999997, "y": 11.999999999999993, "z": 0.37456917386427835}, "77": {"x": 3.9999999999999987, "y": 12.999999999999996, "z": 0.25261838572383105}, "78": {"x": 3.999999999999999, "y": 13.999999999999996, "z": 0.17826698101460997}, "79": {"x": 4.0, "y": 15.0, "z": 0.0}, "80": {"x": 5.0, "y": 0.0, "z": 0.0}, "81": {"x": 5.000000000000001, "y": 1.0, "z": 0.192659348319727}, "82": {"x": 5.0, "y": 2.0000000000000004, "z": 0.38017370528465244}, "83": {"x": 5.000000000000001, "y": 3.0000000000000004, "z": 0.5319073039928222}, "84": {"x": 5.000000000000001, "y": 4.0, "z": 0.6171808285665731}, "85": {"x": 4.999999999999999, "y": 4.999999999999999, "z": 0.6073963642035785}, "86": {"x": 5.0, "y": 5.999999999999998, "z": 0.5507965358697153}, "87": {"x": 4.999999999999999, "y": 6.9999999999999964, "z": 0.5008937456296123}, "88": {"x": 4.999999999999997, "y": 7.999999999999994, "z": 0.38715020124420624}, "89": {"x": 4.999999999999993, "y": 8.999999999999988, "z": 0.1772476124783153}, "90": {"x": 4.999999999999995, "y": 9.999999999999991, "z": 0.3140822916403559}, "91": {"x": 4.999999999999995, "y": 10.999999999999991, "z": 0.35445644638275187}, "92": {"x": 4.999999999999995, "y": 11.999999999999991, "z": 0.3427094205233942}, "93": {"x": 4.999999999999997, "y": 12.999999999999993, "z": 0.24213786918099778}, "94": {"x": 4.999999999999998, "y": 13.999999999999996, "z": 0.16823847047789314}, "95": {"x": 5.0, "y": 15.0, "z": 0.0}, "96": {"x": 6.0, "y": 0.0, "z": 0.0}, "97": {"x": 6.000000000000003, "y": 1.0000000000000004, "z": 0.17009698500537968}, "98": {"x": 6.000000000000001, "y": 2.0000000000000004, "z": 0.3124000894325062}, "99": {"x": 6.000000000000001, "y": 3.0000000000000004, "z": 0.4097138040967408}, "100": {"x": 6.000000000000001, "y": 4.0, "z": 0.46320466796312176}, "101": {"x": 6.000000000000002, "y": 5.0, "z": 0.4900365182456845}, "102": {"x": 6.000000000000001, "y": 5.999999999999998, "z": 0.4699937623662445}, "103": {"x": 6.0, "y": 6.999999999999999, "z": 0.4078679134197964}, "104": {"x": 5.999999999999997, "y": 7.999999999999996, "z": 0.30497245593159333}, "105": {"x": 5.999999999999992, "y": 8.99999999999999, "z": 0.1762643910843291}, "106": {"x": 5.999999999999992, "y": 9.999999999999988, "z": 0.23804927293706818}, "107": {"x": 5.999999999999994, "y": 10.99999999999999, "z": 0.274052683244004}, "108": {"x": 5.999999999999995, "y": 11.999999999999991, "z": 0.25716877145758626}, "109": {"x": 5.999999999999996, "y": 12.999999999999991, "z": 0.20892705204804685}, "110": {"x": 5.999999999999998, "y": 13.999999999999995, "z": 0.11837271702538445}, "111": {"x": 6.0, "y": 15.0, "z": 0.0}, "112": {"x": 7.0, "y": 0.0, "z": 0.0}, "113": {"x": 7.000000000000003, "y": 1.0000000000000002, "z": 0.15046087398137792}, "114": {"x": 7.000000000000003, "y": 2.0000000000000004, "z": 0.2975163735125042}, "115": {"x": 7.000000000000002, "y": 3.0, "z": 0.45657182511566546}, "116": {"x": 7.000000000000001, "y": 3.999999999999999,