{"attributes": {"name": "Mesh"}, "dva": {"x": 0.0, "y": 0.0, "z": 0.0}, "dea": {}, "dfa": {}, "vertex": {"0": {"x": 0.0, "y": 0.0, "z": 0.0}, "1": {"x": 0.0, "y": 1.0, "z": 0.0}, "2": {"x": 0.0, "y": 2.0, "z": 0.0}, "3": {"x": 0.0, "y": 3.0, "z": 0.0}, "4": {"x": 0.0, "y": 4.0, "z": 0.0}, "5": {"x": 0.0, "y": 5.0, "z": 0.0}, "6": {"x": 0.0, "y": 6.0, "z": 0.0}, "7": {"x": 0.0, "y": 7.0, "z": 0.0}, "8": {"x": 0.0, "y": 8.0, "z": 0.0}, "9": {"x": 0.0, "y": 9.0, "z": 0.0}, "10": {"x": 0.0, "y": 10.0, "z": 0.0}, "11": {"x": 0.0, "y": 11.0, "z": 0.0}, "12": {"x": 0.0, "y": 12.0, "z": 0.0}, "13": {"x": 0.0, "y": 13.0, "z": 0.0}, "14": {"x": 0.0, "y": 14.0, "z": 0.0}, "15": {"x": 0.0, "y": 15.0, "z": 0.0}, "16": {"x": 1.0, "y": 0.0, "z": 0.0}, "17": {"x": 1.0000000000000002, "y": 1.0000000000000007, "z": 0.1092574667607468}, "18": {"x": 1.0000000000000004, "y": 2.0000000000000018, "z": 0.1576169180722305}, "19": {"x": 1.0000000000000007, "y": 3.000000000000003, "z": 0.18684922857499922}, "20": {"x": 1.000000000000001, "y": 4.000000000000003, "z": 0.17250791317420044}, "21": {"x": 1.0000000000000013, "y": 5.0000000000000036, "z": 0.21394170762919257}, "22": {"x": 1.0000000000000016, "y": 6.0000000000000036, "z": 0.2618899170488678}, "23": {"x": 1.0000000000000016, "y": 7.0000000000000036, "z": 0.31556171019982493}, "24": {"x": 1.0000000000000018, "y": 8.000000000000005, "z": 0.3324067319671818}, "25": {"x": 1.000000000000001, "y": 9.000000000000004, "z": 0.3391427045713412}, "26": {"x": 1.000000000000001, "y": 10.000000000000004, "z": 0.3200634333326984}, "27": {"x": 1.0000000000000009, "y": 11.000000000000007, "z": 0.3227045664112356}, "28": {"x": 1.0000000000000009, "y": 12.000000000000004, "z": 0.27411833015521203}, "29": {"x": 1.0000000000000004, "y": 13.000000000000002, "z": 0.21450268350710266}, "30": {"x": 1.0, "y": 14.000000000000002, "z": 0.10749016976409233}, "31": {"x": 1.0, "y": 15.0, "z": 0.0}, "32": {"x": 2.0, "y": 0.0, "z": 0.0}, "33": {"x": 2.0000000000000004, "y": 1.000000000000001, "z": 0.10956491572387761}, "34": {"x": 2.000000000000001, "y": 2.000000000000002, "z": 0.205626380103247}, "35": {"x": 2.0000000000000013, "y": 3.000000000000004, "z": 0.26912665981039396}, "36": {"x": 2.000000000000002, "y": 4.000000000000005, "z": 0.31248841543534966}, "37": {"x": 2.000000000000002, "y": 5.000000000000008, "z": 0.38264845994787156}, "38": {"x": 2.0000000000000036, "y": 6.00000000000001, "z": 0.45287600035674785}, "39": {"x": 2.000000000000004, "y": 7.000000000000012, "z": 0.5066853905601555}, "40": {"x": 2.000000000000004, "y": 8.00000000000001, "z": 0.5402530971670088}, "41": {"x": 2.000000000000003, "y": 9.000000000000009, "z": 0.5464165403702687}, "42": {"x": 2.0000000000000027, "y": 10.00000000000001, "z": 0.528285502665765}, "43": {"x": 2.0000000000000027, "y": 11.000000000000012, "z": 0.4737034146174314}, "44": {"x": 2.0000000000000027, "y": 12.00000000000001, "z": 0.40134123163048707}, "45": {"x": 2.0000000000000018, "y": 13.000000000000007, "z": 0.29380571727804045}, "46": {"x": 2.0000000000000004, "y": 14.000000000000004, "z": 0.16596913371742128}, "47": {"x": 2.0, "y": 15.0, "z": 0.0}, "48": {"x": 3.0, "y": 0.0, "z": 0.0}, "49": {"x": 3.000000000000001, "y": 1.0000000000000009, "z": 0.54899950725724}, "50": {"x": 3.0000000000000004, "y": 2.0000000000000018, "z": 0.5373067720133518}, "51": {"x": 3.000000000000001, "y": 3.000000000000004, "z": 0.5970533250754536}, "52": {"x": 3.0000000000000027, "y": 4.000000000000005, "z": 0.3951294819120385}, "53": {"x": 3.0000000000000027, "y": 5.000000000000006, "z": 0.5100907396076555}, "54": {"x": 3.0000000000000027, "y": 6.000000000000007, "z": 0.6709232514839227}, "55": {"x": 3.000000000000004, "y": 7.000000000000011, "z": 0.9188002443139096}, "56": {"x": 3.0000000000000027, "y": 8.000000000000009, "z": 0.9501169021534885}, "57": {"x": 3.000000000000001, "y": 9.000000000000005, "z": 0.997112371345776}, "58": {"x": 3.0, "y": 10.000000000000004, "z": 0.9151661630117771}, "59": {"x": 3.0000000000000004, "y": 11.000000000000005, "z": 1.0989539858948747}, "60": {"x": 3.000000000000001, "y": 12.000000000000005, "z": 0.8901107695990197}, "61": {"x": 3.0, "y": 13.000000000000005, "z": 0.7736246012915757}, "62": {"x": 3.000000000000001, "y": 14.000000000000004, "z": 0.3374817989558952}, "63": {"x": 3.0, "y": 15.0, "z": 0.0}, "64": {"x": 4.0, "y": 0.0, "z": 0.0}, "65": {"x": 4.000000000000001, "y": 1.0000000000000009, "z": 0.5645364021284495}, "66": {"x": 4.000000000000001, "y": 2.0000000000000018, "z": 0.6953151745181257}, "67": {"x": 4.0, "y": 3.0000000000000036, "z": 0.7224818551199387}, "68": {"x": 4.000000000000002, "y": 4.000000000000004, "z": 0.4522237492322158}, "69": {"x": 4.000000000000002, "y": 5.000000000000006, "z": 0.5936845318306813}, "70": {"x": 4.0000000000000036, "y": 6.000000000000008, "z": 0.8154377077213039}, "71": {"x": 4.000000000000003, "y": 7.000000000000008, "z": 1.1308678395448812}, "72": {"x": 4.000000000000001, "y": 8.000000000000004, "z": 1.2083483786912181}, "73": {"x": 3.9999999999999987, "y": 9.0, "z": 1.2685665392744898}, "74": {"x": 3.9999999999999982, "y": 9.999999999999998, "z": 1.185496736122319}, "75": {"x": 3.9999999999999982, "y": 11.000000000000002, "z": 1.358823720522033}, "76": {"x": 3.9999999999999996, "y": 12.0, "z": 1.1764739836595313}, "77": {"x": 3.9999999999999987, "y": 12.999999999999998, "z": 0.9758354591943669}, "78": {"x": 4.0, "y": 14.0, "z": 0.4523035256724096}, "79": {"x": 4.0, "y": 15.0, "z": 0.0}, "80": {"x": 5.0, "y": 0.0, "z": 0.0}, "81": {"x": 5.0, "y": 1.0000000000000004, "z": 0.5159524087656319}, "82": {"x": 5.0, "y": 2.000000000000001, "z": 0.7330298054970473}, "83": {"x": 4.999999999999999, "y": 3.0000000000000013, "z": 0.7376456416982418}, "84": {"x": 5.000000000000001, "y": 4.0000000000000036, "z": 0.47596100358106963}, "85": {"x": 5.000000000000003, "y": 5.000000000000004, "z": 0.6288410774934055}, "86": {"x": 5.0000000000000036, "y": 6.000000000000007, "z": 0.8812026907327238}, "87": {"x": 5.000000000000002, "y": 7.0000000000000036, "z": 1.2052722002643836}, "88": {"x": 4.999999999999999, "y": 8.0, "z": 1.3241858332684886}, "89": {"x": 4.999999999999998, "y": 8.999999999999998, "z": 1.3894424668487029}, "90": {"x": 4.999999999999998, "y": 9.999999999999996, "z": 1.3244195782335497}, "91": {"x": 4.999999999999999, "y": 10.999999999999998, "z": 1.4411580087847349}, "92": {"x": 4.999999999999998, "y": 11.999999999999998, "z": 1.2923749349833296}, "93": {"x": 4.999999999999998, "y": 12.999999999999998, "z": 1.0321850746319774}, "94": {"x": 4.999999999999998, "y": 13.999999999999996, "z": 0.5098282688007025}, "95": {"x": 5.0, "y": 15.0, "z": 0.0}, "96": {"x": 6.0, "y": 0.0, "z": 0.0}, "97": {"x": 6.0, "y": 1.0000000000000002, "z": 0.4905768570440966}, "98": {"x": 5.999999999999999, "y": 2.0000000000000004, "z": 0.7263613410703997}, "99": {"x": 5.999999999999999, "y": 3.0000000000000004, "z": 0.7190641285513747}, "100": {"x": 6.0, "y": 4.000000000000002, "z": 0.45815443276802575}, "101": {"x": 6.0000000000000036, "y": 5.000000000000004, "z": 0.6091976151467526}, "102": {"x": 6.0000000000000036, "y": 6.000000000000005, "z": 0.8661862656149307}, "103": {"x": 6.000000000000002, "y": 7.000000000000003, "z": 1.188536141215144}, "104": {"x": 6.0, "y": 7.999999999999998, "z": 1.3187036394095564}, "105": {"x": 5.999999999999997, "y": 8.999999999999996, "z": 1.3858058138472198}, "106": {"x": 5.999999999999997, "y": 9.999999999999995, "z": 1.3288887159959144}, "107": {"x": 5.999999999999997, "y": 10.999999999999995, "z": 1.431167921216317}, "108": {"x": 5.9999999999999964, "y": 11.999999999999995, "z": 1.2973421804593188}, "109": {"x": 5.999999999999997, "y": 12.999999999999996, "z": 1.0271018586001148}, "110": {"x": 5.999999999999999, "y": 14.000000000000002, "z": 0.5158822063745176}, "111": {"x": 6.0, "y": 15.0, "z": 0.0}, "112": {"x": 7.0, "y": 0.0, "z": 0.0}, "113": {"x": 6.999999999999997, "y": 0.9999999999999996, "z": 0.6012507418516226},