{"attributes": {"name": "Mesh"}, "dva": {"x": 0.0, "y": 0.0, "z": 0.0}, "dea": {}, "dfa": {}, "vertex": {"0": {"x": 0.0, "y": 0.0, "z": 0.0}, "1": {"x": 0.0, "y": 1.0, "z": 0.0}, "2": {"x": 0.0, "y": 2.0, "z": 0.0}, "3": {"x": 0.0, "y": 3.0, "z": 0.0}, "4": {"x": 0.0, "y": 4.0, "z": 0.0}, "5": {"x": 0.0, "y": 5.0, "z": 0.0}, "6": {"x": 0.0, "y": 6.0, "z": 0.0}, "7": {"x": 0.0, "y": 7.0, "z": 0.0}, "8": {"x": 0.0, "y": 8.0, "z": 0.0}, "9": {"x": 0.0, "y": 9.0, "z": 0.0}, "10": {"x": 0.0, "y": 10.0, "z": 0.0}, "11": {"x": 0.0, "y": 11.0, "z": 0.0}, "12": {"x": 0.0, "y": 12.0, "z": 0.0}, "13": {"x": 0.0, "y": 13.0, "z": 0.0}, "14": {"x": 0.0, "y": 14.0, "z": 0.0}, "15": {"x": 0.0, "y": 15.0, "z": 0.0}, "16": {"x": 1.0, "y": 0.0, "z": 0.0}, "17": {"x": 0.9999999999999997, "y": 1.0, "z": 0.35396770405584693}, "18": {"x": 1.0, "y": 1.9999999999999996, "z": 0.6835014339102472}, "19": {"x": 1.0000000000000004, "y": 3.0000000000000004, "z": 0.9222409224232081}, "20": {"x": 1.0000000000000009, "y": 4.000000000000001, "z": 0.821790941328532}, "21": {"x": 1.0000000000000002, "y": 4.999999999999999, "z": 0.9176351313084995}, "22": {"x": 1.0000000000000009, "y": 6.0, "z": 0.9033416668718549}, "23": {"x": 1.0000000000000004, "y": 6.999999999999998, "z": 0.6704167161317481}, "24": {"x": 0.9999999999999994, "y": 7.999999999999998, "z": 0.6010711390470036}, "25": {"x": 0.9999999999999999, "y": 9.000000000000002, "z": 0.7296273825403988}, "26": {"x": 1.0000000000000009, "y": 10.000000000000009, "z": 0.4607682943094905}, "27": {"x": 0.9999999999999998, "y": 10.999999999999996, "z": 0.18493691368114823}, "28": {"x": 0.9999999999999999, "y": 12.0, "z": 0.7993025002174937}, "29": {"x": 0.9999999999999999, "y": 12.999999999999998, "z": 0.9953507055541628}, "30": {"x": 0.9999999999999999, "y": 14.0, "z": 0.6126960902988847}, "31": {"x": 1.0, "y": 15.0, "z": 0.0}, "32": {"x": 2.0, "y": 0.0, "z": 0.0}, "33": {"x": 1.9999999999999993, "y": 0.9999999999999999, "z": 0.5900551924724972}, "34": {"x": 2.0, "y": 2.0, "z": 1.12757447355626}, "35": {"x": 2.0000000000000013, "y": 3.000000000000001, "z": 1.5146621932776658}, "36": {"x": 2.000000000000002, "y": 4.000000000000002, "z": 1.3931550226654799}, "37": {"x": 2.0000000000000013, "y": 5.000000000000001, "z": 1.5432385496898955}, "38": {"x": 2.000000000000002, "y": 6.000000000000003, "z": 1.5194301612070984}, "39": {"x": 2.000000000000001, "y": 6.999999999999999, "z": 1.1654220551727876}, "40": {"x": 1.999999999999999, "y": 7.999999999999997, "z": 1.04688646245586}, "41": {"x": 1.9999999999999998, "y": 8.999999999999998, "z": 1.2135179864985048}, "42": {"x": 2.000000000000001, "y": 10.000000000000004, "z": 0.7892490991452622}, "43": {"x": 1.9999999999999998, "y": 10.999999999999996, "z": 0.3408669927527273}, "44": {"x": 1.9999999999999996, "y": 11.999999999999996, "z": 1.2456763696680777}, "45": {"x": 2.0, "y": 12.999999999999996, "z": 1.525422308662913}, "46": {"x": 2.0, "y": 13.999999999999998, "z": 0.9430290032355055}, "47": {"x": 2.0, "y": 15.0, "z": 0.0}, "48": {"x": 3.0, "y": 0.0, "z": 0.0}, "49": {"x": 2.999999999999999, "y": 0.9999999999999999, "z": 0.7097065516214567}, "50": {"x": 3.0000000000000004, "y": 2.0000000000000004, "z": 1.3350671588080778}, "51": {"x": 3.0000000000000013, "y": 3.000000000000001, "z": 1.7771880869322263}, "52": {"x": 3.0000000000000027, "y": 4.000000000000003, "z": 1.7176077146224373}, "53": {"x": 3.000000000000002, "y": 5.000000000000002, "z": 1.8789816136147621}, "54": {"x": 3.000000000000002, "y": 6.000000000000001, "z": 1.8489090510332493}, "55": {"x": 3.000000000000001, "y": 6.999999999999999, "z": 1.4861156334748584}, "56": {"x": 2.9999999999999987, "y": 7.999999999999995, "z": 1.3385588858558686}, "57": {"x": 2.999999999999999, "y": 8.999999999999995, "z": 1.4499309498107957}, "58": {"x": 3.0000000000000013, "y": 10.000000000000004, "z": 0.9868078925516298}, "59": {"x": 3.0, "y": 10.999999999999998, "z": 0.46759571512168446}, "60": {"x": 2.9999999999999996, "y": 11.999999999999996, "z": 1.3379152914122525}, "61": {"x": 3.0, "y": 12.999999999999996, "z": 1.5842998228605742}, "62": {"x": 3.0000000000000004, "y": 14.0, "z": 0.9954483060220594}, "63": {"x": 3.0, "y": 15.0, "z": 0.0}, "64": {"x": 4.0, "y": 0.0, "z": 0.0}, "65": {"x": 3.999999999999999, "y": 1.0, "z": 0.7158136026887348}, "66": {"x": 4.0, "y": 2.0, "z": 1.3125411132057225}, "67": {"x": 4.0, "y": 3.0000000000000004, "z": 1.7070611674270273}, "68": {"x": 4.000000000000002, "y": 4.000000000000002, "z": 1.8029392366354795}, "69": {"x": 4.000000000000002, "y": 5.000000000000002, "z": 1.9292529595997545}, "70": {"x": 4.000000000000003, "y": 6.000000000000002, "z": 1.8924986613289845}, "71": {"x": 4.000000000000001, "y": 6.999999999999999, "z": 1.6347458780799586}, "72": {"x": 3.9999999999999982, "y": 7.999999999999996, "z": 1.4785872954551869}, "73": {"x": 3.9999999999999987, "y": 8.999999999999995, "z": 1.4333978424166738}, "74": {"x": 4.000000000000001, "y": 10.000000000000002, "z": 1.0566422646417413}, "75": {"x": 4.0, "y": 10.999999999999998, "z": 0.564728077848752}, "76": {"x": 4.0, "y": 12.0, "z": 1.075455068910885}, "77": {"x": 4.000000000000001, "y": 12.999999999999998, "z": 1.1450800520117388}, "78": {"x": 4.0, "y": 14.0, "z": 0.7830857390515303}, "79": {"x": 4.0, "y": 15.0, "z": 0.0}, "80": {"x": 5.0, "y": 0.0, "z": 0.0}, "81": {"x": 5.0, "y": 0.9999999999999999, "z": 0.6440125660608901}, "82": {"x": 4.999999999999999, "y": 1.9999999999999996, "z": 1.1851143659732477}, "83": {"x": 4.999999999999999, "y": 3.0000000000000004, "z": 1.5814280906090594}, "84": {"x": 5.000000000000001, "y": 4.000000000000001, "z": 1.6644129204398097}, "85": {"x": 5.000000000000001, "y": 5.000000000000001, "z": 1.8092589934864582}, "86": {"x": 5.000000000000001, "y": 6.000000000000002, "z": 1.8077055877903447}, "87": {"x": 5.000000000000001, "y": 7.0, "z": 1.5900749964816863}, "88": {"x": 5.0, "y": 7.9999999999999964, "z": 1.4493576239422807}, "89": {"x": 5.0, "y": 9.0, "z": 1.4145084568933346}, "90": {"x": 5.000000000000002, "y": 10.000000000000002, "z": 1.0392067470057422}, "91": {"x": 5.0, "y": 10.999999999999998, "z": 0.603774592263278}, "92": {"x": 5.0, "y": 11.999999999999996, "z": 1.0285321956654085}, "93": {"x": 4.999999999999999, "y": 12.999999999999996, "z": 1.09900413207382}, "94": {"x": 4.999999999999999, "y": 13.999999999999995, "z": 0.6710181352329885}, "95": {"x": 5.0, "y": 15.0, "z": 0.0}, "96": {"x": 6.0, "y": 0.0, "z": 0.0}, "97": {"x": 6.0, "y": 0.9999999999999999, "z": 0.46503269451390616}, "98": {"x": 5.999999999999999, "y": 2.0000000000000004, "z": 0.8344573746570699}, "99": {"x": 6.0, "y": 3.0, "z": 1.110459017340796}, "100": {"x": 6.000000000000001, "y": 4.000000000000001, "z": 1.3064827276045738}, "101": {"x": 6.000000000000001, "y": 5.000000000000001, "z": 1.4108314985683656}, "102": {"x": 6.000000000000001, "y": 6.0, "z": 1.434564641418985}, "103": {"x": 6.000000000000001, "y": 7.0, "z": 1.3844370969403896}, "104": {"x": 6.000000000000001, "y": 8.0, "z": 1.2780197960894675}, "105": {"x": 6.000000000000001, "y": 9.0, "z": 1.1214008983448738}, "106": {"x": 6.000000000000002, "y": 10.0, "z": 0.8974574627646401}, "107": {"x": 6.0, "y": 10.999999999999998, "z": 0.6143035200413884}, "108": {"x": 5.999999999999999, "y": 11.999999999999996, "z": 0.580656905998554}, "109": {"x": 5.999999999999999, "y": 12.999999999999996, "z": 0.4672817786764327}, "110": {"x": 6.000000000000002, "y": 14.0, "z": 0.28215478120156184}, "111": {"x": 6.0, "y": 15.0, "z": 0.0}, "112": {"x": 7.0, "y": 0.0, "z": 0.0}, "113": {"x": 7.0, "y": 1.0, "z": 0.460356382537096}, "114": {"x": 7.000000000000002, "y": 2.0000000000000013, "z": 0.8524103713984008}, "115": {"x": 7.000000000000004, "y": 3.0000000000000018, "z": 1.1938564916504968}, "116": {"x": 7.0000000000000036, "y": 4.000000000000002, "z": 1.2229547813641355}, "117": {"x": 7.000000000000003, "y": 5.000000000000003, "z": 1.364303509278902}, "118": {"x": 7.0000000000000036, "y": 6.0000000000000036,