{"attributes": {"name": "Mesh"}, "dva": {"x": 0.0, "y": 0.0, "z": 0.0}, "dea": {}, "dfa": {}, "vertex": {"0": {"x": 0.0, "y": 0.0, "z": 0.0}, "1": {"x": 0.0, "y": 1.0, "z": 0.0}, "2": {"x": 0.0, "y": 2.0, "z": 0.0}, "3": {"x": 0.0, "y": 3.0, "z": 0.0}, "4": {"x": 0.0, "y": 4.0, "z": 0.0}, "5": {"x": 0.0, "y": 5.0, "z": 0.0}, "6": {"x": 0.0, "y": 6.0, "z": 0.0}, "7": {"x": 0.0, "y": 7.0, "z": 0.0}, "8": {"x": 0.0, "y": 8.0, "z": 0.0}, "9": {"x": 0.0, "y": 9.0, "z": 0.0}, "10": {"x": 0.0, "y": 10.0, "z": 0.0}, "11": {"x": 0.0, "y": 11.0, "z": 0.0}, "12": {"x": 0.0, "y": 12.0, "z": 0.0}, "13": {"x": 0.0, "y": 13.0, "z": 0.0}, "14": {"x": 0.0, "y": 14.0, "z": 0.0}, "15": {"x": 0.0, "y": 15.0, "z": 0.0}, "16": {"x": 1.0, "y": 0.0, "z": 0.0}, "17": {"x": 0.9999999999999999, "y": 0.9999999999999999, "z": 0.08054420306846918}, "18": {"x": 0.9999999999999997, "y": 1.9999999999999993, "z": 0.21393735762275065}, "19": {"x": 0.9999999999999994, "y": 2.9999999999999982, "z": 0.29490506399465943}, "20": {"x": 0.9999999999999993, "y": 3.9999999999999982, "z": 0.3435027299447152}, "21": {"x": 0.9999999999999991, "y": 4.999999999999998, "z": 0.3558283074763562}, "22": {"x": 0.9999999999999991, "y": 6.0, "z": 0.32881228731287687}, "23": {"x": 0.9999999999999992, "y": 7.000000000000001, "z": 0.4118486587068046}, "24": {"x": 0.9999999999999993, "y": 8.0, "z": 0.4396968082005123}, "25": {"x": 0.9999999999999996, "y": 9.0, "z": 0.42077117885696885}, "26": {"x": 1.0, "y": 10.000000000000005, "z": 0.3647292495370135}, "27": {"x": 0.9999999999999999, "y": 11.000000000000004, "z": 0.2670512422706019}, "28": {"x": 0.9999999999999997, "y": 11.999999999999998, "z": 0.271168995763454}, "29": {"x": 0.9999999999999994, "y": 12.999999999999995, "z": 0.23435273633728673}, "30": {"x": 0.9999999999999997, "y": 13.999999999999996, "z": 0.14397059309916954}, "31": {"x": 1.0, "y": 15.0, "z": 0.0}, "32": {"x": 2.0, "y": 0.0, "z": 0.0}, "33": {"x": 2.0, "y": 0.9999999999999999, "z": 0.13597649266396286}, "34": {"x": 1.9999999999999998, "y": 1.9999999999999993, "z": 0.36410070267612}, "35": {"x": 1.9999999999999996, "y": 2.999999999999999, "z": 0.5056926417563602}, "36": {"x": 1.9999999999999996, "y": 4.0, "z": 0.5871903999474712}, "37": {"x": 1.999999999999999, "y": 4.999999999999999, "z": 0.6045374683663222}, "38": {"x": 1.9999999999999984, "y": 5.999999999999998, "z": 0.5545702189149884}, "39": {"x": 1.9999999999999984, "y": 6.999999999999999, "z": 0.6956888581570628}, "40": {"x": 1.9999999999999991, "y": 8.0, "z": 0.7506254063627474}, "41": {"x": 1.9999999999999991, "y": 9.0, "z": 0.7216277492449726}, "42": {"x": 1.9999999999999987, "y": 10.0, "z": 0.6221146303412154}, "43": {"x": 1.9999999999999996, "y": 11.000000000000004, "z": 0.4505880338412856}, "44": {"x": 2.0, "y": 12.000000000000002, "z": 0.46396778428773033}, "45": {"x": 2.0000000000000004, "y": 13.000000000000004, "z": 0.40116013556891866}, "46": {"x": 2.0000000000000004, "y": 14.000000000000002, "z": 0.2476215915866871}, "47": {"x": 2.0, "y": 15.0, "z": 0.0}, "48": {"x": 3.0, "y": 0.0, "z": 0.0}, "49": {"x": 3.0, "y": 0.9999999999999999, "z": 0.16420067435570931}, "50": {"x": 2.9999999999999996, "y": 1.999999999999999, "z": 0.5182224807851782}, "51": {"x": 2.999999999999999, "y": 2.9999999999999987, "z": 0.6590697152963713}, "52": {"x": 2.9999999999999987, "y": 3.9999999999999996, "z": 0.7630785415775665}, "53": {"x": 2.999999999999998, "y": 4.999999999999997, "z": 0.7807562776699192}, "54": {"x": 2.999999999999997, "y": 5.9999999999999964, "z": 0.6657904276349355}, "55": {"x": 2.999999999999997, "y": 6.999999999999998, "z": 0.9845072130687357}, "56": {"x": 2.999999999999998, "y": 7.999999999999999, "z": 1.0453774291151277}, "57": {"x": 2.9999999999999982, "y": 8.999999999999998, "z": 0.9623984007203249}, "58": {"x": 2.9999999999999982, "y": 9.999999999999998, "z": 0.8174644595475149}, "59": {"x": 2.9999999999999996, "y": 11.000000000000004, "z": 0.5386843319801025}, "60": {"x": 3.0, "y": 12.000000000000005, "z": 0.6262808435576348}, "61": {"x": 3.000000000000001, "y": 13.000000000000005, "z": 0.6166312303003322}, "62": {"x": 3.000000000000001, "y": 14.000000000000005, "z": 0.4012541518884955}, "63": {"x": 3.0, "y": 15.0, "z": 0.0}, "64": {"x": 4.0, "y": 0.0, "z": 0.0}, "65": {"x": 4.0, "y": 0.9999999999999997, "z": 0.170872851834005}, "66": {"x": 3.999999999999999, "y": 1.999999999999999, "z": 0.4853203790436904}, "67": {"x": 3.999999999999998, "y": 2.999999999999998, "z": 0.6456524322223332}, "68": {"x": 3.9999999999999987, "y": 3.9999999999999982, "z": 0.7499979977109538}, "69": {"x": 3.999999999999998, "y": 4.999999999999997, "z": 0.7728657880334366}, "70": {"x": 3.999999999999996, "y": 5.999999999999995, "z": 0.6894131645430732}, "71": {"x": 3.9999999999999964, "y": 6.9999999999999964, "z": 0.9272780258004205}, "72": {"x": 3.999999999999998, "y": 7.999999999999999, "z": 0.9971235851935281}, "73": {"x": 3.9999999999999982, "y": 9.0, "z": 0.9395349957376028}, "74": {"x": 3.9999999999999973, "y": 9.999999999999998, "z": 0.8039498617373513}, "75": {"x": 3.9999999999999987, "y": 11.000000000000002, "z": 0.5590072617215196}, "76": {"x": 3.999999999999999, "y": 12.000000000000002, "z": 0.6094487485122237}, "77": {"x": 4.0, "y": 13.000000000000005, "z": 0.5603958316064582}, "78": {"x": 4.0, "y": 14.0, "z": 0.35613211111495613}, "79": {"x": 4.0, "y": 15.0, "z": 0.0}, "80": {"x": 5.0, "y": 0.0, "z": 0.0}, "81": {"x": 5.0, "y": 0.9999999999999994, "z": 0.1537997741531781}, "82": {"x": 4.999999999999998, "y": 1.9999999999999982, "z": 0.36368463825194675}, "83": {"x": 4.999999999999998, "y": 2.9999999999999973, "z": 0.5017444811971282}, "84": {"x": 4.999999999999998, "y": 3.999999999999997, "z": 0.5924674499268809}, "85": {"x": 4.999999999999998, "y": 4.9999999999999964, "z": 0.6309927409627075}, "86": {"x": 4.999999999999995, "y": 5.999999999999995, "z": 0.6132168489461134}, "87": {"x": 4.999999999999995, "y": 6.9999999999999964, "z": 0.7236716998290434}, "88": {"x": 4.999999999999995, "y": 7.9999999999999964, "z": 0.7600811327891337}, "89": {"x": 4.9999999999999964, "y": 8.999999999999998, "z": 0.7295817784421584}, "90": {"x": 4.9999999999999964, "y": 9.999999999999996, "z": 0.6438203101510511}, "91": {"x": 4.999999999999997, "y": 11.0, "z": 0.49867760090879226}, "92": {"x": 4.999999999999997, "y": 12.0, "z": 0.4751915923448507}, "93": {"x": 4.999999999999998, "y": 13.0, "z": 0.39132556195237767}, "94": {"x": 5.0, "y": 14.000000000000004, "z": 0.23328190887844544}, "95": {"x": 5.0, "y": 15.0, "z": 0.0}, "96": {"x": 6.0, "y": 0.0, "z": 0.0}, "97": {"x": 6.0, "y": 0.9999999999999992, "z": 0.1139205643799259}, "98": {"x": 5.9999999999999964, "y": 1.9999999999999978, "z": 0.20385116588742594}, "99": {"x": 5.999999999999997, "y": 2.9999999999999964, "z": 0.2857025252343049}, "100": {"x": 5.999999999999996, "y": 3.9999999999999947, "z": 0.3509621074048826}, "101": {"x": 5.999999999999994, "y": 4.999999999999994, "z": 0.4021040364129835}, "102": {"x": 5.999999999999995, "y": 5.999999999999993, "z": 0.44162396444048674}, "103": {"x": 5.999999999999995, "y": 6.999999999999994, "z": 0.44498833449038555}, "104": {"x": 5.999999999999993, "y": 7.999999999999992, "z": 0.44182390265489657}, "105": {"x": 5.999999999999993, "y": 8.999999999999995, "z": 0.4280669763189593}, "106": {"x": 5.999999999999994, "y": 9.999999999999993, "z": 0.39964458236812844}, "107": {"x": 5.999999999999996, "y": 10.999999999999995, "z": 0.3596587220232491}, "108": {"x": 5.999999999999995, "y": 11.999999999999996, "z": 0.2855978459106711}, "109": {"x": 5.999999999999995, "y": 12.999999999999998, "z": 0.1987720013597664}, "110": {"x": 5.9999999999999964, "y": 14.0, "z": 0.10376616394019367}, "111": {"x": 6.0, "y": 15.0, "z": 0.0}, "112": {"x": 7.0, "y": 0.0, "z": 0.0}, "113": {"x": 7.0, "y": 0.9999999999999992, "z": 0.11881187254175732}, "114": {"x": 6.999999999999997, "y": 1.9999999999999976, "z": 0.3670581915323244}, "115": {"x": 6.999999999999995,