{"attributes": {"name": "Mesh"}, "dva": {"x": 0.0, "y": 0.0, "z": 0.0}, "dea": {}, "dfa": {}, "vertex": {"0": {"x": 0.0, "y": 0.0, "z": 0.0}, "1": {"x": 0.0, "y": 1.0, "z": 0.0}, "2": {"x": 0.0, "y": 2.0, "z": 0.0}, "3": {"x": 0.0, "y": 3.0, "z": 0.0}, "4": {"x": 0.0, "y": 4.0, "z": 0.0}, "5": {"x": 0.0, "y": 5.0, "z": 0.0}, "6": {"x": 0.0, "y": 6.0, "z": 0.0}, "7": {"x": 0.0, "y": 7.0, "z": 0.0}, "8": {"x": 0.0, "y": 8.0, "z": 0.0}, "9": {"x": 0.0, "y": 9.0, "z": 0.0}, "10": {"x": 0.0, "y": 10.0, "z": 0.0}, "11": {"x": 0.0, "y": 11.0, "z": 0.0}, "12": {"x": 0.0, "y": 12.0, "z": 0.0}, "13": {"x": 0.0, "y": 13.0, "z": 0.0}, "14": {"x": 0.0, "y": 14.0, "z": 0.0}, "15": {"x": 0.0, "y": 15.0, "z": 0.0}, "16": {"x": 1.0, "y": 0.0, "z": 0.0}, "17": {"x": 1.0000000000000004, "y": 1.0000000000000002, "z": 0.25511099294841916}, "18": {"x": 1.0000000000000004, "y": 2.0000000000000004, "z": 0.41163943874627806}, "19": {"x": 0.9999999999999999, "y": 3.0, "z": 0.4590302217021472}, "20": {"x": 0.9999999999999996, "y": 3.999999999999999, "z": 0.4780544444296292}, "21": {"x": 0.9999999999999998, "y": 5.0, "z": 0.46900986002929324}, "22": {"x": 1.0, "y": 6.000000000000002, "z": 0.38450613477850737}, "23": {"x": 0.9999999999999997, "y": 6.999999999999998, "z": 0.27754987582908985}, "24": {"x": 0.9999999999999999, "y": 8.0, "z": 0.4954885093766091}, "25": {"x": 0.9999999999999997, "y": 9.0, "z": 0.5662614670353012}, "26": {"x": 1.0000000000000002, "y": 10.000000000000002, "z": 0.7101047046182349}, "27": {"x": 1.0000000000000002, "y": 11.000000000000004, "z": 0.7569052847454583}, "28": {"x": 1.0, "y": 12.000000000000004, "z": 0.6926132573304143}, "29": {"x": 0.9999999999999999, "y": 12.999999999999998, "z": 0.4807848878692092}, "30": {"x": 1.0000000000000002, "y": 13.999999999999998, "z": 0.21513870455801148}, "31": {"x": 1.0, "y": 15.0, "z": 0.0}, "32": {"x": 2.0, "y": 0.0, "z": 0.0}, "33": {"x": 2.0000000000000004, "y": 0.9999999999999999, "z": 0.4359764571838217}, "34": {"x": 2.0000000000000004, "y": 1.9999999999999996, "z": 0.7088786859329091}, "35": {"x": 1.9999999999999998, "y": 2.999999999999999, "z": 0.7686492258549035}, "36": {"x": 1.999999999999999, "y": 3.999999999999998, "z": 0.8063999182092987}, "37": {"x": 1.999999999999999, "y": 4.999999999999998, "z": 0.8101214238994268}, "38": {"x": 2.0, "y": 5.999999999999999, "z": 0.6677131973314844}, "39": {"x": 1.9999999999999993, "y": 6.9999999999999964, "z": 0.4906545375203959}, "40": {"x": 1.9999999999999993, "y": 7.999999999999998, "z": 0.8991407130863655}, "41": {"x": 1.9999999999999996, "y": 9.0, "z": 0.9443868907940881}, "42": {"x": 2.0000000000000004, "y": 10.000000000000005, "z": 1.2183716084313008}, "43": {"x": 2.0000000000000004, "y": 11.000000000000005, "z": 1.313755058784385}, "44": {"x": 2.0, "y": 12.000000000000002, "z": 1.2340193360027445}, "45": {"x": 2.0, "y": 12.999999999999998, "z": 0.8066198208286868}, "46": {"x": 2.0000000000000004, "y": 13.999999999999998, "z": 0.35064301730289604}, "47": {"x": 2.0, "y": 15.0, "z": 0.0}, "48": {"x": 3.0, "y": 0.0, "z": 0.0}, "49": {"x": 3.0000000000000004, "y": 0.9999999999999999, "z": 0.49094381186124114}, "50": {"x": 3.000000000000001, "y": 1.9999999999999993, "z": 0.804546831857508}, "51": {"x": 3.0, "y": 2.999999999999998, "z": 0.9063624115812415}, "52": {"x": 2.9999999999999982, "y": 3.9999999999999964, "z": 0.9660420639883283}, "53": {"x": 2.999999999999999, "y": 4.999999999999997, "z": 0.9777206763000286}, "54": {"x": 2.9999999999999987, "y": 5.999999999999996, "z": 0.8410043932021096}, "55": {"x": 2.9999999999999982, "y": 6.999999999999995, "z": 0.6609485495691813}, "56": {"x": 2.9999999999999987, "y": 7.999999999999996, "z": 1.0600515817493859}, "57": {"x": 2.9999999999999996, "y": 8.999999999999996, "z": 1.1434312732336438}, "58": {"x": 3.000000000000001, "y": 10.000000000000004, "z": 1.4012615793226741}, "59": {"x": 3.0000000000000004, "y": 11.000000000000004, "z": 1.4773668379977576}, "60": {"x": 2.9999999999999996, "y": 12.0, "z": 1.350088248976076}, "61": {"x": 3.0, "y": 13.0, "z": 0.919758294349853}, "62": {"x": 3.0000000000000004, "y": 14.000000000000002, "z": 0.4143333344301469}, "63": {"x": 3.0, "y": 15.0, "z": 0.0}, "64": {"x": 4.0, "y": 0.0, "z": 0.0}, "65": {"x": 4.0, "y": 0.9999999999999999, "z": 0.4568310963129201}, "66": {"x": 4.000000000000001, "y": 1.9999999999999996, "z": 0.7686422461422248}, "67": {"x": 4.000000000000001, "y": 2.9999999999999987, "z": 0.8859612522775706}, "68": {"x": 3.9999999999999982, "y": 3.999999999999997, "z": 0.9703069173674272}, "69": {"x": 3.999999999999998, "y": 4.9999999999999964, "z": 1.0096613954673523}, "70": {"x": 3.9999999999999982, "y": 5.9999999999999964, "z": 0.9115438611196218}, "71": {"x": 3.999999999999999, "y": 6.9999999999999964, "z": 0.7738000077943892}, "72": {"x": 3.9999999999999987, "y": 7.999999999999996, "z": 1.1296417940533987}, "73": {"x": 4.0, "y": 8.999999999999996, "z": 1.1480846072281963}, "74": {"x": 3.9999999999999996, "y": 10.0, "z": 1.3517196610858724}, "75": {"x": 3.9999999999999987, "y": 10.999999999999998, "z": 1.3923826706532676}, "76": {"x": 3.9999999999999996, "y": 12.0, "z": 1.2843881261377816}, "77": {"x": 4.0, "y": 13.000000000000004, "z": 0.8544799654033289}, "78": {"x": 4.0, "y": 14.000000000000002, "z": 0.4011792784156866}, "79": {"x": 4.0, "y": 15.0, "z": 0.0}, "80": {"x": 5.0, "y": 0.0, "z": 0.0}, "81": {"x": 5.0, "y": 0.9999999999999998, "z": 0.2923067007188362}, "82": {"x": 5.0, "y": 1.9999999999999996, "z": 0.5228823168835158}, "83": {"x": 5.0, "y": 2.9999999999999982, "z": 0.6965752061415856}, "84": {"x": 4.999999999999998, "y": 3.999999999999997, "z": 0.8087916428327304}, "85": {"x": 4.999999999999998, "y": 4.9999999999999964, "z": 0.8652038965616728}, "86": {"x": 4.999999999999999, "y": 5.9999999999999964, "z": 0.873032833786845}, "87": {"x": 5.0, "y": 6.9999999999999964, "z": 0.8469847205067453}, "88": {"x": 5.0, "y": 7.999999999999998, "z": 0.9358178514914485}, "89": {"x": 5.000000000000001, "y": 8.999999999999998, "z": 0.9823661597528401}, "90": {"x": 5.000000000000001, "y": 10.0, "z": 0.9663813279314811}, "91": {"x": 4.999999999999999, "y": 11.0, "z": 0.8929912132417488}, "92": {"x": 4.999999999999999, "y": 12.000000000000002, "z": 0.7590172693692224}, "93": {"x": 4.999999999999999, "y": 13.000000000000002, "z": 0.5747769229856456}, "94": {"x": 5.000000000000001, "y": 14.000000000000005, "z": 0.32116121540228476}, "95": {"x": 5.0, "y": 15.0, "z": 0.0}, "96": {"x": 6.0, "y": 0.0, "z": 0.0}, "97": {"x": 6.0, "y": 0.9999999999999999, "z": 0.3739422664140072}, "98": {"x": 5.999999999999999, "y": 1.9999999999999993, "z": 0.6570985112182061}, "99": {"x": 5.999999999999998, "y": 2.9999999999999982, "z": 0.7679434105385549}, "100": {"x": 6.0, "y": 3.999999999999999, "z": 0.8675684289839664}, "101": {"x": 5.999999999999998, "y": 4.999999999999997, "z": 0.9317254142590577}, "102": {"x": 5.999999999999997, "y": 5.999999999999997, "z": 0.8761817080800433}, "103": {"x": 6.000000000000003, "y": 7.0, "z": 0.7923150759284989}, "104": {"x": 6.0, "y": 7.999999999999998, "z": 1.1135557818750301}, "105": {"x": 6.0, "y": 8.999999999999998, "z": 1.017866678386865}, "106": {"x": 6.000000000000001, "y": 10.0, "z": 1.1603260948186345}, "107": {"x": 5.999999999999998, "y": 10.999999999999996, "z": 1.1567603670086952}, "108": {"x": 5.999999999999997, "y": 11.999999999999996, "z": 1.1375925466059071}, "109": {"x": 5.999999999999998, "y": 12.999999999999998, "z": 0.6914486290438139}, "110": {"x": 6.0, "y": 14.000000000000007, "z": 0.34720600517860833}, "111": {"x": 6.0, "y": 15.0, "z": 0.0}, "112": {"x": 7.0, "y": 0.0, "z": 0.0}, "113": {"x": 7.000000000000002, "y": 0.9999999999999999, "z": 0.2945852917931245}, "114": {"x": 6.999999999999998, "y": 1.9999999999999993, "z": 0.5141641143103615}, "115": {"x": 6.9999999999999964, "y": 2.9999999999999987, "z": 0.6622818292160757}, "116": {"x": 6.9999999999999964, "y": 3.9999999999999987, "z": 0.7509319729021122},