{"attributes": {"name": "Mesh"}, "dva": {"x": 0.0, "y": 0.0, "z": 0.0}, "dea": {}, "dfa": {}, "vertex": {"0": {"x": 0.0, "y": 0.0, "z": 0.0}, "1": {"x": 0.0, "y": 1.0, "z": 0.0}, "2": {"x": 0.0, "y": 2.0, "z": 0.0}, "3": {"x": 0.0, "y": 3.0, "z": 0.0}, "4": {"x": 0.0, "y": 4.0, "z": 0.0}, "5": {"x": 0.0, "y": 5.0, "z": 0.0}, "6": {"x": 0.0, "y": 6.0, "z": 0.0}, "7": {"x": 0.0, "y": 7.0, "z": 0.0}, "8": {"x": 0.0, "y": 8.0, "z": 0.0}, "9": {"x": 0.0, "y": 9.0, "z": 0.0}, "10": {"x": 0.0, "y": 10.0, "z": 0.0}, "11": {"x": 0.0, "y": 11.0, "z": 0.0}, "12": {"x": 0.0, "y": 12.0, "z": 0.0}, "13": {"x": 0.0, "y": 13.0, "z": 0.0}, "14": {"x": 0.0, "y": 14.0, "z": 0.0}, "15": {"x": 0.0, "y": 15.0, "z": 0.0}, "16": {"x": 1.0, "y": 0.0, "z": 0.0}, "17": {"x": 1.0000000000000004, "y": 1.0000000000000002, "z": 0.13676682468693258}, "18": {"x": 1.0000000000000007, "y": 2.000000000000001, "z": 0.2721175370014996}, "19": {"x": 1.0000000000000007, "y": 3.000000000000001, "z": 0.37830507952720416}, "20": {"x": 1.0000000000000009, "y": 4.000000000000002, "z": 0.38727545917862105}, "21": {"x": 1.0000000000000009, "y": 5.0000000000000036, "z": 0.36740912038301593}, "22": {"x": 1.0000000000000009, "y": 6.000000000000003, "z": 0.32762604322794836}, "23": {"x": 1.0000000000000004, "y": 7.000000000000002, "z": 0.20580825635603037}, "24": {"x": 1.0000000000000002, "y": 8.0, "z": 0.27840996258192796}, "25": {"x": 1.0000000000000004, "y": 9.0, "z": 0.26655148818129}, "26": {"x": 1.0000000000000002, "y": 10.0, "z": 0.4656812438563933}, "27": {"x": 1.0000000000000002, "y": 11.0, "z": 0.5418281307127446}, "28": {"x": 0.9999999999999998, "y": 11.999999999999996, "z": 0.49586292944485244}, "29": {"x": 0.9999999999999999, "y": 13.000000000000002, "z": 0.3582807911882275}, "30": {"x": 1.0, "y": 14.000000000000002, "z": 0.21532445547148696}, "31": {"x": 1.0, "y": 15.0, "z": 0.0}, "32": {"x": 2.0, "y": 0.0, "z": 0.0}, "33": {"x": 2.0000000000000013, "y": 1.0000000000000004, "z": 0.22194024040607055}, "34": {"x": 2.000000000000001, "y": 2.0000000000000013, "z": 0.436591328339382}, "35": {"x": 2.0000000000000013, "y": 3.0000000000000013, "z": 0.7093626400925137}, "36": {"x": 2.0000000000000013, "y": 4.000000000000002, "z": 0.6248779410117714}, "37": {"x": 2.0000000000000018, "y": 5.0000000000000036, "z": 0.599271477786025}, "38": {"x": 2.0000000000000004, "y": 6.000000000000001, "z": 0.5936721940813555}, "39": {"x": 2.0000000000000013, "y": 7.000000000000003, "z": 0.3697989905225493}, "40": {"x": 2.000000000000001, "y": 8.000000000000002, "z": 0.517165485806479}, "41": {"x": 2.000000000000001, "y": 9.000000000000002, "z": 0.45206856392829226}, "42": {"x": 1.9999999999999996, "y": 9.999999999999996, "z": 1.1353150146138542}, "43": {"x": 1.9999999999999998, "y": 10.999999999999998, "z": 1.4697917978649038}, "44": {"x": 1.9999999999999993, "y": 11.999999999999995, "z": 0.89766504840262}, "45": {"x": 1.9999999999999996, "y": 12.999999999999998, "z": 0.5217683723638565}, "46": {"x": 2.0, "y": 13.999999999999998, "z": 0.352697667961337}, "47": {"x": 2.0, "y": 15.0, "z": 0.0}, "48": {"x": 3.0, "y": 0.0, "z": 0.0}, "49": {"x": 3.0000000000000018, "y": 1.0000000000000007, "z": 0.2549689989841515}, "50": {"x": 3.0000000000000018, "y": 2.0000000000000013, "z": 0.449688070205793}, "51": {"x": 3.0000000000000018, "y": 3.0000000000000018, "z": 0.5785380694912647}, "52": {"x": 3.000000000000002, "y": 4.000000000000003, "z": 0.6528231226509479}, "53": {"x": 3.0000000000000027, "y": 5.000000000000004, "z": 0.6632167198022998}, "54": {"x": 3.0000000000000027, "y": 6.000000000000005, "z": 0.6148790702535106}, "55": {"x": 3.000000000000002, "y": 7.000000000000005, "z": 0.516912467102905}, "56": {"x": 3.0000000000000018, "y": 8.000000000000005, "z": 0.5806207769235623}, "57": {"x": 3.0000000000000004, "y": 9.000000000000002, "z": 0.6027385984586576}, "58": {"x": 3.0000000000000004, "y": 10.0, "z": 0.6460002857552399}, "59": {"x": 2.9999999999999996, "y": 10.999999999999998, "z": 0.63769233106373}, "60": {"x": 2.999999999999999, "y": 11.999999999999996, "z": 0.5837429823378406}, "61": {"x": 2.999999999999999, "y": 12.999999999999995, "z": 0.46421805828541546}, "62": {"x": 3.0, "y": 13.999999999999998, "z": 0.26433999835047356}, "63": {"x": 3.0, "y": 15.0, "z": 0.0}, "64": {"x": 4.0, "y": 0.0, "z": 0.0}, "65": {"x": 4.000000000000004, "y": 1.000000000000001, "z": 0.35857277365310214}, "66": {"x": 4.0000000000000036, "y": 2.0000000000000018, "z": 0.6952135239997032}, "67": {"x": 4.000000000000004, "y": 3.0000000000000027, "z": 1.049331044973084}, "68": {"x": 4.000000000000003, "y": 4.000000000000002, "z": 0.9867717472285711}, "69": {"x": 4.000000000000003, "y": 5.0000000000000036, "z": 0.9422483987028242}, "70": {"x": 4.000000000000001, "y": 6.0000000000000036, "z": 0.8855603972178901}, "71": {"x": 4.000000000000001, "y": 7.0000000000000036, "z": 0.5557989569294937}, "72": {"x": 4.000000000000001, "y": 8.000000000000002, "z": 0.7625577905429155}, "73": {"x": 4.0, "y": 9.0, "z": 0.7037593604802339}, "74": {"x": 3.999999999999999, "y": 9.999999999999998, "z": 1.504973606944084}, "75": {"x": 3.9999999999999996, "y": 11.0, "z": 1.8856311771713694}, "76": {"x": 3.999999999999999, "y": 12.000000000000002, "z": 1.3081192080963242}, "77": {"x": 3.999999999999999, "y": 12.999999999999996, "z": 0.8443646261389041}, "78": {"x": 3.999999999999999, "y": 13.999999999999991, "z": 0.5430164131531212}, "79": {"x": 4.0, "y": 15.0, "z": 0.0}, "80": {"x": 5.0, "y": 0.0, "z": 0.0}, "81": {"x": 5.0000000000000036, "y": 1.000000000000001, "z": 0.4103190062953828}, "82": {"x": 5.000000000000005, "y": 2.000000000000002, "z": 0.7916198979439776}, "83": {"x": 5.000000000000005, "y": 3.000000000000002, "z": 1.0701260508651482}, "84": {"x": 5.000000000000004, "y": 4.000000000000003, "z": 1.1142047859688538}, "85": {"x": 5.0000000000000036, "y": 5.0000000000000036, "z": 1.0553737017466311}, "86": {"x": 5.000000000000002, "y": 6.000000000000003, "z": 0.9168824013959493}, "87": {"x": 4.999999999999999, "y": 7.000000000000001, "z": 0.576889963752924}, "88": {"x": 5.0, "y": 8.0, "z": 0.7729869896629427}, "89": {"x": 4.999999999999999, "y": 8.999999999999998, "z": 0.7687935985916753}, "90": {"x": 4.999999999999998, "y": 9.999999999999998, "z": 1.2408919329178785}, "91": {"x": 4.999999999999998, "y": 10.999999999999996, "z": 1.4250728959146743}, "92": {"x": 4.999999999999999, "y": 12.0, "z": 1.3373894204087353}, "93": {"x": 5.0, "y": 12.999999999999998, "z": 1.0068901912509847}, "94": {"x": 5.0, "y": 13.999999999999996, "z": 0.6012384219103758}, "95": {"x": 5.0, "y": 15.0, "z": 0.0}, "96": {"x": 6.0, "y": 0.0, "z": 0.0}, "97": {"x": 6.000000000000005, "y": 1.0000000000000013, "z": 0.4177434142001807}, "98": {"x": 6.000000000000007, "y": 2.0000000000000027, "z": 0.8198295871947665}, "99": {"x": 6.000000000000005, "y": 3.000000000000002, "z": 1.2139844933127808}, "100": {"x": 6.0000000000000036, "y": 4.000000000000002, "z": 1.1473355788550075}, "101": {"x": 6.000000000000001, "y": 5.000000000000003, "z": 1.0715350272361723}, "102": {"x": 6.000000000000001, "y": 6.000000000000001, "z": 0.9636393311166229}, "103": {"x": 5.999999999999996, "y": 6.999999999999997, "z": 0.5414703085963026}, "104": {"x": 5.999999999999998, "y": 7.999999999999998, "z": 0.7932304152880653}, "105": {"x": 5.999999999999998, "y": 9.000000000000002, "z": 0.7385752772925941}, "106": {"x": 5.999999999999999, "y": 9.999999999999998, "z": 1.6588985248641872}, "107": {"x": 6.000000000000001, "y": 11.0, "z": 2.103950087029613}, "108": {"x": 6.000000000000003, "y": 12.000000000000004, "z": 1.5498481038358205}, "109": {"x": 6.000000000000002, "y": 13.000000000000002, "z": 1.045221056047169}, "110": {"x": 6.000000000000001, "y": 14.000000000000002, "z": 0.6659646551503643}, "111": {"x": 6.0, "y": 15.0, "z": 0.0}, "112": {"x": 7.0, "y": 0.0, "z": 0.0}, "113": {"x": 7.000000000000007, "y": 1.0000000000000013, "z": 0.37318724513515344}, "114": {"x": 7.000000000000007,