{"attributes": {"name": "Mesh"}, "dva": {"x": 0.0, "y": 0.0, "z": 0.0}, "dea": {}, "dfa": {}, "vertex": {"0": {"x": 0.0, "y": 0.0, "z": 0.0}, "1": {"x": 0.0, "y": 1.0, "z": 0.0}, "2": {"x": 0.0, "y": 2.0, "z": 0.0}, "3": {"x": 0.0, "y": 3.0, "z": 0.0}, "4": {"x": 0.0, "y": 4.0, "z": 0.0}, "5": {"x": 0.0, "y": 5.0, "z": 0.0}, "6": {"x": 0.0, "y": 6.0, "z": 0.0}, "7": {"x": 0.0, "y": 7.0, "z": 0.0}, "8": {"x": 0.0, "y": 8.0, "z": 0.0}, "9": {"x": 0.0, "y": 9.0, "z": 0.0}, "10": {"x": 0.0, "y": 10.0, "z": 0.0}, "11": {"x": 0.0, "y": 11.0, "z": 0.0}, "12": {"x": 0.0, "y": 12.0, "z": 0.0}, "13": {"x": 0.0, "y": 13.0, "z": 0.0}, "14": {"x": 0.0, "y": 14.0, "z": 0.0}, "15": {"x": 0.0, "y": 15.0, "z": 0.0}, "16": {"x": 1.0, "y": 0.0, "z": 0.0}, "17": {"x": 1.0, "y": 1.0, "z": 0.15263527685695163}, "18": {"x": 1.0, "y": 1.9999999999999996, "z": 0.4922003392067374}, "19": {"x": 0.9999999999999997, "y": 2.999999999999999, "z": 0.5859459725726868}, "20": {"x": 0.9999999999999999, "y": 4.0, "z": 0.6043731633404055}, "21": {"x": 1.0000000000000002, "y": 5.000000000000002, "z": 0.6250496015482601}, "22": {"x": 1.0000000000000004, "y": 6.000000000000002, "z": 0.8146547829561823}, "23": {"x": 1.0000000000000004, "y": 6.999999999999998, "z": 0.7461810177379704}, "24": {"x": 1.0000000000000002, "y": 7.9999999999999964, "z": 0.6403739663539191}, "25": {"x": 1.0000000000000002, "y": 8.999999999999995, "z": 0.4695861626238999}, "26": {"x": 0.9999999999999998, "y": 9.999999999999995, "z": 0.576860989892487}, "27": {"x": 0.9999999999999997, "y": 10.999999999999996, "z": 0.4347412551551678}, "28": {"x": 0.9999999999999994, "y": 11.999999999999996, "z": 0.30520155710370644}, "29": {"x": 0.9999999999999996, "y": 12.999999999999996, "z": 0.34985828817404485}, "30": {"x": 0.9999999999999998, "y": 14.000000000000004, "z": 0.12744313072761346}, "31": {"x": 1.0, "y": 15.0, "z": 0.0}, "32": {"x": 2.0, "y": 0.0, "z": 0.0}, "33": {"x": 2.0, "y": 1.0, "z": 0.2495136981228497}, "34": {"x": 2.0, "y": 2.0000000000000004, "z": 0.7572547755074056}, "35": {"x": 1.9999999999999996, "y": 3.0, "z": 0.8877775618192892}, "36": {"x": 1.9999999999999993, "y": 3.999999999999999, "z": 0.9400553373180222}, "37": {"x": 2.0, "y": 5.000000000000002, "z": 0.988410118379815}, "38": {"x": 1.9999999999999998, "y": 6.000000000000001, "z": 1.285353418880903}, "39": {"x": 2.000000000000001, "y": 7.0, "z": 1.1594095938796392}, "40": {"x": 2.000000000000001, "y": 7.999999999999998, "z": 1.0205179457637195}, "41": {"x": 2.000000000000001, "y": 8.999999999999996, "z": 0.7914800296576823}, "42": {"x": 2.0, "y": 9.999999999999996, "z": 0.9426641754782193}, "43": {"x": 2.0, "y": 10.999999999999996, "z": 0.7059597457903719}, "44": {"x": 1.9999999999999991, "y": 11.999999999999995, "z": 0.5119278926082766}, "45": {"x": 1.9999999999999993, "y": 13.0, "z": 0.5682067413402206}, "46": {"x": 1.9999999999999993, "y": 14.0, "z": 0.20973991649194446}, "47": {"x": 2.0, "y": 15.0, "z": 0.0}, "48": {"x": 3.0, "y": 0.0, "z": 0.0}, "49": {"x": 3.0000000000000004, "y": 0.9999999999999998, "z": 0.2956510480685529}, "50": {"x": 2.999999999999999, "y": 1.9999999999999991, "z": 0.632021606156421}, "51": {"x": 2.9999999999999987, "y": 2.9999999999999987, "z": 0.8645460635514752}, "52": {"x": 2.9999999999999987, "y": 3.9999999999999987, "z": 1.0110323418474423}, "53": {"x": 2.999999999999999, "y": 5.0, "z": 1.107420056219923}, "54": {"x": 3.000000000000001, "y": 6.000000000000002, "z": 1.2038210156507179}, "55": {"x": 3.0000000000000018, "y": 7.000000000000002, "z": 1.2009342341508238}, "56": {"x": 3.000000000000002, "y": 8.0, "z": 1.1236700093340102}, "57": {"x": 3.0000000000000013, "y": 9.0, "z": 0.9828659830829065}, "58": {"x": 3.0000000000000004, "y": 9.999999999999995, "z": 0.9448554665015811}, "59": {"x": 3.0000000000000004, "y": 10.999999999999998, "z": 0.8077647335317275}, "60": {"x": 2.999999999999999, "y": 11.999999999999996, "z": 0.6275328286654781}, "61": {"x": 2.9999999999999982, "y": 12.999999999999993, "z": 0.4900860451236133}, "62": {"x": 2.999999999999999, "y": 13.999999999999998, "z": 0.24831489189155337}, "63": {"x": 3.0, "y": 15.0, "z": 0.0}, "64": {"x": 4.0, "y": 0.0, "z": 0.0}, "65": {"x": 4.000000000000001, "y": 1.0, "z": 0.29350514881953604}, "66": {"x": 4.000000000000002, "y": 2.0, "z": 0.5753774628250918}, "67": {"x": 4.000000000000001, "y": 2.999999999999999, "z": 0.7922237322849032}, "68": {"x": 4.0, "y": 3.9999999999999987, "z": 0.9506088023036091}, "69": {"x": 4.0, "y": 4.999999999999999, "z": 1.0597409763574608}, "70": {"x": 3.9999999999999996, "y": 5.999999999999999, "z": 1.1363909508824659}, "71": {"x": 4.0, "y": 7.000000000000001, "z": 1.1483909176920326}, "72": {"x": 4.000000000000001, "y": 8.0, "z": 1.1079355694116955}, "73": {"x": 4.000000000000002, "y": 9.000000000000002, "z": 1.0187636100009678}, "74": {"x": 4.000000000000003, "y": 10.000000000000004, "z": 0.9512963454367512}, "75": {"x": 4.000000000000001, "y": 10.999999999999998, "z": 0.821225308010496}, "76": {"x": 3.9999999999999996, "y": 11.999999999999996, "z": 0.6542571846662828}, "77": {"x": 4.0, "y": 12.999999999999998, "z": 0.487011006391311}, "78": {"x": 3.999999999999999, "y": 14.0, "z": 0.2549669734083374}, "79": {"x": 4.0, "y": 15.0, "z": 0.0}, "80": {"x": 5.0, "y": 0.0, "z": 0.0}, "81": {"x": 5.000000000000001, "y": 0.9999999999999999, "z": 0.2631367716973467}, "82": {"x": 5.000000000000003, "y": 2.000000000000001, "z": 0.48592087707531345}, "83": {"x": 5.000000000000003, "y": 3.0, "z": 0.6730130168722638}, "84": {"x": 5.000000000000003, "y": 3.999999999999999, "z": 0.8205301799525292}, "85": {"x": 5.0, "y": 4.999999999999998, "z": 0.9266007286504465}, "86": {"x": 5.0, "y": 6.0, "z": 0.988294528065102}, "87": {"x": 5.0, "y": 7.0, "z": 1.0146398779374528}, "88": {"x": 5.000000000000001, "y": 8.000000000000002, "z": 1.002450851808001}, "89": {"x": 5.000000000000001, "y": 9.000000000000002, "z": 0.9536653951896827}, "90": {"x": 5.0, "y": 10.0, "z": 0.8764793482793468}, "91": {"x": 4.999999999999999, "y": 10.999999999999998, "z": 0.7646398101393609}, "92": {"x": 4.999999999999998, "y": 11.999999999999995, "z": 0.6192246925406615}, "93": {"x": 4.999999999999998, "y": 12.999999999999995, "z": 0.4465597284857083}, "94": {"x": 4.999999999999999, "y": 14.0, "z": 0.2391863748013763}, "95": {"x": 5.0, "y": 15.0, "z": 0.0}, "96": {"x": 6.0, "y": 0.0, "z": 0.0}, "97": {"x": 6.0, "y": 0.9999999999999992, "z": 0.2384156848306138}, "98": {"x": 6.0, "y": 1.9999999999999987, "z": 0.4372716328613235}, "99": {"x": 6.0, "y": 2.999999999999997, "z": 0.6081746643907763}, "100": {"x": 5.999999999999998, "y": 3.9999999999999956, "z": 0.7429238216788614}, "101": {"x": 5.9999999999999964, "y": 4.999999999999994, "z": 0.8403569202024644}, "102": {"x": 5.999999999999996, "y": 5.999999999999993, "z": 0.8953620533385337}, "103": {"x": 5.999999999999996, "y": 6.999999999999993, "z": 0.9238145932503183}, "104": {"x": 5.999999999999994, "y": 7.999999999999991, "z": 0.9158734443263138}, "105": {"x": 5.999999999999996, "y": 8.999999999999993, "z": 0.8748580028303589}, "106": {"x": 5.999999999999996, "y": 9.999999999999993, "z": 0.8024884301301286}, "107": {"x": 5.9999999999999964, "y": 10.999999999999993, "z": 0.7032691917772999}, "108": {"x": 5.999999999999997, "y": 11.999999999999993, "z": 0.5709729332165493}, "109": {"x": 5.999999999999998, "y": 13.000000000000002, "z": 0.40904811797786245}, "110": {"x": 6.000000000000001, "y": 14.000000000000002, "z": 0.2206229038783352}, "111": {"x": 6.0, "y": 15.0, "z": 0.0}, "112": {"x": 7.0, "y": 0.0, "z": 0.0}, "113": {"x": 7.0, "y": 0.9999999999999991, "z": 0.23631028841160648}, "114": {"x": 7.0, "y": 1.9999999999999987, "z": 0.620652379384384}, "115": {"x": 6.999999999999998, "y": 2.999999999999998, "z": 0.74084591881879}, "116": {"x": 6.999999999999999, "y": 3.999999999999998, "z": 0.8165906549007262}, "117": {"x": 6.999999999999998, "y": 4.9999999999999964, "z": 0.8844422028005529}, "118": {"x": 7.0, "y": 5.999999999999997,