{"attributes": {"name": "Mesh"}, "dva": {"x": 0.0, "y": 0.0, "z": 0.0}, "dea": {}, "dfa": {}, "vertex": {"0": {"x": 0.0, "y": 0.0, "z": 0.0}, "1": {"x": 0.0, "y": 1.0, "z": 0.0}, "2": {"x": 0.0, "y": 2.0, "z": 0.0}, "3": {"x": 0.0, "y": 3.0, "z": 0.0}, "4": {"x": 0.0, "y": 4.0, "z": 0.0}, "5": {"x": 0.0, "y": 5.0, "z": 0.0}, "6": {"x": 0.0, "y": 6.0, "z": 0.0}, "7": {"x": 0.0, "y": 7.0, "z": 0.0}, "8": {"x": 0.0, "y": 8.0, "z": 0.0}, "9": {"x": 0.0, "y": 9.0, "z": 0.0}, "10": {"x": 0.0, "y": 10.0, "z": 0.0}, "11": {"x": 0.0, "y": 11.0, "z": 0.0}, "12": {"x": 0.0, "y": 12.0, "z": 0.0}, "13": {"x": 0.0, "y": 13.0, "z": 0.0}, "14": {"x": 0.0, "y": 14.0, "z": 0.0}, "15": {"x": 0.0, "y": 15.0, "z": 0.0}, "16": {"x": 1.0, "y": 0.0, "z": 0.0}, "17": {"x": 0.9999999999999999, "y": 1.0000000000000002, "z": 0.24659224151741083}, "18": {"x": 0.9999999999999998, "y": 2.0000000000000004, "z": 0.4414866558110567}, "19": {"x": 0.9999999999999997, "y": 3.0000000000000004, "z": 0.5368830316421782}, "20": {"x": 0.9999999999999993, "y": 4.0, "z": 0.5633377808646225}, "21": {"x": 0.9999999999999986, "y": 4.999999999999999, "z": 0.39862701777995435}, "22": {"x": 0.999999999999999, "y": 6.000000000000001, "z": 0.5845637761482085}, "23": {"x": 0.9999999999999987, "y": 6.999999999999998, "z": 0.7101773258898444}, "24": {"x": 0.9999999999999986, "y": 7.999999999999998, "z": 0.7080144666103794}, "25": {"x": 0.9999999999999983, "y": 8.999999999999996, "z": 0.672130679626919}, "26": {"x": 0.9999999999999977, "y": 9.999999999999993, "z": 0.47960383346046964}, "27": {"x": 0.9999999999999986, "y": 11.0, "z": 0.3988971324242202}, "28": {"x": 0.9999999999999992, "y": 12.000000000000002, "z": 0.13828300688464315}, "29": {"x": 0.9999999999999996, "y": 12.999999999999998, "z": 0.3288921582560052}, "30": {"x": 0.9999999999999997, "y": 13.999999999999998, "z": 0.2830590303336898}, "31": {"x": 1.0, "y": 15.0, "z": 0.0}, "32": {"x": 2.0, "y": 0.0, "z": 0.0}, "33": {"x": 1.9999999999999998, "y": 1.0000000000000002, "z": 0.39971977023356}, "34": {"x": 1.9999999999999993, "y": 2.0, "z": 0.6972303913952886}, "35": {"x": 1.9999999999999987, "y": 2.9999999999999996, "z": 0.8540715743310339}, "36": {"x": 1.9999999999999982, "y": 3.999999999999999, "z": 0.8750050471973965}, "37": {"x": 1.9999999999999971, "y": 4.9999999999999964, "z": 0.7228788321720063}, "38": {"x": 1.9999999999999967, "y": 5.9999999999999964, "z": 0.981542590441827}, "39": {"x": 1.999999999999997, "y": 6.999999999999996, "z": 1.1425741364885578}, "40": {"x": 1.9999999999999971, "y": 7.9999999999999964, "z": 1.1572003343733457}, "41": {"x": 1.9999999999999967, "y": 8.999999999999995, "z": 1.0692023405446436}, "42": {"x": 1.999999999999996, "y": 9.999999999999991, "z": 0.8240338055649161}, "43": {"x": 1.9999999999999978, "y": 10.999999999999998, "z": 0.624275780521762}, "44": {"x": 1.9999999999999982, "y": 12.0, "z": 0.2522307614446217}, "45": {"x": 1.9999999999999987, "y": 13.0, "z": 0.3555404427821193}, "46": {"x": 1.9999999999999993, "y": 14.0, "z": 0.2717104181144567}, "47": {"x": 2.0, "y": 15.0, "z": 0.0}, "48": {"x": 3.0, "y": 0.0, "z": 0.0}, "49": {"x": 2.9999999999999987, "y": 0.9999999999999996, "z": 0.5213389148496275}, "50": {"x": 2.9999999999999982, "y": 1.999999999999999, "z": 0.9536466447158557}, "51": {"x": 2.999999999999998, "y": 2.9999999999999982, "z": 1.161880097536734}, "52": {"x": 2.9999999999999973, "y": 3.9999999999999964, "z": 1.3938281146223805}, "53": {"x": 2.999999999999995, "y": 4.999999999999995, "z": 0.9209658735607371}, "54": {"x": 2.9999999999999947, "y": 5.999999999999994, "z": 1.3047346197874488}, "55": {"x": 2.9999999999999942, "y": 6.999999999999993, "z": 1.597977936769319}, "56": {"x": 2.999999999999996, "y": 7.999999999999994, "z": 1.5267409772351614}, "57": {"x": 2.9999999999999947, "y": 8.99999999999999, "z": 1.5461674052630698}, "58": {"x": 2.9999999999999933, "y": 9.999999999999984, "z": 1.04241140783145}, "59": {"x": 2.9999999999999964, "y": 10.999999999999993, "z": 0.9710116726151172}, "60": {"x": 2.999999999999997, "y": 11.999999999999998, "z": 0.32652290253156707}, "61": {"x": 2.9999999999999982, "y": 12.999999999999996, "z": 1.2711764747396126}, "62": {"x": 2.999999999999999, "y": 13.999999999999998, "z": 1.1634226147176434}, "63": {"x": 3.0, "y": 15.0, "z": 0.0}, "64": {"x": 4.0, "y": 0.0, "z": 0.0}, "65": {"x": 3.9999999999999973, "y": 0.999999999999999, "z": 0.5308869515664223}, "66": {"x": 3.9999999999999973, "y": 1.9999999999999982, "z": 0.9386637436340544}, "67": {"x": 3.999999999999997, "y": 2.9999999999999973, "z": 1.1707573728611633}, "68": {"x": 3.9999999999999964, "y": 3.9999999999999964, "z": 1.2586990458742406}, "69": {"x": 3.999999999999994, "y": 4.999999999999994, "z": 1.076603545624709}, "70": {"x": 3.9999999999999925, "y": 5.999999999999991, "z": 1.3937319911856316}, "71": {"x": 3.999999999999994, "y": 6.999999999999991, "z": 1.592944459019953}, "72": {"x": 3.9999999999999947, "y": 7.999999999999989, "z": 1.5899116140715626}, "73": {"x": 3.999999999999993, "y": 8.999999999999986, "z": 1.487261409679712}, "74": {"x": 3.9999999999999933, "y": 9.999999999999988, "z": 1.150109619780772}, "75": {"x": 3.999999999999995, "y": 10.999999999999993, "z": 0.8990320383485829}, "76": {"x": 3.9999999999999964, "y": 11.999999999999998, "z": 0.3863885724017049}, "77": {"x": 3.999999999999997, "y": 12.999999999999991, "z": 0.5725532722604533}, "78": {"x": 3.9999999999999987, "y": 13.999999999999996, "z": 0.44413689934983813}, "79": {"x": 4.0, "y": 15.0, "z": 0.0}, "80": {"x": 5.0, "y": 0.0, "z": 0.0}, "81": {"x": 4.9999999999999964, "y": 0.9999999999999986, "z": 0.47801911560153176}, "82": {"x": 4.999999999999996, "y": 1.9999999999999971, "z": 0.8225880605232051}, "83": {"x": 4.999999999999995, "y": 2.9999999999999956, "z": 1.0435071921271093}, "84": {"x": 4.999999999999992, "y": 3.999999999999994, "z": 1.1348049991125722}, "85": {"x": 4.999999999999991, "y": 4.999999999999992, "z": 1.1399652402817984}, "86": {"x": 4.999999999999991, "y": 5.99999999999999, "z": 1.347501463547392}, "87": {"x": 4.99999999999999, "y": 6.9999999999999885, "z": 1.459068273502678}, "88": {"x": 4.99999999999999, "y": 7.999999999999986, "z": 1.4674719095488444}, "89": {"x": 4.999999999999991, "y": 8.999999999999986, "z": 1.347942711197412}, "90": {"x": 4.999999999999992, "y": 9.999999999999986, "z": 1.1318289477538734}, "91": {"x": 4.999999999999995, "y": 10.999999999999991, "z": 0.8168508397780929}, "92": {"x": 4.9999999999999964, "y": 11.999999999999996, "z": 0.41352628184905305}, "93": {"x": 5.000000000000001, "y": 13.000000000000004, "z": 0.3530741308082648}, "94": {"x": 5.000000000000001, "y": 14.000000000000002, "z": 0.21538978170759485}, "95": {"x": 5.0, "y": 15.0, "z": 0.0}, "96": {"x": 6.0, "y": 0.0, "z": 0.0}, "97": {"x": 5.999999999999997, "y": 0.9999999999999983, "z": 0.5470986853413169}, "98": {"x": 5.999999999999996, "y": 1.999999999999997, "z": 0.9735096751192314}, "99": {"x": 5.999999999999995, "y": 2.9999999999999956, "z": 1.2104578605807688}, "100": {"x": 5.999999999999992, "y": 3.9999999999999933, "z": 1.2992354629505851}, "101": {"x": 5.999999999999993, "y": 4.999999999999992, "z": 1.0712295622567471}, "102": {"x": 5.99999999999999, "y": 5.999999999999989, "z": 1.4165508703687826}, "103": {"x": 5.99999999999999, "y": 6.9999999999999885, "z": 1.637796780706861}, "104": {"x": 5.999999999999991, "y": 7.9999999999999885, "z": 1.6315410432077795}, "105": {"x": 5.99999999999999, "y": 8.999999999999986, "z": 1.5319491382425394}, "106": {"x": 5.999999999999991, "y": 9.999999999999986, "z": 1.1630758278396633}, "107": {"x": 5.999999999999995, "y": 10.999999999999991, "z": 0.9257771974909945}, "108": {"x": 5.9999999999999964, "y": 11.999999999999996, "z": 0.3839709901130624}, "109": {"x": 5.999999999999997, "y": 12.999999999999996, "z": 0.6334484431445548}, "110": {"x": 5.999999999999997, "y": 13.999999999999998, "z": 0.5058987342825987}, "111": {"x": 6.0, "y": 15.0, "z": 0.0}, "112": {"x": 7.0,