{"attributes": {"name": "Mesh"}, "dva": {"x": 0.0, "y": 0.0, "z": 0.0}, "dea": {}, "dfa": {}, "vertex": {"0": {"x": 0.0, "y": 0.0, "z": 0.0}, "1": {"x": 0.0, "y": 1.0, "z": 0.0}, "2": {"x": 0.0, "y": 2.0, "z": 0.0}, "3": {"x": 0.0, "y": 3.0, "z": 0.0}, "4": {"x": 0.0, "y": 4.0, "z": 0.0}, "5": {"x": 0.0, "y": 5.0, "z": 0.0}, "6": {"x": 0.0, "y": 6.0, "z": 0.0}, "7": {"x": 0.0, "y": 7.0, "z": 0.0}, "8": {"x": 0.0, "y": 8.0, "z": 0.0}, "9": {"x": 0.0, "y": 9.0, "z": 0.0}, "10": {"x": 0.0, "y": 10.0, "z": 0.0}, "11": {"x": 0.0, "y": 11.0, "z": 0.0}, "12": {"x": 0.0, "y": 12.0, "z": 0.0}, "13": {"x": 0.0, "y": 13.0, "z": 0.0}, "14": {"x": 0.0, "y": 14.0, "z": 0.0}, "15": {"x": 0.0, "y": 15.0, "z": 0.0}, "16": {"x": 1.0, "y": 0.0, "z": 0.0}, "17": {"x": 0.9999999999999997, "y": 0.9999999999999993, "z": 0.53506315606281}, "18": {"x": 0.9999999999999992, "y": 1.999999999999999, "z": 0.3460843249217953}, "19": {"x": 0.9999999999999987, "y": 2.9999999999999973, "z": 0.7844872314838686}, "20": {"x": 0.9999999999999986, "y": 3.9999999999999973, "z": 0.7684603214853342}, "21": {"x": 0.9999999999999983, "y": 4.999999999999998, "z": 0.4066004181987519}, "22": {"x": 0.9999999999999976, "y": 5.999999999999995, "z": 0.5923489871204165}, "23": {"x": 0.9999999999999978, "y": 6.999999999999996, "z": 0.9505850020630043}, "24": {"x": 0.9999999999999977, "y": 7.9999999999999964, "z": 1.0869146051876526}, "25": {"x": 0.9999999999999978, "y": 8.999999999999996, "z": 0.6875829936581395}, "26": {"x": 0.9999999999999979, "y": 9.999999999999996, "z": 0.6773044652397838}, "27": {"x": 0.9999999999999982, "y": 10.999999999999996, "z": 0.7799317477109374}, "28": {"x": 0.9999999999999988, "y": 11.999999999999995, "z": 0.5116824008356099}, "29": {"x": 0.9999999999999987, "y": 12.999999999999993, "z": 0.5134437998928983}, "30": {"x": 0.9999999999999992, "y": 13.999999999999993, "z": 0.08886500714615042}, "31": {"x": 1.0, "y": 15.0, "z": 0.0}, "32": {"x": 2.0, "y": 0.0, "z": 0.0}, "33": {"x": 1.9999999999999993, "y": 0.9999999999999987, "z": 0.8228559595980235}, "34": {"x": 1.999999999999998, "y": 1.9999999999999976, "z": 0.5297110827087358}, "35": {"x": 1.9999999999999973, "y": 2.9999999999999956, "z": 1.1345153906394558}, "36": {"x": 1.9999999999999973, "y": 3.9999999999999947, "z": 1.129628721270038}, "37": {"x": 1.9999999999999962, "y": 4.999999999999995, "z": 0.7215095154764098}, "38": {"x": 1.9999999999999951, "y": 5.99999999999999, "z": 0.9572601881887305}, "39": {"x": 1.9999999999999956, "y": 6.999999999999991, "z": 1.4009331463227963}, "40": {"x": 1.9999999999999951, "y": 7.99999999999999, "z": 1.6439876990232136}, "41": {"x": 1.9999999999999951, "y": 8.99999999999999, "z": 1.080256301470114}, "42": {"x": 1.9999999999999958, "y": 9.999999999999991, "z": 1.0540705205460483}, "43": {"x": 1.9999999999999967, "y": 10.999999999999993, "z": 1.1713543007650686}, "44": {"x": 1.9999999999999971, "y": 11.999999999999993, "z": 0.77502916563804}, "45": {"x": 1.9999999999999976, "y": 12.999999999999991, "z": 0.7493583815348852}, "46": {"x": 1.9999999999999984, "y": 13.999999999999991, "z": 0.16202998000397412}, "47": {"x": 2.0, "y": 15.0, "z": 0.0}, "48": {"x": 3.0, "y": 0.0, "z": 0.0}, "49": {"x": 2.9999999999999982, "y": 0.999999999999998, "z": 0.3353158480435595}, "50": {"x": 2.999999999999997, "y": 1.9999999999999962, "z": 0.5860301315140092}, "51": {"x": 2.999999999999997, "y": 2.9999999999999947, "z": 0.7988849866728671}, "52": {"x": 2.999999999999996, "y": 3.9999999999999925, "z": 0.9249385884941275}, "53": {"x": 2.9999999999999947, "y": 4.999999999999991, "z": 0.965981664984438}, "54": {"x": 2.999999999999993, "y": 5.999999999999986, "z": 1.1168436069650152}, "55": {"x": 2.9999999999999925, "y": 6.999999999999982, "z": 1.2347692252743339}, "56": {"x": 2.999999999999993, "y": 7.999999999999984, "z": 1.2711204346521998}, "57": {"x": 2.9999999999999933, "y": 8.999999999999984, "z": 1.2264517413362657}, "58": {"x": 2.999999999999994, "y": 9.999999999999986, "z": 1.1498229530713375}, "59": {"x": 2.9999999999999947, "y": 10.999999999999988, "z": 1.0245124159890453}, "60": {"x": 2.9999999999999956, "y": 11.99999999999999, "z": 0.8214244291768601}, "61": {"x": 2.9999999999999964, "y": 12.99999999999999, "z": 0.5642711533290901}, "62": {"x": 2.999999999999998, "y": 13.99999999999999, "z": 0.22198142684387645}, "63": {"x": 3.0, "y": 15.0, "z": 0.0}, "64": {"x": 4.0, "y": 0.0, "z": 0.0}, "65": {"x": 3.999999999999997, "y": 0.9999999999999969, "z": 0.333376041477626}, "66": {"x": 3.999999999999995, "y": 1.999999999999994, "z": 0.6052523499882752}, "67": {"x": 3.9999999999999933, "y": 2.999999999999991, "z": 0.8185169916562898}, "68": {"x": 3.999999999999992, "y": 3.999999999999989, "z": 0.9674449363592584}, "69": {"x": 3.9999999999999933, "y": 4.9999999999999885, "z": 1.0532436467744206}, "70": {"x": 3.999999999999992, "y": 5.999999999999985, "z": 1.1871124008268337}, "71": {"x": 3.999999999999992, "y": 6.999999999999987, "z": 1.2788635335723273}, "72": {"x": 3.999999999999993, "y": 7.999999999999987, "z": 1.3068477448645655}, "73": {"x": 3.999999999999992, "y": 8.999999999999984, "z": 1.273233136290116}, "74": {"x": 3.999999999999991, "y": 9.999999999999982, "z": 1.1882402388446276}, "75": {"x": 3.999999999999992, "y": 10.999999999999982, "z": 1.0471114491427014}, "76": {"x": 3.9999999999999942, "y": 11.999999999999986, "z": 0.8434011757059293}, "77": {"x": 3.9999999999999956, "y": 12.999999999999986, "z": 0.578024067271977}, "78": {"x": 3.999999999999998, "y": 13.999999999999988, "z": 0.24842892688359006}, "79": {"x": 4.0, "y": 15.0, "z": 0.0}, "80": {"x": 5.0, "y": 0.0, "z": 0.0}, "81": {"x": 4.999999999999999, "y": 0.9999999999999974, "z": 0.5048463592692909}, "82": {"x": 4.999999999999997, "y": 1.9999999999999947, "z": 0.631806890199057}, "83": {"x": 4.999999999999995, "y": 2.999999999999992, "z": 1.0000928248465792}, "84": {"x": 4.999999999999995, "y": 3.9999999999999907, "z": 1.1166177375833544}, "85": {"x": 4.999999999999995, "y": 4.999999999999989, "z": 1.033652462502873}, "86": {"x": 4.999999999999993, "y": 5.999999999999986, "z": 1.2143166787866808}, "87": {"x": 4.999999999999994, "y": 6.999999999999988, "z": 1.437435963006035}, "88": {"x": 4.999999999999996, "y": 7.99999999999999, "z": 1.5184128084774333}, "89": {"x": 4.999999999999996, "y": 8.99999999999999, "z": 1.3085429533989088}, "90": {"x": 4.999999999999993, "y": 9.999999999999988, "z": 1.2350567300077988}, "91": {"x": 4.999999999999995, "y": 10.999999999999991, "z": 1.169666991381558}, "92": {"x": 4.999999999999996, "y": 11.999999999999991, "z": 0.8907356542489385}, "93": {"x": 4.9999999999999964, "y": 12.99999999999999, "z": 0.687780361034992}, "94": {"x": 4.999999999999996, "y": 13.999999999999988, "z": 0.24648407167372366}, "95": {"x": 5.0, "y": 15.0, "z": 0.0}, "96": {"x": 6.0, "y": 0.0, "z": 0.0}, "97": {"x": 6.0, "y": 0.9999999999999982, "z": 0.2876979145764344}, "98": {"x": 6.000000000000001, "y": 1.9999999999999964, "z": 0.5200295130792872}, "99": {"x": 5.999999999999999, "y": 2.9999999999999947, "z": 0.7123814723325586}, "100": {"x": 5.999999999999995, "y": 3.9999999999999907, "z": 0.8484866069123541}, "101": {"x": 5.999999999999995, "y": 4.99999999999999, "z": 0.9292779990081736}, "102": {"x": 5.999999999999995, "y": 5.999999999999989, "z": 1.0358822420076432}, "103": {"x": 5.999999999999993, "y": 6.9999999999999885, "z": 1.1070197742080208}, "104": {"x": 5.999999999999992, "y": 7.9999999999999885, "z": 1.1237612901317744}, "105": {"x": 5.999999999999994, "y": 8.999999999999991, "z": 1.0862693224227977}, "106": {"x": 5.999999999999995, "y": 9.999999999999991, "z": 1.0111583121218692}, "107": {"x": 5.9999999999999964, "y": 10.999999999999993, "z": 0.8924828650867209}, "108": {"x": 5.9999999999999964, "y": 11.99999999999999, "z": 0.7204596409162306}, "109": {"x": 5.999999999999997, "y": 12.99999999999999, "z": 0.5025443176119955}, "110": {"x": 5.999999999999996, "y": 13.999999999999986, "z": 0.22898055084375307},