{"attributes": {"name": "Mesh"}, "dva": {"x": 0.0, "y": 0.0, "z": 0.0}, "dea": {}, "dfa": {}, "vertex": {"0": {"x": 0.0, "y": 0.0, "z": 0.0}, "1": {"x": 0.0, "y": 1.0, "z": 0.0}, "2": {"x": 0.0, "y": 2.0, "z": 0.0}, "3": {"x": 0.0, "y": 3.0, "z": 0.0}, "4": {"x": 0.0, "y": 4.0, "z": 0.0}, "5": {"x": 0.0, "y": 5.0, "z": 0.0}, "6": {"x": 0.0, "y": 6.0, "z": 0.0}, "7": {"x": 0.0, "y": 7.0, "z": 0.0}, "8": {"x": 0.0, "y": 8.0, "z": 0.0}, "9": {"x": 0.0, "y": 9.0, "z": 0.0}, "10": {"x": 0.0, "y": 10.0, "z": 0.0}, "11": {"x": 0.0, "y": 11.0, "z": 0.0}, "12": {"x": 0.0, "y": 12.0, "z": 0.0}, "13": {"x": 0.0, "y": 13.0, "z": 0.0}, "14": {"x": 0.0, "y": 14.0, "z": 0.0}, "15": {"x": 0.0, "y": 15.0, "z": 0.0}, "16": {"x": 1.0, "y": 0.0, "z": 0.0}, "17": {"x": 1.0, "y": 1.0000000000000002, "z": 0.08373452444648849}, "18": {"x": 1.0, "y": 2.0000000000000004, "z": 0.14677785926656683}, "19": {"x": 0.9999999999999998, "y": 3.0000000000000004, "z": 0.18577104817509218}, "20": {"x": 0.9999999999999996, "y": 4.0, "z": 0.2441035492356499}, "21": {"x": 0.9999999999999994, "y": 5.0, "z": 0.28414138893923335}, "22": {"x": 0.9999999999999993, "y": 6.0, "z": 0.32322169054960265}, "23": {"x": 0.9999999999999993, "y": 6.999999999999998, "z": 0.33788210304155686}, "24": {"x": 0.9999999999999996, "y": 7.999999999999998, "z": 0.3283655229194134}, "25": {"x": 0.9999999999999997, "y": 8.999999999999996, "z": 0.31020011010006576}, "26": {"x": 0.9999999999999996, "y": 9.999999999999995, "z": 0.3227264875687761}, "27": {"x": 0.9999999999999994, "y": 10.999999999999996, "z": 0.31196501994956405}, "28": {"x": 0.9999999999999993, "y": 11.999999999999998, "z": 0.27513800508564135}, "29": {"x": 0.9999999999999994, "y": 12.999999999999998, "z": 0.2128972281126434}, "30": {"x": 0.9999999999999997, "y": 13.999999999999998, "z": 0.1197506481903168}, "31": {"x": 1.0, "y": 15.0, "z": 0.0}, "32": {"x": 2.0, "y": 0.0, "z": 0.0}, "33": {"x": 2.0000000000000004, "y": 1.0000000000000004, "z": 0.16317084453808842}, "34": {"x": 2.0000000000000004, "y": 2.0000000000000004, "z": 0.301252609725226}, "35": {"x": 1.9999999999999991, "y": 2.9999999999999996, "z": 0.32433029946266106}, "36": {"x": 1.999999999999999, "y": 3.9999999999999982, "z": 0.45954994324721266}, "37": {"x": 1.999999999999999, "y": 4.999999999999998, "z": 0.5139084747326406}, "38": {"x": 1.999999999999999, "y": 5.999999999999997, "z": 0.6701634483948464}, "39": {"x": 1.9999999999999991, "y": 6.999999999999998, "z": 0.7102303252252777}, "40": {"x": 1.9999999999999996, "y": 8.0, "z": 0.6030729144262149}, "41": {"x": 1.999999999999999, "y": 8.999999999999995, "z": 0.5405679850708828}, "42": {"x": 1.9999999999999996, "y": 9.999999999999996, "z": 0.6801763386698852}, "43": {"x": 1.9999999999999991, "y": 10.999999999999996, "z": 0.6437598628835598}, "44": {"x": 1.9999999999999991, "y": 11.999999999999996, "z": 0.6440525894999741}, "45": {"x": 1.9999999999999996, "y": 12.999999999999998, "z": 0.49644110818339876}, "46": {"x": 1.9999999999999996, "y": 14.0, "z": 0.32338234686467326}, "47": {"x": 2.0, "y": 15.0, "z": 0.0}, "48": {"x": 3.0, "y": 0.0, "z": 0.0}, "49": {"x": 3.0, "y": 1.0, "z": 0.20566635049416568}, "50": {"x": 2.9999999999999996, "y": 1.9999999999999998, "z": 0.3968770142513144}, "51": {"x": 2.999999999999999, "y": 2.999999999999999, "z": 0.42107420481394714}, "52": {"x": 2.999999999999999, "y": 3.9999999999999982, "z": 0.5984831803019435}, "53": {"x": 2.9999999999999982, "y": 4.999999999999997, "z": 0.6544178307533173}, "54": {"x": 2.9999999999999982, "y": 5.999999999999997, "z": 0.8851273184986553}, "55": {"x": 2.9999999999999987, "y": 6.999999999999998, "z": 0.9680029593529361}, "56": {"x": 2.9999999999999996, "y": 7.999999999999998, "z": 0.7701527611484154}, "57": {"x": 2.9999999999999987, "y": 8.999999999999995, "z": 0.6978798868239858}, "58": {"x": 2.9999999999999987, "y": 9.999999999999996, "z": 1.0113319638842466}, "59": {"x": 2.9999999999999982, "y": 10.999999999999995, "z": 0.796815555667124}, "60": {"x": 2.9999999999999982, "y": 11.999999999999996, "z": 0.8635993246903677}, "61": {"x": 2.9999999999999987, "y": 12.999999999999996, "z": 0.6042190292822762}, "62": {"x": 3.0, "y": 14.0, "z": 0.44465146884354}, "63": {"x": 3.0, "y": 15.0, "z": 0.0}, "64": {"x": 4.0, "y": 0.0, "z": 0.0}, "65": {"x": 4.0, "y": 0.9999999999999998, "z": 0.2060837287128462}, "66": {"x": 3.9999999999999987, "y": 1.999999999999999, "z": 0.36758812040936495}, "67": {"x": 3.999999999999999, "y": 2.9999999999999987, "z": 0.48628432356553986}, "68": {"x": 3.9999999999999982, "y": 3.9999999999999982, "z": 0.6226390822766648}, "69": {"x": 3.999999999999999, "y": 4.999999999999999, "z": 0.7233151438837279}, "70": {"x": 4.0, "y": 6.0, "z": 0.8036152915878307}, "71": {"x": 4.000000000000001, "y": 7.0, "z": 0.8398347658727299}, "72": {"x": 3.9999999999999996, "y": 7.999999999999999, "z": 0.8350075768323244}, "73": {"x": 3.999999999999998, "y": 8.999999999999995, "z": 0.8012229876513784}, "74": {"x": 3.999999999999998, "y": 9.999999999999993, "z": 0.7876948635414734}, "75": {"x": 3.9999999999999973, "y": 10.999999999999995, "z": 0.7392119498046804}, "76": {"x": 3.9999999999999982, "y": 11.999999999999995, "z": 0.6291425902336525}, "77": {"x": 3.9999999999999987, "y": 12.999999999999998, "z": 0.4761571344931471}, "78": {"x": 4.000000000000001, "y": 14.000000000000002, "z": 0.2606543842129165}, "79": {"x": 4.0, "y": 15.0, "z": 0.0}, "80": {"x": 5.0, "y": 0.0, "z": 0.0}, "81": {"x": 5.000000000000002, "y": 0.9999999999999999, "z": 0.22460718724960968}, "82": {"x": 5.000000000000001, "y": 1.9999999999999998, "z": 0.3990510615213278}, "83": {"x": 4.999999999999999, "y": 2.9999999999999987, "z": 0.5114209433860033}, "84": {"x": 4.999999999999998, "y": 3.999999999999998, "z": 0.6660593309449967}, "85": {"x": 4.999999999999998, "y": 4.999999999999997, "z": 0.772324925420201}, "86": {"x": 4.999999999999997, "y": 5.9999999999999964, "z": 0.8764162038149536}, "87": {"x": 4.999999999999997, "y": 6.9999999999999964, "z": 0.9172415013885813}, "88": {"x": 4.999999999999998, "y": 7.999999999999997, "z": 0.8932402101058856}, "89": {"x": 4.999999999999997, "y": 8.999999999999993, "z": 0.8483037013287056}, "90": {"x": 4.999999999999998, "y": 9.999999999999995, "z": 0.8685482148175134}, "91": {"x": 4.999999999999998, "y": 10.999999999999996, "z": 0.8242850789001999}, "92": {"x": 4.999999999999999, "y": 11.999999999999998, "z": 0.7217530250232423}, "93": {"x": 5.0, "y": 12.999999999999998, "z": 0.5517339604124794}, "94": {"x": 5.0, "y": 14.0, "z": 0.31090174310461494}, "95": {"x": 5.0, "y": 15.0, "z": 0.0}, "96": {"x": 6.0, "y": 0.0, "z": 0.0}, "97": {"x": 6.000000000000006, "y": 1.0000000000000004, "z": 0.23410149221225682}, "98": {"x": 6.000000000000002, "y": 1.9999999999999996, "z": 0.4267915660351103}, "99": {"x": 5.999999999999996, "y": 2.9999999999999973, "z": 0.49384656411196654}, "100": {"x": 5.999999999999998, "y": 3.999999999999998, "z": 0.6760580345003013}, "101": {"x": 5.999999999999998, "y": 4.9999999999999964, "z": 0.7665401241633193}, "102": {"x": 5.999999999999997, "y": 5.9999999999999964, "z": 0.9478606200164446}, "103": {"x": 5.999999999999997, "y": 6.9999999999999964, "z": 1.008660753229163}, "104": {"x": 5.999999999999997, "y": 7.999999999999998, "z": 0.8938151810601455}, "105": {"x": 5.999999999999997, "y": 8.999999999999995, "z": 0.8260989072901592}, "106": {"x": 5.999999999999999, "y": 9.999999999999998, "z": 0.9920561744839775}, "107": {"x": 6.0, "y": 10.999999999999996, "z": 0.8971708684200741}, "108": {"x": 5.999999999999999, "y": 11.999999999999998, "z": 0.8702927211972195}, "109": {"x": 5.999999999999998, "y": 12.999999999999995, "z": 0.6509635360711648}, "110": {"x": 5.999999999999997, "y": 13.999999999999996, "z": 0.41639978535568295}, "111": {"x": 6.0, "y": 15.0, "z": 0.0}, "112": {"x": 7.0, "y": 0.0, "z": 0.0}, "113": {"x": 7.0000000000000036, "y": 1.0000000000000002, "z": 0.2065963794142257}, "114": {"x": 7.000000000000001,