{"attributes": {"name": "Mesh"}, "dva": {"x": 0.0, "y": 0.0, "z": 0.0}, "dea": {}, "dfa": {}, "vertex": {"0": {"x": 0.0, "y": 0.0, "z": 0.0}, "1": {"x": 0.0, "y": 1.0, "z": 0.0}, "2": {"x": 0.0, "y": 2.0, "z": 0.0}, "3": {"x": 0.0, "y": 3.0, "z": 0.0}, "4": {"x": 0.0, "y": 4.0, "z": 0.0}, "5": {"x": 0.0, "y": 5.0, "z": 0.0}, "6": {"x": 0.0, "y": 6.0, "z": 0.0}, "7": {"x": 0.0, "y": 7.0, "z": 0.0}, "8": {"x": 0.0, "y": 8.0, "z": 0.0}, "9": {"x": 0.0, "y": 9.0, "z": 0.0}, "10": {"x": 0.0, "y": 10.0, "z": 0.0}, "11": {"x": 0.0, "y": 11.0, "z": 0.0}, "12": {"x": 0.0, "y": 12.0, "z": 0.0}, "13": {"x": 0.0, "y": 13.0, "z": 0.0}, "14": {"x": 0.0, "y": 14.0, "z": 0.0}, "15": {"x": 0.0, "y": 15.0, "z": 0.0}, "16": {"x": 1.0, "y": 0.0, "z": 0.0}, "17": {"x": 0.9999999999999998, "y": 0.9999999999999993, "z": 0.4505259726854299}, "18": {"x": 0.9999999999999994, "y": 1.999999999999999, "z": 0.7478288880166751}, "19": {"x": 0.9999999999999991, "y": 2.9999999999999982, "z": 0.8982448747449796}, "20": {"x": 0.9999999999999992, "y": 3.999999999999999, "z": 0.9042620249236725}, "21": {"x": 0.9999999999999991, "y": 4.999999999999999, "z": 0.8454197669068085}, "22": {"x": 0.9999999999999994, "y": 6.0, "z": 0.9341193646562784}, "23": {"x": 0.9999999999999989, "y": 6.9999999999999964, "z": 0.9855432743064442}, "24": {"x": 0.9999999999999987, "y": 7.999999999999996, "z": 0.9896170812005541}, "25": {"x": 0.9999999999999987, "y": 8.999999999999996, "z": 1.0440903261733374}, "26": {"x": 0.9999999999999987, "y": 9.999999999999995, "z": 1.047771447996894}, "27": {"x": 0.9999999999999991, "y": 10.999999999999996, "z": 1.0218530256636007}, "28": {"x": 0.9999999999999991, "y": 11.999999999999998, "z": 0.8996707075573517}, "29": {"x": 0.9999999999999997, "y": 13.000000000000004, "z": 0.6464645765210898}, "30": {"x": 0.9999999999999999, "y": 14.000000000000002, "z": 0.336039740034466}, "31": {"x": 1.0, "y": 15.0, "z": 0.0}, "32": {"x": 2.0, "y": 0.0, "z": 0.0}, "33": {"x": 1.9999999999999998, "y": 0.9999999999999993, "z": 1.0233376569022805}, "34": {"x": 1.9999999999999996, "y": 1.9999999999999987, "z": 1.5370527682964203}, "35": {"x": 1.9999999999999991, "y": 2.9999999999999982, "z": 1.873400977265922}, "36": {"x": 1.9999999999999984, "y": 3.999999999999998, "z": 1.60361863399719}, "37": {"x": 1.999999999999998, "y": 4.999999999999996, "z": 1.4173414375022664}, "38": {"x": 1.999999999999999, "y": 5.999999999999999, "z": 1.6234351552150692}, "39": {"x": 1.9999999999999978, "y": 6.999999999999996, "z": 1.7186558751412315}, "40": {"x": 1.9999999999999976, "y": 7.999999999999996, "z": 1.6772128298876539}, "41": {"x": 1.9999999999999978, "y": 8.999999999999993, "z": 1.8045779312081165}, "42": {"x": 1.9999999999999971, "y": 9.999999999999993, "z": 1.7949321348957146}, "43": {"x": 1.9999999999999978, "y": 10.999999999999995, "z": 1.8342928895820745}, "44": {"x": 1.9999999999999984, "y": 11.999999999999998, "z": 1.7107343046164964}, "45": {"x": 1.9999999999999996, "y": 13.0, "z": 1.1174279015855355}, "46": {"x": 1.9999999999999996, "y": 14.000000000000002, "z": 0.5630803051060487}, "47": {"x": 2.0, "y": 15.0, "z": 0.0}, "48": {"x": 3.0, "y": 0.0, "z": 0.0}, "49": {"x": 3.0000000000000004, "y": 0.9999999999999997, "z": 1.0272498260480085}, "50": {"x": 2.9999999999999996, "y": 1.9999999999999984, "z": 1.614754662111915}, "51": {"x": 2.9999999999999987, "y": 2.999999999999998, "z": 2.0002820698348995}, "52": {"x": 2.9999999999999973, "y": 3.999999999999997, "z": 1.8862349420724085}, "53": {"x": 2.999999999999997, "y": 4.999999999999995, "z": 1.7970741376332326}, "54": {"x": 2.999999999999996, "y": 5.999999999999992, "z": 2.020994986610514}, "55": {"x": 2.999999999999997, "y": 6.999999999999994, "z": 2.1293862801006695}, "56": {"x": 2.9999999999999964, "y": 7.999999999999994, "z": 2.100384319709021}, "57": {"x": 2.9999999999999964, "y": 8.999999999999991, "z": 2.189126540614883}, "58": {"x": 2.999999999999996, "y": 9.99999999999999, "z": 2.1401376332712565}, "59": {"x": 2.9999999999999964, "y": 10.999999999999991, "z": 2.1022555915728343}, "60": {"x": 2.999999999999997, "y": 11.999999999999993, "z": 1.893086295440381}, "61": {"x": 2.9999999999999987, "y": 12.999999999999996, "z": 1.2791086615031935}, "62": {"x": 2.999999999999999, "y": 14.0, "z": 0.6580974431382821}, "63": {"x": 3.0, "y": 15.0, "z": 0.0}, "64": {"x": 4.0, "y": 0.0, "z": 0.0}, "65": {"x": 4.0, "y": 0.9999999999999993, "z": 0.5773186418286056}, "66": {"x": 3.999999999999999, "y": 1.9999999999999984, "z": 1.0728709048264171}, "67": {"x": 3.9999999999999987, "y": 2.9999999999999987, "z": 1.4587946376791128}, "68": {"x": 3.9999999999999982, "y": 3.9999999999999964, "z": 1.7736781130104942}, "69": {"x": 3.9999999999999973, "y": 4.999999999999995, "z": 1.9808571737475744}, "70": {"x": 3.999999999999996, "y": 5.999999999999993, "z": 2.1429862624161915}, "71": {"x": 3.9999999999999964, "y": 6.999999999999993, "z": 2.23767473489733}, "72": {"x": 3.9999999999999964, "y": 7.999999999999993, "z": 2.262085526875663}, "73": {"x": 3.9999999999999956, "y": 8.999999999999991, "z": 2.2210514577435316}, "74": {"x": 3.9999999999999947, "y": 9.999999999999988, "z": 2.0980439703257305}, "75": {"x": 3.9999999999999947, "y": 10.999999999999988, "z": 1.8748388813309593}, "76": {"x": 3.999999999999995, "y": 11.99999999999999, "z": 1.5517216285404003}, "77": {"x": 3.9999999999999964, "y": 12.99999999999999, "z": 1.1476191626479875}, "78": {"x": 3.999999999999998, "y": 13.999999999999995, "z": 0.6271984927918564}, "79": {"x": 4.0, "y": 15.0, "z": 0.0}, "80": {"x": 5.0, "y": 0.0, "z": 0.0}, "81": {"x": 4.999999999999998, "y": 0.9999999999999992, "z": 1.1243959209534984}, "82": {"x": 4.999999999999998, "y": 1.999999999999999, "z": 1.725040331409235}, "83": {"x": 4.999999999999999, "y": 2.9999999999999982, "z": 2.2999352175715444}, "84": {"x": 4.999999999999998, "y": 3.999999999999997, "z": 2.1571905646926517}, "85": {"x": 4.999999999999998, "y": 4.999999999999996, "z": 2.159699296923703}, "86": {"x": 4.999999999999998, "y": 5.999999999999995, "z": 2.412158595224327}, "87": {"x": 4.9999999999999964, "y": 6.999999999999992, "z": 2.5372719214073065}, "88": {"x": 4.9999999999999964, "y": 7.999999999999994, "z": 2.5124276020947884}, "89": {"x": 4.999999999999996, "y": 8.999999999999991, "z": 2.5872794041415976}, "90": {"x": 4.999999999999995, "y": 9.99999999999999, "z": 2.490892682126016}, "91": {"x": 4.999999999999995, "y": 10.99999999999999, "z": 2.4045038385123996}, "92": {"x": 4.999999999999996, "y": 11.99999999999999, "z": 2.185102201709915}, "93": {"x": 4.9999999999999964, "y": 12.999999999999993, "z": 1.4565153259333712}, "94": {"x": 5.0, "y": 13.999999999999998, "z": 0.767283004478914}, "95": {"x": 5.0, "y": 15.0, "z": 0.0}, "96": {"x": 6.0, "y": 0.0, "z": 0.0}, "97": {"x": 5.999999999999998, "y": 0.9999999999999994, "z": 0.8618913772428203}, "98": {"x": 5.9999999999999964, "y": 1.9999999999999987, "z": 1.5054872186321147}, "99": {"x": 5.999999999999996, "y": 2.999999999999998, "z": 1.9096882088797111}, "100": {"x": 5.999999999999997, "y": 3.999999999999998, "z": 2.118249668248158}, "101": {"x": 5.999999999999999, "y": 4.999999999999998, "z": 2.1802130301595417}, "102": {"x": 5.999999999999998, "y": 5.999999999999996, "z": 2.379834087728539}, "103": {"x": 5.9999999999999964, "y": 6.999999999999994, "z": 2.4987617685350445}, "104": {"x": 5.999999999999996, "y": 7.999999999999994, "z": 2.5239314348651365}, "105": {"x": 5.999999999999996, "y": 8.999999999999993, "z": 2.5661424141160163}, "106": {"x": 5.999999999999994, "y": 9.999999999999988, "z": 2.499932476287644}, "107": {"x": 5.999999999999995, "y": 10.999999999999991, "z": 2.3340085256216065}, "108": {"x": 5.999999999999994, "y": 11.99999999999999, "z": 1.994334680520157}, "109": {"x": 5.9999999999999964, "y": 12.999999999999995, "z": 1.4603697364064392}, "110": {"x": 6.000000000000001, "y": 14.000000000000002, "z": 0.7818392511350839}, "111": {"x": 6.0, "y": 15.0, "z": 0.0}, "112": {"x": 7.0,