{"attributes": {"name": "Mesh"}, "dva": {"x": 0.0, "y": 0.0, "z": 0.0}, "dea": {}, "dfa": {}, "vertex": {"0": {"x": 0.0, "y": 0.0, "z": 0.0}, "1": {"x": 0.0, "y": 1.0, "z": 0.0}, "2": {"x": 0.0, "y": 2.0, "z": 0.0}, "3": {"x": 0.0, "y": 3.0, "z": 0.0}, "4": {"x": 0.0, "y": 4.0, "z": 0.0}, "5": {"x": 0.0, "y": 5.0, "z": 0.0}, "6": {"x": 0.0, "y": 6.0, "z": 0.0}, "7": {"x": 0.0, "y": 7.0, "z": 0.0}, "8": {"x": 0.0, "y": 8.0, "z": 0.0}, "9": {"x": 0.0, "y": 9.0, "z": 0.0}, "10": {"x": 0.0, "y": 10.0, "z": 0.0}, "11": {"x": 0.0, "y": 11.0, "z": 0.0}, "12": {"x": 0.0, "y": 12.0, "z": 0.0}, "13": {"x": 0.0, "y": 13.0, "z": 0.0}, "14": {"x": 0.0, "y": 14.0, "z": 0.0}, "15": {"x": 0.0, "y": 15.0, "z": 0.0}, "16": {"x": 1.0, "y": 0.0, "z": 0.0}, "17": {"x": 1.0000000000000002, "y": 1.0000000000000002, "z": 0.26601046295337566}, "18": {"x": 1.0000000000000004, "y": 2.0, "z": 0.36934140265956006}, "19": {"x": 1.0000000000000007, "y": 3.0, "z": 0.3668513047803626}, "20": {"x": 1.0000000000000009, "y": 3.999999999999999, "z": 0.5342548581376393}, "21": {"x": 1.000000000000001, "y": 4.999999999999999, "z": 0.4960645477168925}, "22": {"x": 1.0000000000000007, "y": 5.999999999999997, "z": 0.7530206779696156}, "23": {"x": 1.0000000000000002, "y": 6.999999999999997, "z": 0.8126130448372234}, "24": {"x": 0.9999999999999998, "y": 7.999999999999995, "z": 0.952642823112456}, "25": {"x": 0.9999999999999993, "y": 8.999999999999995, "z": 0.905916555270098}, "26": {"x": 0.9999999999999992, "y": 9.999999999999996, "z": 0.7336532357648073}, "27": {"x": 0.9999999999999991, "y": 10.999999999999998, "z": 0.6138762960377124}, "28": {"x": 0.9999999999999991, "y": 11.999999999999998, "z": 0.5037695452053742}, "29": {"x": 0.999999999999999, "y": 12.999999999999996, "z": 0.3010693624071985}, "30": {"x": 0.9999999999999994, "y": 13.999999999999996, "z": 0.25100502195754654}, "31": {"x": 1.0, "y": 15.0, "z": 0.0}, "32": {"x": 2.0, "y": 0.0, "z": 0.0}, "33": {"x": 2.0000000000000004, "y": 1.0000000000000004, "z": 0.3891184483666767}, "34": {"x": 2.0000000000000013, "y": 2.000000000000001, "z": 0.5834812258033331}, "35": {"x": 2.0000000000000018, "y": 3.0000000000000004, "z": 0.637674232387167}, "36": {"x": 2.0000000000000018, "y": 4.0, "z": 0.8689694149448906}, "37": {"x": 2.000000000000002, "y": 5.0, "z": 0.8727363270732409}, "38": {"x": 2.0000000000000018, "y": 5.999999999999999, "z": 1.207739849893948}, "39": {"x": 2.000000000000001, "y": 6.999999999999998, "z": 1.3225664560445995}, "40": {"x": 1.9999999999999996, "y": 7.999999999999996, "z": 1.479691532969334}, "41": {"x": 1.9999999999999991, "y": 8.999999999999995, "z": 1.4250924283030397}, "42": {"x": 1.9999999999999982, "y": 9.999999999999993, "z": 1.2137293004523055}, "43": {"x": 1.9999999999999976, "y": 10.999999999999993, "z": 1.028987668260871}, "44": {"x": 1.9999999999999984, "y": 11.999999999999993, "z": 0.8347007034022357}, "45": {"x": 1.999999999999998, "y": 12.999999999999995, "z": 0.5232212375363453}, "46": {"x": 1.9999999999999987, "y": 13.999999999999995, "z": 0.3743207996291275}, "47": {"x": 2.0, "y": 15.0, "z": 0.0}, "48": {"x": 3.0, "y": 0.0, "z": 0.0}, "49": {"x": 3.000000000000001, "y": 1.0000000000000004, "z": 0.40735557649268883}, "50": {"x": 3.0000000000000018, "y": 2.000000000000001, "z": 0.6726433614709257}, "51": {"x": 3.000000000000002, "y": 3.0000000000000004, "z": 0.8143177599454111}, "52": {"x": 3.000000000000003, "y": 4.000000000000001, "z": 1.0398282798085807}, "53": {"x": 3.0000000000000036, "y": 5.000000000000001, "z": 1.1280567721164623}, "54": {"x": 3.0000000000000018, "y": 5.999999999999998, "z": 1.4177384385222218}, "55": {"x": 3.0000000000000004, "y": 6.9999999999999964, "z": 1.5715240468201772}, "56": {"x": 2.9999999999999996, "y": 7.999999999999995, "z": 1.6690395736608652}, "57": {"x": 2.999999999999998, "y": 8.999999999999991, "z": 1.6301808307900372}, "58": {"x": 2.9999999999999964, "y": 9.999999999999988, "z": 1.4661512790691147}, "59": {"x": 2.999999999999996, "y": 10.99999999999999, "z": 1.261122754246355}, "60": {"x": 2.9999999999999973, "y": 11.999999999999993, "z": 1.0125708443116679}, "61": {"x": 2.9999999999999973, "y": 12.999999999999996, "z": 0.6672145868021225}, "62": {"x": 2.999999999999998, "y": 13.999999999999995, "z": 0.4041152334378798}, "63": {"x": 3.0, "y": 15.0, "z": 0.0}, "64": {"x": 4.0, "y": 0.0, "z": 0.0}, "65": {"x": 4.000000000000002, "y": 1.0000000000000007, "z": 0.4321169790402843}, "66": {"x": 4.000000000000002, "y": 2.000000000000001, "z": 0.7264707945723644}, "67": {"x": 4.0000000000000036, "y": 3.000000000000001, "z": 0.9040316349923967}, "68": {"x": 4.000000000000003, "y": 4.000000000000001, "z": 1.15237900155608}, "69": {"x": 4.000000000000005, "y": 5.000000000000002, "z": 1.258487275341869}, "70": {"x": 4.000000000000002, "y": 5.999999999999997, "z": 1.5430954645321064}, "71": {"x": 4.000000000000001, "y": 6.999999999999995, "z": 1.6873537110142076}, "72": {"x": 3.9999999999999987, "y": 7.999999999999989, "z": 1.7828320722045308}, "73": {"x": 3.9999999999999964, "y": 8.999999999999986, "z": 1.7391288004387417}, "74": {"x": 3.999999999999995, "y": 9.999999999999984, "z": 1.5733666286296348}, "75": {"x": 3.9999999999999947, "y": 10.999999999999984, "z": 1.3618491009789795}, "76": {"x": 3.9999999999999973, "y": 11.99999999999999, "z": 1.0985094226939485}, "77": {"x": 3.999999999999998, "y": 12.999999999999995, "z": 0.7370053422884714}, "78": {"x": 3.999999999999999, "y": 13.999999999999998, "z": 0.4402271946128515}, "79": {"x": 4.0, "y": 15.0, "z": 0.0}, "80": {"x": 5.0, "y": 0.0, "z": 0.0}, "81": {"x": 5.000000000000002, "y": 1.0000000000000007, "z": 0.4194924368840812}, "82": {"x": 5.000000000000003, "y": 2.0000000000000013, "z": 0.7175878816016019}, "83": {"x": 5.000000000000003, "y": 3.0000000000000013, "z": 0.9133205276464764}, "84": {"x": 5.000000000000004, "y": 4.000000000000003, "z": 1.1585667266390203}, "85": {"x": 5.000000000000007, "y": 5.000000000000004, "z": 1.2758472950298383}, "86": {"x": 5.000000000000005, "y": 6.000000000000002, "z": 1.5280847926217827}, "87": {"x": 5.000000000000002, "y": 6.9999999999999964, "z": 1.654130980923683}, "88": {"x": 5.000000000000001, "y": 7.999999999999996, "z": 1.7352272972915679}, "89": {"x": 4.999999999999998, "y": 8.999999999999993, "z": 1.6915412814584625}, "90": {"x": 4.9999999999999964, "y": 9.999999999999988, "z": 1.5388073426887119}, "91": {"x": 4.999999999999996, "y": 10.999999999999986, "z": 1.3387277366224697}, "92": {"x": 4.9999999999999964, "y": 11.99999999999999, "z": 1.0844805090208252}, "93": {"x": 4.999999999999998, "y": 12.999999999999993, "z": 0.739572703813345}, "94": {"x": 5.0, "y": 13.999999999999995, "z": 0.4340472448895729}, "95": {"x": 5.0, "y": 15.0, "z": 0.0}, "96": {"x": 6.0, "y": 0.0, "z": 0.0}, "97": {"x": 6.000000000000003, "y": 1.0000000000000009, "z": 0.359122530060787}, "98": {"x": 6.000000000000003, "y": 2.0000000000000018, "z": 0.639881558273757}, "99": {"x": 6.000000000000002, "y": 3.0000000000000018, "z": 0.8479780381450449}, "100": {"x": 6.0000000000000036, "y": 4.000000000000003, "z": 1.0574003970898072}, "101": {"x": 6.000000000000005, "y": 5.000000000000003, "z": 1.1900187522045522}, "102": {"x": 6.0000000000000036, "y": 6.0, "z": 1.3702336398456643}, "103": {"x": 6.0000000000000036, "y": 6.999999999999998, "z": 1.4736024818342972}, "104": {"x": 5.999999999999999, "y": 7.999999999999994, "z": 1.5166024997317207}, "105": {"x": 5.999999999999997, "y": 8.99999999999999, "z": 1.4820510265002595}, "106": {"x": 5.9999999999999964, "y": 9.999999999999988, "z": 1.3719593397680325}, "107": {"x": 5.999999999999996, "y": 10.99999999999999, "z": 1.2025124982689164}, "108": {"x": 5.9999999999999964, "y": 11.999999999999991, "z": 0.9756232492865967}, "109": {"x": 5.9999999999999964, "y": 12.999999999999993, "z": 0.6815380724901335}, "110": {"x": 5.999999999999999, "y": 13.999999999999996, "z": 0.3797518214909707}, "111": {"x": 6.0, "y": 15.0, "z": 0.0}, "112": {"x": 7.0, "y": 0.0,