{"attributes": {"name": "Mesh"}, "dva": {"x": 0.0, "y": 0.0, "z": 0.0}, "dea": {}, "dfa": {}, "vertex": {"0": {"x": 0.0, "y": 0.0, "z": 0.0}, "1": {"x": 0.0, "y": 1.0, "z": 0.0}, "2": {"x": 0.0, "y": 2.0, "z": 0.0}, "3": {"x": 0.0, "y": 3.0, "z": 0.0}, "4": {"x": 0.0, "y": 4.0, "z": 0.0}, "5": {"x": 0.0, "y": 5.0, "z": 0.0}, "6": {"x": 0.0, "y": 6.0, "z": 0.0}, "7": {"x": 0.0, "y": 7.0, "z": 0.0}, "8": {"x": 0.0, "y": 8.0, "z": 0.0}, "9": {"x": 0.0, "y": 9.0, "z": 0.0}, "10": {"x": 0.0, "y": 10.0, "z": 0.0}, "11": {"x": 0.0, "y": 11.0, "z": 0.0}, "12": {"x": 0.0, "y": 12.0, "z": 0.0}, "13": {"x": 0.0, "y": 13.0, "z": 0.0}, "14": {"x": 0.0, "y": 14.0, "z": 0.0}, "15": {"x": 0.0, "y": 15.0, "z": 0.0}, "16": {"x": 1.0, "y": 0.0, "z": 0.0}, "17": {"x": 1.0000000000000004, "y": 1.0000000000000004, "z": 0.2819743911113565}, "18": {"x": 1.0000000000000007, "y": 2.0000000000000013, "z": 0.4239369439659019}, "19": {"x": 1.0000000000000007, "y": 3.000000000000001, "z": 0.35899803247959666}, "20": {"x": 1.0000000000000013, "y": 4.000000000000002, "z": 0.5753508262410515}, "21": {"x": 1.0000000000000013, "y": 5.000000000000002, "z": 0.5613098235238358}, "22": {"x": 1.000000000000001, "y": 6.0000000000000036, "z": 0.5491270663043074}, "23": {"x": 1.0000000000000009, "y": 7.000000000000001, "z": 0.5995938958667403}, "24": {"x": 1.0000000000000009, "y": 8.0, "z": 0.6007550762660757}, "25": {"x": 1.0000000000000004, "y": 9.0, "z": 0.5565994704784972}, "26": {"x": 1.0000000000000002, "y": 9.999999999999998, "z": 0.5420146286628562}, "27": {"x": 1.0000000000000002, "y": 11.0, "z": 0.4246168686704334}, "28": {"x": 1.0000000000000004, "y": 12.000000000000002, "z": 0.3804719747476015}, "29": {"x": 1.0000000000000002, "y": 13.0, "z": 0.200477061761996}, "30": {"x": 1.0000000000000002, "y": 14.000000000000002, "z": 0.14859777975509944}, "31": {"x": 1.0, "y": 15.0, "z": 0.0}, "32": {"x": 2.0, "y": 0.0, "z": 0.0}, "33": {"x": 2.0000000000000004, "y": 1.0000000000000009, "z": 0.36301162188623215}, "34": {"x": 2.0000000000000013, "y": 2.0000000000000018, "z": 0.5796893920654664}, "35": {"x": 2.0000000000000018, "y": 3.000000000000002, "z": 0.6073941072167145}, "36": {"x": 2.000000000000002, "y": 4.000000000000003, "z": 0.8541404033027876}, "37": {"x": 2.0000000000000027, "y": 5.000000000000005, "z": 0.8990037407021838}, "38": {"x": 2.000000000000002, "y": 6.000000000000004, "z": 0.9187811910694856}, "39": {"x": 2.000000000000002, "y": 7.000000000000005, "z": 0.9768962093136017}, "40": {"x": 2.0000000000000018, "y": 8.000000000000005, "z": 0.9756285934337071}, "41": {"x": 2.000000000000001, "y": 9.000000000000002, "z": 0.9176787047960545}, "42": {"x": 2.000000000000001, "y": 10.000000000000002, "z": 0.8663604569412592}, "43": {"x": 2.0000000000000004, "y": 11.000000000000004, "z": 0.7106528014536593}, "44": {"x": 2.0000000000000004, "y": 12.000000000000004, "z": 0.6004976722616803}, "45": {"x": 2.0000000000000004, "y": 13.000000000000004, "z": 0.35754835823450287}, "46": {"x": 2.0000000000000004, "y": 14.0, "z": 0.2306696266608344}, "47": {"x": 2.0, "y": 15.0, "z": 0.0}, "48": {"x": 3.0, "y": 0.0, "z": 0.0}, "49": {"x": 3.0000000000000018, "y": 1.0000000000000016, "z": 0.29304966724829523}, "50": {"x": 3.000000000000002, "y": 2.000000000000003, "z": 0.5394541530454241}, "51": {"x": 3.000000000000003, "y": 3.0000000000000044, "z": 0.7477875424442634}, "52": {"x": 3.0000000000000036, "y": 4.000000000000005, "z": 0.9099529198079153}, "53": {"x": 3.000000000000003, "y": 5.000000000000004, "z": 1.0374708321043957}, "54": {"x": 3.000000000000003, "y": 6.000000000000005, "z": 1.1168586539840182}, "55": {"x": 3.0000000000000027, "y": 7.000000000000005, "z": 1.1528527536302082}, "56": {"x": 3.0000000000000027, "y": 8.000000000000005, "z": 1.1461859439682054}, "57": {"x": 3.000000000000002, "y": 9.000000000000005, "z": 1.0961169580950723}, "58": {"x": 3.0000000000000018, "y": 10.000000000000005, "z": 1.000908387381435}, "59": {"x": 3.0000000000000013, "y": 11.000000000000005, "z": 0.8646993819069476}, "60": {"x": 3.0000000000000004, "y": 12.000000000000004, "z": 0.6865310771669272}, "61": {"x": 3.0, "y": 13.000000000000004, "z": 0.4698078015972907}, "62": {"x": 3.0, "y": 14.000000000000002, "z": 0.2562612209477604}, "63": {"x": 3.0, "y": 15.0, "z": 0.0}, "64": {"x": 4.0, "y": 0.0, "z": 0.0}, "65": {"x": 4.000000000000001, "y": 1.0000000000000018, "z": 0.43519549582280526}, "66": {"x": 4.0000000000000036, "y": 2.0000000000000036, "z": 0.7397725516190891}, "67": {"x": 4.0000000000000036, "y": 3.0000000000000044, "z": 0.918867922447663}, "68": {"x": 4.000000000000003, "y": 4.000000000000005, "z": 1.1742442984688184}, "69": {"x": 4.000000000000003, "y": 5.000000000000004, "z": 1.3106805385427491}, "70": {"x": 4.000000000000003, "y": 6.000000000000005, "z": 1.3813458175712638}, "71": {"x": 4.0000000000000036, "y": 7.000000000000007, "z": 1.4418247241230633}, "72": {"x": 4.0000000000000036, "y": 8.000000000000005, "z": 1.4363559961150942}, "73": {"x": 4.0000000000000036, "y": 9.000000000000005, "z": 1.3646056370033026}, "74": {"x": 4.000000000000002, "y": 10.000000000000005, "z": 1.2582528212027344}, "75": {"x": 4.000000000000001, "y": 11.000000000000004, "z": 1.0632339193588098}, "76": {"x": 4.0, "y": 12.000000000000002, "z": 0.8575340084243002}, "77": {"x": 4.0, "y": 13.000000000000002, "z": 0.5485514209310319}, "78": {"x": 3.9999999999999996, "y": 14.000000000000002, "z": 0.3238874937486053}, "79": {"x": 4.0, "y": 15.0, "z": 0.0}, "80": {"x": 5.0, "y": 0.0, "z": 0.0}, "81": {"x": 5.000000000000001, "y": 1.0000000000000013, "z": 0.6628833721110833}, "82": {"x": 5.000000000000002, "y": 2.000000000000002, "z": 1.0968827693681078}, "83": {"x": 5.000000000000001, "y": 3.000000000000003, "z": 0.9926357110365687}, "84": {"x": 5.000000000000001, "y": 4.0000000000000036, "z": 1.5919540431366932}, "85": {"x": 5.0, "y": 5.0000000000000036, "z": 1.4986908582701648}, "86": {"x": 5.000000000000003, "y": 6.000000000000004, "z": 1.511832572561355}, "87": {"x": 5.0000000000000036, "y": 7.000000000000008, "z": 1.6289991143486733}, "88": {"x": 5.000000000000002, "y": 8.000000000000005, "z": 1.6255634593548727}, "89": {"x": 5.0000000000000036, "y": 9.000000000000007, "z": 1.5129872992817166}, "90": {"x": 5.000000000000002, "y": 10.000000000000004, "z": 1.4593454405761883}, "91": {"x": 5.000000000000001, "y": 11.000000000000005, "z": 1.161783396835588}, "92": {"x": 5.0, "y": 12.000000000000002, "z": 1.0191369671597073}, "93": {"x": 5.0, "y": 13.0, "z": 0.5730378451007081}, "94": {"x": 5.0, "y": 14.0, "z": 0.38462200719714634}, "95": {"x": 5.0, "y": 15.0, "z": 0.0}, "96": {"x": 6.0, "y": 0.0, "z": 0.0}, "97": {"x": 5.999999999999999, "y": 1.0000000000000007, "z": 0.5750142888338542}, "98": {"x": 5.999999999999999, "y": 2.0000000000000013, "z": 0.9239350686206136}, "99": {"x": 6.0, "y": 3.0000000000000018, "z": 0.9797269581886661}, "100": {"x": 6.0, "y": 4.000000000000003, "z": 1.3689119714378888}, "101": {"x": 6.000000000000001, "y": 5.000000000000004, "z": 1.4467448059157386}, "102": {"x": 6.0, "y": 6.000000000000004, "z": 1.4826128652370614}, "103": {"x": 6.000000000000002, "y": 7.000000000000005, "z": 1.5736272772638389}, "104": {"x": 6.000000000000001, "y": 8.000000000000004, "z": 1.569932356943855}, "105": {"x": 6.000000000000004, "y": 9.000000000000007, "z": 1.4757332769333353}, "106": {"x": 6.0000000000000036, "y": 10.000000000000009, "z": 1.3880847728750771}, "107": {"x": 6.000000000000003, "y": 11.000000000000005, "z": 1.1363121286958615}, "108": {"x": 5.999999999999999, "y": 12.000000000000004, "z": 0.9518775612395108}, "109": {"x": 5.999999999999999, "y": 13.0, "z": 0.5613648006910941}, "110": {"x": 6.000000000000001, "y": 14.000000000000002, "z": 0.3611248788649654}, "111": {"x": 6.0, "y": 15.0, "z": 0.0}, "112": {"x": 7.0, "y": 0.0, "z": 0.0}, "113": {"x": 6.999999999999998, "y": 1.0000000000000002, "z": 0.36458540637235237}, "114": {"x": 6.9999999999999964, "y": 2.000000000000001,